{
"type": "FeatureCollection",
"name": "cozinhas_geo_ipece_01122025",
"crs": { "type": "name", "properties": { "name": "urn:ogc:def:crs:OGC:1.3:CRS84" } },
"features": [
{ "type": "Feature", "properties": { "ID0": "1", "NOME_USP1": "ÁGAPE", "NOME_UG2": "INSTITUTO VIDANÇA", "TIPO3": "INFORMAL", "LOTE4": "LOTE 1", "ENDERECO5": "RUA PEDRO SAMPAIO", "NUMERO6": "449", "BAIRRO_L7": "JARDIM GUANABARA", "DISTRITO8": "FORTALEZA", "MUNICIPI9": "FORTALEZA", "CEP10": "60346-285", "REGIAO_D11": "GRANDE FORTALEZA", "SETOR_IB12": "URBANA", "DATA_DE_13": "2023-09-21", "TIPO_DE_14": "CAGECE - COMPANHIA DE ÁGUA E ESGOTO DO ESTADO DO CEARÁ", "DESIGNAC15": "INSTITUTO", "LATITUDE16": "-3.724757", "LONGITUD17": "-38.593409", "OBS18": "COORDENADAS APROXIMADAS", "CONTAGEM19": "1" }, "geometry": { "type": "Point", "coordinates": [ -38.593409, -3.724757 ] } },
{ "type": "Feature", "properties": { "ID0": "2", "NOME_USP1": "ASSOCIAÇÃO PAI LUIZ DE ARUANDA", "NOME_UG2": "INSTITUTO VIDANÇA", "TIPO3": "FORMAL", "LOTE4": "LOTE 1", "ENDERECO5": "AVENIDA VINTE DE JANEIRO", "NUMERO6": "2380", "BAIRRO_L7": "BARRA DO CEARÁ", "DISTRITO8": "FORTALEZA", "MUNICIPI9": "FORTALEZA", "CEP10": "60331-200", "REGIAO_D11": "GRANDE FORTALEZA", "SETOR_IB12": "URBANA", "DATA_DE_13": "2023-09-29", "TIPO_DE_14": "CAGECE - COMPANHIA DE ÁGUA E ESGOTO DO ESTADO DO CEARÁ", "DESIGNAC15": "POVO DE TERREIRO", "LATITUDE16": "-3.702621", "LONGITUD17": "-38.587314", "OBS18": "COORDENADAS APROXIMADAS", "CONTAGEM19": "1" }, "geometry": { "type": "Point", "coordinates": [ -38.587314, -3.702621 ] } },
{ "type": "Feature", "properties": { "ID0": "3", "NOME_USP1": "ASSOCIAÇÃO BENEFICENTE NOVO MILÊNIO", "NOME_UG2": "INSTITUTO VIDANÇA", "TIPO3": "FORMAL", "LOTE4": "LOTE 1", "ENDERECO5": "RUA K, CONJUNTO VILA VELHA IV", "NUMERO6": "54", "BAIRRO_L7": "VILA VELHA", "DISTRITO8": "FORTALEZA", "MUNICIPI9": "FORTALEZA", "CEP10": "60349-180", "REGIAO_D11": "GRANDE FORTALEZA", "SETOR_IB12": "URBANA", "DATA_DE_13": "2023-09-27", "TIPO_DE_14": "CAGECE - COMPANHIA DE ÁGUA E ESGOTO DO ESTADO DO CEARÁ", "DESIGNAC15": "ASSOCIAÇÃO", "LATITUDE16": "-3.715653", "LONGITUD17": "-38.603341", "OBS18": "COORDENADAS APROXIMADAS", "CONTAGEM19": "1" }, "geometry": { "type": "Point", "coordinates": [ -38.603341, -3.715653 ] } },
{ "type": "Feature", "properties": { "ID0": "4", "NOME_USP1": "ASSOCIAÇÃO COMUNITÁRIA DE BENEFÍCIOS AOS AMIGOS (ACBA)", "NOME_UG2": "INSTITUTO VIDANÇA", "TIPO3": "FORMAL", "LOTE4": "LOTE 1", "ENDERECO5": "RUA E", "NUMERO6": "270", "BAIRRO_L7": "VILA VELHA", "DISTRITO8": "FORTALEZA", "MUNICIPI9": "FORTALEZA", "CEP10": "60540-272", "REGIAO_D11": "GRANDE FORTALEZA", "SETOR_IB12": "URBANA", "DATA_DE_13": "2023-09-02", "TIPO_DE_14": "POÇO", "DESIGNAC15": "OUTRAS", "LATITUDE16": "-3.718764", "LONGITUD17": "-38.588667", "OBS18": "COORDENADAS APROXIMADAS", "CONTAGEM19": "1" }, "geometry": { "type": "Point", "coordinates": [ -38.588667, -3.718764 ] } },
{ "type": "Feature", "properties": { "ID0": "5", "NOME_USP1": "ASSOCIAÇÃO DOS AMIGOS AO COMBATE À EXCLUSÃO SOCIAL", "NOME_UG2": "INSTITUTO VIDANÇA", "TIPO3": "FORMAL", "LOTE4": "LOTE 1", "ENDERECO5": "RUA ESTEVÃO DE CAMPOS", "NUMERO6": "1199", "BAIRRO_L7": "BARRA DO CEARÁ", "DISTRITO8": "FORTALEZA", "MUNICIPI9": "FORTALEZA", "CEP10": "60331-240", "REGIAO_D11": "GRANDE FORTALEZA", "SETOR_IB12": "URBANA", "DATA_DE_13": "2023-09-21", "TIPO_DE_14": "CAGECE - COMPANHIA DE ÁGUA E ESGOTO DO ESTADO DO CEARÁ", "DESIGNAC15": "ASSOCIAÇÃO", "LATITUDE16": "-3.702429", "LONGITUD17": "-38.585722", "OBS18": "COORDENADAS APROXIMADAS", "CONTAGEM19": "1" }, "geometry": { "type": "Point", "coordinates": [ -38.585722, -3.702429 ] } },
{ "type": "Feature", "properties": { "ID0": "6", "NOME_USP1": "COZINHA SOLIDÁRIA ASSOCIAÇÃO PEQUENO CIDADÃO", "NOME_UG2": "INSTITUTO VIDANÇA", "TIPO3": "INFORMAL", "LOTE4": "LOTE 1", "ENDERECO5": "RUA SANTA RITA DAS GOIABEIRAS", "NUMERO6": "81", "BAIRRO_L7": "BARRA DO CEARÁ", "DISTRITO8": "FORTALEZA", "MUNICIPI9": "FORTALEZA", "CEP10": "60332-700", "REGIAO_D11": "GRANDE FORTALEZA", "SETOR_IB12": "URBANA", "DATA_DE_13": "2024-01-05", "TIPO_DE_14": "POÇO", "DESIGNAC15": "ASSOCIAÇÃO - QUILOMBOLA", "LATITUDE16": "-3.695817", "LONGITUD17": "-38.583756", "OBS18": "COORDENADAS APROXIMADAS", "CONTAGEM19": "1" }, "geometry": { "type": "Point", "coordinates": [ -38.583756, -3.695817 ] } },
{ "type": "Feature", "properties": { "ID0": "9", "NOME_USP1": "COZINHA SOLIDÁRIA CASA DE ORAÇÃO BETEL", "NOME_UG2": "INSTITUTO VIDANÇA", "TIPO3": "INFORMAL", "LOTE4": "LOTE 1", "ENDERECO5": "RUA K", "NUMERO6": "46", "BAIRRO_L7": "VILA VELHA", "DISTRITO8": "FORTALEZA", "MUNICIPI9": "FORTALEZA", "CEP10": "60349-110", "REGIAO_D11": "GRANDE FORTALEZA", "SETOR_IB12": "URBANA", "DATA_DE_13": "2023-09-27", "TIPO_DE_14": "CAGECE - COMPANHIA DE ÁGUA E ESGOTO DO ESTADO DO CEARÁ", "DESIGNAC15": "RELIGIOSA - EVANGÉLICA", "LATITUDE16": "-3.718472", "LONGITUD17": "-38.589944", "OBS18": "COORDENADAS APROXIMADAS", "CONTAGEM19": "1" }, "geometry": { "type": "Point", "coordinates": [ -38.589944, -3.718472 ] } },
{ "type": "Feature", "properties": { "ID0": "10", "NOME_USP1": "RASSAN", "NOME_UG2": "INSTITUTO VIDANÇA", "TIPO3": "FORMAL", "LOTE4": "LOTE 1", "ENDERECO5": "RUA 27", "NUMERO6": "1630", "BAIRRO_L7": "VILA VELHA", "DISTRITO8": "FORTALEZA", "MUNICIPI9": "FORTALEZA", "CEP10": "60348-240", "REGIAO_D11": "GRANDE FORTALEZA", "SETOR_IB12": "URBANA", "DATA_DE_13": "2023-09-18", "TIPO_DE_14": "CAGECE - COMPANHIA DE ÁGUA E ESGOTO DO ESTADO DO CEARÁ", "DESIGNAC15": "OUTRAS", "LATITUDE16": "-3.719713", "LONGITUD17": "-38.59796", "OBS18": "COORDENADAS APROXIMADAS", "CONTAGEM19": "1" }, "geometry": { "type": "Point", "coordinates": [ -38.59796, -3.719713 ] } },
{ "type": "Feature", "properties": { "ID0": "11", "NOME_USP1": "FAZER O BEM SEM OLHAR A QUEM", "NOME_UG2": "INSTITUTO VIDANÇA", "TIPO3": "FORMAL", "LOTE4": "LOTE 1", "ENDERECO5": "RUA PROFESSOR RAIMUNDO GOMES", "NUMERO6": "400", "BAIRRO_L7": "VILA VELHA", "DISTRITO8": "FORTALEZA", "MUNICIPI9": "FORTALEZA", "CEP10": "60347-165", "REGIAO_D11": "GRANDE FORTALEZA", "SETOR_IB12": "URBANA", "DATA_DE_13": "2023-12-18", "TIPO_DE_14": "POÇO", "DESIGNAC15": null, "LATITUDE16": "-3.713747", "LONGITUD17": "-38.59198", "OBS18": "COORDENADAS APROXIMADAS", "CONTAGEM19": "1" }, "geometry": { "type": "Point", "coordinates": [ -38.59198, -3.713747 ] } },
{ "type": "Feature", "properties": { "ID0": "12", "NOME_USP1": "COZINHA SOCORRO ABREU", "NOME_UG2": "INSTITUTO VIDANÇA", "TIPO3": "FORMAL", "LOTE4": "LOTE 1", "ENDERECO5": "RUA ÁLVARO GARRIDO", "NUMERO6": "524", "BAIRRO_L7": "BARRA DO CEARÁ", "DISTRITO8": "FORTALEZA", "MUNICIPI9": "FORTALEZA", "CEP10": "60330-480", "REGIAO_D11": "GRANDE FORTALEZA", "SETOR_IB12": "URBANA", "DATA_DE_13": "2023-09-28", "TIPO_DE_14": "CAGECE - COMPANHIA DE ÁGUA E ESGOTO DO ESTADO DO CEARÁ", "DESIGNAC15": "OUTRAS", "LATITUDE16": "-3.712866", "LONGITUD17": "-38.583864", "OBS18": "COORDENADAS APROXIMADAS", "CONTAGEM19": "1" }, "geometry": { "type": "Point", "coordinates": [ -38.583864, -3.712866 ] } },
{ "type": "Feature", "properties": { "ID0": "13", "NOME_USP1": "INSTITUTO ALEX NUNES", "NOME_UG2": "INSTITUTO VIDANÇA", "TIPO3": "FORMAL", "LOTE4": "LOTE 1", "ENDERECO5": "RUA Q", "NUMERO6": "13", "BAIRRO_L7": "VILA VELHA", "DISTRITO8": "FORTALEZA", "MUNICIPI9": "FORTALEZA", "CEP10": "60349-190", "REGIAO_D11": "GRANDE FORTALEZA", "SETOR_IB12": "URBANA", "DATA_DE_13": "2023-09-18", "TIPO_DE_14": "CAGECE - COMPANHIA DE ÁGUA E ESGOTO DO ESTADO DO CEARÁ", "DESIGNAC15": "INSTITUTO", "LATITUDE16": "-3.711962", "LONGITUD17": "-38.600655", "OBS18": "COORDENADAS APROXIMADAS", "CONTAGEM19": "1" }, "geometry": { "type": "Point", "coordinates": [ -38.600655, -3.711962 ] } },
{ "type": "Feature", "properties": { "ID0": "14", "NOME_USP1": "COZINHA PERIFA", "NOME_UG2": "INSTITUTO VIDANÇA", "TIPO3": "FORMAL", "LOTE4": "LOTE 1", "ENDERECO5": "RUA PIERRE LUZ", "NUMERO6": "548", "BAIRRO_L7": "JARDIM GUANABARA", "DISTRITO8": "FORTALEZA", "MUNICIPI9": "FORTALEZA", "CEP10": "60346-195", "REGIAO_D11": "GRANDE FORTALEZA", "SETOR_IB12": "URBANA", "DATA_DE_13": "2023-10-05", "TIPO_DE_14": "CAGECE - COMPANHIA DE ÁGUA E ESGOTO DO ESTADO DO CEARÁ", "DESIGNAC15": "INSTITUTO", "LATITUDE16": "-3.722407", "LONGITUD17": "-38.588287", "OBS18": "COORDENADAS APROXIMADAS", "CONTAGEM19": "1" }, "geometry": { "type": "Point", "coordinates": [ -38.588287, -3.722407 ] } },
{ "type": "Feature", "properties": { "ID0": "15", "NOME_USP1": "INSTITUTO VEMSER", "NOME_UG2": "INSTITUTO VIDANÇA", "TIPO3": "FORMAL", "LOTE4": "LOTE 1", "ENDERECO5": "RUA 14", "NUMERO6": "530", "BAIRRO_L7": "JARDIM GUANABARA", "DISTRITO8": "FORTALEZA", "MUNICIPI9": "FORTALEZA", "CEP10": "60347-840", "REGIAO_D11": "GRANDE FORTALEZA", "SETOR_IB12": "URBANA", "DATA_DE_13": "2023-12-12", "TIPO_DE_14": "POÇO", "DESIGNAC15": "SINDICATO", "LATITUDE16": "-3.723675", "LONGITUD17": "-38.589112", "OBS18": "COORDENADAS APROXIMADAS", "CONTAGEM19": "1" }, "geometry": { "type": "Point", "coordinates": [ -38.589112, -3.723675 ] } },
{ "type": "Feature", "properties": { "ID0": "17", "NOME_USP1": "PARA QUEM TEM FOME", "NOME_UG2": "INSTITUTO VIDANÇA", "TIPO3": "INFORMAL", "LOTE4": "LOTE 1", "ENDERECO5": "TRAVESSA II", "NUMERO6": "206", "BAIRRO_L7": "BARRA DO CEARÁ", "DISTRITO8": "FORTALEZA", "MUNICIPI9": "FORTALEZA", "CEP10": "60332-454", "REGIAO_D11": "GRANDE FORTALEZA", "SETOR_IB12": "URBANA", "DATA_DE_13": "2023-09-26", "TIPO_DE_14": "POÇO", "DESIGNAC15": "OUTRAS", "LATITUDE16": "-3.704008", "LONGITUD17": "-38.579179", "OBS18": "COORDENADAS APROXIMADAS", "CONTAGEM19": "1" }, "geometry": { "type": "Point", "coordinates": [ -38.579179, -3.704008 ] } },
{ "type": "Feature", "properties": { "ID0": "19", "NOME_USP1": "INSTITUTO FACIS", "NOME_UG2": "INSTITUTO VIDANÇA", "TIPO3": "FORMAL", "LOTE4": "LOTE 1", "ENDERECO5": "RUA PADRE TEODORO", "NUMERO6": "996", "BAIRRO_L7": "JARDIM GUANABARA", "DISTRITO8": "FORTALEZA", "MUNICIPI9": "FORTALEZA", "CEP10": "60346-255", "REGIAO_D11": "GRANDE FORTALEZA", "SETOR_IB12": "URBANA", "DATA_DE_13": "2023-09-13", "TIPO_DE_14": "POÇO", "DESIGNAC15": "OUTRAS", "LATITUDE16": "-3.72501", "LONGITUD17": "-38.591195", "OBS18": "COORDENADAS APROXIMADAS", "CONTAGEM19": "1" }, "geometry": { "type": "Point", "coordinates": [ -38.591195, -3.72501 ] } },
{ "type": "Feature", "properties": { "ID0": "20", "NOME_USP1": "UNIDOS VENCEREMOS A FOME", "NOME_UG2": "INSTITUTO VIDANÇA", "TIPO3": "INFORMAL", "LOTE4": "LOTE 1", "ENDERECO5": "RUA SANTA ISABEL", "NUMERO6": "80", "BAIRRO_L7": "BARRA DO CEARÁ", "DISTRITO8": "FORTALEZA", "MUNICIPI9": "FORTALEZA", "CEP10": "60333-190", "REGIAO_D11": "GRANDE FORTALEZA", "SETOR_IB12": "URBANA", "DATA_DE_13": "2023-09-27", "TIPO_DE_14": "CAGECE - COMPANHIA DE ÁGUA E ESGOTO DO ESTADO DO CEARÁ", "DESIGNAC15": "OUTRAS", "LATITUDE16": "-3.699616", "LONGITUD17": "-38.578626", "OBS18": "COORDENADAS APROXIMADAS", "CONTAGEM19": "1" }, "geometry": { "type": "Point", "coordinates": [ -38.578626, -3.699616 ] } },
{ "type": "Feature", "properties": { "ID0": "21", "NOME_USP1": "COZINHA SOLIDARIA VILA JARDIM", "NOME_UG2": "INSTITUTO VIDANÇA", "TIPO3": "INFORMAL", "LOTE4": "LOTE 1", "ENDERECO5": "RUA TIAGO GOMES DA SILVA", "NUMERO6": "2256", "BAIRRO_L7": "VILA VELHA", "DISTRITO8": "FORTALEZA", "MUNICIPI9": "FORTALEZA", "CEP10": "60345-153", "REGIAO_D11": "GRANDE FORTALEZA", "SETOR_IB12": "URBANA", "DATA_DE_13": "2023-09-15", "TIPO_DE_14": "POÇO", "DESIGNAC15": "ASSOCIAÇÃO", "LATITUDE16": "-3.72046", "LONGITUD17": "-38.605193", "OBS18": "COORDENADAS APROXIMADAS", "CONTAGEM19": "1" }, "geometry": { "type": "Point", "coordinates": [ -38.605193, -3.72046 ] } },
{ "type": "Feature", "properties": { "ID0": "22", "NOME_USP1": "VÓ FRANCY", "NOME_UG2": "INSTITUTO VIDANÇA", "TIPO3": "FORMAL", "LOTE4": "LOTE 1", "ENDERECO5": "RUA PAULO XENOFONTE", "NUMERO6": "1037", "BAIRRO_L7": "VILA VELHA", "DISTRITO8": "FORTALEZA", "MUNICIPI9": "FORTALEZA", "CEP10": "60345-156", "REGIAO_D11": "GRANDE FORTALEZA", "SETOR_IB12": "URBANA", "DATA_DE_13": "2023-10-09", "TIPO_DE_14": "CAGECE - COMPANHIA DE ÁGUA E ESGOTO DO ESTADO DO CEARÁ", "DESIGNAC15": "INSTITUTO", "LATITUDE16": "-3.720147", "LONGITUD17": "-38.60454", "OBS18": "COORDENADAS APROXIMADAS", "CONTAGEM19": "1" }, "geometry": { "type": "Point", "coordinates": [ -38.60454, -3.720147 ] } },
{ "type": "Feature", "properties": { "ID0": "23", "NOME_USP1": "ASSOCIAÇÃO ANJOS DE DEUS", "NOME_UG2": "ACFLOR", "TIPO3": "FORMAL", "LOTE4": "LOTE 2", "ENDERECO5": "RUA DONA MENDINHA", "NUMERO6": "191", "BAIRRO_L7": "CRISTO REDENTOR", "DISTRITO8": "FORTALEZA", "MUNICIPI9": "FORTALEZA", "CEP10": "60337-385", "REGIAO_D11": "GRANDE FORTALEZA", "SETOR_IB12": "URBANA", "DATA_DE_13": "2023-09-12", "TIPO_DE_14": "CAGECE - COMPANHIA DE ÁGUA E ESGOTO DO ESTADO DO CEARÁ", "DESIGNAC15": "ASSOCIAÇÃO", "LATITUDE16": "-3.704417", "LONGITUD17": "-38.568644", "OBS18": "COORDENADAS APROXIMADAS", "CONTAGEM19": "1" }, "geometry": { "type": "Point", "coordinates": [ -38.568644, -3.704417 ] } },
{ "type": "Feature", "properties": { "ID0": "24", "NOME_USP1": "ASSOCIAÇÃO COMUNITÁRIA DE AJUDA MÚTUA DO PIRAMBU - ACAMP", "NOME_UG2": "ACFLOR", "TIPO3": "FORMAL", "LOTE4": "LOTE 2", "ENDERECO5": "RUA SANTA INÊS", "NUMERO6": "1247", "BAIRRO_L7": "PIRAMBÚ", "DISTRITO8": "FORTALEZA", "MUNICIPI9": "FORTALEZA", "CEP10": "60311-310", "REGIAO_D11": "GRANDE FORTALEZA", "SETOR_IB12": "URBANA", "DATA_DE_13": "2023-09-12", "TIPO_DE_14": "CAGECE - COMPANHIA DE ÁGUA E ESGOTO DO ESTADO DO CEARÁ", "DESIGNAC15": "ASSOCIAÇÃO", "LATITUDE16": "-3.708576", "LONGITUD17": "-38.557029", "OBS18": "COORDENADAS APROXIMADAS", "CONTAGEM19": "1" }, "geometry": { "type": "Point", "coordinates": [ -38.557029, -3.708576 ] } },
{ "type": "Feature", "properties": { "ID0": "25", "NOME_USP1": "ASSOCIAÇÃO DE MISSÕES S.O.S JESUS RESGATANDO VIDAS (AMSJRV)", "NOME_UG2": "ACFLOR", "TIPO3": "FORMAL", "LOTE4": "LOTE 2", "ENDERECO5": "RUA SÃO SEBASTIÃO", "NUMERO6": "396", "BAIRRO_L7": "FLORESTA", "DISTRITO8": "FORTALEZA", "MUNICIPI9": "FORTALEZA", "CEP10": "60336-285", "REGIAO_D11": "GRANDE FORTALEZA", "SETOR_IB12": "URBANA", "DATA_DE_13": "2023-09-01", "TIPO_DE_14": "CAGECE - COMPANHIA DE ÁGUA E ESGOTO DO ESTADO DO CEARÁ", "DESIGNAC15": "RELIGIOSA", "LATITUDE16": "-3.724386", "LONGITUD17": "-38.571402", "OBS18": "COORDENADAS APROXIMADAS", "CONTAGEM19": "1" }, "geometry": { "type": "Point", "coordinates": [ -38.571402, -3.724386 ] } },
{ "type": "Feature", "properties": { "ID0": "26", "NOME_USP1": "ASSOCIAÇÃO MANÁ - AÇÕES QUE TRANSFORMAM VIDAS", "NOME_UG2": "ACFLOR", "TIPO3": "FORMAL", "LOTE4": "LOTE 2", "ENDERECO5": "TRAVESSA JOÃO FELIPE", "NUMERO6": "116", "BAIRRO_L7": "MOURA BRASIL", "DISTRITO8": "FORTALEZA", "MUNICIPI9": "FORTALEZA", "CEP10": "60010-210", "REGIAO_D11": "GRANDE FORTALEZA", "SETOR_IB12": "URBANA", "DATA_DE_13": "2023-09-12", "TIPO_DE_14": "CAGECE - COMPANHIA DE ÁGUA E ESGOTO DO ESTADO DO CEARÁ", "DESIGNAC15": "ASSOCIAÇÃO", "LATITUDE16": "-3.720122", "LONGITUD17": "-38.531678", "OBS18": "COORDENADAS APROXIMADAS", "CONTAGEM19": "1" }, "geometry": { "type": "Point", "coordinates": [ -38.531678, -3.720122 ] } },
{ "type": "Feature", "properties": { "ID0": "27", "NOME_USP1": "ASSOCIAÇÃO SÃO VICENTE DE PAULO", "NOME_UG2": "ACFLOR", "TIPO3": "FORMAL", "LOTE4": "LOTE 2", "ENDERECO5": "RUA ALBERTO FERREIRA", "NUMERO6": "97", "BAIRRO_L7": "JARDIM IRACEMA", "DISTRITO8": "FORTALEZA", "MUNICIPI9": "FORTALEZA", "CEP10": "60341-140", "REGIAO_D11": "GRANDE FORTALEZA", "SETOR_IB12": "URBANA", "DATA_DE_13": "2023-09-21", "TIPO_DE_14": "CAGECE - COMPANHIA DE ÁGUA E ESGOTO DO ESTADO DO CEARÁ", "DESIGNAC15": "ASSOCIAÇÃO", "LATITUDE16": "-3.720003", "LONGITUD17": "-38.583557", "OBS18": "COORDENADAS APROXIMADAS", "CONTAGEM19": "1" }, "geometry": { "type": "Point", "coordinates": [ -38.583557, -3.720003 ] } },
{ "type": "Feature", "properties": { "ID0": "28", "NOME_USP1": "ASSOCIAÇÃO VIVÊNCIAS", "NOME_UG2": "ACFLOR", "TIPO3": "INFORMAL", "LOTE4": "LOTE 2", "ENDERECO5": "RUA RIO PARAGUAI", "NUMERO6": "273", "BAIRRO_L7": "JARDIM IRACEMA", "DISTRITO8": "FORTALEZA", "MUNICIPI9": "FORTALEZA", "CEP10": "60341-270", "REGIAO_D11": "GRANDE FORTALEZA", "SETOR_IB12": "URBANA", "DATA_DE_13": "2023-11-03", "TIPO_DE_14": "CAGECE - COMPANHIA DE ÁGUA E ESGOTO DO ESTADO DO CEARÁ", "DESIGNAC15": "ASSOCIAÇÃO", "LATITUDE16": "-3.721768", "LONGITUD17": "-38.583844", "OBS18": "COORDENADAS APROXIMADAS", "CONTAGEM19": "1" }, "geometry": { "type": "Point", "coordinates": [ -38.583844, -3.721768 ] } },
{ "type": "Feature", "properties": { "ID0": "29", "NOME_USP1": "CENTRO COMUNITÁRIO CRISTO REDENTOR", "NOME_UG2": "ACFLOR", "TIPO3": "INFORMAL", "LOTE4": "LOTE 2", "ENDERECO5": "RUA GOMES PASSOS", "NUMERO6": "740", "BAIRRO_L7": "CRISTO REDENTOR", "DISTRITO8": "FORTALEZA", "MUNICIPI9": "FORTALEZA", "CEP10": "60335-060", "REGIAO_D11": "GRANDE FORTALEZA", "SETOR_IB12": "URBANA", "DATA_DE_13": "2023-09-12", "TIPO_DE_14": "CAGECE - COMPANHIA DE ÁGUA E ESGOTO DO ESTADO DO CEARÁ", "DESIGNAC15": "OUTRAS", "LATITUDE16": "-3.710386", "LONGITUD17": "-38.563042", "OBS18": "COORDENADAS APROXIMADAS", "CONTAGEM19": "1" }, "geometry": { "type": "Point", "coordinates": [ -38.563042, -3.710386 ] } },
{ "type": "Feature", "properties": { "ID0": "30", "NOME_USP1": "COMUNIDADE PORTA DA ESPERANÇA", "NOME_UG2": "ACFLOR", "TIPO3": "INFORMAL", "LOTE4": "LOTE 2", "ENDERECO5": "AVENIDA MAJOR ASSIS", "NUMERO6": "31", "BAIRRO_L7": "FLORESTA", "DISTRITO8": "FORTALEZA", "MUNICIPI9": "FORTALEZA", "CEP10": "60340-215", "REGIAO_D11": "GRANDE FORTALEZA", "SETOR_IB12": "URBANA", "DATA_DE_13": "2023-10-09", "TIPO_DE_14": "POÇO", "DESIGNAC15": "OUTRAS", "LATITUDE16": "-3.724897", "LONGITUD17": "-38.577151", "OBS18": "COORDENADAS APROXIMADAS", "CONTAGEM19": "1" }, "geometry": { "type": "Point", "coordinates": [ -38.577151, -3.724897 ] } },
{ "type": "Feature", "properties": { "ID0": "31", "NOME_USP1": "CONSELHO COMUNITARIO SÃO JOSÉ DO REINO", "NOME_UG2": "ACFLOR", "TIPO3": "INFORMAL", "LOTE4": "LOTE 2", "ENDERECO5": "RUA FERREIRA DOS SANTOS", "NUMERO6": "197", "BAIRRO_L7": "ÁLVARO WEYNE", "DISTRITO8": "FORTALEZA", "MUNICIPI9": "FORTALEZA", "CEP10": "60335-560", "REGIAO_D11": "GRANDE FORTALEZA", "SETOR_IB12": "URBANA", "DATA_DE_13": "2023-09-12", "TIPO_DE_14": "CAGECE - COMPANHIA DE ÁGUA E ESGOTO DO ESTADO DO CEARÁ", "DESIGNAC15": "CONSELHO", "LATITUDE16": "-3.717764", "LONGITUD17": "-38.568052", "OBS18": "COORDENADAS APROXIMADAS", "CONTAGEM19": "1" }, "geometry": { "type": "Point", "coordinates": [ -38.568052, -3.717764 ] } },
{ "type": "Feature", "properties": { "ID0": "32", "NOME_USP1": "COZINHA COMUNITÁRIA DO PIRAMBU", "NOME_UG2": "ACFLOR", "TIPO3": "INFORMAL", "LOTE4": "LOTE 2", "ENDERECO5": "ALAMEDA CARLOS ALBERTO SÁ", "NUMERO6": "62", "BAIRRO_L7": "CARLITO PAMPLONA", "DISTRITO8": "FORTALEZA", "MUNICIPI9": "FORTALEZA", "CEP10": "60310-435", "REGIAO_D11": "GRANDE FORTALEZA", "SETOR_IB12": "URBANA", "DATA_DE_13": "2023-09-22", "TIPO_DE_14": "CAGECE - COMPANHIA DE ÁGUA E ESGOTO DO ESTADO DO CEARÁ", "DESIGNAC15": "FEDERAÇÃO", "LATITUDE16": "-3.713287", "LONGITUD17": "-38.551055", "OBS18": "COORDENADAS APROXIMADAS", "CONTAGEM19": "1" }, "geometry": { "type": "Point", "coordinates": [ -38.551055, -3.713287 ] } },
{ "type": "Feature", "properties": { "ID0": "33", "NOME_USP1": "COZINHA COMUNITÁRIA ROSA DA FONSECA", "NOME_UG2": "ACFLOR", "TIPO3": "INFORMAL", "LOTE4": "LOTE 2", "ENDERECO5": "RUA SÍLVIO ROMERO", "NUMERO6": "41", "BAIRRO_L7": "ÁLVARO WEYNE", "DISTRITO8": "FORTALEZA", "MUNICIPI9": "FORTALEZA", "CEP10": "60336-100", "REGIAO_D11": "GRANDE FORTALEZA", "SETOR_IB12": "URBANA", "DATA_DE_13": "2023-09-21", "TIPO_DE_14": "CAGECE - COMPANHIA DE ÁGUA E ESGOTO DO ESTADO DO CEARÁ", "DESIGNAC15": "OUTRAS", "LATITUDE16": "-3.71795", "LONGITUD17": "-38.569883", "OBS18": "COORDENADAS APROXIMADAS", "CONTAGEM19": "1" }, "geometry": { "type": "Point", "coordinates": [ -38.569883, -3.71795 ] } },
{ "type": "Feature", "properties": { "ID0": "34", "NOME_USP1": "COZINHA DAS MULHERES EMPREENDEDORAS DO PIRAMBU", "NOME_UG2": "ACFLOR", "TIPO3": "INFORMAL", "LOTE4": "LOTE 2", "ENDERECO5": "RUA DOM QUINTINO", "NUMERO6": "32", "BAIRRO_L7": "PIRAMBÚ", "DISTRITO8": "FORTALEZA", "MUNICIPI9": "FORTALEZA", "CEP10": "60310-520", "REGIAO_D11": "GRANDE FORTALEZA", "SETOR_IB12": "URBANA", "DATA_DE_13": "2023-09-12", "TIPO_DE_14": "CAGECE - COMPANHIA DE ÁGUA E ESGOTO DO ESTADO DO CEARÁ", "DESIGNAC15": "OUTRAS", "LATITUDE16": "-3.713833", "LONGITUD17": "-38.546076", "OBS18": "COORDENADAS APROXIMADAS", "CONTAGEM19": "1" }, "geometry": { "type": "Point", "coordinates": [ -38.546076, -3.713833 ] } },
{ "type": "Feature", "properties": { "ID0": "35", "NOME_USP1": "COZINHA SOCIAL VILA DO MAR", "NOME_UG2": "ACFLOR", "TIPO3": "INFORMAL", "LOTE4": "LOTE 2", "ENDERECO5": "RUA SANTA INÊS", "NUMERO6": "407", "BAIRRO_L7": "PIRAMBÚ", "DISTRITO8": "FORTALEZA", "MUNICIPI9": "FORTALEZA", "CEP10": "60311-310", "REGIAO_D11": "GRANDE FORTALEZA", "SETOR_IB12": "URBANA", "DATA_DE_13": "2023-09-28", "TIPO_DE_14": null, "DESIGNAC15": "ASSOCIAÇÃO", "LATITUDE16": "-3.711648", "LONGITUD17": "-38.547992", "OBS18": "COORDENADAS APROXIMADAS", "CONTAGEM19": "1" }, "geometry": { "type": "Point", "coordinates": [ -38.547992, -3.711648 ] } },
{ "type": "Feature", "properties": { "ID0": "36", "NOME_USP1": "COZINHA VOVÓ CHICA", "NOME_UG2": "ACFLOR", "TIPO3": "INFORMAL", "LOTE4": "LOTE 2", "ENDERECO5": "TRAVESSA SÃO TOMÉ", "NUMERO6": "92", "BAIRRO_L7": "FLORESTA", "DISTRITO8": "FORTALEZA", "MUNICIPI9": "FORTALEZA", "CEP10": "60336-326", "REGIAO_D11": "GRANDE FORTALEZA", "SETOR_IB12": "URBANA", "DATA_DE_13": "2023-09-25", "TIPO_DE_14": "SAAE - SERVIÇO AUTÔNOMO DE ÁGUA E ESGOTO", "DESIGNAC15": "OUTRAS", "LATITUDE16": "-3.712423", "LONGITUD17": "-38.575563", "OBS18": "COORDENADAS APROXIMADAS", "CONTAGEM19": "1" }, "geometry": { "type": "Point", "coordinates": [ -38.575563, -3.712423 ] } },
{ "type": "Feature", "properties": { "ID0": "37", "NOME_USP1": "FEDERAÇÃO DO MOVIMENTO COMUNITÁRIO DO PIRAMBU (FEMOCOP)", "NOME_UG2": "ACFLOR", "TIPO3": "INFORMAL", "LOTE4": "LOTE 2", "ENDERECO5": "AVENIDA PRESIDENTE CASTELO BRANCO", "NUMERO6": "2709", "BAIRRO_L7": "PIRAMBÚ", "DISTRITO8": "FORTALEZA", "MUNICIPI9": "FORTALEZA", "CEP10": "60312-060", "REGIAO_D11": "GRANDE FORTALEZA", "SETOR_IB12": "URBANA", "DATA_DE_13": "2023-11-27", "TIPO_DE_14": "POÇO", "DESIGNAC15": "OUTRAS", "LATITUDE16": "-3.712967", "LONGITUD17": "-38.551855", "OBS18": "COORDENADAS APROXIMADAS", "CONTAGEM19": "1" }, "geometry": { "type": "Point", "coordinates": [ -38.551855, -3.712967 ] } },
{ "type": "Feature", "properties": { "ID0": "38", "NOME_USP1": "FOME NUNCA MAIS", "NOME_UG2": "ACFLOR", "TIPO3": "INFORMAL", "LOTE4": "LOTE 2", "ENDERECO5": "RUA SANTA INÊS", "NUMERO6": "1062", "BAIRRO_L7": "PIRAMBÚ", "DISTRITO8": "FORTALEZA", "MUNICIPI9": "FORTALEZA", "CEP10": "60311-310", "REGIAO_D11": "GRANDE FORTALEZA", "SETOR_IB12": "URBANA", "DATA_DE_13": "2023-09-12", "TIPO_DE_14": "CAGECE - COMPANHIA DE ÁGUA E ESGOTO DO ESTADO DO CEARÁ", "DESIGNAC15": "OUTRAS", "LATITUDE16": "-3.709077", "LONGITUD17": "-38.555824", "OBS18": "COORDENADAS APROXIMADAS", "CONTAGEM19": "1" }, "geometry": { "type": "Point", "coordinates": [ -38.555824, -3.709077 ] } },
{ "type": "Feature", "properties": { "ID0": "39", "NOME_USP1": "GRUPO ESPIRITA CASA DA SOPA", "NOME_UG2": "ACFLOR", "TIPO3": "FORMAL", "LOTE4": "LOTE 2", "ENDERECO5": "RUA DA ASSUNÇÃO", "NUMERO6": "431", "BAIRRO_L7": "CENTRO", "DISTRITO8": "FORTALEZA", "MUNICIPI9": "FORTALEZA", "CEP10": "60050-010", "REGIAO_D11": "GRANDE FORTALEZA", "SETOR_IB12": "URBANA", "DATA_DE_13": "2023-09-25", "TIPO_DE_14": "CAGECE - COMPANHIA DE ÁGUA E ESGOTO DO ESTADO DO CEARÁ", "DESIGNAC15": "RELIGIOSA", "LATITUDE16": "-3.733972", "LONGITUD17": "-38.52819", "OBS18": "COORDENADAS APROXIMADAS", "CONTAGEM19": "1" }, "geometry": { "type": "Point", "coordinates": [ -38.52819, -3.733972 ] } },
{ "type": "Feature", "properties": { "ID0": "40", "NOME_USP1": "PROJETO GERANDO ESPERANÇA", "NOME_UG2": "ACFLOR", "TIPO3": "INFORMAL", "LOTE4": "LOTE 2", "ENDERECO5": "RUA RIO TOCANTINS", "NUMERO6": "1435", "BAIRRO_L7": "FLORESTA", "DISTRITO8": "FORTALEZA", "MUNICIPI9": "FORTALEZA", "CEP10": "60340-191", "REGIAO_D11": "GRANDE FORTALEZA", "SETOR_IB12": "URBANA", "DATA_DE_13": "2023-09-13", "TIPO_DE_14": null, "DESIGNAC15": "RELIGIOSA", "LATITUDE16": "-3.728385", "LONGITUD17": "-38.58149", "OBS18": "COORDENADAS APROXIMADAS", "CONTAGEM19": "1" }, "geometry": { "type": "Point", "coordinates": [ -38.58149, -3.728385 ] } },
{ "type": "Feature", "properties": { "ID0": "41", "NOME_USP1": "INSTITUTO CONSTRUINDO ARTE - INCA", "NOME_UG2": "ACFLOR", "TIPO3": "FORMAL", "LOTE4": "LOTE 2", "ENDERECO5": "RUA RIO TOCANTINS", "NUMERO6": "613", "BAIRRO_L7": "JARDIM IRACEMA", "DISTRITO8": "FORTALEZA", "MUNICIPI9": "FORTALEZA", "CEP10": "60340-110", "REGIAO_D11": "GRANDE FORTALEZA", "SETOR_IB12": "URBANA", "DATA_DE_13": "2023-09-11", "TIPO_DE_14": "CAGECE - COMPANHIA DE ÁGUA E ESGOTO DO ESTADO DO CEARÁ", "DESIGNAC15": "INSTITUTO", "LATITUDE16": "-3.721694", "LONGITUD17": "-38.580905", "OBS18": "COORDENADAS APROXIMADAS", "CONTAGEM19": "1" }, "geometry": { "type": "Point", "coordinates": [ -38.580905, -3.721694 ] } },
{ "type": "Feature", "properties": { "ID0": "42", "NOME_USP1": "INSTITUTO PATERNUS", "NOME_UG2": "ACFLOR", "TIPO3": "FORMAL", "LOTE4": "LOTE 2", "ENDERECO5": "RUA GRAÇA ARANHA", "NUMERO6": "1058", "BAIRRO_L7": "FLORESTA", "DISTRITO8": "FORTALEZA", "MUNICIPI9": "FORTALEZA", "CEP10": "60336-228", "REGIAO_D11": "GRANDE FORTALEZA", "SETOR_IB12": "URBANA", "DATA_DE_13": "2023-09-27", "TIPO_DE_14": "POÇO", "DESIGNAC15": "OUTRAS", "LATITUDE16": "-3.714037", "LONGITUD17": "-38.575342", "OBS18": "COORDENADAS APROXIMADAS", "CONTAGEM19": "1" }, "geometry": { "type": "Point", "coordinates": [ -38.575342, -3.714037 ] } },
{ "type": "Feature", "properties": { "ID0": "43", "NOME_USP1": "INSTITUTO VOVÓ ZEZINHA", "NOME_UG2": "ACFLOR", "TIPO3": "FORMAL", "LOTE4": "LOTE 2", "ENDERECO5": "TRAVESSA REGENTE", "NUMERO6": "34", "BAIRRO_L7": "ALVARO WEYNE", "DISTRITO8": "FORTALEZA", "MUNICIPI9": "FORTALEZA", "CEP10": "60310-770", "REGIAO_D11": "GRANDE FORTALEZA", "SETOR_IB12": "URBANA", "DATA_DE_13": "2023-09-12", "TIPO_DE_14": "CAGECE - COMPANHIA DE ÁGUA E ESGOTO DO ESTADO DO CEARÁ", "DESIGNAC15": "OUTRAS", "LATITUDE16": "-3.708319", "LONGITUD17": "-38.568689", "OBS18": "COORDENADAS APROXIMADAS", "CONTAGEM19": "1" }, "geometry": { "type": "Point", "coordinates": [ -38.568689, -3.708319 ] } },
{ "type": "Feature", "properties": { "ID0": "44", "NOME_USP1": "MOVIMENTO EMAÚS - AMOR E JUSTIÇA", "NOME_UG2": "ACFLOR", "TIPO3": "FORMAL", "LOTE4": "LOTE 2", "ENDERECO5": "RUA TOMÁS GONZAGA", "NUMERO6": "226", "BAIRRO_L7": "CRISTO REDENTOR", "DISTRITO8": "FORTALEZA", "MUNICIPI9": "FORTALEZA", "CEP10": "60337-300", "REGIAO_D11": "GRANDE FORTALEZA", "SETOR_IB12": "URBANA", "DATA_DE_13": "2023-09-25", "TIPO_DE_14": "CAGECE - COMPANHIA DE ÁGUA E ESGOTO DO ESTADO DO CEARÁ", "DESIGNAC15": "MOVIMENTO", "LATITUDE16": "-3.711325", "LONGITUD17": "-38.568794", "OBS18": "COORDENADAS APROXIMADAS", "CONTAGEM19": "1" }, "geometry": { "type": "Point", "coordinates": [ -38.568794, -3.711325 ] } },
{ "type": "Feature", "properties": { "ID0": "46", "NOME_USP1": "PAROQUIA SÃO FRANCISCO DE ASSIS", "NOME_UG2": "ACFLOR", "TIPO3": "FORMAL", "LOTE4": "LOTE 2", "ENDERECO5": "AV. FILOMENO GOMES", "NUMERO6": "291", "BAIRRO_L7": "JACARECANGA", "DISTRITO8": "FORTALEZA", "MUNICIPI9": "FORTALEZA", "CEP10": "60010-280", "REGIAO_D11": "GRANDE FORTALEZA", "SETOR_IB12": "URBANA", "DATA_DE_13": "2024-02-29", "TIPO_DE_14": "CAGECE - COMPANHIA DE ÁGUA E ESGOTO DO ESTADO DO CEARÁ", "DESIGNAC15": null, "LATITUDE16": "-3.71725", "LONGITUD17": "-38.5418", "OBS18": "COORDENADAS APROXIMADAS", "CONTAGEM19": "1" }, "geometry": { "type": "Point", "coordinates": [ -38.5418, -3.71725 ] } },
{ "type": "Feature", "properties": { "ID0": "47", "NOME_USP1": "PROJETO CASINHA DO BEM", "NOME_UG2": "ACFLOR", "TIPO3": "FORMAL", "LOTE4": "LOTE 2", "ENDERECO5": "RUA CARNEIRO DA CUNHA", "NUMERO6": "159", "BAIRRO_L7": "JACARECANGA", "DISTRITO8": "FORTALEZA", "MUNICIPI9": "FORTALEZA", "CEP10": "60010-470", "REGIAO_D11": "GRANDE FORTALEZA", "SETOR_IB12": "URBANA", "DATA_DE_13": "2023-09-21", "TIPO_DE_14": "CAGECE - COMPANHIA DE ÁGUA E ESGOTO DO ESTADO DO CEARÁ", "DESIGNAC15": "PROJETO", "LATITUDE16": "-3.724585", "LONGITUD17": "-38.542326", "OBS18": "COORDENADAS APROXIMADAS", "CONTAGEM19": "1" }, "geometry": { "type": "Point", "coordinates": [ -38.542326, -3.724585 ] } },
{ "type": "Feature", "properties": { "ID0": "48", "NOME_USP1": "PROJETO FAMILIAS REUNIDAS (PROFAR)", "NOME_UG2": "ACFLOR", "TIPO3": "FORMAL", "LOTE4": "LOTE 2", "ENDERECO5": "RUA RINCÃO", "NUMERO6": "79", "BAIRRO_L7": "FLORESTA", "DISTRITO8": "FORTALEZA", "MUNICIPI9": "FORTALEZA", "CEP10": "60340-420", "REGIAO_D11": "GRANDE FORTALEZA", "SETOR_IB12": "URBANA", "DATA_DE_13": "2024-04-08", "TIPO_DE_14": "CAGECE - COMPANHIA DE ÁGUA E ESGOTO DO ESTADO DO CEARÁ", "DESIGNAC15": null, "LATITUDE16": "-3.72388", "LONGITUD17": "-38.578188", "OBS18": "COORDENADAS APROXIMADAS", "CONTAGEM19": "1" }, "geometry": { "type": "Point", "coordinates": [ -38.578188, -3.72388 ] } },
{ "type": "Feature", "properties": { "ID0": "49", "NOME_USP1": "SOCIEDADE COMUNITÁRIA DE HABITAÇÃO POPULAR PESCADORES COSTA OESTE", "NOME_UG2": "ACFLOR", "TIPO3": "FORMAL", "LOTE4": "LOTE 2", "ENDERECO5": "RUA SANTA ELISA", "NUMERO6": "1665", "BAIRRO_L7": "CRISTO REDENTOR", "DISTRITO8": "FORTALEZA", "MUNICIPI9": "FORTALEZA", "CEP10": "60311-020", "REGIAO_D11": "GRANDE FORTALEZA", "SETOR_IB12": "URBANA", "DATA_DE_13": "2023-09-21", "TIPO_DE_14": "CAGECE - COMPANHIA DE ÁGUA E ESGOTO DO ESTADO DO CEARÁ", "DESIGNAC15": "POVO DO MAR", "LATITUDE16": "-3.7029", "LONGITUD17": "-38.568562", "OBS18": "COORDENADAS APROXIMADAS", "CONTAGEM19": "1" }, "geometry": { "type": "Point", "coordinates": [ -38.568562, -3.7029 ] } },
{ "type": "Feature", "properties": { "ID0": "50", "NOME_USP1": "UNIAO DOS MORADORES DO JARDIM IRACEMA - UMJIR", "NOME_UG2": "ACFLOR", "TIPO3": "FORMAL", "LOTE4": "LOTE 2", "ENDERECO5": "RUA MISERICÓRDIA", "NUMERO6": "34", "BAIRRO_L7": "JARDIM IRACEMA", "DISTRITO8": "FORTALEZA", "MUNICIPI9": "FORTALEZA", "CEP10": "60341-460", "REGIAO_D11": "GRANDE FORTALEZA", "SETOR_IB12": "URBANA", "DATA_DE_13": "2023-09-01", "TIPO_DE_14": "CAGECE - COMPANHIA DE ÁGUA E ESGOTO DO ESTADO DO CEARÁ", "DESIGNAC15": "OUTRAS", "LATITUDE16": "-3.718139", "LONGITUD17": "-38.585108", "OBS18": "COORDENADAS APROXIMADAS", "CONTAGEM19": "1" }, "geometry": { "type": "Point", "coordinates": [ -38.585108, -3.718139 ] } },
{ "type": "Feature", "properties": { "ID0": "51", "NOME_USP1": "UNIDOS DO PIRAMBU", "NOME_UG2": "ACFLOR", "TIPO3": "INFORMAL", "LOTE4": "LOTE 2", "ENDERECO5": "RUA VERA CRUZ", "NUMERO6": "107", "BAIRRO_L7": "PIRAMBÚ", "DISTRITO8": "FORTALEZA", "MUNICIPI9": "FORTALEZA", "CEP10": "60311-740", "REGIAO_D11": "GRANDE FORTALEZA", "SETOR_IB12": "URBANA", "DATA_DE_13": "2023-09-21", "TIPO_DE_14": "CAGECE - COMPANHIA DE ÁGUA E ESGOTO DO ESTADO DO CEARÁ", "DESIGNAC15": "OUTRAS", "LATITUDE16": "-3.710586", "LONGITUD17": "-38.555762", "OBS18": "COORDENADAS APROXIMADAS", "CONTAGEM19": "1" }, "geometry": { "type": "Point", "coordinates": [ -38.555762, -3.710586 ] } },
{ "type": "Feature", "properties": { "ID0": "52", "NOME_USP1": "AMAP", "NOME_UG2": "ASSOCIAÇÃO UNIÃO DE JOVENS VICENTE PINZON", "TIPO3": "INFORMAL", "LOTE4": "LOTE 3", "ENDERECO5": "VIA LOCAL LESTE-OESTE 02", "NUMERO6": "0", "BAIRRO_L7": "CAIS DO PORTO", "DISTRITO8": "FORTALEZA", "MUNICIPI9": "FORTALEZA", "CEP10": "60180-754", "REGIAO_D11": "GRANDE FORTALEZA", "SETOR_IB12": "URBANA", "DATA_DE_13": "2023-09-04", "TIPO_DE_14": "CAGECE - COMPANHIA DE ÁGUA E ESGOTO DO ESTADO DO CEARÁ", "DESIGNAC15": "ASSOCIAÇÃO", "LATITUDE16": "-3.723447", "LONGITUD17": "-38.471893", "OBS18": "COORDENADAS APROXIMADAS", "CONTAGEM19": "1" }, "geometry": { "type": "Point", "coordinates": [ -38.471893, -3.723447 ] } },
{ "type": "Feature", "properties": { "ID0": "53", "NOME_USP1": "ASSOCIAÇÃO CIDADE DE DEUS", "NOME_UG2": "ASSOCIAÇÃO UNIÃO DE JOVENS VICENTE PINZON", "TIPO3": "INFORMAL", "LOTE4": "LOTE 3", "ENDERECO5": "RUA NARCÍSIO LIMA", "NUMERO6": "0", "BAIRRO_L7": "VICENTE PINZON", "DISTRITO8": "FORTALEZA", "MUNICIPI9": "FORTALEZA", "CEP10": "60181-435", "REGIAO_D11": "GRANDE FORTALEZA", "SETOR_IB12": "URBANA", "DATA_DE_13": "2023-09-13", "TIPO_DE_14": "POÇO", "DESIGNAC15": "OUTRAS", "LATITUDE16": "-3.72822", "LONGITUD17": "-38.462707", "OBS18": "COORDENADAS APROXIMADAS", "CONTAGEM19": "1" }, "geometry": { "type": "Point", "coordinates": [ -38.462707, -3.72822 ] } },
{ "type": "Feature", "properties": { "ID0": "55", "NOME_USP1": "ASSOCIAÇÃO DE CATADORAS E CATADORES DO BAIRRO VICENTE PINZÓN", "NOME_UG2": "ASSOCIAÇÃO UNIÃO DE JOVENS VICENTE PINZON", "TIPO3": "INFORMAL", "LOTE4": "LOTE 3", "ENDERECO5": "AVENIDA DOLOR BARREIRA", "NUMERO6": "665", "BAIRRO_L7": "VICENTE PINZÓN", "DISTRITO8": "FORTALEZA", "MUNICIPI9": "FORTALEZA", "CEP10": "60181-005", "REGIAO_D11": "GRANDE FORTALEZA", "SETOR_IB12": "URBANA", "DATA_DE_13": "2023-09-19", "TIPO_DE_14": "POÇO", "DESIGNAC15": "OUTRAS", "LATITUDE16": "-3.733218", "LONGITUD17": "-38.470652", "OBS18": "COORDENADAS APROXIMADAS", "CONTAGEM19": "1" }, "geometry": { "type": "Point", "coordinates": [ -38.470652, -3.733218 ] } },
{ "type": "Feature", "properties": { "ID0": "56", "NOME_USP1": "ASSOCIAÇÃO SORRISO DA CRIANÇA", "NOME_UG2": "ASSOCIAÇÃO UNIÃO DE JOVENS VICENTE PINZON", "TIPO3": "INFORMAL", "LOTE4": "LOTE 3", "ENDERECO5": "RUA DOM PEDRO 2º", "NUMERO6": "101", "BAIRRO_L7": "VICENTE PINZÓN", "DISTRITO8": "FORTALEZA", "MUNICIPI9": "FORTALEZA", "CEP10": "60184-260", "REGIAO_D11": "GRANDE FORTALEZA", "SETOR_IB12": "URBANA", "DATA_DE_13": "2023-09-15", "TIPO_DE_14": "CAGECE - COMPANHIA DE ÁGUA E ESGOTO DO ESTADO DO CEARÁ", "DESIGNAC15": "ASSOCIAÇÃO", "LATITUDE16": "-3.727282", "LONGITUD17": "-38.469189", "OBS18": "COORDENADAS APROXIMADAS", "CONTAGEM19": "1" }, "geometry": { "type": "Point", "coordinates": [ -38.469189, -3.727282 ] } },
{ "type": "Feature", "properties": { "ID0": "57", "NOME_USP1": "COMUNIDADE DA BENÇÃO", "NOME_UG2": "ASSOCIAÇÃO UNIÃO DE JOVENS VICENTE PINZON", "TIPO3": "INFORMAL", "LOTE4": "LOTE 3", "ENDERECO5": "RUA ARISTIDES BARCELOS", "NUMERO6": "60", "BAIRRO_L7": "VICENTE PINZÓN", "DISTRITO8": "FORTALEZA", "MUNICIPI9": "FORTALEZA", "CEP10": "60181-832", "REGIAO_D11": "GRANDE FORTALEZA", "SETOR_IB12": "URBANA", "DATA_DE_13": "2023-09-18", "TIPO_DE_14": "CAGECE - COMPANHIA DE ÁGUA E ESGOTO DO ESTADO DO CEARÁ", "DESIGNAC15": "RELIGIOSA", "LATITUDE16": "-3.721332", "LONGITUD17": "-38.463836", "OBS18": "COORDENADAS APROXIMADAS", "CONTAGEM19": "1" }, "geometry": { "type": "Point", "coordinates": [ -38.463836, -3.721332 ] } },
{ "type": "Feature", "properties": { "ID0": "58", "NOME_USP1": "COMUNIDADE DA PAZ", "NOME_UG2": "ASSOCIAÇÃO UNIÃO DE JOVENS VICENTE PINZON", "TIPO3": "INFORMAL", "LOTE4": "LOTE 3", "ENDERECO5": "AVENIDA PINTOR ANTÔNIO BANDEIRA", "NUMERO6": "267", "BAIRRO_L7": "CAIS DO PORTO", "DISTRITO8": "FORTALEZA", "MUNICIPI9": "FORTALEZA", "CEP10": "60180-476", "REGIAO_D11": "GRANDE FORTALEZA", "SETOR_IB12": "URBANA", "DATA_DE_13": "2023-09-18", "TIPO_DE_14": "POÇO", "DESIGNAC15": "OUTRAS", "LATITUDE16": "-3.719312", "LONGITUD17": "-38.466424", "OBS18": "COORDENADAS APROXIMADAS", "CONTAGEM19": "1" }, "geometry": { "type": "Point", "coordinates": [ -38.466424, -3.719312 ] } },
{ "type": "Feature", "properties": { "ID0": "59", "NOME_USP1": "COZINHA DA TIA LEDA", "NOME_UG2": "ASSOCIAÇÃO UNIÃO DE JOVENS VICENTE PINZON", "TIPO3": "INFORMAL", "LOTE4": "LOTE 3", "ENDERECO5": "RUA PROFESSOR HENRIQUE FIRMEZA", "NUMERO6": "3", "BAIRRO_L7": "CAIS DO PORTO", "DISTRITO8": "FORTALEZA", "MUNICIPI9": "FORTALEZA", "CEP10": "60180-762", "REGIAO_D11": "GRANDE FORTALEZA", "SETOR_IB12": "URBANA", "DATA_DE_13": "2023-10-04", "TIPO_DE_14": "CAGECE - COMPANHIA DE ÁGUA E ESGOTO DO ESTADO DO CEARÁ", "DESIGNAC15": "INSTITUTO", "LATITUDE16": "-3.717458", "LONGITUD17": "-38.463455", "OBS18": "COORDENADAS APROXIMADAS", "CONTAGEM19": "1" }, "geometry": { "type": "Point", "coordinates": [ -38.463455, -3.717458 ] } },
{ "type": "Feature", "properties": { "ID0": "60", "NOME_USP1": "COZINHA DO ALTO DA PAZ", "NOME_UG2": "ASSOCIAÇÃO UNIÃO DE JOVENS VICENTE PINZON", "TIPO3": "INFORMAL", "LOTE4": "LOTE 3", "ENDERECO5": "VIA DE PEDESTRE LESTE-OESTE 03", "NUMERO6": "3", "BAIRRO_L7": "CAIS DO PORTO", "DISTRITO8": "FORTALEZA", "MUNICIPI9": "FORTALEZA", "CEP10": "60180-748", "REGIAO_D11": "GRANDE FORTALEZA", "SETOR_IB12": "URBANA", "DATA_DE_13": "2023-09-18", "TIPO_DE_14": "CAGECE - COMPANHIA DE ÁGUA E ESGOTO DO ESTADO DO CEARÁ", "DESIGNAC15": "OUTRAS", "LATITUDE16": "-3.723602", "LONGITUD17": "-38.472413", "OBS18": "COORDENADAS APROXIMADAS", "CONTAGEM19": "1" }, "geometry": { "type": "Point", "coordinates": [ -38.472413, -3.723602 ] } },
{ "type": "Feature", "properties": { "ID0": "61", "NOME_USP1": "COZINHA PRAZER EM SERVIR", "NOME_UG2": "ASSOCIAÇÃO UNIÃO DE JOVENS VICENTE PINZON", "TIPO3": "INFORMAL", "LOTE4": "LOTE 3", "ENDERECO5": "RUA GERARDO FREITAS", "NUMERO6": "25", "BAIRRO_L7": "VICENTE PINZÓN", "DISTRITO8": "FORTALEZA", "MUNICIPI9": "FORTALEZA", "CEP10": "60181-650", "REGIAO_D11": "GRANDE FORTALEZA", "SETOR_IB12": "URBANA", "DATA_DE_13": "2023-09-28", "TIPO_DE_14": "CAGECE - COMPANHIA DE ÁGUA E ESGOTO DO ESTADO DO CEARÁ", "DESIGNAC15": "OUTRAS", "LATITUDE16": "-3.729353", "LONGITUD17": "-38.467078", "OBS18": "COORDENADAS APROXIMADAS", "CONTAGEM19": "1" }, "geometry": { "type": "Point", "coordinates": [ -38.467078, -3.729353 ] } },
{ "type": "Feature", "properties": { "ID0": "62", "NOME_USP1": "ESCOLHI AMAR", "NOME_UG2": "ASSOCIAÇÃO UNIÃO DE JOVENS VICENTE PINZON", "TIPO3": "INFORMAL", "LOTE4": "LOTE 3", "ENDERECO5": "RUA DA FELICIDADE", "NUMERO6": "0", "BAIRRO_L7": "ALDEOTA", "DISTRITO8": "FORTALEZA", "MUNICIPI9": "FORTALEZA", "CEP10": "60135-370", "REGIAO_D11": "GRANDE FORTALEZA", "SETOR_IB12": "URBANA", "DATA_DE_13": "2023-09-06", "TIPO_DE_14": "INFORMAÇÃO NÃO COLETADA", "DESIGNAC15": "ASSOCIAÇÃO", "LATITUDE16": "-3.745044", "LONGITUD17": "-38.496652", "OBS18": "COORDENADAS APROXIMADAS", "CONTAGEM19": "1" }, "geometry": { "type": "Point", "coordinates": [ -38.496652, -3.745044 ] } },
{ "type": "Feature", "properties": { "ID0": "63", "NOME_USP1": "ESTIVA", "NOME_UG2": "ASSOCIAÇÃO UNIÃO DE JOVENS VICENTE PINZON", "TIPO3": "INFORMAL", "LOTE4": "LOTE 3", "ENDERECO5": "RUA VÁRZEA NOVA", "NUMERO6": "82", "BAIRRO_L7": "CAIS DO PORTO", "DISTRITO8": "FORTALEZA", "MUNICIPI9": "FORTALEZA", "CEP10": "60180-405", "REGIAO_D11": "GRANDE FORTALEZA", "SETOR_IB12": "URBANA", "DATA_DE_13": "2023-09-08", "TIPO_DE_14": "CAGECE - COMPANHIA DE ÁGUA E ESGOTO DO ESTADO DO CEARÁ", "DESIGNAC15": "OUTRAS", "LATITUDE16": "-3.711169", "LONGITUD17": "-38.470412", "OBS18": "COORDENADAS APROXIMADAS", "CONTAGEM19": "1" }, "geometry": { "type": "Point", "coordinates": [ -38.470412, -3.711169 ] } },
{ "type": "Feature", "properties": { "ID0": "64", "NOME_USP1": "ESTRELA DO MAR", "NOME_UG2": "ASSOCIAÇÃO UNIÃO DE JOVENS VICENTE PINZON", "TIPO3": "INFORMAL", "LOTE4": "LOTE 3", "ENDERECO5": "RUA VEREADOR JOSÉ MONTEIRO", "NUMERO6": "307", "BAIRRO_L7": "CAIS DO PORTO", "DISTRITO8": "FORTALEZA", "MUNICIPI9": "FORTALEZA", "CEP10": "60180-120", "REGIAO_D11": "GRANDE FORTALEZA", "SETOR_IB12": "URBANA", "DATA_DE_13": "2023-09-22", "TIPO_DE_14": "CAGECE - COMPANHIA DE ÁGUA E ESGOTO DO ESTADO DO CEARÁ", "DESIGNAC15": "OUTRAS", "LATITUDE16": "-3.712142", "LONGITUD17": "-38.465329", "OBS18": "COORDENADAS APROXIMADAS", "CONTAGEM19": "1" }, "geometry": { "type": "Point", "coordinates": [ -38.465329, -3.712142 ] } },
{ "type": "Feature", "properties": { "ID0": "65", "NOME_USP1": "GAMAC", "NOME_UG2": "ASSOCIAÇÃO UNIÃO DE JOVENS VICENTE PINZON", "TIPO3": "INFORMAL", "LOTE4": "LOTE 3", "ENDERECO5": "RUA PROFESSOR ÁLVARO COSTA", "NUMERO6": "1080", "BAIRRO_L7": "VICENTE PINZON", "DISTRITO8": "FORTALEZA", "MUNICIPI9": "FORTALEZA", "CEP10": "60182-014", "REGIAO_D11": "GRANDE FORTALEZA", "SETOR_IB12": "URBANA", "DATA_DE_13": "2023-09-08", "TIPO_DE_14": "CAGECE - COMPANHIA DE ÁGUA E ESGOTO DO ESTADO DO CEARÁ", "DESIGNAC15": "ASSOCIAÇÃO", "LATITUDE16": "-3.726105", "LONGITUD17": "-38.470713", "OBS18": "COORDENADAS APROXIMADAS", "CONTAGEM19": "1" }, "geometry": { "type": "Point", "coordinates": [ -38.470713, -3.726105 ] } },
{ "type": "Feature", "properties": { "ID0": "66", "NOME_USP1": "GRUPO DAS AMIGAS", "NOME_UG2": "ASSOCIAÇÃO UNIÃO DE JOVENS VICENTE PINZON", "TIPO3": "INFORMAL", "LOTE4": "LOTE 3", "ENDERECO5": "RUA DO LITO", "NUMERO6": "20", "BAIRRO_L7": "VARJOTA", "DISTRITO8": "FORTALEZA", "MUNICIPI9": "FORTALEZA", "CEP10": "60175-260", "REGIAO_D11": "GRANDE FORTALEZA", "SETOR_IB12": "URBANA", "DATA_DE_13": "2023-09-06", "TIPO_DE_14": "CAGECE - COMPANHIA DE ÁGUA E ESGOTO DO ESTADO DO CEARÁ", "DESIGNAC15": "OUTRAS", "LATITUDE16": "-3.726959", "LONGITUD17": "-38.48566", "OBS18": "COORDENADAS APROXIMADAS", "CONTAGEM19": "1" }, "geometry": { "type": "Point", "coordinates": [ -38.48566, -3.726959 ] } },
{ "type": "Feature", "properties": { "ID0": "67", "NOME_USP1": "GRUPO DO BAUZÃO", "NOME_UG2": "ASSOCIAÇÃO UNIÃO DE JOVENS VICENTE PINZON", "TIPO3": "INFORMAL", "LOTE4": "LOTE 3", "ENDERECO5": "RUA DO PARAÍSO", "NUMERO6": "145", "BAIRRO_L7": "VICENTE PINZÓN", "DISTRITO8": "FORTALEZA", "MUNICIPI9": "FORTALEZA", "CEP10": "60181-380", "REGIAO_D11": "GRANDE FORTALEZA", "SETOR_IB12": "URBANA", "DATA_DE_13": "2023-09-15", "TIPO_DE_14": "CAGECE - COMPANHIA DE ÁGUA E ESGOTO DO ESTADO DO CEARÁ", "DESIGNAC15": "OUTRAS", "LATITUDE16": "-3.729666", "LONGITUD17": "-38.474098", "OBS18": "COORDENADAS APROXIMADAS", "CONTAGEM19": "1" }, "geometry": { "type": "Point", "coordinates": [ -38.474098, -3.729666 ] } },
{ "type": "Feature", "properties": { "ID0": "68", "NOME_USP1": "GRUPO DO PASTOR", "NOME_UG2": "ASSOCIAÇÃO UNIÃO DE JOVENS VICENTE PINZON", "TIPO3": "INFORMAL", "LOTE4": "LOTE 3", "ENDERECO5": "RUA TITÃ", "NUMERO6": "1054", "BAIRRO_L7": "VICENTE PINZÓN", "DISTRITO8": "FORTALEZA", "MUNICIPI9": "FORTALEZA", "CEP10": "60180-190", "REGIAO_D11": "GRANDE FORTALEZA", "SETOR_IB12": "URBANA", "DATA_DE_13": "2023-09-08", "TIPO_DE_14": "CAGECE - COMPANHIA DE ÁGUA E ESGOTO DO ESTADO DO CEARÁ", "DESIGNAC15": "RELIGIOSA", "LATITUDE16": "-3.714516", "LONGITUD17": "-38.4651", "OBS18": "COORDENADAS APROXIMADAS", "CONTAGEM19": "1" }, "geometry": { "type": "Point", "coordinates": [ -38.4651, -3.714516 ] } },
{ "type": "Feature", "properties": { "ID0": "69", "NOME_USP1": "IBAPS", "NOME_UG2": "ASSOCIAÇÃO UNIÃO DE JOVENS VICENTE PINZON", "TIPO3": "INFORMAL", "LOTE4": "LOTE 3", "ENDERECO5": "AVENIDA LEITE BARBOSA", "NUMERO6": "1124", "BAIRRO_L7": "CAIS DO PORTO", "DISTRITO8": "FORTALEZA", "MUNICIPI9": "FORTALEZA", "CEP10": "60180-420", "REGIAO_D11": "GRANDE FORTALEZA", "SETOR_IB12": "URBANA", "DATA_DE_13": "2023-09-02", "TIPO_DE_14": "CAGECE - COMPANHIA DE ÁGUA E ESGOTO DO ESTADO DO CEARÁ", "DESIGNAC15": "RELIGIOSA", "LATITUDE16": "-3.708497", "LONGITUD17": "-38.466286", "OBS18": "COORDENADAS APROXIMADAS", "CONTAGEM19": "1" }, "geometry": { "type": "Point", "coordinates": [ -38.466286, -3.708497 ] } },
{ "type": "Feature", "properties": { "ID0": "70", "NOME_USP1": "ISMAEL PORDEUS", "NOME_UG2": "ASSOCIAÇÃO UNIÃO DE JOVENS VICENTE PINZON", "TIPO3": "INFORMAL", "LOTE4": "LOTE 3", "ENDERECO5": "RUA ISMAEL PORDEUS", "NUMERO6": "197", "BAIRRO_L7": "VICENTE PINZÓN", "DISTRITO8": "FORTALEZA", "MUNICIPI9": "FORTALEZA", "CEP10": "60181-712", "REGIAO_D11": "GRANDE FORTALEZA", "SETOR_IB12": "URBANA", "DATA_DE_13": "2023-09-18", "TIPO_DE_14": "CAGECE - COMPANHIA DE ÁGUA E ESGOTO DO ESTADO DO CEARÁ", "DESIGNAC15": "OUTRAS", "LATITUDE16": "-3.721166", "LONGITUD17": "-38.465534", "OBS18": "COORDENADAS APROXIMADAS", "CONTAGEM19": "1" }, "geometry": { "type": "Point", "coordinates": [ -38.465534, -3.721166 ] } },
{ "type": "Feature", "properties": { "ID0": "71", "NOME_USP1": "JANGADEIROS", "NOME_UG2": "ASSOCIAÇÃO UNIÃO DE JOVENS VICENTE PINZON", "TIPO3": "INFORMAL", "LOTE4": "LOTE 3", "ENDERECO5": "AVENIDA DOS JANGADEIROS", "NUMERO6": "333", "BAIRRO_L7": "MUCURIPE", "DISTRITO8": "FORTALEZA", "MUNICIPI9": "FORTALEZA", "CEP10": "60175-440", "REGIAO_D11": "GRANDE FORTALEZA", "SETOR_IB12": "URBANA", "DATA_DE_13": "2023-09-15", "TIPO_DE_14": "CAGECE - COMPANHIA DE ÁGUA E ESGOTO DO ESTADO DO CEARÁ", "DESIGNAC15": "POVO DO MAR", "LATITUDE16": "-3.721845", "LONGITUD17": "-38.475866", "OBS18": "COORDENADAS APROXIMADAS", "CONTAGEM19": "1" }, "geometry": { "type": "Point", "coordinates": [ -38.475866, -3.721845 ] } },
{ "type": "Feature", "properties": { "ID0": "72", "NOME_USP1": "MÃOS LIVRES", "NOME_UG2": "ASSOCIAÇÃO UNIÃO DE JOVENS VICENTE PINZON", "TIPO3": "INFORMAL", "LOTE4": "LOTE 3", "ENDERECO5": "RUA MIGUEL CALMON", "NUMERO6": "647", "BAIRRO_L7": "VICENTE PINZÓN", "DISTRITO8": "FORTALEZA", "MUNICIPI9": "FORTALEZA", "CEP10": "60182-160", "REGIAO_D11": "GRANDE FORTALEZA", "SETOR_IB12": "URBANA", "DATA_DE_13": "2024-03-20", "TIPO_DE_14": "CAGECE - COMPANHIA DE ÁGUA E ESGOTO DO ESTADO DO CEARÁ", "DESIGNAC15": null, "LATITUDE16": "-3.728909", "LONGITUD17": "-38.465851", "OBS18": "COORDENADAS APROXIMADAS", "CONTAGEM19": "1" }, "geometry": { "type": "Point", "coordinates": [ -38.465851, -3.728909 ] } },
{ "type": "Feature", "properties": { "ID0": "73", "NOME_USP1": "NOGUEIRA CRUZ", "NOME_UG2": "ASSOCIAÇÃO UNIÃO DE JOVENS VICENTE PINZON", "TIPO3": "INFORMAL", "LOTE4": "LOTE 3", "ENDERECO5": "RUA NOGUEIRA CRUZ", "NUMERO6": "732", "BAIRRO_L7": "VICENTE PINZÓN", "DISTRITO8": "FORTALEZA", "MUNICIPI9": "FORTALEZA", "CEP10": "60184-290", "REGIAO_D11": "GRANDE FORTALEZA", "SETOR_IB12": "URBANA", "DATA_DE_13": "2023-09-22", "TIPO_DE_14": "CAGECE - COMPANHIA DE ÁGUA E ESGOTO DO ESTADO DO CEARÁ", "DESIGNAC15": "OUTRAS", "LATITUDE16": "-3.724065", "LONGITUD17": "-38.469444", "OBS18": "COORDENADAS APROXIMADAS", "CONTAGEM19": "1" }, "geometry": { "type": "Point", "coordinates": [ -38.469444, -3.724065 ] } },
{ "type": "Feature", "properties": { "ID0": "74", "NOME_USP1": "PROJETO SOPÃO SOLIDÁRIO", "NOME_UG2": "ASSOCIAÇÃO UNIÃO DE JOVENS VICENTE PINZON", "TIPO3": "INFORMAL", "LOTE4": "LOTE 3", "ENDERECO5": "RUA CONEFOR", "NUMERO6": "45", "BAIRRO_L7": "CAIS DO PORTO", "DISTRITO8": "FORTALEZA", "MUNICIPI9": "FORTALEZA", "CEP10": "60180-300", "REGIAO_D11": "GRANDE FORTALEZA", "SETOR_IB12": "URBANA", "DATA_DE_13": "2023-09-06", "TIPO_DE_14": "CAGECE - COMPANHIA DE ÁGUA E ESGOTO DO ESTADO DO CEARÁ", "DESIGNAC15": "PROJETO", "LATITUDE16": "-3.708829", "LONGITUD17": "-38.470387", "OBS18": "COORDENADAS APROXIMADAS", "CONTAGEM19": "1" }, "geometry": { "type": "Point", "coordinates": [ -38.470387, -3.708829 ] } },
{ "type": "Feature", "properties": { "ID0": "75", "NOME_USP1": "SANDRA´S", "NOME_UG2": "ASSOCIAÇÃO UNIÃO DE JOVENS VICENTE PINZON", "TIPO3": "INFORMAL", "LOTE4": "LOTE 3", "ENDERECO5": "RUA DAKOTA", "NUMERO6": "230", "BAIRRO_L7": "VICENTE PINZÓN", "DISTRITO8": "FORTALEZA", "MUNICIPI9": "FORTALEZA", "CEP10": "60182-230", "REGIAO_D11": "GRANDE FORTALEZA", "SETOR_IB12": "URBANA", "DATA_DE_13": "2023-09-22", "TIPO_DE_14": "CAGECE - COMPANHIA DE ÁGUA E ESGOTO DO ESTADO DO CEARÁ", "DESIGNAC15": "OUTRAS", "LATITUDE16": "-3.730012", "LONGITUD17": "-38.464888", "OBS18": "COORDENADAS APROXIMADAS", "CONTAGEM19": "1" }, "geometry": { "type": "Point", "coordinates": [ -38.464888, -3.730012 ] } },
{ "type": "Feature", "properties": { "ID0": "76", "NOME_USP1": "SOLNASCENTE", "NOME_UG2": "ASSOCIAÇÃO UNIÃO DE JOVENS VICENTE PINZON", "TIPO3": "INFORMAL", "LOTE4": "LOTE 3", "ENDERECO5": "RUA GAL TITAN", "NUMERO6": "285", "BAIRRO_L7": "CAIS DO PORTO", "DISTRITO8": "FORTALEZA", "MUNICIPI9": "FORTALEZA", "CEP10": "10110-000", "REGIAO_D11": "GRANDE FORTALEZA", "SETOR_IB12": "URBANA", "DATA_DE_13": "2023-09-04", "TIPO_DE_14": "POÇO", "DESIGNAC15": "ASSOCIAÇÃO", "LATITUDE16": "-3.709199", "LONGITUD17": "-38.469866", "OBS18": "COORDENADAS APROXIMADAS", "CONTAGEM19": "1" }, "geometry": { "type": "Point", "coordinates": [ -38.469866, -3.709199 ] } },
{ "type": "Feature", "properties": { "ID0": "77", "NOME_USP1": "A GRANDE FAMÍLIA", "NOME_UG2": "INSTITUTO COMPARTILHA - SAMEAC", "TIPO3": "INFORMAL", "LOTE4": "LOTE 4", "ENDERECO5": "RUA SOCORRO GOMES", "NUMERO6": "1716", "BAIRRO_L7": "MANOEL DIAS BRANCO", "DISTRITO8": "FORTALEZA", "MUNICIPI9": "FORTALEZA", "CEP10": "60191-662", "REGIAO_D11": "GRANDE FORTALEZA", "SETOR_IB12": "URBANA", "DATA_DE_13": "2023-10-03", "TIPO_DE_14": "CAGECE - COMPANHIA DE ÁGUA E ESGOTO DO ESTADO DO CEARÁ", "DESIGNAC15": "OUTRAS", "LATITUDE16": "-3.759675", "LONGITUD17": "-38.469838", "OBS18": "COORDENADAS APROXIMADAS", "CONTAGEM19": "1" }, "geometry": { "type": "Point", "coordinates": [ -38.469838, -3.759675 ] } },
{ "type": "Feature", "properties": { "ID0": "78", "NOME_USP1": "AMIGOS DA JUVENTUDE", "NOME_UG2": "INSTITUTO COMPARTILHA - SAMEAC", "TIPO3": "INFORMAL", "LOTE4": "LOTE 4", "ENDERECO5": "RUA SOUSA PINTO", "NUMERO6": "414", "BAIRRO_L7": "ALTO DA BALANÇA", "DISTRITO8": "FORTALEZA", "MUNICIPI9": "FORTALEZA", "CEP10": "60851-190", "REGIAO_D11": "GRANDE FORTALEZA", "SETOR_IB12": "URBANA", "DATA_DE_13": "2023-09-27", "TIPO_DE_14": "CAGECE - COMPANHIA DE ÁGUA E ESGOTO DO ESTADO DO CEARÁ", "DESIGNAC15": "ASSOCIAÇÃO", "LATITUDE16": "-3.762578", "LONGITUD17": "-38.515404", "OBS18": "COORDENADAS APROXIMADAS", "CONTAGEM19": "1" }, "geometry": { "type": "Point", "coordinates": [ -38.515404, -3.762578 ] } },
{ "type": "Feature", "properties": { "ID0": "79", "NOME_USP1": "ANANIAS NETO ASSISTÊNCIA SOCIAL", "NOME_UG2": "INSTITUTO COMPARTILHA - SAMEAC", "TIPO3": "INFORMAL", "LOTE4": "LOTE 4", "ENDERECO5": "RUA GLÓRIA", "NUMERO6": "187", "BAIRRO_L7": "MANOEL DIAS BRANCO", "DISTRITO8": "FORTALEZA", "MUNICIPI9": "FORTALEZA", "CEP10": "60191-677", "REGIAO_D11": "GRANDE FORTALEZA", "SETOR_IB12": "URBANA", "DATA_DE_13": "2023-09-26", "TIPO_DE_14": "CAGECE - COMPANHIA DE ÁGUA E ESGOTO DO ESTADO DO CEARÁ", "DESIGNAC15": "OUTRAS", "LATITUDE16": "-3.761621", "LONGITUD17": "-38.469851", "OBS18": "COORDENADAS APROXIMADAS", "CONTAGEM19": "1" }, "geometry": { "type": "Point", "coordinates": [ -38.469851, -3.761621 ] } },
{ "type": "Feature", "properties": { "ID0": "80", "NOME_USP1": "ASSOCIAÇÃO AME/ DENDÊ", "NOME_UG2": "INSTITUTO COMPARTILHA - SAMEAC", "TIPO3": "FORMAL", "LOTE4": "LOTE 4", "ENDERECO5": "RUA LUCAS FRANCISCO ANTÔNIO", "NUMERO6": "285", "BAIRRO_L7": "EDSON QUEIROZ", "DISTRITO8": "FORTALEZA", "MUNICIPI9": "FORTALEZA", "CEP10": "60812-110", "REGIAO_D11": "GRANDE FORTALEZA", "SETOR_IB12": "URBANA", "DATA_DE_13": "2023-09-27", "TIPO_DE_14": "CAGECE - COMPANHIA DE ÁGUA E ESGOTO DO ESTADO DO CEARÁ", "DESIGNAC15": "ASSOCIAÇÃO", "LATITUDE16": "-3.770853", "LONGITUD17": "-38.472552", "OBS18": "COORDENADAS APROXIMADAS", "CONTAGEM19": "1" }, "geometry": { "type": "Point", "coordinates": [ -38.472552, -3.770853 ] } },
{ "type": "Feature", "properties": { "ID0": "81", "NOME_USP1": "ASSOCIACAO DOS MORADORES DA TERRA PROMETIDA II", "NOME_UG2": "INSTITUTO COMPARTILHA - SAMEAC", "TIPO3": "FORMAL", "LOTE4": "LOTE 4", "ENDERECO5": "RUA ACARAÚ", "NUMERO6": "452", "BAIRRO_L7": "PRAIA DO FUTURO II", "DISTRITO8": "FORTALEZA", "MUNICIPI9": "FORTALEZA", "CEP10": "60183-715", "REGIAO_D11": "GRANDE FORTALEZA", "SETOR_IB12": "URBANA", "DATA_DE_13": "2023-09-19", "TIPO_DE_14": null, "DESIGNAC15": "OUTRAS", "LATITUDE16": "-3.77162", "LONGITUD17": "-38.4445", "OBS18": "COORDENADAS APROXIMADAS", "CONTAGEM19": "1" }, "geometry": { "type": "Point", "coordinates": [ -38.4445, -3.77162 ] } },
{ "type": "Feature", "properties": { "ID0": "82", "NOME_USP1": "ASSOCIAÇÃO DOS MORADORES DO PIO XII / AMPITA", "NOME_UG2": "INSTITUTO COMPARTILHA - SAMEAC", "TIPO3": "FORMAL", "LOTE4": "LOTE 4", "ENDERECO5": "RUA TIBÚRCIO FROTA", "NUMERO6": "918", "BAIRRO_L7": "SÃO JOÃO DO TAUAPE", "DISTRITO8": "FORTALEZA", "MUNICIPI9": "FORTALEZA", "CEP10": "60130-301", "REGIAO_D11": "GRANDE FORTALEZA", "SETOR_IB12": "URBANA", "DATA_DE_13": "2023-09-20", "TIPO_DE_14": "CAGECE - COMPANHIA DE ÁGUA E ESGOTO DO ESTADO DO CEARÁ", "DESIGNAC15": "ASSOCIAÇÃO", "LATITUDE16": "-3.754645", "LONGITUD17": "-38.509966", "OBS18": "COORDENADAS APROXIMADAS", "CONTAGEM19": "1" }, "geometry": { "type": "Point", "coordinates": [ -38.509966, -3.754645 ] } },
{ "type": "Feature", "properties": { "ID0": "83", "NOME_USP1": "CASAS DA CONVIVÊNCIA FAMILIAR: MARAVILHA", "NOME_UG2": "INSTITUTO COMPARTILHA - SAMEAC", "TIPO3": "INFORMAL", "LOTE4": "LOTE 4", "ENDERECO5": "AVENIDA DA CONQUISTA", "NUMERO6": "172", "BAIRRO_L7": "FÁTIMA", "DISTRITO8": "FORTALEZA", "MUNICIPI9": "FORTALEZA", "CEP10": "60415-245", "REGIAO_D11": "GRANDE FORTALEZA", "SETOR_IB12": "URBANA", "DATA_DE_13": "2024-04-03", "TIPO_DE_14": "CAGECE - COMPANHAI DE ÁGUA E ESGOTO DO ESTADO DO CEARÁ", "DESIGNAC15": null, "LATITUDE16": "-3.759476", "LONGITUD17": "-38.520541", "OBS18": "COORDENADAS APROXIMADAS", "CONTAGEM19": "1" }, "geometry": { "type": "Point", "coordinates": [ -38.520541, -3.759476 ] } },
{ "type": "Feature", "properties": { "ID0": "84", "NOME_USP1": "COMUNIDADE DOS COCOS", "NOME_UG2": "INSTITUTO COMPARTILHA - SAMEAC", "TIPO3": "INFORMAL", "LOTE4": "LOTE 4", "ENDERECO5": "RUA GRITO DO IPIRANGA", "NUMERO6": "641", "BAIRRO_L7": "PRAIA DO FUTURO I", "DISTRITO8": "FORTALEZA", "MUNICIPI9": "FORTALEZA", "CEP10": "60183-017", "REGIAO_D11": "GRANDE FORTALEZA", "SETOR_IB12": "URBANA", "DATA_DE_13": "2023-09-19", "TIPO_DE_14": "CAGECE - COMPANHIA DE ÁGUA E ESGOTO DO ESTADO DO CEARÁ", "DESIGNAC15": "ASSOCIAÇÃO", "LATITUDE16": "-3.751577", "LONGITUD17": "-38.44943", "OBS18": "COORDENADAS APROXIMADAS", "CONTAGEM19": "1" }, "geometry": { "type": "Point", "coordinates": [ -38.44943, -3.751577 ] } },
{ "type": "Feature", "properties": { "ID0": "86", "NOME_USP1": "COZINHA AJUDANDO AO PRÓXIMO", "NOME_UG2": "INSTITUTO COMPARTILHA - SAMEAC", "TIPO3": "INFORMAL", "LOTE4": "LOTE 4", "ENDERECO5": "RUA ANA GONÇALVES", "NUMERO6": "141", "BAIRRO_L7": "SÃO JOÃO DO TAUAPE", "DISTRITO8": "FORTALEZA", "MUNICIPI9": "FORTALEZA", "CEP10": "60130-490", "REGIAO_D11": "GRANDE FORTALEZA", "SETOR_IB12": "URBANA", "DATA_DE_13": "2023-09-18", "TIPO_DE_14": null, "DESIGNAC15": "OUTRAS", "LATITUDE16": "-3.823927", "LONGITUD17": "-38.476474", "OBS18": "COORDENADAS APROXIMADAS", "CONTAGEM19": "1" }, "geometry": { "type": "Point", "coordinates": [ -38.476474, -3.823927 ] } },
{ "type": "Feature", "properties": { "ID0": "87", "NOME_USP1": "COZINHA DEUS É FIEL E IVC", "NOME_UG2": "INSTITUTO COMPARTILHA - SAMEAC", "TIPO3": "INFORMAL", "LOTE4": "LOTE 4", "ENDERECO5": "RUA CANÁRIO DA TERRA", "NUMERO6": "102", "BAIRRO_L7": "EDSON QUEIROZ", "DISTRITO8": "FORTALEZA", "MUNICIPI9": "FORTALEZA", "CEP10": "60812-530", "REGIAO_D11": "GRANDE FORTALEZA", "SETOR_IB12": "URBANA", "DATA_DE_13": "2023-10-10", "TIPO_DE_14": "CAGECE - COMPANHIA DE ÁGUA E ESGOTO DO ESTADO DO CEARÁ", "DESIGNAC15": "OUTRAS", "LATITUDE16": "-3.775486", "LONGITUD17": "-38.453444", "OBS18": "COORDENADAS APROXIMADAS", "CONTAGEM19": "1" }, "geometry": { "type": "Point", "coordinates": [ -38.453444, -3.775486 ] } },
{ "type": "Feature", "properties": { "ID0": "88", "NOME_USP1": "COZINHA LISBÂNIA", "NOME_UG2": "INSTITUTO COMPARTILHA - SAMEAC", "TIPO3": "INFORMAL", "LOTE4": "LOTE 4", "ENDERECO5": "RUA FRANCISCA MARIA SECUNDO", "NUMERO6": "177", "BAIRRO_L7": "MANOEL DIAS BRANCO", "DISTRITO8": "FORTALEZA", "MUNICIPI9": "FORTALEZA", "CEP10": "60191-667", "REGIAO_D11": "GRANDE FORTALEZA", "SETOR_IB12": "URBANA", "DATA_DE_13": "2023-10-03", "TIPO_DE_14": "CAGECE - COMPANHIA DE ÁGUA E ESGOTO DO ESTADO DO CEARÁ", "DESIGNAC15": "OUTRAS", "LATITUDE16": "-3.760257", "LONGITUD17": "-38.469435", "OBS18": "COORDENADAS APROXIMADAS", "CONTAGEM19": "1" }, "geometry": { "type": "Point", "coordinates": [ -38.469435, -3.760257 ] } },
{ "type": "Feature", "properties": { "ID0": "89", "NOME_USP1": "COZINHA SOLIDARIA DO EDSON QUEIROZ", "NOME_UG2": "INSTITUTO COMPARTILHA - SAMEAC", "TIPO3": "INFORMAL", "LOTE4": "LOTE 4", "ENDERECO5": "RUA CORVINA", "NUMERO6": "121", "BAIRRO_L7": "EDSON QUEIROZ", "DISTRITO8": "FORTALEZA", "MUNICIPI9": "FORTALEZA", "CEP10": "60812-200", "REGIAO_D11": "GRANDE FORTALEZA", "SETOR_IB12": "URBANA", "DATA_DE_13": "2023-10-10", "TIPO_DE_14": "CAGECE - COMPANHIA DE ÁGUA E ESGOTO DO ESTADO DO CEARÁ", "DESIGNAC15": "OUTRAS", "LATITUDE16": "-3.771106", "LONGITUD17": "-38.473742", "OBS18": "COORDENADAS APROXIMADAS", "CONTAGEM19": "1" }, "geometry": { "type": "Point", "coordinates": [ -38.473742, -3.771106 ] } },
{ "type": "Feature", "properties": { "ID0": "90", "NOME_USP1": "COZINHA SOLIDÁRIA DO GENGIBRE", "NOME_UG2": "INSTITUTO COMPARTILHA - SAMEAC", "TIPO3": "INFORMAL", "LOTE4": "LOTE 4", "ENDERECO5": "RUA AUDÍZIO MOSCA DE CARVALHO", "NUMERO6": "2847", "BAIRRO_L7": "MANOEL DIAS BRANCO", "DISTRITO8": "FORTALEZA", "MUNICIPI9": "FORTALEZA", "CEP10": "60191-520", "REGIAO_D11": "GRANDE FORTALEZA", "SETOR_IB12": "URBANA", "DATA_DE_13": "2023-10-10", "TIPO_DE_14": "CAGECE - COMPANHIA DE ÁGUA E ESGOTO DO ESTADO DO CEARÁ", "DESIGNAC15": "OUTRAS", "LATITUDE16": "-3.749295", "LONGITUD17": "-38.465414", "OBS18": "COORDENADAS APROXIMADAS", "CONTAGEM19": "1" }, "geometry": { "type": "Point", "coordinates": [ -38.465414, -3.749295 ] } },
{ "type": "Feature", "properties": { "ID0": "91", "NOME_USP1": "COZINHA SOLIDÁRIA DO LAGAMAR", "NOME_UG2": "INSTITUTO COMPARTILHA - SAMEAC", "TIPO3": "FORMAL", "LOTE4": "LOTE 4", "ENDERECO5": "RUA ASPIRANTE MENDES", "NUMERO6": "36", "BAIRRO_L7": "AEROLÂNDIA", "DISTRITO8": "FORTALEZA", "MUNICIPI9": "FORTALEZA", "CEP10": "60850-705", "REGIAO_D11": "GRANDE FORTALEZA", "SETOR_IB12": "URBANA", "DATA_DE_13": "2023-11-06", "TIPO_DE_14": "CAGECE - COMPANHIA DE ÁGUA E ESGOTO DO ESTADO DO CEARÁ", "DESIGNAC15": "OUTRAS", "LATITUDE16": "-3.761407", "LONGITUD17": "-38.515622", "OBS18": "COORDENADAS APROXIMADAS", "CONTAGEM19": "1" }, "geometry": { "type": "Point", "coordinates": [ -38.515622, -3.761407 ] } },
{ "type": "Feature", "properties": { "ID0": "92", "NOME_USP1": "COZINHA SOLIDÁRIA INDESP BRASIL", "NOME_UG2": "INSTITUTO COMPARTILHA - SAMEAC", "TIPO3": "FORMAL", "LOTE4": "LOTE 4", "ENDERECO5": "RUA C CJ HAB J AIRTON BEZERRA ST-071", "NUMERO6": "14", "BAIRRO_L7": "SAPIRANGA/COITÉ", "DISTRITO8": "FORTALEZA", "MUNICIPI9": "FORTALEZA", "CEP10": "60833-458", "REGIAO_D11": "GRANDE FORTALEZA", "SETOR_IB12": "URBANA", "DATA_DE_13": "2023-09-19", "TIPO_DE_14": null, "DESIGNAC15": "INSTITUTO", "LATITUDE16": "-3.802801", "LONGITUD17": "-38.458884", "OBS18": "COORDENADAS APROXIMADAS", "CONTAGEM19": "1" }, "geometry": { "type": "Point", "coordinates": [ -38.458884, -3.802801 ] } },
{ "type": "Feature", "properties": { "ID0": "94", "NOME_USP1": "INSTITUTO SANITAS", "NOME_UG2": "INSTITUTO COMPARTILHA - SAMEAC", "TIPO3": "FORMAL", "LOTE4": "LOTE 4", "ENDERECO5": "RUA JÚLIA VASCONCELOS", "NUMERO6": "199", "BAIRRO_L7": "SÃO JOÃO DO TAUAPE", "DISTRITO8": "FORTALEZA", "MUNICIPI9": "FORTALEZA", "CEP10": "60120-320", "REGIAO_D11": "GRANDE FORTALEZA", "SETOR_IB12": "URBANA", "DATA_DE_13": "2023-09-19", "TIPO_DE_14": null, "DESIGNAC15": "ASSOCIAÇÃO", "LATITUDE16": "-3.757405", "LONGITUD17": "-38.506743", "OBS18": "COORDENADAS APROXIMADAS", "CONTAGEM19": "1" }, "geometry": { "type": "Point", "coordinates": [ -38.506743, -3.757405 ] } },
{ "type": "Feature", "properties": { "ID0": "95", "NOME_USP1": "MARIA IRISNALDA FONTELES BERNARDO", "NOME_UG2": "INSTITUTO COMPARTILHA - SAMEAC", "TIPO3": "INFORMAL", "LOTE4": "LOTE 4", "ENDERECO5": "RUA UBAIA ST-13", "NUMERO6": "41", "BAIRRO_L7": "PRAIA DO FUTURO II", "DISTRITO8": "FORTALEZA", "MUNICIPI9": "FORTALEZA", "CEP10": "60183-723", "REGIAO_D11": "GRANDE FORTALEZA", "SETOR_IB12": "URBANA", "DATA_DE_13": "2023-09-19", "TIPO_DE_14": "CAGECE - COMPANHIA DE ÁGUA E ESGOTO DO ESTADO DO CEARÁ", "DESIGNAC15": "OUTRAS", "LATITUDE16": "-3.750885", "LONGITUD17": "-38.449784", "OBS18": "COORDENADAS APROXIMADAS", "CONTAGEM19": "1" }, "geometry": { "type": "Point", "coordinates": [ -38.449784, -3.750885 ] } },
{ "type": "Feature", "properties": { "ID0": "96", "NOME_USP1": "PANELA SOLIDÁRIA", "NOME_UG2": "INSTITUTO COMPARTILHA - SAMEAC", "TIPO3": "INFORMAL", "LOTE4": "LOTE 4", "ENDERECO5": "RUA SÃO JOSÉ", "NUMERO6": "11", "BAIRRO_L7": "PRAIA DO FUTURO II", "DISTRITO8": "FORTALEZA", "MUNICIPI9": "FORTALEZA", "CEP10": "60183-003", "REGIAO_D11": "GRANDE FORTALEZA", "SETOR_IB12": "URBANA", "DATA_DE_13": "2023-10-10", "TIPO_DE_14": "CAGECE - COMPANHIA DE ÁGUA E ESGOTO DO ESTADO DO CEARÁ", "DESIGNAC15": "OUTRAS", "LATITUDE16": "-3.76036", "LONGITUD17": "-38.445979", "OBS18": "COORDENADAS APROXIMADAS", "CONTAGEM19": "1" }, "geometry": { "type": "Point", "coordinates": [ -38.445979, -3.76036 ] } },
{ "type": "Feature", "properties": { "ID0": "97", "NOME_USP1": "SOLIDÁRIA", "NOME_UG2": "INSTITUTO COMPARTILHA - SAMEAC", "TIPO3": "INFORMAL", "LOTE4": "LOTE 4", "ENDERECO5": "RUA JOSÉ MAURO", "NUMERO6": "17", "BAIRRO_L7": "PRAIA DO FUTURO II", "DISTRITO8": "FORTALEZA", "MUNICIPI9": "FORTALEZA", "CEP10": "60182-535", "REGIAO_D11": "GRANDE FORTALEZA", "SETOR_IB12": "URBANA", "DATA_DE_13": "2023-09-27", "TIPO_DE_14": "CAGECE - COMPANHIA DE ÁGUA E ESGOTO DO ESTADO DO CEARÁ", "DESIGNAC15": "OUTRAS", "LATITUDE16": "-3.760564", "LONGITUD17": "-38.445876", "OBS18": "COORDENADAS APROXIMADAS", "CONTAGEM19": "1" }, "geometry": { "type": "Point", "coordinates": [ -38.445876, -3.760564 ] } },
{ "type": "Feature", "properties": { "ID0": "98", "NOME_USP1": "VOLTA POR CIMA", "NOME_UG2": "INSTITUTO COMPARTILHA - SAMEAC", "TIPO3": "INFORMAL", "LOTE4": "LOTE 4", "ENDERECO5": "RUA DAS CANÁRIO DA TERRA", "NUMERO6": "100", "BAIRRO_L7": "EDSON QUEIROZ", "DISTRITO8": "FORTALEZA", "MUNICIPI9": "FORTALEZA", "CEP10": "60812-555", "REGIAO_D11": "GRANDE FORTALEZA", "SETOR_IB12": "URBANA", "DATA_DE_13": "2023-10-03", "TIPO_DE_14": "CAGECE - COMPANHIA DE ÁGUA E ESGOTO DO ESTADO DO CEARÁ", "DESIGNAC15": "OUTRAS", "LATITUDE16": "-3.775486", "LONGITUD17": "-38.453444", "OBS18": "COORDENADAS APROXIMADAS", "CONTAGEM19": "1" }, "geometry": { "type": "Point", "coordinates": [ -38.453444, -3.775486 ] } },
{ "type": "Feature", "properties": { "ID0": "99", "NOME_USP1": "GRUPO DE ACÕES SOCIAIS E CULTURAIS DA COMUNIDADE BURACO DA JIA", "NOME_UG2": "INSTITUTO DE ARTE E CIDADANIA DO CEARÁ", "TIPO3": "INFORMAL", "LOTE4": "LOTE 5", "ENDERECO5": "VILA CIONE", "NUMERO6": "88", "BAIRRO_L7": "ANTONIO BEZERRA", "DISTRITO8": "FORTALEZA", "MUNICIPI9": "FORTALEZA", "CEP10": "60360-460", "REGIAO_D11": "GRANDE FORTALEZA", "SETOR_IB12": "URBANA", "DATA_DE_13": "2023-10-16", "TIPO_DE_14": "CAGECE - COMPANHIA DE ÁGUA E ESGOTO DO ESTADO DO CEARÁ", "DESIGNAC15": "OUTRAS", "LATITUDE16": "-3.740664", "LONGITUD17": "-38.582637", "OBS18": "COORDENADAS APROXIMADAS", "CONTAGEM19": "1" }, "geometry": { "type": "Point", "coordinates": [ -38.582637, -3.740664 ] } },
{ "type": "Feature", "properties": { "ID0": "100", "NOME_USP1": "AMIGAS DA COMUNIDADE", "NOME_UG2": "INSTITUTO DE ARTE E CIDADANIA DO CEARÁ", "TIPO3": "INFORMAL", "LOTE4": "LOTE 5", "ENDERECO5": "RUA MENDES JÚNIOR", "NUMERO6": "182", "BAIRRO_L7": "QUINTINO CUNHA", "DISTRITO8": "FORTALEZA", "MUNICIPI9": "FORTALEZA", "CEP10": "60351-838", "REGIAO_D11": "GRANDE FORTALEZA", "SETOR_IB12": "URBANA", "DATA_DE_13": "2023-10-16", "TIPO_DE_14": "CAGECE - COMPANHIA DE ÁGUA E ESGOTO DO ESTADO DO CEARÁ", "DESIGNAC15": "OUTRAS", "LATITUDE16": "-3.73461", "LONGITUD17": "-38.592277", "OBS18": "COORDENADAS APROXIMADAS", "CONTAGEM19": "1" }, "geometry": { "type": "Point", "coordinates": [ -38.592277, -3.73461 ] } },
{ "type": "Feature", "properties": { "ID0": "261", "NOME_USP1": "12 VARAS", "NOME_UG2": "INSTITUTO MARIA DA HORA", "TIPO3": "INFORMAL", "LOTE4": "LOTE 11", "ENDERECO5": "RUA HUMAITÁ", "NUMERO6": "942", "BAIRRO_L7": "GENIBAÚ", "DISTRITO8": "FORTALEZA", "MUNICIPI9": "FORTALEZA", "CEP10": "60534-050", "REGIAO_D11": "GRANDE FORTALEZA", "SETOR_IB12": "URBANA", "DATA_DE_13": "2023-10-19", "TIPO_DE_14": "CAGECE - COMPANHIA DE ÁGUA E ESGOTO DO ESTADO DO CEARÁ", "DESIGNAC15": "OUTRAS", "LATITUDE16": "-3.757327", "LONGITUD17": "-38.599667", "OBS18": "COORDENADAS APROXIMADAS", "CONTAGEM19": "1" }, "geometry": { "type": "Point", "coordinates": [ -38.599667, -3.757327 ] } },
{ "type": "Feature", "properties": { "ID0": "101", "NOME_USP1": "ASSOCIAÇÃO BENEFICENTE AS CRIANÇAS DE ANTONIO BEZERRA", "NOME_UG2": "INSTITUTO DE ARTE E CIDADANIA DO CEARÁ", "TIPO3": "INFORMAL", "LOTE4": "LOTE 5", "ENDERECO5": "RUA SARGENTO EDUARDO BEZERRA", "NUMERO6": "18", "BAIRRO_L7": "QUINTINO CUNHA", "DISTRITO8": "FORTALEZA", "MUNICIPI9": "FORTALEZA", "CEP10": "60351-831", "REGIAO_D11": "GRANDE FORTALEZA", "SETOR_IB12": "URBANA", "DATA_DE_13": "2023-10-16", "TIPO_DE_14": "CAGECE - COMPANHIA DE ÁGUA E ESGOTO DO ESTADO DO CEARÁ", "DESIGNAC15": "ASSOCIAÇÃO", "LATITUDE16": "-3.736659", "LONGITUD17": "-38.596977", "OBS18": "COORDENADAS APROXIMADAS", "CONTAGEM19": "1" }, "geometry": { "type": "Point", "coordinates": [ -38.596977, -3.736659 ] } },
{ "type": "Feature", "properties": { "ID0": "102", "NOME_USP1": "ASSOCIAÇÃO RENASCENTE DOS MORADORES DO BAIRRO DAMAS", "NOME_UG2": "INSTITUTO DE ARTE E CIDADANIA DO CEARÁ", "TIPO3": "INFORMAL", "LOTE4": "LOTE 5", "ENDERECO5": "RUA CAMPOS NOVOS", "NUMERO6": "159", "BAIRRO_L7": "DAMAS", "DISTRITO8": "FORTALEZA", "MUNICIPI9": "FORTALEZA", "CEP10": "60425-790", "REGIAO_D11": "GRANDE FORTALEZA", "SETOR_IB12": "URBANA", "DATA_DE_13": "2023-10-18", "TIPO_DE_14": "CAGECE - COMPANHIA DE ÁGUA E ESGOTO DO ESTADO DO CEARÁ", "DESIGNAC15": "ASSOCIAÇÃO", "LATITUDE16": "-3.757557", "LONGITUD17": "-38.551175", "OBS18": "COORDENADAS APROXIMADAS", "CONTAGEM19": "1" }, "geometry": { "type": "Point", "coordinates": [ -38.551175, -3.757557 ] } },
{ "type": "Feature", "properties": { "ID0": "103", "NOME_USP1": "ASSOCIAÇÃO SÃO VICENTE DE PAULO", "NOME_UG2": "INSTITUTO DE ARTE E CIDADANIA DO CEARÁ", "TIPO3": "INFORMAL", "LOTE4": "LOTE 5", "ENDERECO5": "VILA PEREIRA", "NUMERO6": "151", "BAIRRO_L7": "PADRE ANDRADE", "DISTRITO8": "FORTALEZA", "MUNICIPI9": "FORTALEZA", "CEP10": "60340-480", "REGIAO_D11": "GRANDE FORTALEZA", "SETOR_IB12": "URBANA", "DATA_DE_13": "2023-10-27", "TIPO_DE_14": "CAGECE - COMPANHIA DE ÁGUA E ESGOTO DO ESTADO DO CEARÁ", "DESIGNAC15": "ASSOCIAÇÃO", "LATITUDE16": "-3.727182", "LONGITUD17": "-38.578614", "OBS18": "COORDENADAS APROXIMADAS", "CONTAGEM19": "1" }, "geometry": { "type": "Point", "coordinates": [ -38.578614, -3.727182 ] } },
{ "type": "Feature", "properties": { "ID0": "104", "NOME_USP1": "COMUNIDADE MATADOURO", "NOME_UG2": "INSTITUTO DE ARTE E CIDADANIA DO CEARÁ", "TIPO3": "INFORMAL", "LOTE4": "LOTE 5", "ENDERECO5": "RUA JORGE DUMAR", "NUMERO6": "2053", "BAIRRO_L7": "JARDIM AMÉRICA", "DISTRITO8": "FORTALEZA", "MUNICIPI9": "FORTALEZA", "CEP10": "60410-426", "REGIAO_D11": "GRANDE FORTALEZA", "SETOR_IB12": "URBANA", "DATA_DE_13": "2023-10-17", "TIPO_DE_14": "CAGECE - COMPANHIA DE ÁGUA E ESGOTO DO ESTADO DO CEARÁ", "DESIGNAC15": "OUTRAS", "LATITUDE16": "-3.750269", "LONGITUD17": "-38.538783", "OBS18": "COORDENADAS APROXIMADAS", "CONTAGEM19": "1" }, "geometry": { "type": "Point", "coordinates": [ -38.538783, -3.750269 ] } },
{ "type": "Feature", "properties": { "ID0": "105", "NOME_USP1": "COZINHA DA ERI", "NOME_UG2": "INSTITUTO DE ARTE E CIDADANIA DO CEARÁ", "TIPO3": "INFORMAL", "LOTE4": "LOTE 5", "ENDERECO5": "TRAVESSA LAVÍNIA", "NUMERO6": "71", "BAIRRO_L7": "DAMAS", "DISTRITO8": "FORTALEZA", "MUNICIPI9": "FORTALEZA", "CEP10": "60426-135", "REGIAO_D11": "GRANDE FORTALEZA", "SETOR_IB12": "URBANA", "DATA_DE_13": "2023-10-18", "TIPO_DE_14": null, "DESIGNAC15": "PROJETO", "LATITUDE16": "-3.756522", "LONGITUD17": "-38.555663", "OBS18": "COORDENADAS APROXIMADAS", "CONTAGEM19": "1" }, "geometry": { "type": "Point", "coordinates": [ -38.555663, -3.756522 ] } },
{ "type": "Feature", "properties": { "ID0": "106", "NOME_USP1": "COZINHA SOCIAL INDESP BRASIL", "NOME_UG2": "INSTITUTO DE ARTE E CIDADANIA DO CEARÁ", "TIPO3": "FORMAL", "LOTE4": "LOTE 5", "ENDERECO5": "RUA PADRE GRAÇA", "NUMERO6": "146", "BAIRRO_L7": "PARQUE ARAXÁ", "DISTRITO8": "FORTALEZA", "MUNICIPI9": "FORTALEZA", "CEP10": "60450-590", "REGIAO_D11": "GRANDE FORTALEZA", "SETOR_IB12": "URBANA", "DATA_DE_13": "2023-10-19", "TIPO_DE_14": "CAGECE - COMPANHIA DE ÁGUA E ESGOTO DO ESTADO DO CEARÁ", "DESIGNAC15": "OUTRAS", "LATITUDE16": "-3.726681", "LONGITUD17": "-38.546005", "OBS18": "COORDENADAS APROXIMADAS", "CONTAGEM19": "1" }, "geometry": { "type": "Point", "coordinates": [ -38.546005, -3.726681 ] } },
{ "type": "Feature", "properties": { "ID0": "107", "NOME_USP1": "COZINHA SOLIDÁRIA DOM HELDER CÂMARA", "NOME_UG2": "INSTITUTO DE ARTE E CIDADANIA DO CEARÁ", "TIPO3": "INFORMAL", "LOTE4": "LOTE 5", "ENDERECO5": "RUA PROFESSOR LINO ENCARNAÇÃO", "NUMERO6": "646", "BAIRRO_L7": "AMADEU FURTADO", "DISTRITO8": "FORTALEZA", "MUNICIPI9": "FORTALEZA", "CEP10": "60455-515", "REGIAO_D11": "GRANDE FORTALEZA", "SETOR_IB12": "URBANA", "DATA_DE_13": "2023-10-19", "TIPO_DE_14": "CAGECE - COMPANHIA DE ÁGUA E ESGOTO DO ESTADO DO CEARÁ", "DESIGNAC15": "OUTRAS", "LATITUDE16": "-3.740993", "LONGITUD17": "-38.561219", "OBS18": "COORDENADAS APROXIMADAS", "CONTAGEM19": "1" }, "geometry": { "type": "Point", "coordinates": [ -38.561219, -3.740993 ] } },
{ "type": "Feature", "properties": { "ID0": "108", "NOME_USP1": "COZINHA SOLIDÁRIA IRMÃ TOINHA", "NOME_UG2": "INSTITUTO DE ARTE E CIDADANIA DO CEARÁ", "TIPO3": "INFORMAL", "LOTE4": "LOTE 5", "ENDERECO5": "RUA EINSTEIN", "NUMERO6": "679", "BAIRRO_L7": "VILA PERY", "DISTRITO8": "FORTALEZA", "MUNICIPI9": "FORTALEZA", "CEP10": "60730-145", "REGIAO_D11": "GRANDE FORTALEZA", "SETOR_IB12": "URBANA", "DATA_DE_13": "2023-10-17", "TIPO_DE_14": "CAGECE - COMPANHIA DE ÁGUA E ESGOTO DO ESTADO DO CEARÁ", "DESIGNAC15": "OUTRAS", "LATITUDE16": "-3.79063", "LONGITUD17": "-38.581818", "OBS18": "COORDENADAS APROXIMADAS", "CONTAGEM19": "1" }, "geometry": { "type": "Point", "coordinates": [ -38.581818, -3.79063 ] } },
{ "type": "Feature", "properties": { "ID0": "109", "NOME_USP1": "COZINHA SOLIDÁRIA MONTE REY", "NOME_UG2": "INSTITUTO DE ARTE E CIDADANIA DO CEARÁ", "TIPO3": "INFORMAL", "LOTE4": "LOTE 5", "ENDERECO5": "RUA MONTE REY", "NUMERO6": "28", "BAIRRO_L7": "QUINTINO CUNHA", "DISTRITO8": "FORTALEZA", "MUNICIPI9": "FORTALEZA", "CEP10": "60352-475", "REGIAO_D11": "GRANDE FORTALEZA", "SETOR_IB12": "URBANA", "DATA_DE_13": "2023-10-17", "TIPO_DE_14": "INFORMAÇÃO NÃO COLETADA", "DESIGNAC15": "OUTRAS", "LATITUDE16": "-3.734511", "LONGITUD17": "-38.600272", "OBS18": "COORDENADAS APROXIMADAS", "CONTAGEM19": "1" }, "geometry": { "type": "Point", "coordinates": [ -38.600272, -3.734511 ] } },
{ "type": "Feature", "properties": { "ID0": "110", "NOME_USP1": "COZINHA SOLIDÁRIA SÃO JOSÉ", "NOME_UG2": "INSTITUTO DE ARTE E CIDADANIA DO CEARÁ", "TIPO3": "INFORMAL", "LOTE4": "LOTE 5", "ENDERECO5": "RUA GENERAL JOÃO COUTO", "NUMERO6": "505", "BAIRRO_L7": "QUINTINO CUNHA", "DISTRITO8": "FORTALEZA", "MUNICIPI9": "FORTALEZA", "CEP10": "60351-000", "REGIAO_D11": "GRANDE FORTALEZA", "SETOR_IB12": "URBANA", "DATA_DE_13": "2023-10-18", "TIPO_DE_14": "CAGECE - COMPANHIA DE ÁGUA E ESGOTO DO ESTADO DO CEARÁ", "DESIGNAC15": "OUTRAS", "LATITUDE16": "-3.730856", "LONGITUD17": "-38.589921", "OBS18": "COORDENADAS APROXIMADAS", "CONTAGEM19": "1" }, "geometry": { "type": "Point", "coordinates": [ -38.589921, -3.730856 ] } },
{ "type": "Feature", "properties": { "ID0": "111", "NOME_USP1": "COZINHA VÓ PENHA", "NOME_UG2": "INSTITUTO DE ARTE E CIDADANIA DO CEARÁ", "TIPO3": "FORMAL", "LOTE4": "LOTE 5", "ENDERECO5": "RUA DOM MAURÍCIO", "NUMERO6": "476", "BAIRRO_L7": "PRESIDENTE KENNEDY", "DISTRITO8": "FORTALEZA", "MUNICIPI9": "FORTALEZA", "CEP10": "60355-660", "REGIAO_D11": "GRANDE FORTALEZA", "SETOR_IB12": "URBANA", "DATA_DE_13": "2023-10-17", "TIPO_DE_14": "CAGECE - COMPANHIA DE ÁGUA E ESGOTO DO ESTADO DO CEARÁ", "DESIGNAC15": "OUTRAS", "LATITUDE16": "-3.732583", "LONGITUD17": "-38.576125", "OBS18": "COORDENADAS APROXIMADAS", "CONTAGEM19": "1" }, "geometry": { "type": "Point", "coordinates": [ -38.576125, -3.732583 ] } },
{ "type": "Feature", "properties": { "ID0": "112", "NOME_USP1": "JUNTAS PELO BEM", "NOME_UG2": "INSTITUTO DE ARTE E CIDADANIA DO CEARÁ", "TIPO3": "INFORMAL", "LOTE4": "LOTE 5", "ENDERECO5": "RUA PROFESSOR LEITE GONDIM", "NUMERO6": "689", "BAIRRO_L7": "ANTÔNIO BEZERRA", "DISTRITO8": "FORTALEZA", "MUNICIPI9": "FORTALEZA", "CEP10": "60360-332", "REGIAO_D11": "GRANDE FORTALEZA", "SETOR_IB12": "URBANA", "DATA_DE_13": "2023-10-18", "TIPO_DE_14": "CAGECE - COMPANHIA DE ÁGUA E ESGOTO DO ESTADO DO CEARÁ", "DESIGNAC15": "OUTRAS", "LATITUDE16": "-3.741754", "LONGITUD17": "-38.590595", "OBS18": "COORDENADAS APROXIMADAS", "CONTAGEM19": "1" }, "geometry": { "type": "Point", "coordinates": [ -38.590595, -3.741754 ] } },
{ "type": "Feature", "properties": { "ID0": "113", "NOME_USP1": "FILHOS DA LUZ", "NOME_UG2": "INSTITUTO DE ARTE E CIDADANIA DO CEARÁ", "TIPO3": "INFORMAL", "LOTE4": "LOTE 5", "ENDERECO5": "RUA RIO NOVO", "NUMERO6": "2875", "BAIRRO_L7": "QUINTINO CUNHA", "DISTRITO8": "FORTALEZA", "MUNICIPI9": "FORTALEZA", "CEP10": "60352-740", "REGIAO_D11": "GRANDE FORTALEZA", "SETOR_IB12": "URBANA", "DATA_DE_13": "2023-10-18", "TIPO_DE_14": "CAGECE - COMPANHIA DE ÁGUA E ESGOTO DO ESTADO DO CEARÁ", "DESIGNAC15": "INSTITUTO", "LATITUDE16": "-3.728017", "LONGITUD17": "-38.604665", "OBS18": "COORDENADAS APROXIMADAS", "CONTAGEM19": "1" }, "geometry": { "type": "Point", "coordinates": [ -38.604665, -3.728017 ] } },
{ "type": "Feature", "properties": { "ID0": "114", "NOME_USP1": "GRUPO PRESCEL", "NOME_UG2": "INSTITUTO DE ARTE E CIDADANIA DO CEARÁ", "TIPO3": "INFORMAL", "LOTE4": "LOTE 5", "ENDERECO5": "RUA PLÁCIDO DE CARVALHO", "NUMERO6": "567", "BAIRRO_L7": "MONTE CASTELO", "DISTRITO8": "FORTALEZA", "MUNICIPI9": "FORTALEZA", "CEP10": "60320-680", "REGIAO_D11": "GRANDE FORTALEZA", "SETOR_IB12": "URBANA", "DATA_DE_13": "2023-10-19", "TIPO_DE_14": "CAGECE - COMPANHIA DE ÁGUA E ESGOTO DO ESTADO DO CEARÁ", "DESIGNAC15": "OUTRAS", "LATITUDE16": "-3.723454", "LONGITUD17": "-38.555725", "OBS18": "COORDENADAS APROXIMADAS", "CONTAGEM19": "1" }, "geometry": { "type": "Point", "coordinates": [ -38.555725, -3.723454 ] } },
{ "type": "Feature", "properties": { "ID0": "115", "NOME_USP1": "COZINHA SOLIDÁRIA DA FABI", "NOME_UG2": "INSTITUTO DE ARTE E CIDADANIA DO CEARÁ", "TIPO3": "INFORMAL", "LOTE4": "LOTE 5", "ENDERECO5": "RUA ARAPUCA", "NUMERO6": "2838", "BAIRRO_L7": "QUINTINO CUNHA", "DISTRITO8": "FORTALEZA", "MUNICIPI9": "FORTALEZA", "CEP10": "60352-770", "REGIAO_D11": "GRANDE FORTALEZA", "SETOR_IB12": "URBANA", "DATA_DE_13": "2023-10-27", "TIPO_DE_14": "CAGECE - COMPANHIA DE ÁGUA E ESGOTO DO ESTADO DO CEARÁ", "DESIGNAC15": "OUTRAS", "LATITUDE16": "-3.729532", "LONGITUD17": "-38.603885", "OBS18": "COORDENADAS APROXIMADAS", "CONTAGEM19": "1" }, "geometry": { "type": "Point", "coordinates": [ -38.603885, -3.729532 ] } },
{ "type": "Feature", "properties": { "ID0": "116", "NOME_USP1": "INSTITUTO DOANDO QUE SE RECEBE", "NOME_UG2": "INSTITUTO DE ARTE E CIDADANIA DO CEARÁ", "TIPO3": "INFORMAL", "LOTE4": "LOTE 5", "ENDERECO5": "RUA EINSTEIN", "NUMERO6": "1322", "BAIRRO_L7": "VILA PERY", "DISTRITO8": "FORTALEZA", "MUNICIPI9": "FORTALEZA", "CEP10": "60730-145", "REGIAO_D11": "GRANDE FORTALEZA", "SETOR_IB12": "URBANA", "DATA_DE_13": "2023-10-17", "TIPO_DE_14": "CAGECE - COMPANHIA DE ÁGUA E ESGOTO DO ESTADO DO CEARÁ", "DESIGNAC15": "OUTRAS", "LATITUDE16": "-3.79462", "LONGITUD17": "-38.585829", "OBS18": "COORDENADAS APROXIMADAS", "CONTAGEM19": "1" }, "geometry": { "type": "Point", "coordinates": [ -38.585829, -3.79462 ] } },
{ "type": "Feature", "properties": { "ID0": "117", "NOME_USP1": "INSTITUTO SOCIAL DE ARTE CULTURA E ESPORTE GOTA SOLIDÁRIA", "NOME_UG2": "INSTITUTO DE ARTE E CIDADANIA DO CEARÁ", "TIPO3": "FORMAL", "LOTE4": "LOTE 5", "ENDERECO5": "RUA GENERAL CLARINDO DE QUEIROZ", "NUMERO6": "2018", "BAIRRO_L7": "FARIAS BRITO", "DISTRITO8": "FORTALEZA", "MUNICIPI9": "FORTALEZA", "CEP10": "60035-131", "REGIAO_D11": "GRANDE FORTALEZA", "SETOR_IB12": "URBANA", "DATA_DE_13": "2023-10-18", "TIPO_DE_14": "CAGECE - COMPANHIA DE ÁGUA E ESGOTO DO ESTADO DO CEARÁ", "DESIGNAC15": "INSTITUTO", "LATITUDE16": "-3.728645", "LONGITUD17": "-38.542496", "OBS18": "COORDENADAS APROXIMADAS", "CONTAGEM19": "1" }, "geometry": { "type": "Point", "coordinates": [ -38.542496, -3.728645 ] } },
{ "type": "Feature", "properties": { "ID0": "118", "NOME_USP1": "INSTITUTO VIVA BAIRROS", "NOME_UG2": "INSTITUTO DE ARTE E CIDADANIA DO CEARÁ", "TIPO3": "INFORMAL", "LOTE4": "LOTE 5", "ENDERECO5": "RUA GENERAL PIRAGIBE", "NUMERO6": "797", "BAIRRO_L7": "AMADEU FURTADO", "DISTRITO8": "FORTALEZA", "MUNICIPI9": "FORTALEZA", "CEP10": "60455-535", "REGIAO_D11": "GRANDE FORTALEZA", "SETOR_IB12": "URBANA", "DATA_DE_13": "2023-10-27", "TIPO_DE_14": "CAGECE - COMPANHIA DE ÁGUA E ESGOTO DO ESTADO DO CEARÁ", "DESIGNAC15": "INSTITUTO", "LATITUDE16": "-3.74131", "LONGITUD17": "-38.557105", "OBS18": "COORDENADAS APROXIMADAS", "CONTAGEM19": "1" }, "geometry": { "type": "Point", "coordinates": [ -38.557105, -3.74131 ] } },
{ "type": "Feature", "properties": { "ID0": "119", "NOME_USP1": "JUNTAS SOMOS FORTES", "NOME_UG2": "INSTITUTO DE ARTE E CIDADANIA DO CEARÁ", "TIPO3": "INFORMAL", "LOTE4": "LOTE 5", "ENDERECO5": "RUA HUGO VÍTOR", "NUMERO6": "283", "BAIRRO_L7": "ANTÔNIO BEZERRA", "DISTRITO8": "FORTALEZA", "MUNICIPI9": "FORTALEZA", "CEP10": "60360-820", "REGIAO_D11": "GRANDE FORTALEZA", "SETOR_IB12": "URBANA", "DATA_DE_13": "2023-10-16", "TIPO_DE_14": "CAGECE - COMPANHIA DE ÁGUA E ESGOTO DO ESTADO DO CEARÁ", "DESIGNAC15": "OUTRAS", "LATITUDE16": "-3.742171", "LONGITUD17": "-38.591065", "OBS18": "COORDENADAS APROXIMADAS", "CONTAGEM19": "1" }, "geometry": { "type": "Point", "coordinates": [ -38.591065, -3.742171 ] } },
{ "type": "Feature", "properties": { "ID0": "120", "NOME_USP1": "COZINHA MARGARIDA COSTA/BAIRRO ELLERY", "NOME_UG2": "INSTITUTO DE ARTE E CIDADANIA DO CEARÁ", "TIPO3": "INFORMAL", "LOTE4": "LOTE 5", "ENDERECO5": "RUA DOUTOR ALMEIDA FILHO", "NUMERO6": "326", "BAIRRO_L7": "MONTE CASTELO", "DISTRITO8": "FORTALEZA", "MUNICIPI9": "FORTALEZA", "CEP10": "60320-510", "REGIAO_D11": "GRANDE FORTALEZA", "SETOR_IB12": "URBANA", "DATA_DE_13": "2023-10-17", "TIPO_DE_14": "CAGECE - COMPANHIA DE ÁGUA E ESGOTO DO ESTADO DO CEARÁ", "DESIGNAC15": "OUTRAS", "LATITUDE16": "-3.722053", "LONGITUD17": "-38.559442", "OBS18": "COORDENADAS APROXIMADAS", "CONTAGEM19": "1" }, "geometry": { "type": "Point", "coordinates": [ -38.559442, -3.722053 ] } },
{ "type": "Feature", "properties": { "ID0": "121", "NOME_USP1": "PROJETO CASARÃO POPULAR", "NOME_UG2": "INSTITUTO DE ARTE E CIDADANIA DO CEARÁ", "TIPO3": "FORMAL", "LOTE4": "LOTE 5", "ENDERECO5": "RUA JOAQUIM FRANKLIN", "NUMERO6": "733", "BAIRRO_L7": "ANTÔNIO BEZERRA", "DISTRITO8": "FORTALEZA", "MUNICIPI9": "FORTALEZA", "CEP10": "60361-130", "REGIAO_D11": "GRANDE FORTALEZA", "SETOR_IB12": "URBANA", "DATA_DE_13": "2023-10-18", "TIPO_DE_14": null, "DESIGNAC15": "OUTRAS", "LATITUDE16": "-3.743494", "LONGITUD17": "-38.593307", "OBS18": "COORDENADAS APROXIMADAS", "CONTAGEM19": "1" }, "geometry": { "type": "Point", "coordinates": [ -38.593307, -3.743494 ] } },
{ "type": "Feature", "properties": { "ID0": "122", "NOME_USP1": "UNIÃO DE VILA", "NOME_UG2": "INSTITUTO DE ARTE E CIDADANIA DO CEARÁ", "TIPO3": "INFORMAL", "LOTE4": "LOTE 5", "ENDERECO5": "RUA LIVREIRO GUALTER", "NUMERO6": "70", "BAIRRO_L7": "VILA UNIÃO", "DISTRITO8": "FORTALEZA", "MUNICIPI9": "FORTALEZA", "CEP10": "60420-130", "REGIAO_D11": "GRANDE FORTALEZA", "SETOR_IB12": "URBANA", "DATA_DE_13": "2023-10-17", "TIPO_DE_14": "CAGECE - COMPANHIA DE ÁGUA E ESGOTO DO ESTADO DO CEARÁ", "DESIGNAC15": "OUTRAS", "LATITUDE16": "-3.76983", "LONGITUD17": "-38.532669", "OBS18": "COORDENADAS APROXIMADAS", "CONTAGEM19": "1" }, "geometry": { "type": "Point", "coordinates": [ -38.532669, -3.76983 ] } },
{ "type": "Feature", "properties": { "ID0": "123", "NOME_USP1": "UNIDAS VENCEREMOS", "NOME_UG2": "INSTITUTO DE ARTE E CIDADANIA DO CEARÁ", "TIPO3": "INFORMAL", "LOTE4": "LOTE 5", "ENDERECO5": "TRAVESSA JUARITA MENDES", "NUMERO6": "460", "BAIRRO_L7": "QUINTINO CUNHA", "DISTRITO8": "FORTALEZA", "MUNICIPI9": "FORTALEZA", "CEP10": "60351-452", "REGIAO_D11": "GRANDE FORTALEZA", "SETOR_IB12": "URBANA", "DATA_DE_13": "2023-10-27", "TIPO_DE_14": "CAGECE - COMPANHIA DE ÁGUA E ESGOTO DO ESTADO DO CEARÁ", "DESIGNAC15": "OUTRAS", "LATITUDE16": "-3.727914", "LONGITUD17": "-38.59701", "OBS18": "COORDENADAS APROXIMADAS", "CONTAGEM19": "1" }, "geometry": { "type": "Point", "coordinates": [ -38.59701, -3.727914 ] } },
{ "type": "Feature", "properties": { "ID0": "124", "NOME_USP1": "7 DE SETEMBRO (REDE DE COZINHAS DO GBJ)", "NOME_UG2": "ASSOCIAÇÃO BENEFICENTE DO CENTRINHO DA UV10", "TIPO3": "INFORMAL", "LOTE4": "LOTE 6", "ENDERECO5": "RUA CARLOS EDUARDO DE OLIVEIRA", "NUMERO6": "33", "BAIRRO_L7": "BOM JARDIM", "DISTRITO8": "FORTALEZA", "MUNICIPI9": "FORTALEZA", "CEP10": "60544-452", "REGIAO_D11": "GRANDE FORTALEZA", "SETOR_IB12": "URBANA", "DATA_DE_13": "2023-09-25", "TIPO_DE_14": "CAGECE - COMPANHIA DE ÁGUA E ESGOTO DO ESTADO DO CEARÁ", "DESIGNAC15": "OUTRAS", "LATITUDE16": "-3.79469", "LONGITUD17": "-38.600672", "OBS18": "COORDENADAS APROXIMADAS", "CONTAGEM19": "1" }, "geometry": { "type": "Point", "coordinates": [ -38.600672, -3.79469 ] } },
{ "type": "Feature", "properties": { "ID0": "125", "NOME_USP1": "ACOPASCA", "NOME_UG2": "ASSOCIAÇÃO BENEFICENTE DO CENTRINHO DA UV10", "TIPO3": "INFORMAL", "LOTE4": "LOTE 6", "ENDERECO5": "RUA CORONEL JOÃO CORREIA", "NUMERO6": "2418", "BAIRRO_L7": "GRANJA LISBOA", "DISTRITO8": "FORTALEZA", "MUNICIPI9": "FORTALEZA", "CEP10": "60540-285", "REGIAO_D11": "GRANDE FORTALEZA", "SETOR_IB12": "URBANA", "DATA_DE_13": "2023-09-26", "TIPO_DE_14": "CAGECE - COMPANHIA DE ÁGUA E ESGOTO DO ESTADO DO CEARÁ", "DESIGNAC15": "ASSOCIAÇÃO", "LATITUDE16": "-3.788515", "LONGITUD17": "-38.614544", "OBS18": "COORDENADAS APROXIMADAS", "CONTAGEM19": "1" }, "geometry": { "type": "Point", "coordinates": [ -38.614544, -3.788515 ] } },
{ "type": "Feature", "properties": { "ID0": "127", "NOME_USP1": "ASSOCIAÇÃO COMUNITÁRIA DOS MORADORES DO PARQUE NAZARÉ - ASCOPAN (REDE DE COZINHAS GBJ)", "NOME_UG2": "ASSOCIAÇÃO BENEFICENTE DO CENTRINHO DA UV10", "TIPO3": "FORMAL", "LOTE4": "LOTE 6", "ENDERECO5": "RUA GUARAPARI", "NUMERO6": "1360", "BAIRRO_L7": "BOM JARDIM", "DISTRITO8": "FORTALEZA", "MUNICIPI9": "FORTALEZA", "CEP10": "60732-640", "REGIAO_D11": "GRANDE FORTALEZA", "SETOR_IB12": "URBANA", "DATA_DE_13": "2023-10-09", "TIPO_DE_14": "CAGECE - COMPANHIA DE ÁGUA E ESGOTO DO ESTADO DO CEARÁ", "DESIGNAC15": "ASSOCIAÇÃO", "LATITUDE16": "-3.817869", "LONGITUD17": "-38.619261", "OBS18": "COORDENADAS APROXIMADAS", "CONTAGEM19": "1" }, "geometry": { "type": "Point", "coordinates": [ -38.619261, -3.817869 ] } },
{ "type": "Feature", "properties": { "ID0": "128", "NOME_USP1": "COZINHA AMBJ UNIDAS (REDE DE COZINHAS DO GBJ)", "NOME_UG2": "ASSOCIAÇÃO BENEFICENTE DO CENTRINHO DA UV10", "TIPO3": "FORMAL", "LOTE4": "LOTE 6", "ENDERECO5": "RUA NOVA CONQUISTA", "NUMERO6": "415", "BAIRRO_L7": "BOM JARDIM", "DISTRITO8": "FORTALEZA", "MUNICIPI9": "FORTALEZA", "CEP10": "60543-355", "REGIAO_D11": "GRANDE FORTALEZA", "SETOR_IB12": "URBANA", "DATA_DE_13": "2023-09-20", "TIPO_DE_14": "CAGECE - COMPANHIA DE ÁGUA E ESGOTO DO ESTADO DO CEARÁ", "DESIGNAC15": "ASSOCIAÇÃO", "LATITUDE16": "-3.796432", "LONGITUD17": "-38.598494", "OBS18": "COORDENADAS APROXIMADAS", "CONTAGEM19": "1" }, "geometry": { "type": "Point", "coordinates": [ -38.598494, -3.796432 ] } },
{ "type": "Feature", "properties": { "ID0": "129", "NOME_USP1": "ASSOCIAÇÃO ESPÍRITA DE UMBANDA SÃO MIGUEL (REDE DE COZINHAS GBJ)", "NOME_UG2": "ASSOCIAÇÃO BENEFICENTE DO CENTRINHO DA UV10", "TIPO3": "FORMAL", "LOTE4": "LOTE 6", "ENDERECO5": "RUA MEDELIN", "NUMERO6": "2914", "BAIRRO_L7": "GRANJA LISBOA", "DISTRITO8": "FORTALEZA", "MUNICIPI9": "FORTALEZA", "CEP10": "60540-000", "REGIAO_D11": "GRANDE FORTALEZA", "SETOR_IB12": "URBANA", "DATA_DE_13": "2023-09-25", "TIPO_DE_14": "CAGECE - COMPANHIA DE ÁGUA E ESGOTO DO ESTADO DO CEARÁ", "DESIGNAC15": "OUTRAS", "LATITUDE16": "-3.791697", "LONGITUD17": "-38.625799", "OBS18": "COORDENADAS APROXIMADAS", "CONTAGEM19": "1" }, "geometry": { "type": "Point", "coordinates": [ -38.625799, -3.791697 ] } },
{ "type": "Feature", "properties": { "ID0": "131", "NOME_USP1": "QUEIRA BEM", "NOME_UG2": "ASSOCIAÇÃO BENEFICENTE DO CENTRINHO DA UV10", "TIPO3": "FORMAL", "LOTE4": "LOTE 6", "ENDERECO5": "RUA JOÃO XXIII", "NUMERO6": "557", "BAIRRO_L7": "GRANJA PORTUGAL", "DISTRITO8": "FORTALEZA", "MUNICIPI9": "FORTALEZA", "CEP10": "60540-665", "REGIAO_D11": "GRANDE FORTALEZA", "SETOR_IB12": "URBANA", "DATA_DE_13": "2023-09-12", "TIPO_DE_14": "CAGECE - COMPANHIA DE ÁGUA E ESGOTO DO ESTADO DO CEARÁ", "DESIGNAC15": "ASSOCIAÇÃO", "LATITUDE16": "-3.789299", "LONGITUD17": "-38.595845", "OBS18": "COORDENADAS APROXIMADAS", "CONTAGEM19": "1" }, "geometry": { "type": "Point", "coordinates": [ -38.595845, -3.789299 ] } },
{ "type": "Feature", "properties": { "ID0": "132", "NOME_USP1": "ASSOCIAÇÃO ZUMBI CAPOEIRA AZC / CENTRO CULTURAL MESTRE LULA", "NOME_UG2": "ASSOCIAÇÃO BENEFICENTE DO CENTRINHO DA UV10", "TIPO3": "FORMAL", "LOTE4": "LOTE 6", "ENDERECO5": "RUA DESCARTE BRAGA", "NUMERO6": "2860", "BAIRRO_L7": "GRANJA LISBOA", "DISTRITO8": "FORTALEZA", "MUNICIPI9": "FORTALEZA", "CEP10": "60540-096", "REGIAO_D11": "GRANDE FORTALEZA", "SETOR_IB12": "URBANA", "DATA_DE_13": "2023-09-18", "TIPO_DE_14": "CAGECE - COMPANHIA DE ÁGUA E ESGOTO DO ESTADO DO CEARÁ", "DESIGNAC15": "ASSOCIAÇÃO", "LATITUDE16": "-3.790812", "LONGITUD17": "-38.625143", "OBS18": "COORDENADAS APROXIMADAS", "CONTAGEM19": "1" }, "geometry": { "type": "Point", "coordinates": [ -38.625143, -3.790812 ] } },
{ "type": "Feature", "properties": { "ID0": "133", "NOME_USP1": "CENTRO UNIÃO BENEFICENTE DOS MORADORES DA GRANJA PORTUGAL (REDE DE COZINHAS GBJ)", "NOME_UG2": "ASSOCIAÇÃO BENEFICENTE DO CENTRINHO DA UV10", "TIPO3": "FORMAL", "LOTE4": "LOTE 6", "ENDERECO5": "RUA TEODORO DE CASTRO", "NUMERO6": "1760", "BAIRRO_L7": "GRANJA PORTUGAL", "DISTRITO8": "FORTALEZA", "MUNICIPI9": "FORTALEZA", "CEP10": "60541-192", "REGIAO_D11": "GRANDE FORTALEZA", "SETOR_IB12": "URBANA", "DATA_DE_13": "2023-09-29", "TIPO_DE_14": "CAGECE - COMPANHIA DE ÁGUA E ESGOTO DO ESTADO DO CEARÁ", "DESIGNAC15": "MOVIMENTO", "LATITUDE16": "-3.779389", "LONGITUD17": "-38.606835", "OBS18": "COORDENADAS APROXIMADAS", "CONTAGEM19": "1" }, "geometry": { "type": "Point", "coordinates": [ -38.606835, -3.779389 ] } },
{ "type": "Feature", "properties": { "ID0": "134", "NOME_USP1": "CONSELHO COMUNITÁRIO DO PARQUE SANTO AMARO - COMPASA (REDE DE COZINHAS GBJ)", "NOME_UG2": "ASSOCIAÇÃO BENEFICENTE DO CENTRINHO DA UV10", "TIPO3": "INFORMAL", "LOTE4": "LOTE 6", "ENDERECO5": "RUA VALDEMAR PAES", "NUMERO6": "1464", "BAIRRO_L7": "BOM JARDIM", "DISTRITO8": "FORTALEZA", "MUNICIPI9": "FORTALEZA", "CEP10": "60545-055", "REGIAO_D11": "GRANDE FORTALEZA", "SETOR_IB12": "URBANA", "DATA_DE_13": "2023-09-25", "TIPO_DE_14": "CAGECE - COMPANHIA DE ÁGUA E ESGOTO DO ESTADO DO CEARÁ", "DESIGNAC15": "CONSELHO", "LATITUDE16": "-3.796472", "LONGITUD17": "-38.602855", "OBS18": "COORDENADAS APROXIMADAS", "CONTAGEM19": "1" }, "geometry": { "type": "Point", "coordinates": [ -38.602855, -3.796472 ] } },
{ "type": "Feature", "properties": { "ID0": "135", "NOME_USP1": "COZINHA COMUNIDADE MARROCOS (REDE DE COZINHAS GBJ)", "NOME_UG2": "ASSOCIAÇÃO BENEFICENTE DO CENTRINHO DA UV10", "TIPO3": "INFORMAL", "LOTE4": "LOTE 6", "ENDERECO5": "RUA REGINALDO FRANÇA RODRIGUES", "NUMERO6": "150", "BAIRRO_L7": "BOM JARDIM", "DISTRITO8": "FORTALEZA", "MUNICIPI9": "FORTALEZA", "CEP10": "60544-322", "REGIAO_D11": "GRANDE FORTALEZA", "SETOR_IB12": "URBANA", "DATA_DE_13": "2023-10-20", "TIPO_DE_14": "CAGECE - COMPANHIA DE ÁGUA E ESGOTO DO ESTADO DO CEARÁ", "DESIGNAC15": "OUTRAS", "LATITUDE16": "-3.799424", "LONGITUD17": "-38.610314", "OBS18": "COORDENADAS APROXIMADAS", "CONTAGEM19": "1" }, "geometry": { "type": "Point", "coordinates": [ -38.610314, -3.799424 ] } },
{ "type": "Feature", "properties": { "ID0": "136", "NOME_USP1": "COZINHA COMUNITÁRIA AVIVAR (REDE DE COZINHAS GBJ)", "NOME_UG2": "ASSOCIAÇÃO BENEFICENTE DO CENTRINHO DA UV10", "TIPO3": "INFORMAL", "LOTE4": "LOTE 6", "ENDERECO5": "RUA CARÍCIA DE MENINA", "NUMERO6": "1030", "BAIRRO_L7": "GRANJA PORTUGAL", "DISTRITO8": "FORTALEZA", "MUNICIPI9": "FORTALEZA", "CEP10": "60540-395", "REGIAO_D11": "GRANDE FORTALEZA", "SETOR_IB12": "URBANA", "DATA_DE_13": "2023-09-20", "TIPO_DE_14": "POÇO", "DESIGNAC15": "OUTRAS", "LATITUDE16": "-3.783135", "LONGITUD17": "-38.614951", "OBS18": "COORDENADAS APROXIMADAS", "CONTAGEM19": "1" }, "geometry": { "type": "Point", "coordinates": [ -38.614951, -3.783135 ] } },
{ "type": "Feature", "properties": { "ID0": "137", "NOME_USP1": "COZINHA COMUNITÁRIA BOM VIVER BRILHOS FLORES (REDE DE COZINHAS GBJ)", "NOME_UG2": "ASSOCIAÇÃO BENEFICENTE DO CENTRINHO DA UV10", "TIPO3": "INFORMAL", "LOTE4": "LOTE 6", "ENDERECO5": "TRAVESSA DANDARA KETTLEY", "NUMERO6": "1250", "BAIRRO_L7": "GRANJA LISBOA", "DISTRITO8": "FORTALEZA", "MUNICIPI9": "FORTALEZA", "CEP10": "60540-124", "REGIAO_D11": "GRANDE FORTALEZA", "SETOR_IB12": "URBANA", "DATA_DE_13": "2023-09-26", "TIPO_DE_14": "CAGECE - COMPANHIA DE ÁGUA E ESGOTO DO ESTADO DO CEARÁ", "DESIGNAC15": "OUTRAS", "LATITUDE16": "-3.788257", "LONGITUD17": "-38.630797", "OBS18": "COORDENADAS APROXIMADAS", "CONTAGEM19": "1" }, "geometry": { "type": "Point", "coordinates": [ -38.630797, -3.788257 ] } },
{ "type": "Feature", "properties": { "ID0": "138", "NOME_USP1": "COZINHA CULTURA SOLIDÁRIA OMÕRISÀ ODÉ (REDE DE COZINHAS GBJ)", "NOME_UG2": "ASSOCIAÇÃO BENEFICENTE DO CENTRINHO DA UV10", "TIPO3": "FORMAL", "LOTE4": "LOTE 6", "ENDERECO5": "RUA GERALDO BARBOSA", "NUMERO6": "2971", "BAIRRO_L7": "GRANJA LISBOA", "DISTRITO8": "FORTALEZA", "MUNICIPI9": "FORTALEZA", "CEP10": "60540-342", "REGIAO_D11": "GRANDE FORTALEZA", "SETOR_IB12": "URBANA", "DATA_DE_13": "2023-09-22", "TIPO_DE_14": "CAGECE - COMPANHIA DE ÁGUA E ESGOTO DO ESTADO DO CEARÁ", "DESIGNAC15": "POVO DE TERREIRO", "LATITUDE16": "-3.786926", "LONGITUD17": "-38.61816", "OBS18": "COORDENADAS APROXIMADAS", "CONTAGEM19": "1" }, "geometry": { "type": "Point", "coordinates": [ -38.61816, -3.786926 ] } },
{ "type": "Feature", "properties": { "ID0": "139", "NOME_USP1": "CPEC PÉ NO CHÃO (REDE DE COZINHAS GBJ)", "NOME_UG2": "ASSOCIAÇÃO BENEFICENTE DO CENTRINHO DA UV10", "TIPO3": "INFORMAL", "LOTE4": "LOTE 6", "ENDERECO5": "RUA ALVES BEZERRA", "NUMERO6": "708", "BAIRRO_L7": "SIQUEIRA", "DISTRITO8": "FORTALEZA", "MUNICIPI9": "FORTALEZA", "CEP10": "60736-130", "REGIAO_D11": "GRANDE FORTALEZA", "SETOR_IB12": "URBANA", "DATA_DE_13": "2023-09-22", "TIPO_DE_14": "POÇO", "DESIGNAC15": "OUTRAS", "LATITUDE16": "-3.804927", "LONGITUD17": "-38.611686", "OBS18": "COORDENADAS APROXIMADAS", "CONTAGEM19": "1" }, "geometry": { "type": "Point", "coordinates": [ -38.611686, -3.804927 ] } },
{ "type": "Feature", "properties": { "ID0": "140", "NOME_USP1": "CUIDAR MAIS / LAR DOS IDOSOS", "NOME_UG2": "ASSOCIAÇÃO BENEFICENTE DO CENTRINHO DA UV10", "TIPO3": "FORMAL", "LOTE4": "LOTE 6", "ENDERECO5": "RUA JOSÉ MAURÍCIO", "NUMERO6": "545", "BAIRRO_L7": "SIQUEIRA", "DISTRITO8": "FORTALEZA", "MUNICIPI9": "FORTALEZA", "CEP10": "60736-140", "REGIAO_D11": "GRANDE FORTALEZA", "SETOR_IB12": "URBANA", "DATA_DE_13": "2023-10-30", "TIPO_DE_14": "POÇO", "DESIGNAC15": "OUTRAS", "LATITUDE16": "-3.806564", "LONGITUD17": "-38.61159", "OBS18": "COORDENADAS APROXIMADAS", "CONTAGEM19": "1" }, "geometry": { "type": "Point", "coordinates": [ -38.61159, -3.806564 ] } },
{ "type": "Feature", "properties": { "ID0": "141", "NOME_USP1": "GIRO - ASSOCIAÇÃO SOLIDÁRIA PARA A COMERCIALIZAÇÃO (REDE DE COZINHAS GBJ)", "NOME_UG2": "ASSOCIAÇÃO BENEFICENTE DO CENTRINHO DA UV10", "TIPO3": "FORMAL", "LOTE4": "LOTE 6", "ENDERECO5": "RUA VALDEMAR PAES BRAGANÇA", "NUMERO6": "1032", "BAIRRO_L7": "GRANJA PORTUGAL", "DISTRITO8": "FORTALEZA", "MUNICIPI9": "FORTALEZA", "CEP10": "60545-055", "REGIAO_D11": "GRANDE FORTALEZA", "SETOR_IB12": "URBANA", "DATA_DE_13": "2023-09-27", "TIPO_DE_14": "CAGECE - COMPANHIA DE ÁGUA E ESGOTO DO ESTADO DO CEARÁ", "DESIGNAC15": "ASSOCIAÇÃO", "LATITUDE16": "-3.79409", "LONGITUD17": "-38.602092", "OBS18": "COORDENADAS APROXIMADAS", "CONTAGEM19": "1" }, "geometry": { "type": "Point", "coordinates": [ -38.602092, -3.79409 ] } },
{ "type": "Feature", "properties": { "ID0": "142", "NOME_USP1": "INSTITUTO MARIA DO CARMO - IMC (REDE DE COZINHAS DO GBJ)", "NOME_UG2": "ASSOCIAÇÃO BENEFICENTE DO CENTRINHO DA UV10", "TIPO3": "FORMAL", "LOTE4": "LOTE 6", "ENDERECO5": "RUA CORONEL FABRICIANO", "NUMERO6": "0", "BAIRRO_L7": "GRANJA LISBOA", "DISTRITO8": "FORTALEZA", "MUNICIPI9": "FORTALEZA", "CEP10": "60540-565", "REGIAO_D11": "GRANDE FORTALEZA", "SETOR_IB12": "URBANA", "DATA_DE_13": "2023-10-13", "TIPO_DE_14": "CAGECE - COMPANHIA DE ÁGUA E ESGOTO DO ESTADO DO CEARÁ", "DESIGNAC15": "INSTITUTO", "LATITUDE16": "-3.782474", "LONGITUD17": "-38.608242", "OBS18": "COORDENADAS APROXIMADAS", "CONTAGEM19": "1" }, "geometry": { "type": "Point", "coordinates": [ -38.608242, -3.782474 ] } },
{ "type": "Feature", "properties": { "ID0": "143", "NOME_USP1": "MOVIMENTO SAÚDE MENTAL COMUNITÁRIO (REDE DE COZINHAS GBJ)", "NOME_UG2": "ASSOCIAÇÃO BENEFICENTE DO CENTRINHO DA UV10", "TIPO3": "FORMAL", "LOTE4": "LOTE 6", "ENDERECO5": "RUA DOUTOR FERNANDO AUGUSTO", "NUMERO6": "980", "BAIRRO_L7": "BOM JARDIM", "DISTRITO8": "FORTALEZA", "MUNICIPI9": "FORTALEZA", "CEP10": "60543-375", "REGIAO_D11": "GRANDE FORTALEZA", "SETOR_IB12": "URBANA", "DATA_DE_13": "2023-09-25", "TIPO_DE_14": "CAGECE - COMPANHIA DE ÁGUA E ESGOTO DO ESTADO DO CEARÁ", "DESIGNAC15": "MOVIMENTO", "LATITUDE16": "-3.793335", "LONGITUD17": "-38.602027", "OBS18": "COORDENADAS APROXIMADAS", "CONTAGEM19": "1" }, "geometry": { "type": "Point", "coordinates": [ -38.602027, -3.793335 ] } },
{ "type": "Feature", "properties": { "ID0": "144", "NOME_USP1": "PASTORAL DA CRIANÇA GRANJA PORTUGAL", "NOME_UG2": "ASSOCIAÇÃO BENEFICENTE DO CENTRINHO DA UV10", "TIPO3": "INFORMAL", "LOTE4": "LOTE 6", "ENDERECO5": "RUA TAUBATÉ", "NUMERO6": "1088", "BAIRRO_L7": "GRANJA PORTUGAL", "DISTRITO8": "FORTALEZA", "MUNICIPI9": "FORTALEZA", "CEP10": "60534-196", "REGIAO_D11": "GRANDE FORTALEZA", "SETOR_IB12": "URBANA", "DATA_DE_13": "2023-09-29", "TIPO_DE_14": "CAGECE - COMPANHIA DE ÁGUA E ESGOTO DO ESTADO DO CEARÁ", "DESIGNAC15": "RELIGIOSA", "LATITUDE16": "-3.782557", "LONGITUD17": "-38.599372", "OBS18": "COORDENADAS APROXIMADAS", "CONTAGEM19": "1" }, "geometry": { "type": "Point", "coordinates": [ -38.599372, -3.782557 ] } },
{ "type": "Feature", "properties": { "ID0": "145", "NOME_USP1": "PLANALTINA", "NOME_UG2": "ASSOCIAÇÃO BENEFICENTE DO CENTRINHO DA UV10", "TIPO3": "INFORMAL", "LOTE4": "LOTE 6", "ENDERECO5": "RUA WALTER CAVALCANTE", "NUMERO6": "61", "BAIRRO_L7": "BONSUCESSO", "DISTRITO8": "FORTALEZA", "MUNICIPI9": "FORTALEZA", "CEP10": "60542-125", "REGIAO_D11": "GRANDE FORTALEZA", "SETOR_IB12": "URBANA", "DATA_DE_13": "2023-09-19", "TIPO_DE_14": "CAGECE - COMPANHIA DE ÁGUA E ESGOTO DO ESTADO DO CEARÁ", "DESIGNAC15": "OUTRAS", "LATITUDE16": "-3.785853", "LONGITUD17": "-38.58546", "OBS18": "COORDENADAS APROXIMADAS", "CONTAGEM19": "1" }, "geometry": { "type": "Point", "coordinates": [ -38.58546, -3.785853 ] } },
{ "type": "Feature", "properties": { "ID0": "146", "NOME_USP1": "PROJETO AMIGOS DE DEUS", "NOME_UG2": "ASSOCIAÇÃO BENEFICENTE DO CENTRINHO DA UV10", "TIPO3": "FORMAL", "LOTE4": "LOTE 6", "ENDERECO5": "RUA HUMBERTO LOMEU", "NUMERO6": "2074", "BAIRRO_L7": "GRANJA PORTUGAL", "DISTRITO8": "FORTALEZA", "MUNICIPI9": "FORTALEZA", "CEP10": "60540-495", "REGIAO_D11": "GRANDE FORTALEZA", "SETOR_IB12": "URBANA", "DATA_DE_13": "2023-09-29", "TIPO_DE_14": "CAGECE - COMPANHIA DE ÁGUA E ESGOTO DO ESTADO DO CEARÁ", "DESIGNAC15": "PROJETO", "LATITUDE16": "-3.779868", "LONGITUD17": "-38.609672", "OBS18": "COORDENADAS APROXIMADAS", "CONTAGEM19": "1" }, "geometry": { "type": "Point", "coordinates": [ -38.609672, -3.779868 ] } },
{ "type": "Feature", "properties": { "ID0": "147", "NOME_USP1": "PROJETO BEM", "NOME_UG2": "ASSOCIAÇÃO BENEFICENTE DO CENTRINHO DA UV10", "TIPO3": "INFORMAL", "LOTE4": "LOTE 6", "ENDERECO5": "RUA SEIXAS CORREIA", "NUMERO6": "500", "BAIRRO_L7": "BONSUCESSO", "DISTRITO8": "FORTALEZA", "MUNICIPI9": "FORTALEZA", "CEP10": "60520-795", "REGIAO_D11": "GRANDE FORTALEZA", "SETOR_IB12": "URBANA", "DATA_DE_13": "2023-09-22", "TIPO_DE_14": "CAGECE - COMPANHIA DE ÁGUA E ESGOTO DO ESTADO DO CEARÁ", "DESIGNAC15": "PROJETO", "LATITUDE16": "-3.778798", "LONGITUD17": "-38.579179", "OBS18": "COORDENADAS APROXIMADAS", "CONTAGEM19": "1" }, "geometry": { "type": "Point", "coordinates": [ -38.579179, -3.778798 ] } },
{ "type": "Feature", "properties": { "ID0": "148", "NOME_USP1": "SÃO JOSE OPERARIO", "NOME_UG2": "ASSOCIAÇÃO BENEFICENTE DO CENTRINHO DA UV10", "TIPO3": "FORMAL", "LOTE4": "LOTE 6", "ENDERECO5": "RUA PADRE ANTÔNIO NUNES GURGEL", "NUMERO6": "238", "BAIRRO_L7": "BONSUCESSO", "DISTRITO8": "FORTALEZA", "MUNICIPI9": "FORTALEZA", "CEP10": "60545-505", "REGIAO_D11": "GRANDE FORTALEZA", "SETOR_IB12": "URBANA", "DATA_DE_13": "2023-09-22", "TIPO_DE_14": "CAGECE - COMPANHIA DE ÁGUA E ESGOTO DO ESTADO DO CEARÁ", "DESIGNAC15": "OUTRAS", "LATITUDE16": "-3.772285", "LONGITUD17": "-38.593722", "OBS18": "COORDENADAS APROXIMADAS", "CONTAGEM19": "1" }, "geometry": { "type": "Point", "coordinates": [ -38.593722, -3.772285 ] } },
{ "type": "Feature", "properties": { "ID0": "149", "NOME_USP1": "SUPERAÇÃO", "NOME_UG2": "ASSOCIAÇÃO BENEFICENTE DO CENTRINHO DA UV10", "TIPO3": "INFORMAL", "LOTE4": "LOTE 6", "ENDERECO5": "RUA MARIA SEVERO DE OLIVEIRA", "NUMERO6": "15", "BAIRRO_L7": "BOM JARDIM", "DISTRITO8": "NÃO SE APLICA", "MUNICIPI9": "FORTALEZA", "CEP10": "60000-001", "REGIAO_D11": "GRANDE FORTALEZA", "SETOR_IB12": "URBANA", "DATA_DE_13": "2023-09-20", "TIPO_DE_14": "POÇO", "DESIGNAC15": "OUTRAS", "LATITUDE16": "-3.802359", "LONGITUD17": "-38.616373", "OBS18": "COORDENADAS APROXIMADAS", "CONTAGEM19": "1" }, "geometry": { "type": "Point", "coordinates": [ -38.616373, -3.802359 ] } },
{ "type": "Feature", "properties": { "ID0": "150", "NOME_USP1": "CAPELA SÃO JOSÉ", "NOME_UG2": "INSTITUTO DE DESENVOLVIMENTO E SOLIDARIEDADE", "TIPO3": "INFORMAL", "LOTE4": "LOTE 7", "ENDERECO5": "RUA TENENTE BEZERRA", "NUMERO6": "5431", "BAIRRO_L7": "ALTO DA BALANÇA", "DISTRITO8": "FORTALEZA", "MUNICIPI9": "FORTALEZA", "CEP10": "60874-502", "REGIAO_D11": "GRANDE FORTALEZA", "SETOR_IB12": "URBANA", "DATA_DE_13": "2023-09-27", "TIPO_DE_14": null, "DESIGNAC15": "OUTRAS", "LATITUDE16": "-3.765573", "LONGITUD17": "-38.509654", "OBS18": "COORDENADAS APROXIMADAS", "CONTAGEM19": "1" }, "geometry": { "type": "Point", "coordinates": [ -38.509654, -3.765573 ] } },
{ "type": "Feature", "properties": { "ID0": "151", "NOME_USP1": "AME DOS ESCRITORES", "NOME_UG2": "INSTITUTO DE DESENVOLVIMENTO E SOLIDARIEDADE", "TIPO3": "INFORMAL", "LOTE4": "LOTE 7", "ENDERECO5": "RUA G", "NUMERO6": "260", "BAIRRO_L7": "PAUPINA", "DISTRITO8": "FORTALEZA", "MUNICIPI9": "FORTALEZA", "CEP10": "60873-575", "REGIAO_D11": "GRANDE FORTALEZA", "SETOR_IB12": "URBANA", "DATA_DE_13": "2023-09-20", "TIPO_DE_14": null, "DESIGNAC15": "OUTRAS", "LATITUDE16": "-3.852645", "LONGITUD17": "-38.489758", "OBS18": "COORDENADAS APROXIMADAS", "CONTAGEM19": "1" }, "geometry": { "type": "Point", "coordinates": [ -38.489758, -3.852645 ] } },
{ "type": "Feature", "properties": { "ID0": "152", "NOME_USP1": "AMIGOS DA PAUPINA", "NOME_UG2": "INSTITUTO DE DESENVOLVIMENTO E SOLIDARIEDADE", "TIPO3": "INFORMAL", "LOTE4": "LOTE 7", "ENDERECO5": "RUA G, RESIDENCIAL MONTEIRO LOBATO", "NUMERO6": "205", "BAIRRO_L7": "PAUPINA", "DISTRITO8": "FORTALEZA", "MUNICIPI9": "FORTALEZA", "CEP10": "60873-563", "REGIAO_D11": "GRANDE FORTALEZA", "SETOR_IB12": "URBANA", "DATA_DE_13": "2023-09-26", "TIPO_DE_14": "CAGECE - COMPANHIA DE ÁGUA E ESGOTO DO ESTADO DO CEARÁ", "DESIGNAC15": "OUTRAS", "LATITUDE16": "-3.850647", "LONGITUD17": "-38.489664", "OBS18": "COORDENADAS APROXIMADAS", "CONTAGEM19": "1" }, "geometry": { "type": "Point", "coordinates": [ -38.489664, -3.850647 ] } },
{ "type": "Feature", "properties": { "ID0": "153", "NOME_USP1": "AMIGOS DO CACHEADO", "NOME_UG2": "INSTITUTO DE DESENVOLVIMENTO E SOLIDARIEDADE", "TIPO3": "INFORMAL", "LOTE4": "LOTE 7", "ENDERECO5": "RUA ANTERO QUENTAL", "NUMERO6": "1645", "BAIRRO_L7": "PAUPINA", "DISTRITO8": "FORTALEZA", "MUNICIPI9": "FORTALEZA", "CEP10": "60873-652", "REGIAO_D11": "GRANDE FORTALEZA", "SETOR_IB12": "URBANA", "DATA_DE_13": "2023-10-09", "TIPO_DE_14": null, "DESIGNAC15": "OUTRAS", "LATITUDE16": "-3.855331", "LONGITUD17": "-38.492198", "OBS18": "COORDENADAS APROXIMADAS", "CONTAGEM19": "1" }, "geometry": { "type": "Point", "coordinates": [ -38.492198, -3.855331 ] } },
{ "type": "Feature", "properties": { "ID0": "154", "NOME_USP1": "APAMILR - ASSOCIAÇÃO DE PROTEÇÃO E ASSISTÊNCIA À MATERNIDADE INFÂNCIA DA LAGOA REDONDA", "NOME_UG2": "INSTITUTO DE DESENVOLVIMENTO E SOLIDARIEDADE", "TIPO3": "FORMAL", "LOTE4": "LOTE 7", "ENDERECO5": "AVENIDA RECREIO", "NUMERO6": "1390", "BAIRRO_L7": "LAGOA REDONDA", "DISTRITO8": "FORTALEZA", "MUNICIPI9": "FORTALEZA", "CEP10": "60831-600", "REGIAO_D11": "GRANDE FORTALEZA", "SETOR_IB12": "URBANA", "DATA_DE_13": "2023-09-26", "TIPO_DE_14": null, "DESIGNAC15": "OUTRAS", "LATITUDE16": "-3.818408", "LONGITUD17": "-38.451021", "OBS18": "COORDENADAS APROXIMADAS", "CONTAGEM19": "1" }, "geometry": { "type": "Point", "coordinates": [ -38.451021, -3.818408 ] } },
{ "type": "Feature", "properties": { "ID0": "155", "NOME_USP1": "ASSOCIACAO COMUNITARIA AMIGOS DO PARQUE IRACEMA - ACAPI", "NOME_UG2": "INSTITUTO DE DESENVOLVIMENTO E SOLIDARIEDADE", "TIPO3": "FORMAL", "LOTE4": "LOTE 7", "ENDERECO5": "RUA ARAÚJO TORREÃO", "NUMERO6": "128", "BAIRRO_L7": "MESSEJANA", "DISTRITO8": "FORTALEZA", "MUNICIPI9": "FORTALEZA", "CEP10": "60824-190", "REGIAO_D11": "GRANDE FORTALEZA", "SETOR_IB12": "URBANA", "DATA_DE_13": "2023-09-28", "TIPO_DE_14": "CAGECE - COMPANHIA DE ÁGUA E ESGOTO DO ESTADO DO CEARÁ", "DESIGNAC15": "ASSOCIAÇÃO", "LATITUDE16": "-3.816479", "LONGITUD17": "-38.495529", "OBS18": "COORDENADAS APROXIMADAS", "CONTAGEM19": "1" }, "geometry": { "type": "Point", "coordinates": [ -38.495529, -3.816479 ] } },
{ "type": "Feature", "properties": { "ID0": "156", "NOME_USP1": "ASSOCIAÇAO DE MORADORES O CAJADO", "NOME_UG2": "INSTITUTO DE DESENVOLVIMENTO E SOLIDARIEDADE", "TIPO3": "FORMAL", "LOTE4": "LOTE 7", "ENDERECO5": "RUA 12", "NUMERO6": "423", "BAIRRO_L7": "JARDIM DAS OLIVEIRAS", "DISTRITO8": "FORTALEZA", "MUNICIPI9": "FORTALEZA", "CEP10": "60821-320", "REGIAO_D11": "GRANDE FORTALEZA", "SETOR_IB12": "URBANA", "DATA_DE_13": "2023-09-28", "TIPO_DE_14": "CAGECE - COMPANHIA DE ÁGUA E ESGOTO DO ESTADO DO CEARÁ", "DESIGNAC15": "ASSOCIAÇÃO", "LATITUDE16": "-3.77775", "LONGITUD17": "-38.50644", "OBS18": "COORDENADAS APROXIMADAS", "CONTAGEM19": "1" }, "geometry": { "type": "Point", "coordinates": [ -38.50644, -3.77775 ] } },
{ "type": "Feature", "properties": { "ID0": "157", "NOME_USP1": "ASSOCIAÇÃO DOS MORADORES DO CONJUNTO SÃO BERNARDO", "NOME_UG2": "INSTITUTO DE DESENVOLVIMENTO E SOLIDARIEDADE", "TIPO3": "FORMAL", "LOTE4": "LOTE 7", "ENDERECO5": "RUA NOSSA SENHORA DE FATIMA", "NUMERO6": "123", "BAIRRO_L7": "MESSEJANA", "DISTRITO8": "MESSEJANA", "MUNICIPI9": "FORTALEZA", "CEP10": "60841-000", "REGIAO_D11": "GRANDE FORTALEZA", "SETOR_IB12": "URBANA", "DATA_DE_13": "2023-09-19", "TIPO_DE_14": "CAGECE - COMPANHIA DE ÁGUA E ESGOTO DO ESTADO DO CEARÁ", "DESIGNAC15": "ASSOCIAÇÃO", "LATITUDE16": "-3.817649", "LONGITUD17": "-38.490962", "OBS18": "COORDENADAS APROXIMADAS", "CONTAGEM19": "1" }, "geometry": { "type": "Point", "coordinates": [ -38.490962, -3.817649 ] } },
{ "type": "Feature", "properties": { "ID0": "158", "NOME_USP1": "ASSOCIAÇÃO DOS MORADORES DO CONJUNTO TANCREDO NEVES", "NOME_UG2": "INSTITUTO DE DESENVOLVIMENTO E SOLIDARIEDADE", "TIPO3": "FORMAL", "LOTE4": "LOTE 7", "ENDERECO5": "RUA BEIJA-FLOR", "NUMERO6": "155", "BAIRRO_L7": "JARDIM DAS OLIVEIRAS", "DISTRITO8": "FORTALEZA", "MUNICIPI9": "FORTALEZA", "CEP10": "60820-110", "REGIAO_D11": "GRANDE FORTALEZA", "SETOR_IB12": "URBANA", "DATA_DE_13": "2023-09-29", "TIPO_DE_14": "CAGECE - COMPANHIA DE ÁGUA E ESGOTO DO ESTADO DO CEARÁ", "DESIGNAC15": "ASSOCIAÇÃO", "LATITUDE16": "-3.785897", "LONGITUD17": "-38.507002", "OBS18": "COORDENADAS APROXIMADAS", "CONTAGEM19": "1" }, "geometry": { "type": "Point", "coordinates": [ -38.507002, -3.785897 ] } },
{ "type": "Feature", "properties": { "ID0": "159", "NOME_USP1": "CAMINHANDO EM LUTA", "NOME_UG2": "INSTITUTO DE DESENVOLVIMENTO E SOLIDARIEDADE", "TIPO3": "INFORMAL", "LOTE4": "LOTE 7", "ENDERECO5": "RUA G", "NUMERO6": "258", "BAIRRO_L7": "PAUPINA", "DISTRITO8": "FORTALEZA", "MUNICIPI9": "FORTALEZA", "CEP10": "60810-670", "REGIAO_D11": "GRANDE FORTALEZA", "SETOR_IB12": "URBANA", "DATA_DE_13": "2023-09-26", "TIPO_DE_14": null, "DESIGNAC15": "RELIGIOSA", "LATITUDE16": "-3.852645", "LONGITUD17": "-38.489758", "OBS18": "COORDENADAS APROXIMADAS", "CONTAGEM19": "1" }, "geometry": { "type": "Point", "coordinates": [ -38.489758, -3.852645 ] } },
{ "type": "Feature", "properties": { "ID0": "160", "NOME_USP1": "COLETIVO BEM VIVER", "NOME_UG2": "INSTITUTO DE DESENVOLVIMENTO E SOLIDARIEDADE", "TIPO3": "FORMAL", "LOTE4": "LOTE 7", "ENDERECO5": "RUA DESEMBARGADOR EURICO MONTEIRO", "NUMERO6": "981", "BAIRRO_L7": "JARDIM DAS OLIVEIRAS", "DISTRITO8": "FORTALEZA", "MUNICIPI9": "FORTALEZA", "CEP10": "60821-230", "REGIAO_D11": "GRANDE FORTALEZA", "SETOR_IB12": "URBANA", "DATA_DE_13": "2023-09-20", "TIPO_DE_14": "CAGECE - COMPANHIA DE ÁGUA E ESGOTO DO ESTADO DO CEARÁ", "DESIGNAC15": "OUTRAS", "LATITUDE16": "-3.783343", "LONGITUD17": "-38.500611", "OBS18": "COORDENADAS APROXIMADAS", "CONTAGEM19": "1" }, "geometry": { "type": "Point", "coordinates": [ -38.500611, -3.783343 ] } },
{ "type": "Feature", "properties": { "ID0": "162", "NOME_USP1": "COZINHA DO AMOR", "NOME_UG2": "INSTITUTO DE DESENVOLVIMENTO E SOLIDARIEDADE", "TIPO3": "INFORMAL", "LOTE4": "LOTE 7", "ENDERECO5": "RUA PROFESSORA JOELMA ALMEIDA DE SOUSA", "NUMERO6": "431", "BAIRRO_L7": "SÃO BENTO", "DISTRITO8": "FORTALEZA", "MUNICIPI9": "FORTALEZA", "CEP10": "60810-670", "REGIAO_D11": "GRANDE FORTALEZA", "SETOR_IB12": "URBANA", "DATA_DE_13": "2023-09-26", "TIPO_DE_14": null, "DESIGNAC15": "OUTRAS", "LATITUDE16": "-3.856248", "LONGITUD17": "-38.488827", "OBS18": "COORDENADAS APROXIMADAS", "CONTAGEM19": "1" }, "geometry": { "type": "Point", "coordinates": [ -38.488827, -3.856248 ] } },
{ "type": "Feature", "properties": { "ID0": "163", "NOME_USP1": "COZINHA NOVA TANCREDO NEVES", "NOME_UG2": "INSTITUTO DE DESENVOLVIMENTO E SOLIDARIEDADE", "TIPO3": "INFORMAL", "LOTE4": "LOTE 7", "ENDERECO5": "RUA DA CARAÚBA", "NUMERO6": "140", "BAIRRO_L7": "JARDIM DAS OLIVEIRAS", "DISTRITO8": "FORTALEZA", "MUNICIPI9": "FORTALEZA", "CEP10": "60820-350", "REGIAO_D11": "GRANDE FORTALEZA", "SETOR_IB12": "URBANA", "DATA_DE_13": "2023-09-29", "TIPO_DE_14": "CAGECE - COMPANHIA DE ÁGUA E ESGOTO DO ESTADO DO CEARÁ", "DESIGNAC15": "RELIGIOSA", "LATITUDE16": "-3.782491", "LONGITUD17": "-38.510007", "OBS18": "COORDENADAS APROXIMADAS", "CONTAGEM19": "1" }, "geometry": { "type": "Point", "coordinates": [ -38.510007, -3.782491 ] } },
{ "type": "Feature", "properties": { "ID0": "164", "NOME_USP1": "COZINHA SOLIDARIA DA PAUPINA", "NOME_UG2": "INSTITUTO DE DESENVOLVIMENTO E SOLIDARIEDADE", "TIPO3": "INFORMAL", "LOTE4": "LOTE 7", "ENDERECO5": "RUA ESTUDANTE SILVA CARNEIRO", "NUMERO6": "477", "BAIRRO_L7": "PAUPINA", "DISTRITO8": "FORTALEZA", "MUNICIPI9": "FORTALEZA", "CEP10": "60874-360", "REGIAO_D11": "GRANDE FORTALEZA", "SETOR_IB12": "URBANA", "DATA_DE_13": "2023-09-28", "TIPO_DE_14": "CAGECE - COMPANHIA DE ÁGUA E ESGOTO DO ESTADO DO CEARÁ", "DESIGNAC15": "POVO DE TERREIRO", "LATITUDE16": "-3.874706", "LONGITUD17": "-38.497657", "OBS18": "COORDENADAS APROXIMADAS", "CONTAGEM19": "1" }, "geometry": { "type": "Point", "coordinates": [ -38.497657, -3.874706 ] } },
{ "type": "Feature", "properties": { "ID0": "166", "NOME_USP1": "COZINHA VAMOS SER FELIZ", "NOME_UG2": "INSTITUTO DE DESENVOLVIMENTO E SOLIDARIEDADE", "TIPO3": "INFORMAL", "LOTE4": "LOTE 7", "ENDERECO5": "FRANCISCO DANILO PINTO", "NUMERO6": "433", "BAIRRO_L7": "PAUPINA", "DISTRITO8": "FORTALEZA", "MUNICIPI9": "FORTALEZA", "CEP10": "60873-815", "REGIAO_D11": "GRANDE FORTALEZA", "SETOR_IB12": "URBANA", "DATA_DE_13": "2023-09-27", "TIPO_DE_14": null, "DESIGNAC15": "OUTRAS", "LATITUDE16": "-3.851425", "LONGITUD17": "-38.489793", "OBS18": "COORDENADAS APROXIMADAS", "CONTAGEM19": "1" }, "geometry": { "type": "Point", "coordinates": [ -38.489793, -3.851425 ] } },
{ "type": "Feature", "properties": { "ID0": "167", "NOME_USP1": "FUNDAÇÃO ESPÍRITA MARIA DE NAZARÉ", "NOME_UG2": "INSTITUTO DE DESENVOLVIMENTO E SOLIDARIEDADE", "TIPO3": "FORMAL", "LOTE4": "LOTE 7", "ENDERECO5": "RUA ATAULFO ALVES", "NUMERO6": "829", "BAIRRO_L7": "JARDIM DAS OLIVEIRAS", "DISTRITO8": "FORTALEZA", "MUNICIPI9": "FORTALEZA", "CEP10": "60821-460", "REGIAO_D11": "GRANDE FORTALEZA", "SETOR_IB12": "URBANA", "DATA_DE_13": "2023-09-28", "TIPO_DE_14": "CAGECE - COMPANHIA DE ÁGUA E ESGOTO DO ESTADO DO CEARÁ", "DESIGNAC15": "RELIGIOSA", "LATITUDE16": "-3.787884", "LONGITUD17": "-38.498287", "OBS18": "COORDENADAS APROXIMADAS", "CONTAGEM19": "1" }, "geometry": { "type": "Point", "coordinates": [ -38.498287, -3.787884 ] } },
{ "type": "Feature", "properties": { "ID0": "168", "NOME_USP1": "FUNDAÇÃO MARCOS DE BRUIN", "NOME_UG2": "INSTITUTO DE DESENVOLVIMENTO E SOLIDARIEDADE", "TIPO3": "FORMAL", "LOTE4": "LOTE 7", "ENDERECO5": "RUA HERMÍNIO BARROSO", "NUMERO6": "860", "BAIRRO_L7": "AEROLÂNDIA", "DISTRITO8": "FORTALEZA", "MUNICIPI9": "FORTALEZA", "CEP10": "60851-640", "REGIAO_D11": "GRANDE FORTALEZA", "SETOR_IB12": "URBANA", "DATA_DE_13": "2023-11-06", "TIPO_DE_14": "CAGECE - COMPANHIA DE ÁGUA E ESGOTO DO ESTADO DO CEARÁ", "DESIGNAC15": "FUNDAÇÃO", "LATITUDE16": "-3.76331", "LONGITUD17": "-38.510182", "OBS18": "COORDENADAS APROXIMADAS", "CONTAGEM19": "1" }, "geometry": { "type": "Point", "coordinates": [ -38.510182, -3.76331 ] } },
{ "type": "Feature", "properties": { "ID0": "169", "NOME_USP1": "LIGA ESPORTIVA", "NOME_UG2": "INSTITUTO DE DESENVOLVIMENTO E SOLIDARIEDADE", "TIPO3": "INFORMAL", "LOTE4": "LOTE 7", "ENDERECO5": "RUA FRANCISCO VASCONCELOS DE ARRUDA", "NUMERO6": "996", "BAIRRO_L7": "JARDIM DAS OLIVEIRAS", "DISTRITO8": "FORTALEZA", "MUNICIPI9": "FORTALEZA", "CEP10": "60821-220", "REGIAO_D11": "GRANDE FORTALEZA", "SETOR_IB12": "URBANA", "DATA_DE_13": "2023-09-25", "TIPO_DE_14": "CAGECE - COMPANHIA DE ÁGUA E ESGOTO DO ESTADO DO CEARÁ", "DESIGNAC15": "OUTRAS", "LATITUDE16": "-3.784286", "LONGITUD17": "-38.502128", "OBS18": "COORDENADAS APROXIMADAS", "CONTAGEM19": "1" }, "geometry": { "type": "Point", "coordinates": [ -38.502128, -3.784286 ] } },
{ "type": "Feature", "properties": { "ID0": "171", "NOME_USP1": "ONG FONTE DA VIDA", "NOME_UG2": "INSTITUTO DE DESENVOLVIMENTO E SOLIDARIEDADE", "TIPO3": "INFORMAL", "LOTE4": "LOTE 7", "ENDERECO5": "RUA JOSÉ BONFIM JÚNIOR", "NUMERO6": "953", "BAIRRO_L7": "LAGOA REDONDA", "DISTRITO8": "FORTALEZA", "MUNICIPI9": "FORTALEZA", "CEP10": "60831-260", "REGIAO_D11": "GRANDE FORTALEZA", "SETOR_IB12": "URBANA", "DATA_DE_13": "2023-09-26", "TIPO_DE_14": "CAGECE - COMPANHIA DE ÁGUA E ESGOTO DO ESTADO DO CEARÁ", "DESIGNAC15": "ONG", "LATITUDE16": "-3.826184", "LONGITUD17": "-38.472435", "OBS18": "COORDENADAS APROXIMADAS", "CONTAGEM19": "1" }, "geometry": { "type": "Point", "coordinates": [ -38.472435, -3.826184 ] } },
{ "type": "Feature", "properties": { "ID0": "172", "NOME_USP1": "PROJETO COZINHA SOLIDÁRIA - AMIGOS DO XEXÊ", "NOME_UG2": "INSTITUTO DE DESENVOLVIMENTO E SOLIDARIEDADE", "TIPO3": "INFORMAL", "LOTE4": "LOTE 7", "ENDERECO5": "RUA B", "NUMERO6": "29", "BAIRRO_L7": "LUCIANO CAVALCANTE", "DISTRITO8": "FORTALEZA", "MUNICIPI9": "FORTALEZA", "CEP10": "60810-670", "REGIAO_D11": "GRANDE FORTALEZA", "SETOR_IB12": "URBANA", "DATA_DE_13": "2023-09-25", "TIPO_DE_14": "CAGECE - COMPANHIA DE ÁGUA E ESGOTO DO ESTADO DO CEARÁ", "DESIGNAC15": "OUTRAS", "LATITUDE16": "-3.846661", "LONGITUD17": "-38.505178", "OBS18": "COORDENADAS APROXIMADAS", "CONTAGEM19": "1" }, "geometry": { "type": "Point", "coordinates": [ -38.505178, -3.846661 ] } },
{ "type": "Feature", "properties": { "ID0": "173", "NOME_USP1": "SAO MIGUEL SEM FOME", "NOME_UG2": "INSTITUTO DE DESENVOLVIMENTO E SOLIDARIEDADE", "TIPO3": "INFORMAL", "LOTE4": "LOTE 7", "ENDERECO5": "RUA LOURDES VIDAL ALVES", "NUMERO6": "502", "BAIRRO_L7": "LAGOA REDONDA", "DISTRITO8": "FORTALEZA", "MUNICIPI9": "FORTALEZA", "CEP10": "60831-160", "REGIAO_D11": "GRANDE FORTALEZA", "SETOR_IB12": "URBANA", "DATA_DE_13": "2023-09-27", "TIPO_DE_14": null, "DESIGNAC15": "ASSOCIAÇÃO", "LATITUDE16": "-3.822701", "LONGITUD17": "-38.472836", "OBS18": "COORDENADAS APROXIMADAS", "CONTAGEM19": "1" }, "geometry": { "type": "Point", "coordinates": [ -38.472836, -3.822701 ] } },
{ "type": "Feature", "properties": { "ID0": "174", "NOME_USP1": "SOL PARA TODOS", "NOME_UG2": "INSTITUTO DE DESENVOLVIMENTO E SOLIDARIEDADE", "TIPO3": "INFORMAL", "LOTE4": "LOTE 7", "ENDERECO5": "RUA SÃO TOMÁS ST50", "NUMERO6": "0", "BAIRRO_L7": "PAUPINA", "DISTRITO8": "FORTALEZA", "MUNICIPI9": "FORTALEZA", "CEP10": "60875-792", "REGIAO_D11": "GRANDE FORTALEZA", "SETOR_IB12": "URBANA", "DATA_DE_13": "2023-09-26", "TIPO_DE_14": "CAGECE - COMPANHIA DE ÁGUA E ESGOTO DO ESTADO DO CEARÁ", "DESIGNAC15": "ASSOCIAÇÃO", "LATITUDE16": "-3.84685", "LONGITUD17": "-38.481309", "OBS18": "COORDENADAS APROXIMADAS", "CONTAGEM19": "1" }, "geometry": { "type": "Point", "coordinates": [ -38.481309, -3.84685 ] } },
{ "type": "Feature", "properties": { "ID0": "175", "NOME_USP1": "ALMOÇO SOLIDÁRIO DO PLANALTO AYRTON SENNA", "NOME_UG2": "ASSOCIAÇÃO DOS MORADORES DO CONJUNTO TANCREDO NEVES", "TIPO3": "INFORMAL", "LOTE4": "LOTE 8", "ENDERECO5": "RUA RIBEIRÃO BONITO", "NUMERO6": "1359", "BAIRRO_L7": "PLANALTO AYRTON SENNA", "DISTRITO8": "FORTALEZA", "MUNICIPI9": "FORTALEZA", "CEP10": "60760-460", "REGIAO_D11": "GRANDE FORTALEZA", "SETOR_IB12": "URBANA", "DATA_DE_13": "2023-09-21", "TIPO_DE_14": "CAGECE - COMPANHIA DE ÁGUA E ESGOTO DO ESTADO DO CEARÁ", "DESIGNAC15": "OUTRAS", "LATITUDE16": "-3.832183", "LONGITUD17": "-38.567943", "OBS18": "COORDENADAS APROXIMADAS", "CONTAGEM19": "1" }, "geometry": { "type": "Point", "coordinates": [ -38.567943, -3.832183 ] } },
{ "type": "Feature", "properties": { "ID0": "176", "NOME_USP1": "ASSEMBLEIA DO DEUS VIVO", "NOME_UG2": "ASSOCIAÇÃO DOS MORADORES DO CONJUNTO TANCREDO NEVES", "TIPO3": "INFORMAL", "LOTE4": "LOTE 8", "ENDERECO5": "RUA TAQUARA", "NUMERO6": "25", "BAIRRO_L7": "PREFEITO JOSÉ WALTER", "DISTRITO8": "FORTALEZA", "MUNICIPI9": "FORTALEZA", "CEP10": "60760-160", "REGIAO_D11": "GRANDE FORTALEZA", "SETOR_IB12": "URBANA", "DATA_DE_13": "2023-09-20", "TIPO_DE_14": "CAGECE - COMPANHIA DE ÁGUA E ESGOTO DO ESTADO DO CEARÁ", "DESIGNAC15": "ONG", "LATITUDE16": "-3.83891", "LONGITUD17": "-38.564604", "OBS18": "COORDENADAS APROXIMADAS", "CONTAGEM19": "1" }, "geometry": { "type": "Point", "coordinates": [ -38.564604, -3.83891 ] } },
{ "type": "Feature", "properties": { "ID0": "177", "NOME_USP1": "CASA OGUM IARA", "NOME_UG2": "ASSOCIAÇÃO DOS MORADORES DO CONJUNTO TANCREDO NEVES", "TIPO3": "FORMAL", "LOTE4": "LOTE 8", "ENDERECO5": "RUA GIOVANNI BATISTA MONTINI", "NUMERO6": "506", "BAIRRO_L7": "PARQUE DOIS IRMÃOS", "DISTRITO8": "FORTALEZA", "MUNICIPI9": "FORTALEZA", "CEP10": "60861-380", "REGIAO_D11": "GRANDE FORTALEZA", "SETOR_IB12": "URBANA", "DATA_DE_13": "2023-09-25", "TIPO_DE_14": "CAGECE - COMPANHIA DE ÁGUA E ESGOTO DO ESTADO DO CEARÁ", "DESIGNAC15": "RELIGIOSA", "LATITUDE16": "-3.815882", "LONGITUD17": "-38.542737", "OBS18": "COORDENADAS APROXIMADAS", "CONTAGEM19": "1" }, "geometry": { "type": "Point", "coordinates": [ -38.542737, -3.815882 ] } },
{ "type": "Feature", "properties": { "ID0": "178", "NOME_USP1": "COZINHA SOLIDÁRIA DONA ROSA BIZERRA", "NOME_UG2": "ASSOCIAÇÃO DOS MORADORES DO CONJUNTO TANCREDO NEVES", "TIPO3": "INFORMAL", "LOTE4": "LOTE 8", "ENDERECO5": "RUA TORRES DE MELO", "NUMERO6": "267", "BAIRRO_L7": "DIAS MACEDO", "DISTRITO8": "FORTALEZA", "MUNICIPI9": "FORTALEZA", "CEP10": "60860-370", "REGIAO_D11": "GRANDE FORTALEZA", "SETOR_IB12": "URBANA", "DATA_DE_13": "2023-10-20", "TIPO_DE_14": "CAGECE - COMPANHIA DE ÁGUA E ESGOTO DO ESTADO DO CEARÁ", "DESIGNAC15": "ASSOCIAÇÃO", "LATITUDE16": "-3.785635", "LONGITUD17": "-38.520819", "OBS18": "COORDENADAS APROXIMADAS", "CONTAGEM19": "1" }, "geometry": { "type": "Point", "coordinates": [ -38.520819, -3.785635 ] } },
{ "type": "Feature", "properties": { "ID0": "179", "NOME_USP1": "ASSOCIAÇÃO DE DESENVOLVIMENTO SOCIAL E COMUNITÁRIO DO JOSÉ WALTER", "NOME_UG2": "ASSOCIAÇÃO DOS MORADORES DO CONJUNTO TANCREDO NEVES", "TIPO3": "FORMAL", "LOTE4": "LOTE 8", "ENDERECO5": "AVENIDA F", "NUMERO6": "570", "BAIRRO_L7": "PREFEITO JOSÉ WALTER", "DISTRITO8": "FORTALEZA", "MUNICIPI9": "FORTALEZA", "CEP10": "60750-050", "REGIAO_D11": "GRANDE FORTALEZA", "SETOR_IB12": "URBANA", "DATA_DE_13": "2023-09-27", "TIPO_DE_14": "CAGECE - COMPANHIA DE ÁGUA E ESGOTO DO ESTADO DO CEARÁ", "DESIGNAC15": "ASSOCIAÇÃO", "LATITUDE16": "-3.834961", "LONGITUD17": "-38.559226", "OBS18": "COORDENADAS APROXIMADAS", "CONTAGEM19": "1" }, "geometry": { "type": "Point", "coordinates": [ -38.559226, -3.834961 ] } },
{ "type": "Feature", "properties": { "ID0": "180", "NOME_USP1": "ASSOCIAÇÃO DE MORADORES DO BAIRRO DA SERRINHA", "NOME_UG2": "ASSOCIAÇÃO DOS MORADORES DO CONJUNTO TANCREDO NEVES", "TIPO3": "FORMAL", "LOTE4": "LOTE 8", "ENDERECO5": "RUA SANTIAGO", "NUMERO6": "359", "BAIRRO_L7": "SERRINHA", "DISTRITO8": "FORTALEZA", "MUNICIPI9": "FORTALEZA", "CEP10": "60741-510", "REGIAO_D11": "GRANDE FORTALEZA", "SETOR_IB12": "URBANA", "DATA_DE_13": "2023-09-22", "TIPO_DE_14": "CAGECE - COMPANHIA DE ÁGUA E ESGOTO DO ESTADO DO CEARÁ", "DESIGNAC15": "ASSOCIAÇÃO", "LATITUDE16": "-3.786145", "LONGITUD17": "-38.545841", "OBS18": "COORDENADAS APROXIMADAS", "CONTAGEM19": "1" }, "geometry": { "type": "Point", "coordinates": [ -38.545841, -3.786145 ] } },
{ "type": "Feature", "properties": { "ID0": "181", "NOME_USP1": "ASSOCIAÇÃO DE MORADORES DO CONJUNTO RESIDENCIAL VENEZA TROPICAL", "NOME_UG2": "ASSOCIAÇÃO DOS MORADORES DO CONJUNTO TANCREDO NEVES", "TIPO3": "FORMAL", "LOTE4": "LOTE 8", "ENDERECO5": "RUA E", "NUMERO6": "400", "BAIRRO_L7": "PARQUE DOIS IRMÃOS", "DISTRITO8": "FORTALEZA", "MUNICIPI9": "FORTALEZA", "CEP10": "60743-170", "REGIAO_D11": "GRANDE FORTALEZA", "SETOR_IB12": "URBANA", "DATA_DE_13": "2023-09-26", "TIPO_DE_14": "CAGECE - COMPANHIA DE ÁGUA E ESGOTO DO ESTADO DO CEARÁ", "DESIGNAC15": "ASSOCIAÇÃO", "LATITUDE16": "-3.799309", "LONGITUD17": "-38.542193", "OBS18": "COORDENADAS APROXIMADAS", "CONTAGEM19": "1" }, "geometry": { "type": "Point", "coordinates": [ -38.542193, -3.799309 ] } },
{ "type": "Feature", "properties": { "ID0": "183", "NOME_USP1": "BARRIGA CHEIA", "NOME_UG2": "ASSOCIAÇÃO DOS MORADORES DO CONJUNTO TANCREDO NEVES", "TIPO3": "INFORMAL", "LOTE4": "LOTE 8", "ENDERECO5": "RUA 85", "NUMERO6": "690", "BAIRRO_L7": "PREFEITO JOSÉ WALTER", "DISTRITO8": "FORTALEZA", "MUNICIPI9": "FORTALEZA", "CEP10": "60751-060", "REGIAO_D11": "GRANDE FORTALEZA", "SETOR_IB12": "URBANA", "DATA_DE_13": "2023-09-26", "TIPO_DE_14": "CAGECE - COMPANHIA DE ÁGUA E ESGOTO DO ESTADO DO CEARÁ", "DESIGNAC15": "OUTRAS", "LATITUDE16": "-3.832492", "LONGITUD17": "-38.552985", "OBS18": "COORDENADAS APROXIMADAS", "CONTAGEM19": "1" }, "geometry": { "type": "Point", "coordinates": [ -38.552985, -3.832492 ] } },
{ "type": "Feature", "properties": { "ID0": "184", "NOME_USP1": "COMUNIDADE DO CAL", "NOME_UG2": "ASSOCIAÇÃO DOS MORADORES DO CONJUNTO TANCREDO NEVES", "TIPO3": "INFORMAL", "LOTE4": "LOTE 8", "ENDERECO5": "RUA N", "NUMERO6": "328", "BAIRRO_L7": "PASSARÉ", "DISTRITO8": "FORTALEZA", "MUNICIPI9": "FORTALEZA", "CEP10": "60862-450", "REGIAO_D11": "GRANDE FORTALEZA", "SETOR_IB12": "URBANA", "DATA_DE_13": "2023-09-25", "TIPO_DE_14": "CAGECE - COMPANHIA DE ÁGUA E ESGOTO DO ESTADO DO CEARÁ", "DESIGNAC15": "OUTRAS", "LATITUDE16": "-3.718712", "LONGITUD17": "-38.602917", "OBS18": "COORDENADAS APROXIMADAS", "CONTAGEM19": "1" }, "geometry": { "type": "Point", "coordinates": [ -38.602917, -3.718712 ] } },
{ "type": "Feature", "properties": { "ID0": "185", "NOME_USP1": "COZINHA SOLIDÁRIA NOVO AMANHECER", "NOME_UG2": "ASSOCIAÇÃO DOS MORADORES DO CONJUNTO TANCREDO NEVES", "TIPO3": "INFORMAL", "LOTE4": "LOTE 8", "ENDERECO5": "RUA PROFESSOR NELSON ALVES", "NUMERO6": "310", "BAIRRO_L7": "DIAS MACEDO", "DISTRITO8": "FORTALEZA", "MUNICIPI9": "FORTALEZA", "CEP10": "60860-730", "REGIAO_D11": "GRANDE FORTALEZA", "SETOR_IB12": "URBANA", "DATA_DE_13": "2023-09-22", "TIPO_DE_14": "CAGECE - COMPANHIA DE ÁGUA E ESGOTO DO ESTADO DO CEARÁ", "DESIGNAC15": "OUTRAS", "LATITUDE16": "-3.790347", "LONGITUD17": "-38.516416", "OBS18": "COORDENADAS APROXIMADAS", "CONTAGEM19": "1" }, "geometry": { "type": "Point", "coordinates": [ -38.516416, -3.790347 ] } },
{ "type": "Feature", "properties": { "ID0": "186", "NOME_USP1": "CONSTRUINDO COM AMOR", "NOME_UG2": "ASSOCIAÇÃO DOS MORADORES DO CONJUNTO TANCREDO NEVES", "TIPO3": "INFORMAL", "LOTE4": "LOTE 8", "ENDERECO5": "RUA 89", "NUMERO6": "1001", "BAIRRO_L7": "PREFEITO JOSÉ WALTER", "DISTRITO8": "FORTALEZA", "MUNICIPI9": "FORTALEZA", "CEP10": "60751-080", "REGIAO_D11": "GRANDE FORTALEZA", "SETOR_IB12": "URBANA", "DATA_DE_13": "2023-09-22", "TIPO_DE_14": "CAGECE - COMPANHIA DE ÁGUA E ESGOTO DO ESTADO DO CEARÁ", "DESIGNAC15": "OUTRAS", "LATITUDE16": "-3.840909", "LONGITUD17": "-38.557189", "OBS18": "COORDENADAS APROXIMADAS", "CONTAGEM19": "1" }, "geometry": { "type": "Point", "coordinates": [ -38.557189, -3.840909 ] } },
{ "type": "Feature", "properties": { "ID0": "187", "NOME_USP1": "COZINHA COMUNTÁRIA DO SOBRAL", "NOME_UG2": "ASSOCIAÇÃO DOS MORADORES DO CONJUNTO TANCREDO NEVES", "TIPO3": "INFORMAL", "LOTE4": "LOTE 8", "ENDERECO5": "RUA RUBENS TELES DE MENEZES", "NUMERO6": "50", "BAIRRO_L7": "PASSARÉ", "DISTRITO8": "FORTALEZA", "MUNICIPI9": "FORTALEZA", "CEP10": "60862-015", "REGIAO_D11": "GRANDE FORTALEZA", "SETOR_IB12": "URBANA", "DATA_DE_13": "2023-09-29", "TIPO_DE_14": null, "DESIGNAC15": "OUTRAS", "LATITUDE16": "-3.811242", "LONGITUD17": "-38.516732", "OBS18": "COORDENADAS APROXIMADAS", "CONTAGEM19": "1" }, "geometry": { "type": "Point", "coordinates": [ -38.516732, -3.811242 ] } },
{ "type": "Feature", "properties": { "ID0": "188", "NOME_USP1": "COZINHA DA PROSPERIDADE", "NOME_UG2": "ASSOCIAÇÃO DOS MORADORES DO CONJUNTO TANCREDO NEVES", "TIPO3": "INFORMAL", "LOTE4": "LOTE 8", "ENDERECO5": "AVENIDA G", "NUMERO6": "660", "BAIRRO_L7": "PREFEITO JOSÉ WALTER", "DISTRITO8": "FORTALEZA", "MUNICIPI9": "FORTALEZA", "CEP10": "60750-060", "REGIAO_D11": "GRANDE FORTALEZA", "SETOR_IB12": "URBANA", "DATA_DE_13": "2023-12-29", "TIPO_DE_14": "CAGECE - COMPANHIA DE ÁGUA E ESGOTO DO ESTADO DO CEARÁ", "DESIGNAC15": null, "LATITUDE16": "-3.837325", "LONGITUD17": "-38.560238", "OBS18": "COORDENADAS APROXIMADAS", "CONTAGEM19": "1" }, "geometry": { "type": "Point", "coordinates": [ -38.560238, -3.837325 ] } },
{ "type": "Feature", "properties": { "ID0": "189", "NOME_USP1": "COZINHA DO BEM PARA O BEM PARQUE DOIS IRMÃOS", "NOME_UG2": "ASSOCIAÇÃO DOS MORADORES DO CONJUNTO TANCREDO NEVES", "TIPO3": "INFORMAL", "LOTE4": "LOTE 8", "ENDERECO5": "RUA AFONSO LOPES", "NUMERO6": "1459", "BAIRRO_L7": "PARQUE DOIS IRMÃOS", "DISTRITO8": "FORTALEZA", "MUNICIPI9": "FORTALEZA", "CEP10": "60743-218", "REGIAO_D11": "GRANDE FORTALEZA", "SETOR_IB12": "URBANA", "DATA_DE_13": "2023-09-21", "TIPO_DE_14": "CAGECE - COMPANHIA DE ÁGUA E ESGOTO DO ESTADO DO CEARÁ", "DESIGNAC15": "RELIGIOSA", "LATITUDE16": "-3.80094", "LONGITUD17": "-38.550421", "OBS18": "COORDENADAS APROXIMADAS", "CONTAGEM19": "1" }, "geometry": { "type": "Point", "coordinates": [ -38.550421, -3.80094 ] } },
{ "type": "Feature", "properties": { "ID0": "190", "NOME_USP1": "COZINHA DO BEM PARA O BEM PASSARÉ", "NOME_UG2": "ASSOCIAÇÃO DOS MORADORES DO CONJUNTO TANCREDO NEVES", "TIPO3": "INFORMAL", "LOTE4": "LOTE 8", "ENDERECO5": "RUA DAS AROEIRAS", "NUMERO6": "290", "BAIRRO_L7": "PASSARÉ", "DISTRITO8": "FORTALEZA", "MUNICIPI9": "FORTALEZA", "CEP10": "60743-820", "REGIAO_D11": "GRANDE FORTALEZA", "SETOR_IB12": "URBANA", "DATA_DE_13": "2023-09-25", "TIPO_DE_14": "CAGECE - COMPANHIA DE ÁGUA E ESGOTO DO ESTADO DO CEARÁ", "DESIGNAC15": "ASSOCIAÇÃO", "LATITUDE16": "-3.810308", "LONGITUD17": "-38.539088", "OBS18": "COORDENADAS APROXIMADAS", "CONTAGEM19": "1" }, "geometry": { "type": "Point", "coordinates": [ -38.539088, -3.810308 ] } },
{ "type": "Feature", "properties": { "ID0": "191", "NOME_USP1": "COZINHA POPULAR 17 DE ABRIL", "NOME_UG2": "ASSOCIAÇÃO DOS MORADORES DO CONJUNTO TANCREDO NEVES", "TIPO3": "INFORMAL", "LOTE4": "LOTE 8", "ENDERECO5": "RUA C CONDOMÍNIO 5 BLOCO 4", "NUMERO6": "90", "BAIRRO_L7": "PREFEITO JOSÉ WALTER", "DISTRITO8": "FORTALEZA", "MUNICIPI9": "FORTALEZA", "CEP10": "60748-263", "REGIAO_D11": "GRANDE FORTALEZA", "SETOR_IB12": "URBANA", "DATA_DE_13": "2023-09-26", "TIPO_DE_14": "CAGECE - COMPANHIA DE ÁGUA E ESGOTO DO ESTADO DO CEARÁ", "DESIGNAC15": "OUTRAS", "LATITUDE16": "-3.833773", "LONGITUD17": "-38.551182", "OBS18": "COORDENADAS APROXIMADAS", "CONTAGEM19": "1" }, "geometry": { "type": "Point", "coordinates": [ -38.551182, -3.833773 ] } },
{ "type": "Feature", "properties": { "ID0": "192", "NOME_USP1": "COZINHA POPULAR DA ROSALINA", "NOME_UG2": "ASSOCIAÇÃO DOS MORADORES DO CONJUNTO TANCREDO NEVES", "TIPO3": "INFORMAL", "LOTE4": "LOTE 8", "ENDERECO5": "RUA 101", "NUMERO6": "1275", "BAIRRO_L7": "PARQUE DOIS IRMÃOS", "DISTRITO8": "FORTALEZA", "MUNICIPI9": "FORTALEZA", "CEP10": "60744-390", "REGIAO_D11": "GRANDE FORTALEZA", "SETOR_IB12": "URBANA", "DATA_DE_13": "2023-11-27", "TIPO_DE_14": "CAGECE - COMPANHIA DE ÁGUA E ESGOTO DO ESTADO DO CEARÁ", "DESIGNAC15": "OUTRAS", "LATITUDE16": "-3.805891", "LONGITUD17": "-38.5471", "OBS18": "COORDENADAS APROXIMADAS", "CONTAGEM19": "1" }, "geometry": { "type": "Point", "coordinates": [ -38.5471, -3.805891 ] } },
{ "type": "Feature", "properties": { "ID0": "193", "NOME_USP1": "COZINHA POPULAR DA SERRINHA", "NOME_UG2": "ASSOCIAÇÃO DOS MORADORES DO CONJUNTO TANCREDO NEVES", "TIPO3": "INFORMAL", "LOTE4": "LOTE 8", "ENDERECO5": "RUA AMÉRICO VESPÚCIO", "NUMERO6": "769", "BAIRRO_L7": "SERRINHA", "DISTRITO8": "FORTALEZA", "MUNICIPI9": "FORTALEZA", "CEP10": "60741-145", "REGIAO_D11": "GRANDE FORTALEZA", "SETOR_IB12": "URBANA", "DATA_DE_13": "2023-09-25", "TIPO_DE_14": "CAGECE - COMPANHIA DE ÁGUA E ESGOTO DO ESTADO DO CEARÁ", "DESIGNAC15": "OUTRAS", "LATITUDE16": "-3.785564", "LONGITUD17": "-38.549305", "OBS18": "COORDENADAS APROXIMADAS", "CONTAGEM19": "1" }, "geometry": { "type": "Point", "coordinates": [ -38.549305, -3.785564 ] } },
{ "type": "Feature", "properties": { "ID0": "194", "NOME_USP1": "COZINHA POPULART - BRILHO DO CEARÁ", "NOME_UG2": "ASSOCIAÇÃO DOS MORADORES DO CONJUNTO TANCREDO NEVES", "TIPO3": "INFORMAL", "LOTE4": "LOTE 8", "ENDERECO5": "RUA 69", "NUMERO6": "10", "BAIRRO_L7": "PREFEITO JOSÉ WALTER", "DISTRITO8": "FORTALEZA", "MUNICIPI9": "FORTALEZA", "CEP10": "60750-830", "REGIAO_D11": "GRANDE FORTALEZA", "SETOR_IB12": "URBANA", "DATA_DE_13": "2023-09-26", "TIPO_DE_14": "CAGECE - COMPANHIA DE ÁGUA E ESGOTO DO ESTADO DO CEARÁ", "DESIGNAC15": "OUTRAS", "LATITUDE16": "-3.82953", "LONGITUD17": "-38.554249", "OBS18": "COORDENADAS APROXIMADAS", "CONTAGEM19": "1" }, "geometry": { "type": "Point", "coordinates": [ -38.554249, -3.82953 ] } },
{ "type": "Feature", "properties": { "ID0": "195", "NOME_USP1": "COZINHA REVELAÇÃO", "NOME_UG2": "ASSOCIAÇÃO DOS MORADORES DO CONJUNTO TANCREDO NEVES", "TIPO3": "INFORMAL", "LOTE4": "LOTE 8", "ENDERECO5": "AVENIDA N", "NUMERO6": "2031", "BAIRRO_L7": "PREFEITO JOSÉ WALTER", "DISTRITO8": "FORTALEZA", "MUNICIPI9": "FORTALEZA", "CEP10": "60750-130", "REGIAO_D11": "GRANDE FORTALEZA", "SETOR_IB12": "URBANA", "DATA_DE_13": "2023-09-21", "TIPO_DE_14": "CAGECE - COMPANHIA DE ÁGUA E ESGOTO DO ESTADO DO CEARÁ", "DESIGNAC15": "OUTRAS", "LATITUDE16": "-3.833344", "LONGITUD17": "-38.550286", "OBS18": "COORDENADAS APROXIMADAS", "CONTAGEM19": "1" }, "geometry": { "type": "Point", "coordinates": [ -38.550286, -3.833344 ] } },
{ "type": "Feature", "properties": { "ID0": "196", "NOME_USP1": "COZINHA SOLIDÁRIA MARIA DE LOURDES", "NOME_UG2": "ASSOCIAÇÃO DOS MORADORES DO CONJUNTO TANCREDO NEVES", "TIPO3": "INFORMAL", "LOTE4": "LOTE 8", "ENDERECO5": "RUA G", "NUMERO6": "60", "BAIRRO_L7": "PARQUE DOIS IRMÃOS", "DISTRITO8": "FORTALEZA", "MUNICIPI9": "FORTALEZA", "CEP10": "60743-190", "REGIAO_D11": "GRANDE FORTALEZA", "SETOR_IB12": "URBANA", "DATA_DE_13": "2023-09-20", "TIPO_DE_14": "CAGECE - COMPANHIA DE ÁGUA E ESGOTO DO ESTADO DO CEARÁ", "DESIGNAC15": "OUTRAS", "LATITUDE16": "-3.800537", "LONGITUD17": "-38.550057", "OBS18": "COORDENADAS APROXIMADAS", "CONTAGEM19": "1" }, "geometry": { "type": "Point", "coordinates": [ -38.550057, -3.800537 ] } },
{ "type": "Feature", "properties": { "ID0": "197", "NOME_USP1": "COZINHA SOLIDÁRIA SÃO JORGE GUERREIRO", "NOME_UG2": "ASSOCIAÇÃO DOS MORADORES DO CONJUNTO TANCREDO NEVES", "TIPO3": "INFORMAL", "LOTE4": "LOTE 8", "ENDERECO5": "RUA 16", "NUMERO6": "104", "BAIRRO_L7": "PREFEITO JOSÉ WALTER", "DISTRITO8": "FORTALEZA", "MUNICIPI9": "FORTALEZA", "CEP10": "60748-445", "REGIAO_D11": "GRANDE FORTALEZA", "SETOR_IB12": "URBANA", "DATA_DE_13": "2023-09-21", "TIPO_DE_14": "CAGECE - COMPANHIA DE ÁGUA E ESGOTO DO ESTADO DO CEARÁ", "DESIGNAC15": "OUTRAS", "LATITUDE16": "-3.832492", "LONGITUD17": "-38.552985", "OBS18": "COORDENADAS APROXIMADAS", "CONTAGEM19": "1" }, "geometry": { "type": "Point", "coordinates": [ -38.552985, -3.832492 ] } },
{ "type": "Feature", "properties": { "ID0": "198", "NOME_USP1": "DEUS NO CONTROLE DE TUDO", "NOME_UG2": "ASSOCIAÇÃO DOS MORADORES DO CONJUNTO TANCREDO NEVES", "TIPO3": "INFORMAL", "LOTE4": "LOTE 8", "ENDERECO5": "TRAVESSA 10", "NUMERO6": "3655", "BAIRRO_L7": "PASSARÉ", "DISTRITO8": "FORTALEZA", "MUNICIPI9": "FORTALEZA", "CEP10": "60867-498", "REGIAO_D11": "GRANDE FORTALEZA", "SETOR_IB12": "URBANA", "DATA_DE_13": "2023-09-25", "TIPO_DE_14": "CAGECE - COMPANHIA DE ÁGUA E ESGOTO DO ESTADO DO CEARÁ", "DESIGNAC15": "OUTRAS", "LATITUDE16": "-3.817423", "LONGITUD17": "-38.528272", "OBS18": "COORDENADAS APROXIMADAS", "CONTAGEM19": "1" }, "geometry": { "type": "Point", "coordinates": [ -38.528272, -3.817423 ] } },
{ "type": "Feature", "properties": { "ID0": "199", "NOME_USP1": "FAVELA CAMPO DO SOBRAL", "NOME_UG2": "ASSOCIAÇÃO DOS MORADORES DO CONJUNTO TANCREDO NEVES", "TIPO3": "INFORMAL", "LOTE4": "LOTE 8", "ENDERECO5": "RUA RUBENS TELES DE MENEZES", "NUMERO6": "356", "BAIRRO_L7": "PASSARÉ", "DISTRITO8": "FORTALEZA", "MUNICIPI9": "FORTALEZA", "CEP10": "60862-015", "REGIAO_D11": "GRANDE FORTALEZA", "SETOR_IB12": "URBANA", "DATA_DE_13": "2023-09-26", "TIPO_DE_14": "CAGECE - COMPANHIA DE ÁGUA E ESGOTO DO ESTADO DO CEARÁ", "DESIGNAC15": "FAVELA", "LATITUDE16": "-3.813092", "LONGITUD17": "-38.517223", "OBS18": "COORDENADAS APROXIMADAS", "CONTAGEM19": "1" }, "geometry": { "type": "Point", "coordinates": [ -38.517223, -3.813092 ] } },
{ "type": "Feature", "properties": { "ID0": "200", "NOME_USP1": "INSTITUTO DE EDUCAÇÃO ESPIRITA SOLAR DOS GIRASSOIS", "NOME_UG2": "ASSOCIAÇÃO DOS MORADORES DO CONJUNTO TANCREDO NEVES", "TIPO3": "FORMAL", "LOTE4": "LOTE 8", "ENDERECO5": "RUA R", "NUMERO6": "300", "BAIRRO_L7": "PREFEITO JOSÉ WALTER", "DISTRITO8": "FORTALEZA", "MUNICIPI9": "FORTALEZA", "CEP10": "60751-400", "REGIAO_D11": "GRANDE FORTALEZA", "SETOR_IB12": "URBANA", "DATA_DE_13": "2023-10-30", "TIPO_DE_14": "CAGECE - COMPANHIA DE ÁGUA E ESGOTO DO ESTADO DO CEARÁ", "DESIGNAC15": "INSTITUTO", "LATITUDE16": "-3.838347", "LONGITUD17": "-38.552942", "OBS18": "COORDENADAS APROXIMADAS", "CONTAGEM19": "1" }, "geometry": { "type": "Point", "coordinates": [ -38.552942, -3.838347 ] } },
{ "type": "Feature", "properties": { "ID0": "202", "NOME_USP1": "MULHERES DE LUTA NA PERIFERIA", "NOME_UG2": "ASSOCIAÇÃO DOS MORADORES DO CONJUNTO TANCREDO NEVES", "TIPO3": "INFORMAL", "LOTE4": "LOTE 8", "ENDERECO5": "AVENIDA B", "NUMERO6": "611", "BAIRRO_L7": "PREFEITO JOSÉ WALTER", "DISTRITO8": "FORTALEZA", "MUNICIPI9": "FORTALEZA", "CEP10": "60750-010", "REGIAO_D11": "GRANDE FORTALEZA", "SETOR_IB12": "URBANA", "DATA_DE_13": "2024-02-28", "TIPO_DE_14": "CAGECE - COMPANHIA DE ÁGUA E ESGOTO DO ESTADO DO CEARÁ", "DESIGNAC15": null, "LATITUDE16": "-3.833291", "LONGITUD17": "-38.554202", "OBS18": "COORDENADAS APROXIMADAS", "CONTAGEM19": "1" }, "geometry": { "type": "Point", "coordinates": [ -38.554202, -3.833291 ] } },
{ "type": "Feature", "properties": { "ID0": "203", "NOME_USP1": "ABRACE A ROSALINA", "NOME_UG2": "ASSOCIAÇÃO DOS MORADORES DO CONJUNTO TANCREDO NEVES", "TIPO3": "INFORMAL", "LOTE4": "LOTE 8", "ENDERECO5": "RUA EDUARDO PINHEIRO", "NUMERO6": "99", "BAIRRO_L7": "PARQUE DOIS IRMÃOS", "DISTRITO8": "FORTALEZA", "MUNICIPI9": "FORTALEZA", "CEP10": "60745-780", "REGIAO_D11": "GRANDE FORTALEZA", "SETOR_IB12": "URBANA", "DATA_DE_13": "2023-09-20", "TIPO_DE_14": "CAGECE - COMPANHIA DE ÁGUA E ESGOTO DO ESTADO DO CEARÁ", "DESIGNAC15": "OUTRAS", "LATITUDE16": "-3.804108", "LONGITUD17": "-38.54495", "OBS18": "COORDENADAS APROXIMADAS", "CONTAGEM19": "1" }, "geometry": { "type": "Point", "coordinates": [ -38.54495, -3.804108 ] } },
{ "type": "Feature", "properties": { "ID0": "204", "NOME_USP1": "INSTITUTO AQUELE 1%", "NOME_UG2": "ASSOCIAÇÃO DOS MORADORES DO CONJUNTO TANCREDO NEVES", "TIPO3": "FORMAL", "LOTE4": "LOTE 8", "ENDERECO5": "TRAVESSA OLHO D'ÁGUA", "NUMERO6": "207", "BAIRRO_L7": "PASSARÉ", "DISTRITO8": "FORTALEZA", "MUNICIPI9": "FORTALEZA", "CEP10": "60862-088", "REGIAO_D11": "GRANDE FORTALEZA", "SETOR_IB12": "URBANA", "DATA_DE_13": "2023-09-22", "TIPO_DE_14": "CAGECE - COMPANHIA DE ÁGUA E ESGOTO DO ESTADO DO CEARÁ", "DESIGNAC15": "PROJETO", "LATITUDE16": "-3.815528", "LONGITUD17": "-38.521411", "OBS18": "COORDENADAS APROXIMADAS", "CONTAGEM19": "1" }, "geometry": { "type": "Point", "coordinates": [ -38.521411, -3.815528 ] } },
{ "type": "Feature", "properties": { "ID0": "205", "NOME_USP1": "SERVINDO COM AMOR", "NOME_UG2": "ASSOCIAÇÃO DOS MORADORES DO CONJUNTO TANCREDO NEVES", "TIPO3": "INFORMAL", "LOTE4": "LOTE 8", "ENDERECO5": "RUA JUVENTUDE", "NUMERO6": "271", "BAIRRO_L7": "PLANALTO AYRTON SENNA", "DISTRITO8": "FORTALEZA", "MUNICIPI9": "FORTALEZA", "CEP10": "60766-140", "REGIAO_D11": "GRANDE FORTALEZA", "SETOR_IB12": "URBANA", "DATA_DE_13": "2023-09-21", "TIPO_DE_14": "CAGECE - COMPANHIA DE ÁGUA E ESGOTO DO ESTADO DO CEARÁ", "DESIGNAC15": "OUTRAS", "LATITUDE16": "-3.829626", "LONGITUD17": "-38.570003", "OBS18": "COORDENADAS APROXIMADAS", "CONTAGEM19": "1" }, "geometry": { "type": "Point", "coordinates": [ -38.570003, -3.829626 ] } },
{ "type": "Feature", "properties": { "ID0": "206", "NOME_USP1": "UNIÃO DE GRUPOS ARTÍSTICOS UGA", "NOME_UG2": "ASSOCIAÇÃO DOS MORADORES DO CONJUNTO TANCREDO NEVES", "TIPO3": "INFORMAL", "LOTE4": "LOTE 8", "ENDERECO5": "RUA IGUATU", "NUMERO6": "546", "BAIRRO_L7": "SERRINHA", "DISTRITO8": "FORTALEZA", "MUNICIPI9": "FORTALEZA", "CEP10": "60741-330", "REGIAO_D11": "GRANDE FORTALEZA", "SETOR_IB12": "URBANA", "DATA_DE_13": "2023-09-22", "TIPO_DE_14": "CAGECE - COMPANHIA DE ÁGUA E ESGOTO DO ESTADO DO CEARÁ", "DESIGNAC15": "OUTRAS", "LATITUDE16": "-3.782462", "LONGITUD17": "-38.54717", "OBS18": "COORDENADAS APROXIMADAS", "CONTAGEM19": "1" }, "geometry": { "type": "Point", "coordinates": [ -38.54717, -3.782462 ] } },
{ "type": "Feature", "properties": { "ID0": "207", "NOME_USP1": "AMIGOS DO PRATO", "NOME_UG2": "INSTITUTO DE ATIVISMO COMUNITÁRIO - REDE MOBILIZE", "TIPO3": "INFORMAL", "LOTE4": "LOTE 9", "ENDERECO5": "AV LUAR DO SERTÃO", "NUMERO6": "0", "BAIRRO_L7": "JANGURUSSU", "DISTRITO8": "FORTALEZA", "MUNICIPI9": "FORTALEZA", "CEP10": "60877-525", "REGIAO_D11": "GRANDE FORTALEZA", "SETOR_IB12": "URBANA", "DATA_DE_13": "2023-10-03", "TIPO_DE_14": "CAGECE - COMPANHIA DE ÁGUA E ESGOTO DO ESTADO DO CEARÁ", "DESIGNAC15": "OUTRAS", "LATITUDE16": "-3.858416", "LONGITUD17": "-38.511938", "OBS18": "COORDENADAS APROXIMADAS", "CONTAGEM19": "1" }, "geometry": { "type": "Point", "coordinates": [ -38.511938, -3.858416 ] } },
{ "type": "Feature", "properties": { "ID0": "208", "NOME_USP1": "ASSOCIAÇÃO COMUNITÁRIA DO CONJUNTO SITIO ESTRELA", "NOME_UG2": "INSTITUTO DE ATIVISMO COMUNITÁRIO - REDE MOBILIZE", "TIPO3": "FORMAL", "LOTE4": "LOTE 9", "ENDERECO5": "RUA MARIA JOSÉ P. JEREISSATI", "NUMERO6": "56", "BAIRRO_L7": "BARROSO", "DISTRITO8": "FORTALEZA", "MUNICIPI9": "FORTALEZA", "CEP10": "60863-485", "REGIAO_D11": "GRANDE FORTALEZA", "SETOR_IB12": "URBANA", "DATA_DE_13": "2023-09-21", "TIPO_DE_14": "CAGECE - COMPANHIA DE ÁGUA E ESGOTO DO ESTADO DO CEARÁ", "DESIGNAC15": "ASSOCIAÇÃO", "LATITUDE16": "-3.824828", "LONGITUD17": "-38.512656", "OBS18": "COORDENADAS APROXIMADAS", "CONTAGEM19": "1" }, "geometry": { "type": "Point", "coordinates": [ -38.512656, -3.824828 ] } },
{ "type": "Feature", "properties": { "ID0": "209", "NOME_USP1": "ASSOCIAÇÃO COMUNITÁRIA DO JARDIM VIOLETA", "NOME_UG2": "INSTITUTO DE ATIVISMO COMUNITÁRIO - REDE MOBILIZE", "TIPO3": "FORMAL", "LOTE4": "LOTE 9", "ENDERECO5": "RUA DAS FLORES", "NUMERO6": "940", "BAIRRO_L7": "CAJAZEIRAS", "DISTRITO8": "FORTALEZA", "MUNICIPI9": "FORTALEZA", "CEP10": "60864-510", "REGIAO_D11": "GRANDE FORTALEZA", "SETOR_IB12": "URBANA", "DATA_DE_13": "2023-10-09", "TIPO_DE_14": null, "DESIGNAC15": null, "LATITUDE16": "-3.812324", "LONGITUD17": "-38.509274", "OBS18": "COORDENADAS APROXIMADAS", "CONTAGEM19": "1" }, "geometry": { "type": "Point", "coordinates": [ -38.509274, -3.812324 ] } },
{ "type": "Feature", "properties": { "ID0": "210", "NOME_USP1": "ASSOCIAÇÃO COMUNITÁRIA EM BUSCA DOS DIREITOS E CRESCIMENTO SOCIAL DOS BAIRROS E DAS FEIRAS LIVRES FORTALEZA - ACEDICSOF", "NOME_UG2": "INSTITUTO DE ATIVISMO COMUNITÁRIO - REDE MOBILIZE", "TIPO3": "FORMAL", "LOTE4": "LOTE 9", "ENDERECO5": "RUA JOSÉ DO CRATO", "NUMERO6": "203", "BAIRRO_L7": "CONJUNTO PALMEIRAS", "DISTRITO8": "FORTALEZA", "MUNICIPI9": "FORTALEZA", "CEP10": "60870-175", "REGIAO_D11": "GRANDE FORTALEZA", "SETOR_IB12": "URBANA", "DATA_DE_13": "2023-10-02", "TIPO_DE_14": "CAGECE - COMPANHIA DE ÁGUA E ESGOTO DO ESTADO DO CEARÁ", "DESIGNAC15": "ASSOCIAÇÃO", "LATITUDE16": "-3.836468", "LONGITUD17": "-38.52834", "OBS18": "COORDENADAS APROXIMADAS", "CONTAGEM19": "1" }, "geometry": { "type": "Point", "coordinates": [ -38.52834, -3.836468 ] } },
{ "type": "Feature", "properties": { "ID0": "211", "NOME_USP1": "ASSOCIAÇÃO DAS MÃES VIGILANTES DO JANGURUSSU", "NOME_UG2": "INSTITUTO DE ATIVISMO COMUNITÁRIO - REDE MOBILIZE", "TIPO3": "INFORMAL", "LOTE4": "LOTE 9", "ENDERECO5": "RUA E", "NUMERO6": "40", "BAIRRO_L7": "BARROSO", "DISTRITO8": "FORTALEZA", "MUNICIPI9": "FORTALEZA", "CEP10": "60863-540", "REGIAO_D11": "GRANDE FORTALEZA", "SETOR_IB12": "URBANA", "DATA_DE_13": "2023-09-28", "TIPO_DE_14": "CAGECE - COMPANHIA DE ÁGUA E ESGOTO DO ESTADO DO CEARÁ", "DESIGNAC15": "ASSOCIAÇÃO", "LATITUDE16": "-3.826883", "LONGITUD17": "-38.519152", "OBS18": "COORDENADAS APROXIMADAS", "CONTAGEM19": "1" }, "geometry": { "type": "Point", "coordinates": [ -38.519152, -3.826883 ] } },
{ "type": "Feature", "properties": { "ID0": "212", "NOME_USP1": "ASSOCIAÇÃO DOS MORADORES DO CONJUNTO SÃO CRISTOVÃO", "NOME_UG2": "INSTITUTO DE ATIVISMO COMUNITÁRIO - REDE MOBILIZE", "TIPO3": "FORMAL", "LOTE4": "LOTE 9", "ENDERECO5": "AVENIDA GOVERNADOR LEONEL BRIZOLA", "NUMERO6": "290", "BAIRRO_L7": "JANGURUSSU", "DISTRITO8": "FORTALEZA", "MUNICIPI9": "FORTALEZA", "CEP10": "60866-190", "REGIAO_D11": "GRANDE FORTALEZA", "SETOR_IB12": "URBANA", "DATA_DE_13": "2023-09-28", "TIPO_DE_14": "CAGECE - COMPANHIA DE ÁGUA E ESGOTO DO ESTADO DO CEARÁ", "DESIGNAC15": "ASSOCIAÇÃO", "LATITUDE16": "-3.831638", "LONGITUD17": "-38.519791", "OBS18": "COORDENADAS APROXIMADAS", "CONTAGEM19": "1" }, "geometry": { "type": "Point", "coordinates": [ -38.519791, -3.831638 ] } },
{ "type": "Feature", "properties": { "ID0": "213", "NOME_USP1": "ASSOCIAÇÃO SANTO DIAS", "NOME_UG2": "INSTITUTO DE ATIVISMO COMUNITÁRIO - REDE MOBILIZE", "TIPO3": "FORMAL", "LOTE4": "LOTE 9", "ENDERECO5": "RUA CORONEL JOSÉ GOMES DE MOURA", "NUMERO6": "547", "BAIRRO_L7": "PARQUE SANTA MARIA", "DISTRITO8": "FORTALEZA", "MUNICIPI9": "FORTALEZA", "CEP10": "60873-185", "REGIAO_D11": "GRANDE FORTALEZA", "SETOR_IB12": "URBANA", "DATA_DE_13": "2023-09-21", "TIPO_DE_14": "CAGECE - COMPANHIA DE ÁGUA E ESGOTO DO ESTADO DO CEARÁ", "DESIGNAC15": "ASSOCIAÇÃO", "LATITUDE16": "-3.853886", "LONGITUD17": "-38.500994", "OBS18": "COORDENADAS APROXIMADAS", "CONTAGEM19": "1" }, "geometry": { "type": "Point", "coordinates": [ -38.500994, -3.853886 ] } },
{ "type": "Feature", "properties": { "ID0": "214", "NOME_USP1": "ASSOCIAÇÃO SOCIO CULTURAL ESTRELA DO SERTÃO", "NOME_UG2": "INSTITUTO DE ATIVISMO COMUNITÁRIO - REDE MOBILIZE", "TIPO3": "FORMAL", "LOTE4": "LOTE 9", "ENDERECO5": "RUA MAIZA", "NUMERO6": "383", "BAIRRO_L7": "CONJUNTO PALMEIRAS", "DISTRITO8": "FORTALEZA", "MUNICIPI9": "FORTALEZA", "CEP10": "60870-250", "REGIAO_D11": "GRANDE FORTALEZA", "SETOR_IB12": "URBANA", "DATA_DE_13": "2023-09-21", "TIPO_DE_14": "CAGECE - COMPANHIA DE ÁGUA E ESGOTO DO ESTADO DO CEARÁ", "DESIGNAC15": "ASSOCIAÇÃO", "LATITUDE16": "-3.850752", "LONGITUD17": "-38.523772", "OBS18": "COORDENADAS APROXIMADAS", "CONTAGEM19": "1" }, "geometry": { "type": "Point", "coordinates": [ -38.523772, -3.850752 ] } },
{ "type": "Feature", "properties": { "ID0": "215", "NOME_USP1": "CENTRO ECUMENICO PASTORAL DE FORTALEZA", "NOME_UG2": "INSTITUTO DE ATIVISMO COMUNITÁRIO - REDE MOBILIZE", "TIPO3": "FORMAL", "LOTE4": "LOTE 9", "ENDERECO5": "RUA CAROÁ", "NUMERO6": "1130", "BAIRRO_L7": "CONJUNTO PALMEIRAS", "DISTRITO8": "FORTALEZA", "MUNICIPI9": "FORTALEZA", "CEP10": "60865-350", "REGIAO_D11": "GRANDE FORTALEZA", "SETOR_IB12": "URBANA", "DATA_DE_13": "2023-09-21", "TIPO_DE_14": "CAGECE - COMPANHIA DE ÁGUA E ESGOTO DO ESTADO DO CEARÁ", "DESIGNAC15": "RELIGIOSA", "LATITUDE16": "-3.839688", "LONGITUD17": "-38.516568", "OBS18": "COORDENADAS APROXIMADAS", "CONTAGEM19": "1" }, "geometry": { "type": "Point", "coordinates": [ -38.516568, -3.839688 ] } },
{ "type": "Feature", "properties": { "ID0": "216", "NOME_USP1": "COLETIVO OLHANDO PARA FRENTE", "NOME_UG2": "INSTITUTO DE ATIVISMO COMUNITÁRIO - REDE MOBILIZE", "TIPO3": "INFORMAL", "LOTE4": "LOTE 9", "ENDERECO5": "RUA B", "NUMERO6": "39", "BAIRRO_L7": "JANGURUSSU", "DISTRITO8": "FORTALEZA", "MUNICIPI9": "FORTALEZA", "CEP10": "60870-605", "REGIAO_D11": "GRANDE FORTALEZA", "SETOR_IB12": "URBANA", "DATA_DE_13": "2023-09-12", "TIPO_DE_14": "POÇO", "DESIGNAC15": "OUTRAS", "LATITUDE16": "-3.846763", "LONGITUD17": "-38.504978", "OBS18": "COORDENADAS APROXIMADAS", "CONTAGEM19": "1" }, "geometry": { "type": "Point", "coordinates": [ -38.504978, -3.846763 ] } },
{ "type": "Feature", "properties": { "ID0": "217", "NOME_USP1": "COMUNA PALMEIRAS", "NOME_UG2": "INSTITUTO DE ATIVISMO COMUNITÁRIO - REDE MOBILIZE", "TIPO3": "INFORMAL", "LOTE4": "LOTE 9", "ENDERECO5": "RUA ZÉ DO CRATO", "NUMERO6": "306", "BAIRRO_L7": "CONJUNTO PALMEIRAS", "DISTRITO8": "FORTALEZA", "MUNICIPI9": "FORTALEZA", "CEP10": "60870-175", "REGIAO_D11": "GRANDE FORTALEZA", "SETOR_IB12": "URBANA", "DATA_DE_13": "2023-09-29", "TIPO_DE_14": null, "DESIGNAC15": "OUTRAS", "LATITUDE16": "-3.835439", "LONGITUD17": "-38.5293", "OBS18": "COORDENADAS APROXIMADAS", "CONTAGEM19": "1" }, "geometry": { "type": "Point", "coordinates": [ -38.5293, -3.835439 ] } },
{ "type": "Feature", "properties": { "ID0": "218", "NOME_USP1": "COMUNA PLANALTO PALMEIRAS", "NOME_UG2": "INSTITUTO DE ATIVISMO COMUNITÁRIO - REDE MOBILIZE", "TIPO3": "INFORMAL", "LOTE4": "LOTE 9", "ENDERECO5": "RUA DALTON MELO", "NUMERO6": "120", "BAIRRO_L7": "CONJUNTO PALMEIRAS", "DISTRITO8": "FORTALEZA", "MUNICIPI9": "FORTALEZA", "CEP10": "60870-035", "REGIAO_D11": "GRANDE FORTALEZA", "SETOR_IB12": "URBANA", "DATA_DE_13": "2023-09-25", "TIPO_DE_14": null, "DESIGNAC15": "OUTRAS", "LATITUDE16": "-3.840282", "LONGITUD17": "-38.523115", "OBS18": "COORDENADAS APROXIMADAS", "CONTAGEM19": "1" }, "geometry": { "type": "Point", "coordinates": [ -38.523115, -3.840282 ] } },
{ "type": "Feature", "properties": { "ID0": "219", "NOME_USP1": "COMUNIDADE KOLPING SANTOS MARTIRES", "NOME_UG2": "INSTITUTO DE ATIVISMO COMUNITÁRIO - REDE MOBILIZE", "TIPO3": "INFORMAL", "LOTE4": "LOTE 9", "ENDERECO5": "RUA 5", "NUMERO6": "525", "BAIRRO_L7": "BARROSO", "DISTRITO8": "FORTALEZA", "MUNICIPI9": "FORTALEZA", "CEP10": "60863-800", "REGIAO_D11": "GRANDE FORTALEZA", "SETOR_IB12": "URBANA", "DATA_DE_13": "2023-09-28", "TIPO_DE_14": "CAGECE - COMPANHIA DE ÁGUA E ESGOTO DO ESTADO DO CEARÁ", "DESIGNAC15": "OUTRAS", "LATITUDE16": "-3.823904", "LONGITUD17": "-38.519621", "OBS18": "COORDENADAS APROXIMADAS", "CONTAGEM19": "1" }, "geometry": { "type": "Point", "coordinates": [ -38.519621, -3.823904 ] } },
{ "type": "Feature", "properties": { "ID0": "220", "NOME_USP1": "CONJUNTO SITIO SÃO JOÃO", "NOME_UG2": "INSTITUTO DE ATIVISMO COMUNITÁRIO - REDE MOBILIZE", "TIPO3": "INFORMAL", "LOTE4": "LOTE 9", "ENDERECO5": "RUA VERDE 39", "NUMERO6": "484", "BAIRRO_L7": "JANGURUSSU", "DISTRITO8": "FORTALEZA", "MUNICIPI9": "FORTALEZA", "CEP10": "60876-620", "REGIAO_D11": "GRANDE FORTALEZA", "SETOR_IB12": "URBANA", "DATA_DE_13": "2023-09-21", "TIPO_DE_14": "CAGECE - COMPANHIA DE ÁGUA E ESGOTO DO ESTADO DO CEARÁ", "DESIGNAC15": "OUTRAS", "LATITUDE16": "-3.847482", "LONGITUD17": "-38.515127", "OBS18": "COORDENADAS APROXIMADAS", "CONTAGEM19": "1" }, "geometry": { "type": "Point", "coordinates": [ -38.515127, -3.847482 ] } },
{ "type": "Feature", "properties": { "ID0": "221", "NOME_USP1": "CONSELHO NOVA VIDA - CONVIDA", "NOME_UG2": "INSTITUTO DE ATIVISMO COMUNITÁRIO - REDE MOBILIZE", "TIPO3": "FORMAL", "LOTE4": "LOTE 9", "ENDERECO5": "RUA IRMÃO OLÍMPIO", "NUMERO6": "197", "BAIRRO_L7": "JANGURUSSU", "DISTRITO8": "FORTALEZA", "MUNICIPI9": "FORTALEZA", "CEP10": "60870-630", "REGIAO_D11": "GRANDE FORTALEZA", "SETOR_IB12": "URBANA", "DATA_DE_13": "2023-09-21", "TIPO_DE_14": "CAGECE - COMPANHIA DE ÁGUA E ESGOTO DO ESTADO DO CEARÁ", "DESIGNAC15": "CONSELHO", "LATITUDE16": "-3.846734", "LONGITUD17": "-38.511233", "OBS18": "COORDENADAS APROXIMADAS", "CONTAGEM19": "1" }, "geometry": { "type": "Point", "coordinates": [ -38.511233, -3.846734 ] } },
{ "type": "Feature", "properties": { "ID0": "222", "NOME_USP1": "COZINHA AMOR E FÉ", "NOME_UG2": "INSTITUTO DE ATIVISMO COMUNITÁRIO - REDE MOBILIZE", "TIPO3": "INFORMAL", "LOTE4": "LOTE 9", "ENDERECO5": "RUA FÁTIMA EDWIRGES", "NUMERO6": "1789", "BAIRRO_L7": "BARROSO", "DISTRITO8": "FORTALEZA", "MUNICIPI9": "FORTALEZA", "CEP10": "60862-736", "REGIAO_D11": "GRANDE FORTALEZA", "SETOR_IB12": "URBANA", "DATA_DE_13": "2023-09-28", "TIPO_DE_14": "CAGECE - COMPANHIA DE ÁGUA E ESGOTO DO ESTADO DO CEARÁ", "DESIGNAC15": "OUTRAS", "LATITUDE16": "-3.820454", "LONGITUD17": "-38.517539", "OBS18": "COORDENADAS APROXIMADAS", "CONTAGEM19": "1" }, "geometry": { "type": "Point", "coordinates": [ -38.517539, -3.820454 ] } },
{ "type": "Feature", "properties": { "ID0": "223", "NOME_USP1": "COZINHA BOA FÉ", "NOME_UG2": "INSTITUTO DE ATIVISMO COMUNITÁRIO - REDE MOBILIZE", "TIPO3": "INFORMAL", "LOTE4": "LOTE 9", "ENDERECO5": "RUA K", "NUMERO6": "41", "BAIRRO_L7": "JANGURUSSU", "DISTRITO8": "FORTALEZA", "MUNICIPI9": "FORTALEZA", "CEP10": "60867-360", "REGIAO_D11": "GRANDE FORTALEZA", "SETOR_IB12": "URBANA", "DATA_DE_13": "2023-10-02", "TIPO_DE_14": "CAGECE - COMPANHIA DE ÁGUA E ESGOTO DO ESTADO DO CEARÁ", "DESIGNAC15": "OUTRAS", "LATITUDE16": "-3.827314", "LONGITUD17": "-38.51561", "OBS18": "COORDENADAS APROXIMADAS", "CONTAGEM19": "1" }, "geometry": { "type": "Point", "coordinates": [ -38.51561, -3.827314 ] } },
{ "type": "Feature", "properties": { "ID0": "224", "NOME_USP1": "COZINHA ESPERANÇAR", "NOME_UG2": "INSTITUTO DE ATIVISMO COMUNITÁRIO - REDE MOBILIZE", "TIPO3": "INFORMAL", "LOTE4": "LOTE 9", "ENDERECO5": "TRAVESSA NUNES FERREIRA", "NUMERO6": "87", "BAIRRO_L7": "JANGURUSSU", "DISTRITO8": "FORTALEZA", "MUNICIPI9": "FORTALEZA", "CEP10": "60870-741", "REGIAO_D11": "GRANDE FORTALEZA", "SETOR_IB12": "URBANA", "DATA_DE_13": "2023-10-02", "TIPO_DE_14": "CAGECE - COMPANHIA DE ÁGUA E ESGOTO DO ESTADO DO CEARÁ", "DESIGNAC15": "OUTRAS", "LATITUDE16": "-3.846766", "LONGITUD17": "-38.508058", "OBS18": "COORDENADAS APROXIMADAS", "CONTAGEM19": "1" }, "geometry": { "type": "Point", "coordinates": [ -38.508058, -3.846766 ] } },
{ "type": "Feature", "properties": { "ID0": "225", "NOME_USP1": "COZINHA POPULAR DA GI", "NOME_UG2": "INSTITUTO DE ATIVISMO COMUNITÁRIO - REDE MOBILIZE", "TIPO3": "INFORMAL", "LOTE4": "LOTE 9", "ENDERECO5": "RUA RECANTO DAS FLORES", "NUMERO6": "1147", "BAIRRO_L7": "JANGURUSSU", "DISTRITO8": "FORTALEZA", "MUNICIPI9": "FORTALEZA", "CEP10": "60870-570", "REGIAO_D11": "GRANDE FORTALEZA", "SETOR_IB12": "URBANA", "DATA_DE_13": "2023-09-29", "TIPO_DE_14": "POÇO", "DESIGNAC15": "MOVIMENTO", "LATITUDE16": "-3.84555", "LONGITUD17": "-38.512634", "OBS18": "COORDENADAS APROXIMADAS", "CONTAGEM19": "1" }, "geometry": { "type": "Point", "coordinates": [ -38.512634, -3.84555 ] } },
{ "type": "Feature", "properties": { "ID0": "226", "NOME_USP1": "COZINHA PROJETO DE DEUS", "NOME_UG2": "INSTITUTO DE ATIVISMO COMUNITÁRIO - REDE MOBILIZE", "TIPO3": "INFORMAL", "LOTE4": "LOTE 9", "ENDERECO5": "RUA NELSON PIQUET", "NUMERO6": "21", "BAIRRO_L7": "JANGURUSSU", "DISTRITO8": "FORTALEZA", "MUNICIPI9": "FORTALEZA", "CEP10": "60870-783", "REGIAO_D11": "GRANDE FORTALEZA", "SETOR_IB12": "URBANA", "DATA_DE_13": "2023-11-01", "TIPO_DE_14": null, "DESIGNAC15": null, "LATITUDE16": "-3.839065", "LONGITUD17": "-38.504601", "OBS18": "COORDENADAS APROXIMADAS", "CONTAGEM19": "1" }, "geometry": { "type": "Point", "coordinates": [ -38.504601, -3.839065 ] } },
{ "type": "Feature", "properties": { "ID0": "227", "NOME_USP1": "COZINHA SOLIDARIA AS QUADRAS", "NOME_UG2": "INSTITUTO DE ATIVISMO COMUNITÁRIO - REDE MOBILIZE", "TIPO3": "INFORMAL", "LOTE4": "LOTE 9", "ENDERECO5": "RUA PROFESSOR JOSÉ MILTON", "NUMERO6": "654", "BAIRRO_L7": "JANGURUSSU", "DISTRITO8": "FORTALEZA", "MUNICIPI9": "FORTALEZA", "CEP10": "60870-740", "REGIAO_D11": "GRANDE FORTALEZA", "SETOR_IB12": "URBANA", "DATA_DE_13": "2023-09-28", "TIPO_DE_14": null, "DESIGNAC15": "OUTRAS", "LATITUDE16": "-3.843147", "LONGITUD17": "-38.507038", "OBS18": "COORDENADAS APROXIMADAS", "CONTAGEM19": "1" }, "geometry": { "type": "Point", "coordinates": [ -38.507038, -3.843147 ] } },
{ "type": "Feature", "properties": { "ID0": "228", "NOME_USP1": "COZINHA SOLIDÁRIA JOSÉ EUCLIDES", "NOME_UG2": "INSTITUTO DE ATIVISMO COMUNITÁRIO - REDE MOBILIZE", "TIPO3": "INFORMAL", "LOTE4": "LOTE 9", "ENDERECO5": "RUA D", "NUMERO6": "150", "BAIRRO_L7": "JANGURUSSU", "DISTRITO8": "FORTALEZA", "MUNICIPI9": "FORTALEZA", "CEP10": "60876-670", "REGIAO_D11": "GRANDE FORTALEZA", "SETOR_IB12": "URBANA", "DATA_DE_13": "2023-11-01", "TIPO_DE_14": "CAGECE - COMPANHIA DE ÁGUA E ESGOTO DO ESTADO DO CEARÁ", "DESIGNAC15": null, "LATITUDE16": "-3.854534", "LONGITUD17": "-38.515624", "OBS18": "COORDENADAS APROXIMADAS", "CONTAGEM19": "1" }, "geometry": { "type": "Point", "coordinates": [ -38.515624, -3.854534 ] } },
{ "type": "Feature", "properties": { "ID0": "229", "NOME_USP1": "COZINHA SOLIDÁRIA MARIA TOMÁSIA", "NOME_UG2": "INSTITUTO DE ATIVISMO COMUNITÁRIO - REDE MOBILIZE", "TIPO3": "INFORMAL", "LOTE4": "LOTE 9", "ENDERECO5": "RUA ZUZU ANGEL", "NUMERO6": "86", "BAIRRO_L7": "JANGURUSSU", "DISTRITO8": "FORTALEZA", "MUNICIPI9": "FORTALEZA", "CEP10": "60877-255", "REGIAO_D11": "GRANDE FORTALEZA", "SETOR_IB12": "URBANA", "DATA_DE_13": "2023-09-29", "TIPO_DE_14": null, "DESIGNAC15": "OUTRAS", "LATITUDE16": "-3.855375", "LONGITUD17": "-38.521759", "OBS18": "COORDENADAS APROXIMADAS", "CONTAGEM19": "1" }, "geometry": { "type": "Point", "coordinates": [ -38.521759, -3.855375 ] } },
{ "type": "Feature", "properties": { "ID0": "230", "NOME_USP1": "COZINHA TEMPERO DA ALEGRIA", "NOME_UG2": "INSTITUTO DE ATIVISMO COMUNITÁRIO - REDE MOBILIZE", "TIPO3": "INFORMAL", "LOTE4": "LOTE 9", "ENDERECO5": "RUA AYRTON SENNA", "NUMERO6": "1139", "BAIRRO_L7": "JANGURUSSU", "DISTRITO8": "FORTALEZA", "MUNICIPI9": "FORTALEZA", "CEP10": "60870-781", "REGIAO_D11": "GRANDE FORTALEZA", "SETOR_IB12": "URBANA", "DATA_DE_13": "2023-10-02", "TIPO_DE_14": "CAGECE - COMPANHIA DE ÁGUA E ESGOTO DO ESTADO DO CEARÁ", "DESIGNAC15": "OUTRAS", "LATITUDE16": "-3.837866", "LONGITUD17": "-38.505054", "OBS18": "COORDENADAS APROXIMADAS", "CONTAGEM19": "1" }, "geometry": { "type": "Point", "coordinates": [ -38.505054, -3.837866 ] } },
{ "type": "Feature", "properties": { "ID0": "231", "NOME_USP1": "COZINHA UNIDOS VENCEREMOS JOÃO PAULO II", "NOME_UG2": "INSTITUTO DE ATIVISMO COMUNITÁRIO - REDE MOBILIZE", "TIPO3": "INFORMAL", "LOTE4": "LOTE 9", "ENDERECO5": "RUA ONZE", "NUMERO6": "87", "BAIRRO_L7": "BARROSO", "DISTRITO8": "FORTALEZA", "MUNICIPI9": "FORTALEZA", "CEP10": "60863-670", "REGIAO_D11": "GRANDE FORTALEZA", "SETOR_IB12": "URBANA", "DATA_DE_13": "2023-10-02", "TIPO_DE_14": null, "DESIGNAC15": "OUTRAS", "LATITUDE16": "-3.826186", "LONGITUD17": "-38.516451", "OBS18": "COORDENADAS APROXIMADAS", "CONTAGEM19": "1" }, "geometry": { "type": "Point", "coordinates": [ -38.516451, -3.826186 ] } },
{ "type": "Feature", "properties": { "ID0": "232", "NOME_USP1": "ESPAÇO DOM FRAGOZO", "NOME_UG2": "INSTITUTO DE ATIVISMO COMUNITÁRIO - REDE MOBILIZE", "TIPO3": "INFORMAL", "LOTE4": "LOTE 9", "ENDERECO5": "RUA N", "NUMERO6": "0", "BAIRRO_L7": "BARROSO", "DISTRITO8": "FORTALEZA", "MUNICIPI9": "FORTALEZA", "CEP10": "60863-180", "REGIAO_D11": "GRANDE FORTALEZA", "SETOR_IB12": "URBANA", "DATA_DE_13": "2023-09-29", "TIPO_DE_14": "CAGECE - COMPANHIA DE ÁGUA E ESGOTO DO ESTADO DO CEARÁ", "DESIGNAC15": "INSTITUTO", "LATITUDE16": "-3.816505", "LONGITUD17": "-38.517748", "OBS18": "COORDENADAS APROXIMADAS", "CONTAGEM19": "1" }, "geometry": { "type": "Point", "coordinates": [ -38.517748, -3.816505 ] } },
{ "type": "Feature", "properties": { "ID0": "233", "NOME_USP1": "INSTITUTO NACIONAL DE DESENVOLVIMENTO SOCIAL E QUALIFICAÇÃO PROFISSIONAL - IDESQ", "NOME_UG2": "INSTITUTO DE ATIVISMO COMUNITÁRIO - REDE MOBILIZE", "TIPO3": "FORMAL", "LOTE4": "LOTE 9", "ENDERECO5": "RUA JOCENO MONTEIRO", "NUMERO6": "547", "BAIRRO_L7": "PARQUE SANTA MARIA", "DISTRITO8": "FORTALEZA", "MUNICIPI9": "FORTALEZA", "CEP10": "60873-185", "REGIAO_D11": "GRANDE FORTALEZA", "SETOR_IB12": "URBANA", "DATA_DE_13": "2023-09-21", "TIPO_DE_14": "CAGECE - COMPANHIA DE ÁGUA E ESGOTO DO ESTADO DO CEARÁ", "DESIGNAC15": "INSTITUTO", "LATITUDE16": "-3.856907", "LONGITUD17": "-38.501854", "OBS18": "COORDENADAS APROXIMADAS", "CONTAGEM19": "1" }, "geometry": { "type": "Point", "coordinates": [ -38.501854, -3.856907 ] } },
{ "type": "Feature", "properties": { "ID0": "234", "NOME_USP1": "PROJETO ESPORTE E VIDA - ALAMEDA DAS PALMEIRAS I", "NOME_UG2": "INSTITUTO DE ATIVISMO COMUNITÁRIO - REDE MOBILIZE", "TIPO3": "INFORMAL", "LOTE4": "LOTE 9", "ENDERECO5": "RUA 16", "NUMERO6": "0", "BAIRRO_L7": "JANGURUSSU", "DISTRITO8": "FORTALEZA", "MUNICIPI9": "FORTALEZA", "CEP10": "60874-416", "REGIAO_D11": "GRANDE FORTALEZA", "SETOR_IB12": "URBANA", "DATA_DE_13": "2023-11-01", "TIPO_DE_14": null, "DESIGNAC15": "ASSOCIAÇÃO", "LATITUDE16": "-3.823005", "LONGITUD17": "-38.518461", "OBS18": "COORDENADAS APROXIMADAS", "CONTAGEM19": "1" }, "geometry": { "type": "Point", "coordinates": [ -38.518461, -3.823005 ] } },
{ "type": "Feature", "properties": { "ID0": "235", "NOME_USP1": "PROJETO ORGANIZAÇÃO SEMENTE PARA O FUTURO", "NOME_UG2": "INSTITUTO DE ATIVISMO COMUNITÁRIO - REDE MOBILIZE", "TIPO3": "FORMAL", "LOTE4": "LOTE 9", "ENDERECO5": "TRAVESSA OLÍMPICA", "NUMERO6": "1706", "BAIRRO_L7": "BARROSO", "DISTRITO8": "FORTALEZA", "MUNICIPI9": "FORTALEZA", "CEP10": "60862-734", "REGIAO_D11": "GRANDE FORTALEZA", "SETOR_IB12": "URBANA", "DATA_DE_13": "2023-09-29", "TIPO_DE_14": "CAGECE - COMPANHIA DE ÁGUA E ESGOTO DO ESTADO DO CEARÁ", "DESIGNAC15": "PROJETO", "LATITUDE16": "-3.820178", "LONGITUD17": "-38.516566", "OBS18": "COORDENADAS APROXIMADAS", "CONTAGEM19": "1" }, "geometry": { "type": "Point", "coordinates": [ -38.516566, -3.820178 ] } },
{ "type": "Feature", "properties": { "ID0": "236", "NOME_USP1": "AMIGOS UNIDOS", "NOME_UG2": "CONSELHO COMUNITÁRIO DO PARQUE SÃO JOSÉ", "TIPO3": "INFORMAL", "LOTE4": "LOTE 10", "ENDERECO5": "RUA NORDICA", "NUMERO6": "318", "BAIRRO_L7": "ARACAPÉ", "DISTRITO8": "FORTALEZA", "MUNICIPI9": "FORTALEZA", "CEP10": "60764-465", "REGIAO_D11": "GRANDE FORTALEZA", "SETOR_IB12": "URBANA", "DATA_DE_13": "2023-09-25", "TIPO_DE_14": "CAGECE - COMPANHIA DE ÁGUA E ESGOTO DO ESTADO DO CEARÁ", "DESIGNAC15": "OUTRAS", "LATITUDE16": "-3.828344", "LONGITUD17": "-38.581121", "OBS18": "COORDENADAS APROXIMADAS", "CONTAGEM19": "1" }, "geometry": { "type": "Point", "coordinates": [ -38.581121, -3.828344 ] } },
{ "type": "Feature", "properties": { "ID0": "237", "NOME_USP1": "ASBENFAM", "NOME_UG2": "CONSELHO COMUNITÁRIO DO PARQUE SÃO JOSÉ", "TIPO3": "FORMAL", "LOTE4": "LOTE 10", "ENDERECO5": "RUA ANTÔNIO COSTA MENDES", "NUMERO6": "1766", "BAIRRO_L7": "PARQUE SÃO JOSÉ", "DISTRITO8": "FORTALEZA", "MUNICIPI9": "FORTALEZA", "CEP10": "60730-265", "REGIAO_D11": "GRANDE FORTALEZA", "SETOR_IB12": "URBANA", "DATA_DE_13": "2023-11-27", "TIPO_DE_14": "CAGECE - COMPANHIA DE ÁGUA E ESGOTO DO ESTADO DO CEARÁ", "DESIGNAC15": null, "LATITUDE16": "-3.798014", "LONGITUD17": "-38.590694", "OBS18": "COORDENADAS APROXIMADAS", "CONTAGEM19": "1" }, "geometry": { "type": "Point", "coordinates": [ -38.590694, -3.798014 ] } },
{ "type": "Feature", "properties": { "ID0": "238", "NOME_USP1": "CASA DE APOIO AO CIDADÃO", "NOME_UG2": "CONSELHO COMUNITÁRIO DO PARQUE SÃO JOSÉ", "TIPO3": "FORMAL", "LOTE4": "LOTE 10", "ENDERECO5": "RUA TAINÁ PIRES BRILHANTE", "NUMERO6": "2262", "BAIRRO_L7": "MONDUBIM", "DISTRITO8": "FORTALEZA", "MUNICIPI9": "FORTALEZA", "CEP10": "60767-730", "REGIAO_D11": "GRANDE FORTALEZA", "SETOR_IB12": "URBANA", "DATA_DE_13": "2023-09-15", "TIPO_DE_14": "CAGECE - COMPANHIA DE ÁGUA E ESGOTO DO ESTADO DO CEARÁ", "DESIGNAC15": "OUTRAS", "LATITUDE16": "-3.816014", "LONGITUD17": "-38.579391", "OBS18": "COORDENADAS APROXIMADAS", "CONTAGEM19": "1" }, "geometry": { "type": "Point", "coordinates": [ -38.579391, -3.816014 ] } },
{ "type": "Feature", "properties": { "ID0": "239", "NOME_USP1": "CENTRO BENEFICIENTE AO ESTUDANTE CARENTE - CEBEC", "NOME_UG2": "CONSELHO COMUNITÁRIO DO PARQUE SÃO JOSÉ", "TIPO3": "FORMAL", "LOTE4": "LOTE 10", "ENDERECO5": "AVENIDA B", "NUMERO6": "70", "BAIRRO_L7": "PARQUE SÃO JOSÉ", "DISTRITO8": "FORTALEZA", "MUNICIPI9": "FORTALEZA", "CEP10": "60763-450", "REGIAO_D11": "GRANDE FORTALEZA", "SETOR_IB12": "URBANA", "DATA_DE_13": "2023-09-26", "TIPO_DE_14": "CAGECE - COMPANHIA DE ÁGUA E ESGOTO DO ESTADO DO CEARÁ", "DESIGNAC15": "OUTRAS", "LATITUDE16": "-3.81638", "LONGITUD17": "-38.588912", "OBS18": "COORDENADAS APROXIMADAS", "CONTAGEM19": "1" }, "geometry": { "type": "Point", "coordinates": [ -38.588912, -3.81638 ] } },
{ "type": "Feature", "properties": { "ID0": "240", "NOME_USP1": "CONJUNTO ESPERANÇAR", "NOME_UG2": "CONSELHO COMUNITÁRIO DO PARQUE SÃO JOSÉ", "TIPO3": "FORMAL", "LOTE4": "LOTE 10", "ENDERECO5": "RUA 114", "NUMERO6": "455", "BAIRRO_L7": "CONJUNTO ESPERANÇA", "DISTRITO8": "FORTALEZA", "MUNICIPI9": "FORTALEZA", "CEP10": "60763-630", "REGIAO_D11": "GRANDE FORTALEZA", "SETOR_IB12": "URBANA", "DATA_DE_13": "2023-09-15", "TIPO_DE_14": "CAGECE - COMPANHIA DE ÁGUA E ESGOTO DO ESTADO DO CEARÁ", "DESIGNAC15": "OUTRAS", "LATITUDE16": "-3.817021", "LONGITUD17": "-38.590682", "OBS18": "COORDENADAS APROXIMADAS", "CONTAGEM19": "1" }, "geometry": { "type": "Point", "coordinates": [ -38.590682, -3.817021 ] } },
{ "type": "Feature", "properties": { "ID0": "241", "NOME_USP1": "COZINHA COMUNITÁRIA IRMÃO SOL IRMÃ LUA", "NOME_UG2": "CONSELHO COMUNITÁRIO DO PARQUE SÃO JOSÉ", "TIPO3": "FORMAL", "LOTE4": "LOTE 10", "ENDERECO5": "RUA SÃO FELIPE", "NUMERO6": "868", "BAIRRO_L7": "CANINDEZINHO", "DISTRITO8": "FORTALEZA", "MUNICIPI9": "FORTALEZA", "CEP10": "60731-020", "REGIAO_D11": "GRANDE FORTALEZA", "SETOR_IB12": "URBANA", "DATA_DE_13": "2023-11-21", "TIPO_DE_14": null, "DESIGNAC15": null, "LATITUDE16": "-3.802736", "LONGITUD17": "-38.598249", "OBS18": "COORDENADAS APROXIMADAS", "CONTAGEM19": "1" }, "geometry": { "type": "Point", "coordinates": [ -38.598249, -3.802736 ] } },
{ "type": "Feature", "properties": { "ID0": "243", "NOME_USP1": "COZINHA JOSEFA", "NOME_UG2": "CONSELHO COMUNITÁRIO DO PARQUE SÃO JOSÉ", "TIPO3": "INFORMAL", "LOTE4": "LOTE 10", "ENDERECO5": "RUA 5", "NUMERO6": "428", "BAIRRO_L7": "MONDUBIM", "DISTRITO8": "FORTALEZA", "MUNICIPI9": "FORTALEZA", "CEP10": "60752-060", "REGIAO_D11": "GRANDE FORTALEZA", "SETOR_IB12": "URBANA", "DATA_DE_13": "2023-09-25", "TIPO_DE_14": "CAGECE - COMPANHIA DE ÁGUA E ESGOTO DO ESTADO DO CEARÁ", "DESIGNAC15": "OUTRAS", "LATITUDE16": "-3.818239", "LONGITUD17": "-38.570749", "OBS18": "COORDENADAS APROXIMADAS", "CONTAGEM19": "1" }, "geometry": { "type": "Point", "coordinates": [ -38.570749, -3.818239 ] } },
{ "type": "Feature", "properties": { "ID0": "244", "NOME_USP1": "COZINHA MISSIONARIOS DA LUZ", "NOME_UG2": "CONSELHO COMUNITÁRIO DO PARQUE SÃO JOSÉ", "TIPO3": "FORMAL", "LOTE4": "LOTE 10", "ENDERECO5": "AVENIDA PREFEITO EVANDRO AYRES DE MOURA", "NUMERO6": "822", "BAIRRO_L7": "MONDUBIM", "DISTRITO8": "MONDUBIM", "MUNICIPI9": "FORTALEZA", "CEP10": "60752-310", "REGIAO_D11": "GRANDE FORTALEZA", "SETOR_IB12": "URBANA", "DATA_DE_13": "2023-10-05", "TIPO_DE_14": "CAGECE - COMPANHIA DE ÁGUA E ESGOTO DO ESTADO DO CEARÁ", "DESIGNAC15": null, "LATITUDE16": "-3.824183", "LONGITUD17": "-38.567976", "OBS18": "COORDENADAS APROXIMADAS", "CONTAGEM19": "1" }, "geometry": { "type": "Point", "coordinates": [ -38.567976, -3.824183 ] } },
{ "type": "Feature", "properties": { "ID0": "245", "NOME_USP1": "COZINHA SEJA FELIZ - PV", "NOME_UG2": "CONSELHO COMUNITÁRIO DO PARQUE SÃO JOSÉ", "TIPO3": "FORMAL", "LOTE4": "LOTE 10", "ENDERECO5": "RUA ANTÔNIO MONTEIRO", "NUMERO6": "1642", "BAIRRO_L7": "PRESIDENTE VARGAS", "DISTRITO8": "FORTALEZA", "MUNICIPI9": "FORTALEZA", "CEP10": "60763-645", "REGIAO_D11": "GRANDE FORTALEZA", "SETOR_IB12": "URBANA", "DATA_DE_13": "2023-09-15", "TIPO_DE_14": "CAGECE - COMPANHIA DE ÁGUA E ESGOTO DO ESTADO DO CEARÁ", "DESIGNAC15": "OUTRAS", "LATITUDE16": "-3.824249", "LONGITUD17": "-38.600049", "OBS18": "COORDENADAS APROXIMADAS", "CONTAGEM19": "1" }, "geometry": { "type": "Point", "coordinates": [ -38.600049, -3.824249 ] } },
{ "type": "Feature", "properties": { "ID0": "246", "NOME_USP1": "COZINHA SOLIDÁRIA ICAPUÍ", "NOME_UG2": "CONSELHO COMUNITÁRIO DO PARQUE SÃO JOSÉ", "TIPO3": "INFORMAL", "LOTE4": "LOTE 10", "ENDERECO5": "RUA ICAPUY", "NUMERO6": "234", "BAIRRO_L7": "CANINDEZINHO", "DISTRITO8": "FORTALEZA", "MUNICIPI9": "FORTALEZA", "CEP10": "60736-010", "REGIAO_D11": "GRANDE FORTALEZA", "SETOR_IB12": "URBANA", "DATA_DE_13": "2023-09-25", "TIPO_DE_14": "CAGECE - COMPANHIA DE ÁGUA E ESGOTO DO ESTADO DO CEARÁ", "DESIGNAC15": "OUTRAS", "LATITUDE16": "-3.806499", "LONGITUD17": "-38.605753", "OBS18": "COORDENADAS APROXIMADAS", "CONTAGEM19": "1" }, "geometry": { "type": "Point", "coordinates": [ -38.605753, -3.806499 ] } },
{ "type": "Feature", "properties": { "ID0": "248", "NOME_USP1": "COZINHA SOLIDARIA  IRMÃOS DA ESPERANÇA", "NOME_UG2": "CONSELHO COMUNITÁRIO DO PARQUE SÃO JOSÉ", "TIPO3": "INFORMAL", "LOTE4": "LOTE 10", "ENDERECO5": "RUA BERNARDO CAMPOS", "NUMERO6": "100", "BAIRRO_L7": "PARQUE SANTA ROSA", "DISTRITO8": "FORTALEZA", "MUNICIPI9": "FORTALEZA", "CEP10": "60731-091", "REGIAO_D11": "GRANDE FORTALEZA", "SETOR_IB12": "URBANA", "DATA_DE_13": "2023-09-15", "TIPO_DE_14": null, "DESIGNAC15": "OUTRAS", "LATITUDE16": "-3.811412", "LONGITUD17": "-38.598188", "OBS18": "COORDENADAS APROXIMADAS", "CONTAGEM19": "1" }, "geometry": { "type": "Point", "coordinates": [ -38.598188, -3.811412 ] } },
{ "type": "Feature", "properties": { "ID0": "250", "NOME_USP1": "COZINHA SOLIDÁRIA DO PARQUE SÃO JOSÉ", "NOME_UG2": "CONSELHO COMUNITÁRIO DO PARQUE SÃO JOSÉ", "TIPO3": "INFORMAL", "LOTE4": "LOTE 10", "ENDERECO5": "RUA COSTA FREIRE", "NUMERO6": "2338", "BAIRRO_L7": "PARQUE SÃO JOSÉ", "DISTRITO8": "FORTALEZA", "MUNICIPI9": "FORTALEZA", "CEP10": "60730-255", "REGIAO_D11": "GRANDE FORTALEZA", "SETOR_IB12": "URBANA", "DATA_DE_13": "2023-09-15", "TIPO_DE_14": "CAGECE - COMPANHIA DE ÁGUA E ESGOTO DO ESTADO DO CEARÁ", "DESIGNAC15": "OUTRAS", "LATITUDE16": "-3.798091", "LONGITUD17": "-38.589359", "OBS18": "COORDENADAS APROXIMADAS", "CONTAGEM19": "1" }, "geometry": { "type": "Point", "coordinates": [ -38.589359, -3.798091 ] } },
{ "type": "Feature", "properties": { "ID0": "251", "NOME_USP1": "INSTITUTO ACRE", "NOME_UG2": "CONSELHO COMUNITÁRIO DO PARQUE SÃO JOSÉ", "TIPO3": "FORMAL", "LOTE4": "LOTE 10", "ENDERECO5": "AVENIDA CONTORNO NORTE", "NUMERO6": "1175", "BAIRRO_L7": "CONJUNTO ESPERANÇA", "DISTRITO8": "FORTALEZA", "MUNICIPI9": "FORTALEZA", "CEP10": "60763-730", "REGIAO_D11": "GRANDE FORTALEZA", "SETOR_IB12": "URBANA", "DATA_DE_13": "2023-09-18", "TIPO_DE_14": "CAGECE - COMPANHIA DE ÁGUA E ESGOTO DO ESTADO DO CEARÁ", "DESIGNAC15": "INSTITUTO", "LATITUDE16": "-3.813984", "LONGITUD17": "-38.587967", "OBS18": "COORDENADAS APROXIMADAS", "CONTAGEM19": "1" }, "geometry": { "type": "Point", "coordinates": [ -38.587967, -3.813984 ] } },
{ "type": "Feature", "properties": { "ID0": "252", "NOME_USP1": "INSTITUTO ANA MARIA FERREIRA", "NOME_UG2": "CONSELHO COMUNITÁRIO DO PARQUE SÃO JOSÉ", "TIPO3": "INFORMAL", "LOTE4": "LOTE 10", "ENDERECO5": "AVENIDA 02", "NUMERO6": "52", "BAIRRO_L7": "PLANALTO AIRTOOON SENA", "DISTRITO8": "MONDUBIM", "MUNICIPI9": "FORTALEZA", "CEP10": "60752-285", "REGIAO_D11": "GRANDE FORTALEZA", "SETOR_IB12": "URBANA", "DATA_DE_13": "2023-09-25", "TIPO_DE_14": "CAGECE - COMPANHIA DE ÁGUA E ESGOTO DO ESTADO DO CEARÁ", "DESIGNAC15": "INSTITUTO", "LATITUDE16": "-3.825921", "LONGITUD17": "-38.568171", "OBS18": "COORDENADAS APROXIMADAS", "CONTAGEM19": "1" }, "geometry": { "type": "Point", "coordinates": [ -38.568171, -3.825921 ] } },
{ "type": "Feature", "properties": { "ID0": "253", "NOME_USP1": "INSTITUTO FRANCISCO DE ASSIS - IFA", "NOME_UG2": "CONSELHO COMUNITÁRIO DO PARQUE SÃO JOSÉ", "TIPO3": "FORMAL", "LOTE4": "LOTE 10", "ENDERECO5": "RUA AMÉRICO ROCHA LIMA", "NUMERO6": "569", "BAIRRO_L7": "VILA MANOEL SÁTIRO", "DISTRITO8": "FORTALEZA", "MUNICIPI9": "FORTALEZA", "CEP10": "60713-240", "REGIAO_D11": "GRANDE FORTALEZA", "SETOR_IB12": "URBANA", "DATA_DE_13": "2023-09-15", "TIPO_DE_14": "CAGECE - COMPANHIA DE ÁGUA E ESGOTO DO ESTADO DO CEARÁ", "DESIGNAC15": "INSTITUTO", "LATITUDE16": "-3.799124", "LONGITUD17": "-38.580153", "OBS18": "COORDENADAS APROXIMADAS", "CONTAGEM19": "1" }, "geometry": { "type": "Point", "coordinates": [ -38.580153, -3.799124 ] } },
{ "type": "Feature", "properties": { "ID0": "254", "NOME_USP1": "INSTITUTO SOS PERIFERIA - ISOP", "NOME_UG2": "CONSELHO COMUNITÁRIO DO PARQUE SÃO JOSÉ", "TIPO3": "FORMAL", "LOTE4": "LOTE 10", "ENDERECO5": "RUA RECANTO BOREAL", "NUMERO6": "60", "BAIRRO_L7": "PARQUE SÃO JOSÉ", "DISTRITO8": "FORTALEZA", "MUNICIPI9": "FORTALEZA", "CEP10": "60730-248", "REGIAO_D11": "GRANDE FORTALEZA", "SETOR_IB12": "URBANA", "DATA_DE_13": "2023-09-15", "TIPO_DE_14": "CAGECE - COMPANHIA DE ÁGUA E ESGOTO DO ESTADO DO CEARÁ", "DESIGNAC15": "INSTITUTO", "LATITUDE16": "-3.802674", "LONGITUD17": "-38.592011", "OBS18": "COORDENADAS APROXIMADAS", "CONTAGEM19": "1" }, "geometry": { "type": "Point", "coordinates": [ -38.592011, -3.802674 ] } },
{ "type": "Feature", "properties": { "ID0": "255", "NOME_USP1": "LAP PROJETO", "NOME_UG2": "CONSELHO COMUNITÁRIO DO PARQUE SÃO JOSÉ", "TIPO3": "INFORMAL", "LOTE4": "LOTE 10", "ENDERECO5": "RUA DOIS", "NUMERO6": "420", "BAIRRO_L7": "MONDUBIM", "DISTRITO8": "FORTALEZA", "MUNICIPI9": "FORTALEZA", "CEP10": "60767-620", "REGIAO_D11": "GRANDE FORTALEZA", "SETOR_IB12": "URBANA", "DATA_DE_13": "2023-09-25", "TIPO_DE_14": "CAGECE - COMPANHIA DE ÁGUA E ESGOTO DO ESTADO DO CEARÁ", "DESIGNAC15": "PROJETO", "LATITUDE16": "-3.813047", "LONGITUD17": "-38.579484", "OBS18": "COORDENADAS APROXIMADAS", "CONTAGEM19": "1" }, "geometry": { "type": "Point", "coordinates": [ -38.579484, -3.813047 ] } },
{ "type": "Feature", "properties": { "ID0": "256", "NOME_USP1": "MOVIMENTO ORQUÍDEAS", "NOME_UG2": "CONSELHO COMUNITÁRIO DO PARQUE SÃO JOSÉ", "TIPO3": "INFORMAL", "LOTE4": "LOTE 10", "ENDERECO5": "RUA TAYNA PIRES BRILHANTE", "NUMERO6": "2006", "BAIRRO_L7": "MONDUBIM", "DISTRITO8": "MONDUBIM", "MUNICIPI9": "FORTALEZA", "CEP10": "60667-730", "REGIAO_D11": "GRANDE FORTALEZA", "SETOR_IB12": "URBANA", "DATA_DE_13": "2023-09-25", "TIPO_DE_14": "CAGECE - COMPANHIA DE ÁGUA E ESGOTO DO ESTADO DO CEARÁ", "DESIGNAC15": "MOVIMENTO", "LATITUDE16": "-3.813998", "LONGITUD17": "-38.578159", "OBS18": "COORDENADAS APROXIMADAS", "CONTAGEM19": "1" }, "geometry": { "type": "Point", "coordinates": [ -38.578159, -3.813998 ] } },
{ "type": "Feature", "properties": { "ID0": "257", "NOME_USP1": "PASTORAL DO MENOR SANTA MARIA EUFRASIA", "NOME_UG2": "CONSELHO COMUNITÁRIO DO PARQUE SÃO JOSÉ", "TIPO3": "INFORMAL", "LOTE4": "LOTE 10", "ENDERECO5": "RUA PARANAGUÁ", "NUMERO6": "963", "BAIRRO_L7": "CANINDEZINHO", "DISTRITO8": "FORTALEZA", "MUNICIPI9": "FORTALEZA", "CEP10": "60734-155", "REGIAO_D11": "GRANDE FORTALEZA", "SETOR_IB12": "URBANA", "DATA_DE_13": "2023-09-26", "TIPO_DE_14": "CAGECE - COMPANHIA DE ÁGUA E ESGOTO DO ESTADO DO CEARÁ", "DESIGNAC15": "RELIGIOSA", "LATITUDE16": "-3.811891", "LONGITUD17": "-38.599065", "OBS18": "COORDENADAS APROXIMADAS", "CONTAGEM19": "1" }, "geometry": { "type": "Point", "coordinates": [ -38.599065, -3.811891 ] } },
{ "type": "Feature", "properties": { "ID0": "258", "NOME_USP1": "PROJETO BOM SAMARITANO", "NOME_UG2": "CONSELHO COMUNITÁRIO DO PARQUE SÃO JOSÉ", "TIPO3": "INFORMAL", "LOTE4": "LOTE 10", "ENDERECO5": "RUA VINICIUS DE MORAES, N° 1698", "NUMERO6": "1698", "BAIRRO_L7": "VILA MANOEL SÁTIRO", "DISTRITO8": "NÃO SE APLICA", "MUNICIPI9": "FORTALEZA", "CEP10": "60713-480", "REGIAO_D11": "GRANDE FORTALEZA", "SETOR_IB12": "URBANA", "DATA_DE_13": "2023-09-15", "TIPO_DE_14": "CAGECE - COMPANHIA DE ÁGUA E ESGOTO DO ESTADO DO CEARÁ", "DESIGNAC15": "PROJETO", "LATITUDE16": "-3.797812", "LONGITUD17": "-38.57849", "OBS18": "COORDENADAS APROXIMADAS", "CONTAGEM19": "1" }, "geometry": { "type": "Point", "coordinates": [ -38.57849, -3.797812 ] } },
{ "type": "Feature", "properties": { "ID0": "259", "NOME_USP1": "PRV", "NOME_UG2": "CONSELHO COMUNITÁRIO DO PARQUE SÃO JOSÉ", "TIPO3": "INFORMAL", "LOTE4": "LOTE 10", "ENDERECO5": "RUA A", "NUMERO6": "78", "BAIRRO_L7": "MONDUBIM", "DISTRITO8": "FORTALEZA", "MUNICIPI9": "FORTALEZA", "CEP10": "60761-525", "REGIAO_D11": "GRANDE FORTALEZA", "SETOR_IB12": "URBANA", "DATA_DE_13": "2023-09-15", "TIPO_DE_14": "CAGECE - COMPANHIA DE ÁGUA E ESGOTO DO ESTADO DO CEARÁ", "DESIGNAC15": "OUTRAS", "LATITUDE16": "-3.816398", "LONGITUD17": "-38.558913", "OBS18": "COORDENADAS APROXIMADAS", "CONTAGEM19": "1" }, "geometry": { "type": "Point", "coordinates": [ -38.558913, -3.816398 ] } },
{ "type": "Feature", "properties": { "ID0": "260", "NOME_USP1": "UNIDOS CONTRA A FOME", "NOME_UG2": "CONSELHO COMUNITÁRIO DO PARQUE SÃO JOSÉ", "TIPO3": "INFORMAL", "LOTE4": "LOTE 10", "ENDERECO5": "RUA ICRIAN", "NUMERO6": "245", "BAIRRO_L7": "MONDUBIM", "DISTRITO8": "FORTALEZA", "MUNICIPI9": "FORTALEZA", "CEP10": "60711-545", "REGIAO_D11": "GRANDE FORTALEZA", "SETOR_IB12": "URBANA", "DATA_DE_13": "2023-09-25", "TIPO_DE_14": null, "DESIGNAC15": "OUTRAS", "LATITUDE16": "-3.807261", "LONGITUD17": "-38.562925", "OBS18": "COORDENADAS APROXIMADAS", "CONTAGEM19": "1" }, "geometry": { "type": "Point", "coordinates": [ -38.562925, -3.807261 ] } },
{ "type": "Feature", "properties": { "ID0": "262", "NOME_USP1": "ACMBHJ", "NOME_UG2": "INSTITUTO MARIA DA HORA", "TIPO3": "FORMAL", "LOTE4": "LOTE 11", "ENDERECO5": "AVENIDA AUDÍZIO PINHEIRO", "NUMERO6": "1520", "BAIRRO_L7": "HENRIQUE JORGE", "DISTRITO8": "FORTALEZA", "MUNICIPI9": "FORTALEZA", "CEP10": "60521-102", "REGIAO_D11": "GRANDE FORTALEZA", "SETOR_IB12": "URBANA", "DATA_DE_13": "2023-09-13", "TIPO_DE_14": "CAGECE - COMPANHIA DE ÁGUA E ESGOTO DO ESTADO DO CEARÁ", "DESIGNAC15": "OUTRAS", "LATITUDE16": "-3.764137", "LONGITUD17": "-38.591916", "OBS18": "COORDENADAS APROXIMADAS", "CONTAGEM19": "1" }, "geometry": { "type": "Point", "coordinates": [ -38.591916, -3.764137 ] } },
{ "type": "Feature", "properties": { "ID0": "263", "NOME_USP1": "ALIANÇA", "NOME_UG2": "INSTITUTO MARIA DA HORA", "TIPO3": "INFORMAL", "LOTE4": "LOTE 11", "ENDERECO5": "RUA CUIABÁ", "NUMERO6": "1090", "BAIRRO_L7": "HENRIQUE JORGE", "DISTRITO8": "FORTALEZA", "MUNICIPI9": "FORTALEZA", "CEP10": "60510-182", "REGIAO_D11": "GRANDE FORTALEZA", "SETOR_IB12": "URBANA", "DATA_DE_13": "2023-10-31", "TIPO_DE_14": "CAGECE - COMPANHIA DE ÁGUA E ESGOTO DO ESTADO DO CEARÁ", "DESIGNAC15": "OUTRAS", "LATITUDE16": "-3.766171", "LONGITUD17": "-38.584121", "OBS18": "COORDENADAS APROXIMADAS", "CONTAGEM19": "1" }, "geometry": { "type": "Point", "coordinates": [ -38.584121, -3.766171 ] } },
{ "type": "Feature", "properties": { "ID0": "264", "NOME_USP1": "AMIGOS DO BAIRRO", "NOME_UG2": "INSTITUTO MARIA DA HORA", "TIPO3": "INFORMAL", "LOTE4": "LOTE 11", "ENDERECO5": "RUA GANDOLA", "NUMERO6": "41", "BAIRRO_L7": "COUTO FERNANDES", "DISTRITO8": "FORTALEZA", "MUNICIPI9": "FORTALEZA", "CEP10": "60442-050", "REGIAO_D11": "GRANDE FORTALEZA", "SETOR_IB12": "URBANA", "DATA_DE_13": "2023-09-19", "TIPO_DE_14": "CAGECE - COMPANHIA DE ÁGUA E ESGOTO DO ESTADO DO CEARÁ", "DESIGNAC15": "OUTRAS", "LATITUDE16": "-3.75825", "LONGITUD17": "-38.561115", "OBS18": "COORDENADAS APROXIMADAS", "CONTAGEM19": "1" }, "geometry": { "type": "Point", "coordinates": [ -38.561115, -3.75825 ] } },
{ "type": "Feature", "properties": { "ID0": "265", "NOME_USP1": "AMOR EM CRISTO", "NOME_UG2": "INSTITUTO MARIA DA HORA", "TIPO3": "INFORMAL", "LOTE4": "LOTE 11", "ENDERECO5": "RUA: SANTA LÚCIA", "NUMERO6": "191", "BAIRRO_L7": "PARQUE GENIBAU", "DISTRITO8": "FORTALEZA", "MUNICIPI9": "FORTALEZA", "CEP10": "60535-085", "REGIAO_D11": "GRANDE FORTALEZA", "SETOR_IB12": "URBANA", "DATA_DE_13": "2023-09-29", "TIPO_DE_14": "CAGECE - COMPANHIA DE ÁGUA E ESGOTO DO ESTADO DO CEARÁ", "DESIGNAC15": "OUTRAS", "LATITUDE16": "-3.765387", "LONGITUD17": "-38.597017", "OBS18": "COORDENADAS APROXIMADAS", "CONTAGEM19": "1" }, "geometry": { "type": "Point", "coordinates": [ -38.597017, -3.765387 ] } },
{ "type": "Feature", "properties": { "ID0": "266", "NOME_USP1": "ASSOCIAÇÃO BENEFICENTE DO CENTRINHO UV10", "NOME_UG2": "INSTITUTO MARIA DA HORA", "TIPO3": "FORMAL", "LOTE4": "LOTE 11", "ENDERECO5": "RUA 1096", "NUMERO6": "34", "BAIRRO_L7": "CONJUNTO CEARÁ II", "DISTRITO8": "FORTALEZA", "MUNICIPI9": "FORTALEZA", "CEP10": "60533-230", "REGIAO_D11": "GRANDE FORTALEZA", "SETOR_IB12": "URBANA", "DATA_DE_13": "2023-09-20", "TIPO_DE_14": "CAGECE - COMPANHIA DE ÁGUA E ESGOTO DO ESTADO DO CEARÁ", "DESIGNAC15": "ASSOCIAÇÃO", "LATITUDE16": "-3.77258", "LONGITUD17": "-38.616966", "OBS18": "COORDENADAS APROXIMADAS", "CONTAGEM19": "1" }, "geometry": { "type": "Point", "coordinates": [ -38.616966, -3.77258 ] } },
{ "type": "Feature", "properties": { "ID0": "267", "NOME_USP1": "ASSOCIAÇÃO COMUNITÁRIA É TEMPO DE VENCER", "NOME_UG2": "INSTITUTO MARIA DA HORA", "TIPO3": "FORMAL", "LOTE4": "LOTE 11", "ENDERECO5": "RUA GUANABARA", "NUMERO6": "505", "BAIRRO_L7": "DEMÓCRITO ROCHA", "DISTRITO8": "FORTALEZA", "MUNICIPI9": "FORTALEZA", "CEP10": "60440-135", "REGIAO_D11": "GRANDE FORTALEZA", "SETOR_IB12": "URBANA", "DATA_DE_13": "2023-09-20", "TIPO_DE_14": "CAGECE - COMPANHIA DE ÁGUA E ESGOTO DO ESTADO DO CEARÁ", "DESIGNAC15": "ASSOCIAÇÃO", "LATITUDE16": "-3.755269", "LONGITUD17": "-38.56788", "OBS18": "COORDENADAS APROXIMADAS", "CONTAGEM19": "1" }, "geometry": { "type": "Point", "coordinates": [ -38.56788, -3.755269 ] } },
{ "type": "Feature", "properties": { "ID0": "268", "NOME_USP1": "ASSOCIAÇÃO COMUNITÁRIA VIDA MELHOR", "NOME_UG2": "INSTITUTO MARIA DA HORA", "TIPO3": "FORMAL", "LOTE4": "LOTE 11", "ENDERECO5": "RUA DOS ESTADOS", "NUMERO6": "788", "BAIRRO_L7": "PANAMERICANO", "DISTRITO8": "FORTALEZA", "MUNICIPI9": "FORTALEZA", "CEP10": "60441-410", "REGIAO_D11": "GRANDE FORTALEZA", "SETOR_IB12": "URBANA", "DATA_DE_13": "2023-09-21", "TIPO_DE_14": "CAGECE - COMPANHIA DE ÁGUA E ESGOTO DO ESTADO DO CEARÁ", "DESIGNAC15": "ASSOCIAÇÃO", "LATITUDE16": "-3.751807", "LONGITUD17": "-38.563638", "OBS18": "COORDENADAS APROXIMADAS", "CONTAGEM19": "1" }, "geometry": { "type": "Point", "coordinates": [ -38.563638, -3.751807 ] } },
{ "type": "Feature", "properties": { "ID0": "269", "NOME_USP1": "ASSOCIAÇÃO DOM BOSCO", "NOME_UG2": "INSTITUTO MARIA DA HORA", "TIPO3": "INFORMAL", "LOTE4": "LOTE 11", "ENDERECO5": "TRAVESSA MICHELE", "NUMERO6": "266", "BAIRRO_L7": "AUTRAN NUNES", "DISTRITO8": "FORTALEZA", "MUNICIPI9": "FORTALEZA", "CEP10": "60527-005", "REGIAO_D11": "GRANDE FORTALEZA", "SETOR_IB12": "URBANA", "DATA_DE_13": "2023-09-29", "TIPO_DE_14": "CAGECE - COMPANHIA DE ÁGUA E ESGOTO DO ESTADO DO CEARÁ", "DESIGNAC15": "ASSOCIAÇÃO", "LATITUDE16": "-3.758653", "LONGITUD17": "-38.59627", "OBS18": "COORDENADAS APROXIMADAS", "CONTAGEM19": "1" }, "geometry": { "type": "Point", "coordinates": [ -38.59627, -3.758653 ] } },
{ "type": "Feature", "properties": { "ID0": "270", "NOME_USP1": "ASSOCIAÇÃO DOS MORADORES DO AUTRAN NUNES", "NOME_UG2": "INSTITUTO MARIA DA HORA", "TIPO3": "FORMAL", "LOTE4": "LOTE 11", "ENDERECO5": "RUA TOMÁS CAVALCANTE", "NUMERO6": "110", "BAIRRO_L7": "AUTRAN NUNES", "DISTRITO8": "FORTALEZA", "MUNICIPI9": "FORTALEZA", "CEP10": "60526-550", "REGIAO_D11": "GRANDE FORTALEZA", "SETOR_IB12": "URBANA", "DATA_DE_13": "2023-09-19", "TIPO_DE_14": "CAGECE - COMPANHIA DE ÁGUA E ESGOTO DO ESTADO DO CEARÁ", "DESIGNAC15": "ASSOCIAÇÃO", "LATITUDE16": "-3.750807", "LONGITUD17": "-38.595048", "OBS18": "COORDENADAS APROXIMADAS", "CONTAGEM19": "1" }, "geometry": { "type": "Point", "coordinates": [ -38.595048, -3.750807 ] } },
{ "type": "Feature", "properties": { "ID0": "271", "NOME_USP1": "ASSOCIAÇÃO DOS MORADORES DO CAMPO DO PICI", "NOME_UG2": "INSTITUTO MARIA DA HORA", "TIPO3": "FORMAL", "LOTE4": "LOTE 11", "ENDERECO5": "TRAVESSA VINTE E TRÊS DE MARÇO", "NUMERO6": "10", "BAIRRO_L7": "PICI", "DISTRITO8": "FORTALEZA", "MUNICIPI9": "FORTALEZA", "CEP10": "60511-330", "REGIAO_D11": "GRANDE FORTALEZA", "SETOR_IB12": "URBANA", "DATA_DE_13": "2023-09-25", "TIPO_DE_14": "POÇO", "DESIGNAC15": "OUTRAS", "LATITUDE16": "-3.752388", "LONGITUD17": "-38.578284", "OBS18": "COORDENADAS APROXIMADAS", "CONTAGEM19": "1" }, "geometry": { "type": "Point", "coordinates": [ -38.578284, -3.752388 ] } },
{ "type": "Feature", "properties": { "ID0": "273", "NOME_USP1": "ASSOCIAÇÃO INTERNACIONAL PENIEL", "NOME_UG2": "INSTITUTO MARIA DA HORA", "TIPO3": "FORMAL", "LOTE4": "LOTE 11", "ENDERECO5": "RUA ALUÍSIO AZEVEDO", "NUMERO6": "929", "BAIRRO_L7": "JOÃO XXIII", "DISTRITO8": "FORTALEZA", "MUNICIPI9": "FORTALEZA", "CEP10": "60720-492", "REGIAO_D11": "GRANDE FORTALEZA", "SETOR_IB12": "URBANA", "DATA_DE_13": "2023-10-02", "TIPO_DE_14": "CAGECE - COMPANHIA DE ÁGUA E ESGOTO DO ESTADO DO CEARÁ", "DESIGNAC15": "ASSOCIAÇÃO", "LATITUDE16": "-3.772068", "LONGITUD17": "-38.576027", "OBS18": "COORDENADAS APROXIMADAS", "CONTAGEM19": "1" }, "geometry": { "type": "Point", "coordinates": [ -38.576027, -3.772068 ] } },
{ "type": "Feature", "properties": { "ID0": "274", "NOME_USP1": "CENTRO DE PROMOÇÃO DA VIDA HELDER CAMARA", "NOME_UG2": "INSTITUTO MARIA DA HORA", "TIPO3": "FORMAL", "LOTE4": "LOTE 11", "ENDERECO5": "RUA ALVES BATISTA", "NUMERO6": "900", "BAIRRO_L7": "PARQUE GENIBAU", "DISTRITO8": "FORTALEZA", "MUNICIPI9": "FORTALEZA", "CEP10": "60534-070", "REGIAO_D11": "GRANDE FORTALEZA", "SETOR_IB12": "URBANA", "DATA_DE_13": "2023-10-03", "TIPO_DE_14": "CAGECE - COMPANHIA DE ÁGUA E ESGOTO DO ESTADO DO CEARÁ", "DESIGNAC15": "OUTRAS", "LATITUDE16": "-3.756984", "LONGITUD17": "-38.600433", "OBS18": "COORDENADAS APROXIMADAS", "CONTAGEM19": "1" }, "geometry": { "type": "Point", "coordinates": [ -38.600433, -3.756984 ] } },
{ "type": "Feature", "properties": { "ID0": "275", "NOME_USP1": "CONSELHO PRÓ MELHORAMENTO JOQUEI CLUBE", "NOME_UG2": "INSTITUTO MARIA DA HORA", "TIPO3": "FORMAL", "LOTE4": "LOTE 11", "ENDERECO5": "RUA PORTO ALEGRE", "NUMERO6": "381", "BAIRRO_L7": "JÓQUEI CLUBE", "DISTRITO8": "FORTALEZA", "MUNICIPI9": "FORTALEZA", "CEP10": "60510-205", "REGIAO_D11": "GRANDE FORTALEZA", "SETOR_IB12": "URBANA", "DATA_DE_13": "2023-09-15", "TIPO_DE_14": "CAGECE - COMPANHIA DE ÁGUA E ESGOTO DO ESTADO DO CEARÁ", "DESIGNAC15": "CONSELHO", "LATITUDE16": "-3.765048", "LONGITUD17": "-38.582097", "OBS18": "COORDENADAS APROXIMADAS", "CONTAGEM19": "1" }, "geometry": { "type": "Point", "coordinates": [ -38.582097, -3.765048 ] } },
{ "type": "Feature", "properties": { "ID0": "276", "NOME_USP1": "COZINHA BELO RIO", "NOME_UG2": "INSTITUTO MARIA DA HORA", "TIPO3": "INFORMAL", "LOTE4": "LOTE 11", "ENDERECO5": "RUA MACAPÁ", "NUMERO6": "123", "BAIRRO_L7": "DOM LUSTOSA", "DISTRITO8": "FORTALEZA", "MUNICIPI9": "FORTALEZA", "CEP10": "60526-325", "REGIAO_D11": "GRANDE FORTALEZA", "SETOR_IB12": "URBANA", "DATA_DE_13": "2023-10-09", "TIPO_DE_14": "POÇO", "DESIGNAC15": "OUTRAS", "LATITUDE16": "-3.749126", "LONGITUD17": "-38.589587", "OBS18": "COORDENADAS APROXIMADAS", "CONTAGEM19": "1" }, "geometry": { "type": "Point", "coordinates": [ -38.589587, -3.749126 ] } },
{ "type": "Feature", "properties": { "ID0": "277", "NOME_USP1": "COZINHA POPULAR DO PICI", "NOME_UG2": "INSTITUTO MARIA DA HORA", "TIPO3": "INFORMAL", "LOTE4": "LOTE 11", "ENDERECO5": "RUA PLANALTO DO PICI", "NUMERO6": "440", "BAIRRO_L7": "PICI", "DISTRITO8": "FORTALEZA", "MUNICIPI9": "FORTALEZA", "CEP10": "60511-330", "REGIAO_D11": "GRANDE FORTALEZA", "SETOR_IB12": "URBANA", "DATA_DE_13": "2023-09-21", "TIPO_DE_14": "POÇO", "DESIGNAC15": "OUTRAS", "LATITUDE16": "-3.754042", "LONGITUD17": "-38.578833", "OBS18": "COORDENADAS APROXIMADAS", "CONTAGEM19": "1" }, "geometry": { "type": "Point", "coordinates": [ -38.578833, -3.754042 ] } },
{ "type": "Feature", "properties": { "ID0": "278", "NOME_USP1": "COZINHA SITIO IPANEMA", "NOME_UG2": "INSTITUTO MARIA DA HORA", "TIPO3": "INFORMAL", "LOTE4": "LOTE 11", "ENDERECO5": "RUA MACEIO", "NUMERO6": "101", "BAIRRO_L7": "DOM LUSTOSA", "DISTRITO8": "FORTALEZA", "MUNICIPI9": "FORTALEZA", "CEP10": "60526-175", "REGIAO_D11": "GRANDE FORTALEZA", "SETOR_IB12": "URBANA", "DATA_DE_13": "2024-04-29", "TIPO_DE_14": "CAGECE - COMPANHAI DE ÁGUA E ESGOTO DO ESTADO DO CEARÁ", "DESIGNAC15": null, "LATITUDE16": "-3.753939", "LONGITUD17": "-38.585583", "OBS18": "COORDENADAS APROXIMADAS", "CONTAGEM19": "1" }, "geometry": { "type": "Point", "coordinates": [ -38.585583, -3.753939 ] } },
{ "type": "Feature", "properties": { "ID0": "280", "NOME_USP1": "FALCÃO SALVAÇÃO", "NOME_UG2": "INSTITUTO MARIA DA HORA", "TIPO3": "FORMAL", "LOTE4": "LOTE 11", "ENDERECO5": "RUA PROFESSOR PAULO LOPES", "NUMERO6": "420", "BAIRRO_L7": "DOM LUSTOSA", "DISTRITO8": "FORTALEZA", "MUNICIPI9": "FORTALEZA", "CEP10": "60526-045", "REGIAO_D11": "GRANDE FORTALEZA", "SETOR_IB12": "URBANA", "DATA_DE_13": "2023-10-04", "TIPO_DE_14": "CAGECE - COMPANHIA DE ÁGUA E ESGOTO DO ESTADO DO CEARÁ", "DESIGNAC15": "OUTRAS", "LATITUDE16": "-3.756103", "LONGITUD17": "-38.586173", "OBS18": "COORDENADAS APROXIMADAS", "CONTAGEM19": "1" }, "geometry": { "type": "Point", "coordinates": [ -38.586173, -3.756103 ] } },
{ "type": "Feature", "properties": { "ID0": "281", "NOME_USP1": "GENIBAU EM AÇÃO", "NOME_UG2": "INSTITUTO MARIA DA HORA", "TIPO3": "INFORMAL", "LOTE4": "LOTE 11", "ENDERECO5": "RUA JOSÉ MENDONÇA", "NUMERO6": "1119", "BAIRRO_L7": "GENIBAÚ", "DISTRITO8": "FORTALEZA", "MUNICIPI9": "FORTALEZA", "CEP10": "60534-090", "REGIAO_D11": "GRANDE FORTALEZA", "SETOR_IB12": "URBANA", "DATA_DE_13": "2023-09-29", "TIPO_DE_14": "CAGECE - COMPANHIA DE ÁGUA E ESGOTO DO ESTADO DO CEARÁ", "DESIGNAC15": "OUTRAS", "LATITUDE16": "-3.754151", "LONGITUD17": "-38.601827", "OBS18": "COORDENADAS APROXIMADAS", "CONTAGEM19": "1" }, "geometry": { "type": "Point", "coordinates": [ -38.601827, -3.754151 ] } },
{ "type": "Feature", "properties": { "ID0": "282", "NOME_USP1": "INSTITUTO MULHERES EM AÇÃO", "NOME_UG2": "INSTITUTO MARIA DA HORA", "TIPO3": "FORMAL", "LOTE4": "LOTE 11", "ENDERECO5": "RUA BOA VISTA", "NUMERO6": "1208", "BAIRRO_L7": "HENRIQUE JORGE", "DISTRITO8": "FORTALEZA", "MUNICIPI9": "FORTALEZA", "CEP10": "60510-162", "REGIAO_D11": "GRANDE FORTALEZA", "SETOR_IB12": "URBANA", "DATA_DE_13": "2023-09-13", "TIPO_DE_14": "CAGECE - COMPANHIA DE ÁGUA E ESGOTO DO ESTADO DO CEARÁ", "DESIGNAC15": "INSTITUTO", "LATITUDE16": "-3.766047", "LONGITUD17": "-38.591411", "OBS18": "COORDENADAS APROXIMADAS", "CONTAGEM19": "1" }, "geometry": { "type": "Point", "coordinates": [ -38.591411, -3.766047 ] } },
{ "type": "Feature", "properties": { "ID0": "283", "NOME_USP1": "INSTITUTO RENOVAÇÃO", "NOME_UG2": "INSTITUTO MARIA DA HORA", "TIPO3": "INFORMAL", "LOTE4": "LOTE 11", "ENDERECO5": "RUA GUIMARÃES PASSOS", "NUMERO6": "604", "BAIRRO_L7": "PICI", "DISTRITO8": "FORTALEZA", "MUNICIPI9": "FORTALEZA", "CEP10": "60511-765", "REGIAO_D11": "GRANDE FORTALEZA", "SETOR_IB12": "URBANA", "DATA_DE_13": "2023-09-27", "TIPO_DE_14": "CAGECE - COMPANHIA DE ÁGUA E ESGOTO DO ESTADO DO CEARÁ", "DESIGNAC15": "INSTITUTO", "LATITUDE16": "-3.746589", "LONGITUD17": "-38.582669", "OBS18": "COORDENADAS APROXIMADAS", "CONTAGEM19": "1" }, "geometry": { "type": "Point", "coordinates": [ -38.582669, -3.746589 ] } },
{ "type": "Feature", "properties": { "ID0": "284", "NOME_USP1": "MULHERES EM AÇÃO DO AUTRAN NUNES", "NOME_UG2": "INSTITUTO MARIA DA HORA", "TIPO3": "INFORMAL", "LOTE4": "LOTE 11", "ENDERECO5": "RUA JOSÉ AUGUSTO CARVALHO", "NUMERO6": "44", "BAIRRO_L7": "AUTRAN NUNES", "DISTRITO8": "FORTALEZA", "MUNICIPI9": "FORTALEZA", "CEP10": "60526-745", "REGIAO_D11": "GRANDE FORTALEZA", "SETOR_IB12": "URBANA", "DATA_DE_13": "2023-09-27", "TIPO_DE_14": "CAGECE - COMPANHIA DE ÁGUA E ESGOTO DO ESTADO DO CEARÁ", "DESIGNAC15": "OUTRAS", "LATITUDE16": "-3.756245", "LONGITUD17": "-38.594937", "OBS18": "COORDENADAS APROXIMADAS", "CONTAGEM19": "1" }, "geometry": { "type": "Point", "coordinates": [ -38.594937, -3.756245 ] } },
{ "type": "Feature", "properties": { "ID0": "286", "NOME_USP1": "PANELÃO DA COMUNIDADE", "NOME_UG2": "INSTITUTO MARIA DA HORA", "TIPO3": "INFORMAL", "LOTE4": "LOTE 11", "ENDERECO5": "RUA CLÁUDIO MANUEL", "NUMERO6": "230", "BAIRRO_L7": "PICI", "DISTRITO8": "FORTALEZA", "MUNICIPI9": "FORTALEZA", "CEP10": "60440-570", "REGIAO_D11": "GRANDE FORTALEZA", "SETOR_IB12": "URBANA", "DATA_DE_13": "2023-09-14", "TIPO_DE_14": "POÇO", "DESIGNAC15": "ASSOCIAÇÃO", "LATITUDE16": "-3.748359", "LONGITUD17": "-38.571093", "OBS18": "COORDENADAS APROXIMADAS", "CONTAGEM19": "1" }, "geometry": { "type": "Point", "coordinates": [ -38.571093, -3.748359 ] } },
{ "type": "Feature", "properties": { "ID0": "287", "NOME_USP1": "PROJETO DO DESENVOLVIMENTO CULTURAL ARTE E COR", "NOME_UG2": "INSTITUTO MARIA DA HORA", "TIPO3": "FORMAL", "LOTE4": "LOTE 11", "ENDERECO5": "RUA GRACO CARDOSO", "NUMERO6": "307", "BAIRRO_L7": "AUTRAN NUNES", "DISTRITO8": "FORTALEZA", "MUNICIPI9": "FORTALEZA", "CEP10": "60526-760", "REGIAO_D11": "GRANDE FORTALEZA", "SETOR_IB12": "URBANA", "DATA_DE_13": "2023-10-03", "TIPO_DE_14": "CAGECE - COMPANHIA DE ÁGUA E ESGOTO DO ESTADO DO CEARÁ", "DESIGNAC15": "PROJETO", "LATITUDE16": "-3.75024", "LONGITUD17": "-38.59717", "OBS18": "COORDENADAS APROXIMADAS", "CONTAGEM19": "1" }, "geometry": { "type": "Point", "coordinates": [ -38.59717, -3.75024 ] } },
{ "type": "Feature", "properties": { "ID0": "288", "NOME_USP1": "PROJETO POPI", "NOME_UG2": "INSTITUTO MARIA DA HORA", "TIPO3": "INFORMAL", "LOTE4": "LOTE 11", "ENDERECO5": "RUA CLÁUDIO MANUEL", "NUMERO6": "477", "BAIRRO_L7": "PICI", "DISTRITO8": "FORTALEZA", "MUNICIPI9": "FORTALEZA", "CEP10": "60440-570", "REGIAO_D11": "GRANDE FORTALEZA", "SETOR_IB12": "URBANA", "DATA_DE_13": "2023-10-17", "TIPO_DE_14": "CAGECE - COMPANHIA DE ÁGUA E ESGOTO DO ESTADO DO CEARÁ", "DESIGNAC15": "PROJETO", "LATITUDE16": "-3.749829", "LONGITUD17": "-38.572179", "OBS18": "COORDENADAS APROXIMADAS", "CONTAGEM19": "1" }, "geometry": { "type": "Point", "coordinates": [ -38.572179, -3.749829 ] } },
{ "type": "Feature", "properties": { "ID0": "289", "NOME_USP1": "SOLIDARIEDADE", "NOME_UG2": "INSTITUTO MARIA DA HORA", "TIPO3": "INFORMAL", "LOTE4": "LOTE 11", "ENDERECO5": "RUA DOUTOR PEDRO AUGUSTO", "NUMERO6": "257", "BAIRRO_L7": "DOM LUSTOSA", "DISTRITO8": "FORTALEZA", "MUNICIPI9": "FORTALEZA", "CEP10": "60526-325", "REGIAO_D11": "GRANDE FORTALEZA", "SETOR_IB12": "URBANA", "DATA_DE_13": "2023-09-28", "TIPO_DE_14": "POÇO", "DESIGNAC15": "OUTRAS", "LATITUDE16": "-3.748988", "LONGITUD17": "-38.587687", "OBS18": "COORDENADAS APROXIMADAS", "CONTAGEM19": "1" }, "geometry": { "type": "Point", "coordinates": [ -38.587687, -3.748988 ] } },
{ "type": "Feature", "properties": { "ID0": "290", "NOME_USP1": "UNIDOS PARA VENCER", "NOME_UG2": "INSTITUTO MARIA DA HORA", "TIPO3": "INFORMAL", "LOTE4": "LOTE 11", "ENDERECO5": "RUA QUINTELA", "NUMERO6": "96", "BAIRRO_L7": "GENIBAÚ", "DISTRITO8": "FORTALEZA", "MUNICIPI9": "FORTALEZA", "CEP10": "60535-090", "REGIAO_D11": "GRANDE FORTALEZA", "SETOR_IB12": "URBANA", "DATA_DE_13": "2023-09-29", "TIPO_DE_14": "CAGECE - COMPANHIA DE ÁGUA E ESGOTO DO ESTADO DO CEARÁ", "DESIGNAC15": "OUTRAS", "LATITUDE16": "-3.763042", "LONGITUD17": "-38.596208", "OBS18": "COORDENADAS APROXIMADAS", "CONTAGEM19": "1" }, "geometry": { "type": "Point", "coordinates": [ -38.596208, -3.763042 ] } },
{ "type": "Feature", "properties": { "ID0": "291", "NOME_USP1": "UNIDOS PELA FÉ", "NOME_UG2": "INSTITUTO MARIA DA HORA", "TIPO3": "INFORMAL", "LOTE4": "LOTE 11", "ENDERECO5": "AVENIDA SENADOR FERNANDES TÁVORA", "NUMERO6": "1845", "BAIRRO_L7": "HENRIQUE JORGE", "DISTRITO8": "FORTALEZA", "MUNICIPI9": "FORTALEZA", "CEP10": "60510-291", "REGIAO_D11": "GRANDE FORTALEZA", "SETOR_IB12": "URBANA", "DATA_DE_13": "2023-09-22", "TIPO_DE_14": "CAGECE - COMPANHIA DE ÁGUA E ESGOTO DO ESTADO DO CEARÁ", "DESIGNAC15": "OUTRAS", "LATITUDE16": "-3.758971", "LONGITUD17": "-38.588808", "OBS18": "COORDENADAS APROXIMADAS", "CONTAGEM19": "1" }, "geometry": { "type": "Point", "coordinates": [ -38.588808, -3.758971 ] } },
{ "type": "Feature", "properties": { "ID0": "292", "NOME_USP1": "ASSOCIAÇÃO AMIGOS DE DOM BOSCO", "NOME_UG2": "ASSOCIAÇÃO CRISTÃ DE BASE", "TIPO3": "FORMAL", "LOTE4": "LOTE 22", "ENDERECO5": "RUA CAPITÃO DOMINGOS", "NUMERO6": "36", "BAIRRO_L7": "LIMOEIRO", "DISTRITO8": "JUAZEIRO DO NORTE", "MUNICIPI9": "JUAZEIRO DO NORTE", "CEP10": "63030-020", "REGIAO_D11": "CARIRI", "SETOR_IB12": "URBANA", "DATA_DE_13": "2023-11-02", "TIPO_DE_14": "CAGECE - COMPANHAI DE ÁGUA E ESGOTO DO ESTADO DO CEARÁ", "DESIGNAC15": "ASSOCIAÇÃO", "LATITUDE16": "-7.222382", "LONGITUD17": "-39.305396", "OBS18": "COORDENADAS APROXIMADAS", "CONTAGEM19": "1" }, "geometry": { "type": "Point", "coordinates": [ -39.305396, -7.222382 ] } },
{ "type": "Feature", "properties": { "ID0": "293", "NOME_USP1": "ASSOCIAÇÃO BENEFICENTE E CULTURAL NOSSA SENHORA DE FATIMA", "NOME_UG2": "ASSOCIAÇÃO CRISTÃ DE BASE", "TIPO3": "FORMAL", "LOTE4": "LOTE 22", "ENDERECO5": "RUA GLICÉRIO GOMES", "NUMERO6": "344", "BAIRRO_L7": "RIACHINHO", "DISTRITO8": "VÁRZEA ALEGRE", "MUNICIPI9": "VÁRZEA ALEGRE", "CEP10": "63540-000", "REGIAO_D11": "CARIRI", "SETOR_IB12": "URBANA", "DATA_DE_13": "2023-11-03", "TIPO_DE_14": "CAGECE - COMPANHIA DE ÁGUA E ESGOTO DO ESTADO DO CEARÁ", "DESIGNAC15": "QUILOMBOLA", "LATITUDE16": "-6.794337", "LONGITUD17": "-39.288607", "OBS18": "COORDENADAS APROXIMADAS", "CONTAGEM19": "1" }, "geometry": { "type": "Point", "coordinates": [ -39.288607, -6.794337 ] } },
{ "type": "Feature", "properties": { "ID0": "294", "NOME_USP1": "ASSOCIAÇÃO BENEFICIENTE E CULTURAL SANTA MARIA", "NOME_UG2": "ASSOCIAÇÃO CRISTÃ DE BASE", "TIPO3": "FORMAL", "LOTE4": "LOTE 22", "ENDERECO5": "RUA ANTONIO ALVES FEITOSA BITU", "NUMERO6": "220", "BAIRRO_L7": "ZEZINHO COSTA", "DISTRITO8": "VÁRZEA ALEGRE", "MUNICIPI9": "VÁRZEA ALEGRE", "CEP10": "63540-000", "REGIAO_D11": "CARIRI", "SETOR_IB12": "URBANA", "DATA_DE_13": "2023-11-03", "TIPO_DE_14": "CAGECE - COMPANHIA DE ÁGUA E ESGOTO DO ESTADO DO CEARÁ", "DESIGNAC15": "ASSOCIAÇÃO", "LATITUDE16": "-6.796087", "LONGITUD17": "-39.29686", "OBS18": "COORDENADAS APROXIMADAS", "CONTAGEM19": "1" }, "geometry": { "type": "Point", "coordinates": [ -39.29686, -6.796087 ] } },
{ "type": "Feature", "properties": { "ID0": "295", "NOME_USP1": "ASSOCIAÇÃO BENEFICIENTE MADRE MARIA VILAC", "NOME_UG2": "ASSOCIAÇÃO CRISTÃ DE BASE", "TIPO3": "FORMAL", "LOTE4": "LOTE 22", "ENDERECO5": "RUA SÃO FRANCISCO", "NUMERO6": "1485", "BAIRRO_L7": "SÃO MIGUEL", "DISTRITO8": "JUAZEIRO DO NORTE", "MUNICIPI9": "JUAZEIRO DO NORTE", "CEP10": "63010-475", "REGIAO_D11": "CARIRI", "SETOR_IB12": "URBANA", "DATA_DE_13": "2023-10-24", "TIPO_DE_14": "CAGECE - COMPANHIA DE ÁGUA E ESGOTO DO ESTADO DO CEARÁ", "DESIGNAC15": "ASSOCIAÇÃO", "LATITUDE16": "-7.205878", "LONGITUD17": "-39.306739", "OBS18": "COORDENADAS APROXIMADAS", "CONTAGEM19": "1" }, "geometry": { "type": "Point", "coordinates": [ -39.306739, -7.205878 ] } },
{ "type": "Feature", "properties": { "ID0": "296", "NOME_USP1": "ASSOCIAÇÃO COMUNITÁRIA DE CANINDEZINHO", "NOME_UG2": "ASSOCIAÇÃO CRISTÃ DE BASE", "TIPO3": "FORMAL", "LOTE4": "LOTE 22", "ENDERECO5": "SITIO CANINDEZINHO", "NUMERO6": "0", "BAIRRO_L7": "ZONA RURAL", "DISTRITO8": "CANINDEZINHO", "MUNICIPI9": "VÁRZEA ALEGRE", "CEP10": "63540-000", "REGIAO_D11": "CARIRI", "SETOR_IB12": "RURAL", "DATA_DE_13": "2023-10-31", "TIPO_DE_14": null, "DESIGNAC15": "RELIGIOSA", "LATITUDE16": "-6.716234", "LONGITUD17": "-39.138949", "OBS18": "COORDENADAS APROXIMADAS", "CONTAGEM19": "1" }, "geometry": { "type": "Point", "coordinates": [ -39.138949, -6.716234 ] } },
{ "type": "Feature", "properties": { "ID0": "297", "NOME_USP1": "ASSOCIAÇÃO COMUNITÁRIA SÃO CAETANO", "NOME_UG2": "ASSOCIAÇÃO CRISTÃ DE BASE", "TIPO3": "FORMAL", "LOTE4": "LOTE 22", "ENDERECO5": "SETOR SÃO CAETANO", "NUMERO6": "0", "BAIRRO_L7": "ZONA RURAL", "DISTRITO8": "VÁRZEA ALEGRE", "MUNICIPI9": "VÁRZEA ALEGRE", "CEP10": "63540-000", "REGIAO_D11": "CARIRI", "SETOR_IB12": "URBANA", "DATA_DE_13": "2023-11-03", "TIPO_DE_14": "SISAR - SISTEMA INTEGRADO DE SANEAMENTO RURAL", "DESIGNAC15": "ASSOCIAÇÃO", "LATITUDE16": "-6.787752", "LONGITUD17": "-39.296613", "OBS18": "COORDENADAS APROXIMADAS", "CONTAGEM19": "1" }, "geometry": { "type": "Point", "coordinates": [ -39.296613, -6.787752 ] } },
{ "type": "Feature", "properties": { "ID0": "298", "NOME_USP1": "ASSOCIAÇÃO COOPERATIVA SULCEARENSE DE CATADORES", "NOME_UG2": "ASSOCIAÇÃO CRISTÃ DE BASE", "TIPO3": "FORMAL", "LOTE4": "LOTE 22", "ENDERECO5": "RUA PRESIDENTE VARGAS", "NUMERO6": "325", "BAIRRO_L7": "SALESIANOS", "DISTRITO8": "JUAZEIRO DO NORTE", "MUNICIPI9": "JUAZEIRO DO NORTE", "CEP10": "63050-090", "REGIAO_D11": "CARIRI", "SETOR_IB12": "URBANA", "DATA_DE_13": "2023-11-10", "TIPO_DE_14": "CAGECE - COMPANHIA DE ÁGUA E ESGOTO DO ESTADO DO CEARÁ", "DESIGNAC15": "ASSOCIAÇÃO", "LATITUDE16": "-7.216517", "LONGITUD17": "-39.321222", "OBS18": "COORDENADAS APROXIMADAS", "CONTAGEM19": "1" }, "geometry": { "type": "Point", "coordinates": [ -39.321222, -7.216517 ] } },
{ "type": "Feature", "properties": { "ID0": "300", "NOME_USP1": "ASSOCIAÇÃO DE CATADORES E CATADORAS DE JUAZEIRO DO NORTE - ACCJ", "NOME_UG2": "ASSOCIAÇÃO CRISTÃ DE BASE", "TIPO3": "FORMAL", "LOTE4": "LOTE 22", "ENDERECO5": "RUA MANOEL TAVARES LOPES", "NUMERO6": "291", "BAIRRO_L7": "VILA REAL", "DISTRITO8": "JUAZEIRO DO NORTE", "MUNICIPI9": "JUAZEIRO DO NORTE", "CEP10": "63044-090", "REGIAO_D11": "CARIRI", "SETOR_IB12": "URBANA", "DATA_DE_13": "2023-12-04", "TIPO_DE_14": "CAGECE - COMPANHIA DE ÁGUA E ESGOTO DO ESTADO DO CEARÁ", "DESIGNAC15": null, "LATITUDE16": "-7.231035", "LONGITUD17": "-39.340452", "OBS18": "COORDENADAS APROXIMADAS", "CONTAGEM19": "1" }, "geometry": { "type": "Point", "coordinates": [ -39.340452, -7.231035 ] } },
{ "type": "Feature", "properties": { "ID0": "301", "NOME_USP1": "ASSOCIAÇÃO DE MORADORES DA VILA MONTE PIO", "NOME_UG2": "ASSOCIAÇÃO CRISTÃ DE BASE", "TIPO3": "FORMAL", "LOTE4": "LOTE 22", "ENDERECO5": "VILA MONTE PIO", "NUMERO6": "1050", "BAIRRO_L7": "ZONA RURAL", "DISTRITO8": "FARIAS BRITO", "MUNICIPI9": "FARIAS BRITO", "CEP10": "63185-000", "REGIAO_D11": "CARIRI", "SETOR_IB12": "RURAL", "DATA_DE_13": "2023-10-20", "TIPO_DE_14": "SISAR - SISTEMA INTEGRADO DE SANEAMENTO RURAL", "DESIGNAC15": "OUTRAS", "LATITUDE16": "-6.9892", "LONGITUD17": "-39.497644", "OBS18": "COORDENADAS APROXIMADAS", "CONTAGEM19": "1" }, "geometry": { "type": "Point", "coordinates": [ -39.497644, -6.9892 ] } },
{ "type": "Feature", "properties": { "ID0": "302", "NOME_USP1": "ASSOCIAÇÃO DE MULHERES FARIASBRITENSE", "NOME_UG2": "ASSOCIAÇÃO CRISTÃ DE BASE", "TIPO3": "FORMAL", "LOTE4": "LOTE 22", "ENDERECO5": "RUA ANTONIO FERREIRA LIMA", "NUMERO6": "247", "BAIRRO_L7": "CENTRO", "DISTRITO8": "FARIAS BRITO", "MUNICIPI9": "FARIAS BRITO", "CEP10": "63185-000", "REGIAO_D11": "CARIRI", "SETOR_IB12": "URBANA", "DATA_DE_13": "2023-10-11", "TIPO_DE_14": "CAGECE - COMPANHIA DE ÁGUA E ESGOTO DO ESTADO DO CEARÁ", "DESIGNAC15": "ASSOCIAÇÃO", "LATITUDE16": "-6.930903", "LONGITUD17": "-39.571658", "OBS18": "COORDENADAS APROXIMADAS", "CONTAGEM19": "1" }, "geometry": { "type": "Point", "coordinates": [ -39.571658, -6.930903 ] } },
{ "type": "Feature", "properties": { "ID0": "303", "NOME_USP1": "ASSOCIAÇÃO DOS ARTESÃOS DA SERRINHA", "NOME_UG2": "ASSOCIAÇÃO CRISTÃ DE BASE", "TIPO3": "FORMAL", "LOTE4": "LOTE 22", "ENDERECO5": "RUA SÃO FRANCISCO", "NUMERO6": "0", "BAIRRO_L7": "SERRINHA", "DISTRITO8": "GRANJEIRO", "MUNICIPI9": "GRANJEIRO", "CEP10": "63230-000", "REGIAO_D11": "CARIRI", "SETOR_IB12": "URBANA", "DATA_DE_13": "2023-11-03", "TIPO_DE_14": "SISAR - SISTEMA INTEGRADO DE SANEAMENTO RURAL", "DESIGNAC15": "ASSOCIAÇÃO", "LATITUDE16": "-6.928891", "LONGITUD17": "-39.251637", "OBS18": "COORDENADAS APROXIMADAS", "CONTAGEM19": "1" }, "geometry": { "type": "Point", "coordinates": [ -39.251637, -6.928891 ] } },
{ "type": "Feature", "properties": { "ID0": "304", "NOME_USP1": "ASSOCIAÇÃO DOS MORADORES DE CARIUTABA", "NOME_UG2": "ASSOCIAÇÃO CRISTÃ DE BASE", "TIPO3": "FORMAL", "LOTE4": "LOTE 22", "ENDERECO5": "RUA DO COMÉRCIO", "NUMERO6": "340", "BAIRRO_L7": "CARIUTABA", "DISTRITO8": "CARIUTABA", "MUNICIPI9": "FARIAS BRITO", "CEP10": "63185-000", "REGIAO_D11": "CARIRI", "SETOR_IB12": "URBANA", "DATA_DE_13": "2023-10-10", "TIPO_DE_14": "CAGECE - COMPANHIA DE ÁGUA E ESGOTO DO ESTADO DO CEARÁ", "DESIGNAC15": "ASSOCIAÇÃO", "LATITUDE16": "-6.820639", "LONGITUD17": "-39.524178", "OBS18": "COORDENADAS APROXIMADAS", "CONTAGEM19": "1" }, "geometry": { "type": "Point", "coordinates": [ -39.524178, -6.820639 ] } },
{ "type": "Feature", "properties": { "ID0": "305", "NOME_USP1": "ASSOCIAÇÃO DOS PRODUTORES RURAIS DE FARIAS BRITO", "NOME_UG2": "ASSOCIAÇÃO CRISTÃ DE BASE", "TIPO3": "FORMAL", "LOTE4": "LOTE 22", "ENDERECO5": "ESCOLA MANASSES PEREIRA DE ALCÂNTARA", "NUMERO6": "0", "BAIRRO_L7": "SITIO CIPÓ", "DISTRITO8": "FARIAS BRITO", "MUNICIPI9": "FARIAS BRITO", "CEP10": "63185-000", "REGIAO_D11": "CARIRI", "SETOR_IB12": "RURAL", "DATA_DE_13": "2023-11-08", "TIPO_DE_14": "POÇO", "DESIGNAC15": "ASSOCIAÇÃO", "LATITUDE16": "-6.900516", "LONGITUD17": "-39.453231", "OBS18": "COORDENADAS APROXIMADAS", "CONTAGEM19": "1" }, "geometry": { "type": "Point", "coordinates": [ -39.453231, -6.900516 ] } },
{ "type": "Feature", "properties": { "ID0": "306", "NOME_USP1": "ASSOCIAÇÃO EDUCATIVA E CULTURAL ASA BRANCA", "NOME_UG2": "ASSOCIAÇÃO CRISTÃ DE BASE", "TIPO3": "FORMAL", "LOTE4": "LOTE 22", "ENDERECO5": "RUA VALDOMIRO MARÇAL DO CARMO", "NUMERO6": "61", "BAIRRO_L7": "TRIANGULO", "DISTRITO8": "JUAZEIRO DO NORTE", "MUNICIPI9": "JUAZEIRO DO NORTE", "CEP10": "63041-080", "REGIAO_D11": "CARIRI", "SETOR_IB12": "URBANA", "DATA_DE_13": "2023-11-01", "TIPO_DE_14": "CAGECE - COMPANHIA DE ÁGUA E ESGOTO DO ESTADO DO CEARÁ", "DESIGNAC15": "ASSOCIAÇÃO", "LATITUDE16": "-7.230109", "LONGITUD17": "-39.32717", "OBS18": "COORDENADAS APROXIMADAS", "CONTAGEM19": "1" }, "geometry": { "type": "Point", "coordinates": [ -39.32717, -7.230109 ] } },
{ "type": "Feature", "properties": { "ID0": "307", "NOME_USP1": "ASSOCIAÇÃO SAGRADO CORAÇÃO DE JESUS", "NOME_UG2": "ASSOCIAÇÃO CRISTÃ DE BASE", "TIPO3": "INFORMAL", "LOTE4": "LOTE 22", "ENDERECO5": "SÍTIO DAS BANDEIRAS", "NUMERO6": "0", "BAIRRO_L7": "BANANEIRA", "DISTRITO8": "CARIRIAÇU", "MUNICIPI9": "CARIRIAÇU", "CEP10": "63220-000", "REGIAO_D11": "CARIRI", "SETOR_IB12": "RURAL", "DATA_DE_13": "2023-11-10", "TIPO_DE_14": "CARRO PIPA", "DESIGNAC15": "ASSOCIAÇÃO", "LATITUDE16": "-7.039613", "LONGITUD17": "-39.315157", "OBS18": "COORDENADAS APROXIMADAS", "CONTAGEM19": "1" }, "geometry": { "type": "Point", "coordinates": [ -39.315157, -7.039613 ] } },
{ "type": "Feature", "properties": { "ID0": "309", "NOME_USP1": "ASSOCIAÇÃO DOS MORADORES RURAIS DA VILA MARIA CÉLIA CALOU", "NOME_UG2": "ASSOCIAÇÃO CRISTÃ DE BASE", "TIPO3": "FORMAL", "LOTE4": "LOTE 22", "ENDERECO5": "RUA CELESTINO JOSÉ DE SOUZA", "NUMERO6": "220", "BAIRRO_L7": "VILA MARIA CÉLIA CALOU", "DISTRITO8": "JUAZEIRO DO NORTE", "MUNICIPI9": "JUAZEIRO DO NORTE", "CEP10": "63084-000", "REGIAO_D11": "CARIRI", "SETOR_IB12": "URBANA", "DATA_DE_13": "2023-11-10", "TIPO_DE_14": "POÇO", "DESIGNAC15": "ASSOCIAÇÃO", "LATITUDE16": "-7.232596", "LONGITUD17": "-39.345407", "OBS18": "COORDENADAS APROXIMADAS", "CONTAGEM19": "1" }, "geometry": { "type": "Point", "coordinates": [ -39.345407, -7.232596 ] } },
{ "type": "Feature", "properties": { "ID0": "310", "NOME_USP1": "ASSOCIAÇÃO COMUNITÁRIA DE VÁRZEA ALEGRE - ACOMVA", "NOME_UG2": "ASSOCIAÇÃO CRISTÃ DE BASE", "TIPO3": "FORMAL", "LOTE4": "LOTE 22", "ENDERECO5": "RUA GONÇALVES DIAS", "NUMERO6": "161", "BAIRRO_L7": "CENTRO", "DISTRITO8": "VÁRZEA ALEGRE", "MUNICIPI9": "VÁRZEA ALEGRE", "CEP10": "63540-000", "REGIAO_D11": "CARIRI", "SETOR_IB12": "URBANA", "DATA_DE_13": "2023-11-03", "TIPO_DE_14": "CAGECE - COMPANHIA DE ÁGUA E ESGOTO DO ESTADO DO CEARÁ", "DESIGNAC15": "ASSOCIAÇÃO", "LATITUDE16": "-6.794397", "LONGITUD17": "-39.300655", "OBS18": "COORDENADAS APROXIMADAS", "CONTAGEM19": "1" }, "geometry": { "type": "Point", "coordinates": [ -39.300655, -6.794397 ] } },
{ "type": "Feature", "properties": { "ID0": "312", "NOME_USP1": "CENTRO DE APOIO JOAQUIM ALVES", "NOME_UG2": "ASSOCIAÇÃO CRISTÃ DE BASE", "TIPO3": "INFORMAL", "LOTE4": "LOTE 22", "ENDERECO5": "RUA ARNÓBIO BACELAR CANECA", "NUMERO6": "1831", "BAIRRO_L7": "LAGOA SECA", "DISTRITO8": "JUAZEIRO DO NORTE", "MUNICIPI9": "JUAZEIRO DO NORTE", "CEP10": "63040-270", "REGIAO_D11": "CARIRI", "SETOR_IB12": "URBANA", "DATA_DE_13": "2023-11-01", "TIPO_DE_14": "CAGECE - COMPANHIA DE ÁGUA E ESGOTO DO ESTADO DO CEARÁ", "DESIGNAC15": "CENTRO", "LATITUDE16": "-7.261878", "LONGITUD17": "-39.322901", "OBS18": "COORDENADAS APROXIMADAS", "CONTAGEM19": "1" }, "geometry": { "type": "Point", "coordinates": [ -39.322901, -7.261878 ] } },
{ "type": "Feature", "properties": { "ID0": "313", "NOME_USP1": "CLUBE DE MÃES MARIA AMELIA BEZERRA", "NOME_UG2": "ASSOCIAÇÃO CRISTÃ DE BASE", "TIPO3": "FORMAL", "LOTE4": "LOTE 22", "ENDERECO5": "RUA JOSE LIBERALINO DUARTE", "NUMERO6": "170", "BAIRRO_L7": "CENTRO", "DISTRITO8": "FARIAS BRITO", "MUNICIPI9": "FARIAS BRITO", "CEP10": "63185-000", "REGIAO_D11": "CARIRI", "SETOR_IB12": "URBANA", "DATA_DE_13": "2023-10-11", "TIPO_DE_14": "CAGECE - COMPANHIA DE ÁGUA E ESGOTO DO ESTADO DO CEARÁ", "DESIGNAC15": "OUTRAS", "LATITUDE16": "-6.92722", "LONGITUD17": "-39.57271", "OBS18": "COORDENADAS APROXIMADAS", "CONTAGEM19": "1" }, "geometry": { "type": "Point", "coordinates": [ -39.57271, -6.92722 ] } },
{ "type": "Feature", "properties": { "ID0": "315", "NOME_USP1": "COOPERATIVA DE TRABALHO E SERV. SOCIOAMBIENTAIS DE CATADORES E CATADORAS DE MAT. RECICLAVEIS E REUTILIZÁVEIS DA REG. DO", "NOME_UG2": "ASSOCIAÇÃO CRISTÃ DE BASE", "TIPO3": "FORMAL", "LOTE4": "LOTE 22", "ENDERECO5": "AVENIDA DO AGRICULTOR", "NUMERO6": "376", "BAIRRO_L7": "JUAZEIRO DO NORTE", "DISTRITO8": "JUAZEIRO DO NORTE", "MUNICIPI9": "JUAZEIRO DO NORTE", "CEP10": "63010-042", "REGIAO_D11": "CARIRI", "SETOR_IB12": "URBANA", "DATA_DE_13": "2023-11-06", "TIPO_DE_14": "CAGECE - COMPANHIA DE ÁGUA E ESGOTO DO ESTADO DO CEARÁ", "DESIGNAC15": "COOPERATIVA", "LATITUDE16": "-7.196761", "LONGITUD17": "-39.317064", "OBS18": "COORDENADAS APROXIMADAS", "CONTAGEM19": "1" }, "geometry": { "type": "Point", "coordinates": [ -39.317064, -7.196761 ] } },
{ "type": "Feature", "properties": { "ID0": "316", "NOME_USP1": "COZINHA COMUNITÁRIA DO CONJUNTO PADRE CICERO III", "NOME_UG2": "ASSOCIAÇÃO CRISTÃ DE BASE", "TIPO3": "INFORMAL", "LOTE4": "LOTE 22", "ENDERECO5": "RUA PROJETADA 09", "NUMERO6": "6", "BAIRRO_L7": "JUAZEIRO DO NORTE", "DISTRITO8": "JUAZEIRO DO NORTE", "MUNICIPI9": "JUAZEIRO DO NORTE", "CEP10": "63000-000", "REGIAO_D11": "CARIRI", "SETOR_IB12": "URBANA", "DATA_DE_13": "2023-10-20", "TIPO_DE_14": "CAGECE - COMPANHIA DE ÁGUA E ESGOTO DO ESTADO DO CEARÁ", "DESIGNAC15": "OUTRAS", "LATITUDE16": "-7.221121", "LONGITUD17": "-39.277557", "OBS18": "COORDENADAS APROXIMADAS", "CONTAGEM19": "1" }, "geometry": { "type": "Point", "coordinates": [ -39.277557, -7.221121 ] } },
{ "type": "Feature", "properties": { "ID0": "317", "NOME_USP1": "COZINHA GRANJEIRO", "NOME_UG2": "ASSOCIAÇÃO CRISTÃ DE BASE", "TIPO3": "INFORMAL", "LOTE4": "LOTE 22", "ENDERECO5": "RUA HENRIQUE MACEDO", "NUMERO6": "261", "BAIRRO_L7": "CENTRO", "DISTRITO8": "GRANJEIRO", "MUNICIPI9": "GRANJEIRO", "CEP10": "63230-000", "REGIAO_D11": "CARIRI", "SETOR_IB12": "URBANA", "DATA_DE_13": "2023-11-08", "TIPO_DE_14": "CAGECE - COMPANHIA DE ÁGUA E ESGOTO DO ESTADO DO CEARÁ", "DESIGNAC15": "OUTRAS", "LATITUDE16": "-6.890005", "LONGITUD17": "-39.217228", "OBS18": "COORDENADAS APROXIMADAS", "CONTAGEM19": "1" }, "geometry": { "type": "Point", "coordinates": [ -39.217228, -6.890005 ] } },
{ "type": "Feature", "properties": { "ID0": "318", "NOME_USP1": "COZINHA PARAISO", "NOME_UG2": "ASSOCIAÇÃO CRISTÃ DE BASE", "TIPO3": "INFORMAL", "LOTE4": "LOTE 22", "ENDERECO5": "RUA LUIZ BEZERRA", "NUMERO6": "139", "BAIRRO_L7": "PARAISO", "DISTRITO8": "CARIRIAÇU", "MUNICIPI9": "CARIRIAÇU", "CEP10": "63220-000", "REGIAO_D11": "CARIRI", "SETOR_IB12": "URBANA", "DATA_DE_13": "2023-11-10", "TIPO_DE_14": "SAAE - SERVIÇO AUTÔNOMO DE ÁGUA E ESGOTO", "DESIGNAC15": "ASSOCIAÇÃO", "LATITUDE16": "-7.044901", "LONGITUD17": "-39.286039", "OBS18": "COORDENADAS APROXIMADAS", "CONTAGEM19": "1" }, "geometry": { "type": "Point", "coordinates": [ -39.286039, -7.044901 ] } },
{ "type": "Feature", "properties": { "ID0": "320", "NOME_USP1": "DIOCESE DO CRATO - PASTORAL DA CRIANÇA JUAZEIRO DO NORTE", "NOME_UG2": "ASSOCIAÇÃO CRISTÃ DE BASE", "TIPO3": "FORMAL", "LOTE4": "LOTE 22", "ENDERECO5": "RUA LADISLAU ARRUDA CAMPOS", "NUMERO6": "777", "BAIRRO_L7": "ANTONIO VIEIRA", "DISTRITO8": "JUAZEIRO DO NORTE", "MUNICIPI9": "JUAZEIRO DO NORTE", "CEP10": "63010-000", "REGIAO_D11": "CARIRI", "SETOR_IB12": "URBANA", "DATA_DE_13": "2023-10-03", "TIPO_DE_14": "CAGECE - COMPANHIA DE ÁGUA E ESGOTO DO ESTADO DO CEARÁ", "DESIGNAC15": "RELIGIOSA", "LATITUDE16": "-7.222139", "LONGITUD17": "-39.335214", "OBS18": "COORDENADAS APROXIMADAS", "CONTAGEM19": "1" }, "geometry": { "type": "Point", "coordinates": [ -39.335214, -7.222139 ] } },
{ "type": "Feature", "properties": { "ID0": "322", "NOME_USP1": "INSTITUTO COM DENDÊ", "NOME_UG2": "ASSOCIAÇÃO CRISTÃ DE BASE", "TIPO3": "FORMAL", "LOTE4": "LOTE 22", "ENDERECO5": "RUA MINISTRO COLOMBO DE SOUZA", "NUMERO6": "623", "BAIRRO_L7": "PEDRINHAS", "DISTRITO8": "JUAZEIRO DO NORTE", "MUNICIPI9": "JUAZEIRO DO NORTE", "CEP10": "63018-050", "REGIAO_D11": "CARIRI", "SETOR_IB12": "URBANA", "DATA_DE_13": "2023-10-31", "TIPO_DE_14": "CAGECE - COMPANHIA DE ÁGUA E ESGOTO DO ESTADO DO CEARÁ", "DESIGNAC15": "INSTITUTO", "LATITUDE16": "-7.199331", "LONGITUD17": "-39.27578", "OBS18": "COORDENADAS APROXIMADAS", "CONTAGEM19": "1" }, "geometry": { "type": "Point", "coordinates": [ -39.27578, -7.199331 ] } },
{ "type": "Feature", "properties": { "ID0": "323", "NOME_USP1": "INSTITUTO JUAZEIRO BOM DE BOLA", "NOME_UG2": "ASSOCIAÇÃO CRISTÃ DE BASE", "TIPO3": "FORMAL", "LOTE4": "LOTE 22", "ENDERECO5": "VL CARITE", "NUMERO6": "362", "BAIRRO_L7": "CARITE", "DISTRITO8": "JUAZEIRO DO NORTE", "MUNICIPI9": "JUAZEIRO DO NORTE", "CEP10": "63017-050", "REGIAO_D11": "CARIRI", "SETOR_IB12": "URBANA", "DATA_DE_13": "2023-11-10", "TIPO_DE_14": "CAGECE - COMPANHIA DE ÁGUA E ESGOTO DO ESTADO DO CEARÁ", "DESIGNAC15": "INSTITUTO", "LATITUDE16": "-7.197564", "LONGITUD17": "-39.296149", "OBS18": "COORDENADAS APROXIMADAS", "CONTAGEM19": "1" }, "geometry": { "type": "Point", "coordinates": [ -39.296149, -7.197564 ] } },
{ "type": "Feature", "properties": { "ID0": "324", "NOME_USP1": "INSTITUTO MONSENHOR MURILO", "NOME_UG2": "ASSOCIAÇÃO CRISTÃ DE BASE", "TIPO3": "FORMAL", "LOTE4": "LOTE 22", "ENDERECO5": "RUA DR. FLORO", "NUMERO6": "130", "BAIRRO_L7": "CENTRO", "DISTRITO8": "JUAZEIRO DO NORTE", "MUNICIPI9": "JUAZEIRO DO NORTE", "CEP10": "63050-030", "REGIAO_D11": "CARIRI", "SETOR_IB12": "URBANA", "DATA_DE_13": "2023-11-06", "TIPO_DE_14": "CAGECE - COMPANHIA DE ÁGUA E ESGOTO DO ESTADO DO CEARÁ", "DESIGNAC15": "INSTITUTO", "LATITUDE16": "-7.200267", "LONGITUD17": "-39.317075", "OBS18": "COORDENADAS APROXIMADAS", "CONTAGEM19": "1" }, "geometry": { "type": "Point", "coordinates": [ -39.317075, -7.200267 ] } },
{ "type": "Feature", "properties": { "ID0": "325", "NOME_USP1": "KWÉ AXÉ OROMIM DEUI", "NOME_UG2": "ASSOCIAÇÃO CRISTÃ DE BASE", "TIPO3": "INFORMAL", "LOTE4": "LOTE 22", "ENDERECO5": "RUA IRMÃ HELENA HILTA ROCHA", "NUMERO6": "921", "BAIRRO_L7": "JUAZEIRO DO NORTE", "DISTRITO8": "JUAZEIRO DO NORTE", "MUNICIPI9": "JUAZEIRO DO NORTE", "CEP10": "63049-270", "REGIAO_D11": "CARIRI", "SETOR_IB12": "URBANA", "DATA_DE_13": "2023-11-09", "TIPO_DE_14": "CAGECE - COMPANHIA DE ÁGUA E ESGOTO DO ESTADO DO CEARÁ", "DESIGNAC15": "POVO DE TERREIRO", "LATITUDE16": "-7.25107", "LONGITUD17": "-39.28752", "OBS18": "COORDENADAS APROXIMADAS", "CONTAGEM19": "1" }, "geometry": { "type": "Point", "coordinates": [ -39.28752, -7.25107 ] } },
{ "type": "Feature", "properties": { "ID0": "326", "NOME_USP1": "PAROQUIA SAGRADO CORAÇÃO DE JESUS (COMUNIDADE SANTA TEREZINHA)", "NOME_UG2": "ASSOCIAÇÃO CRISTÃ DE BASE", "TIPO3": "FORMAL", "LOTE4": "LOTE 22", "ENDERECO5": "AVENIDA PAULO MAIA", "NUMERO6": "328", "BAIRRO_L7": "SANTO ANTÔNIO", "DISTRITO8": "JUAZEIRO DO NORTE", "MUNICIPI9": "JUAZEIRO DO NORTE", "CEP10": "63050-144", "REGIAO_D11": "CARIRI", "SETOR_IB12": "URBANA", "DATA_DE_13": "2023-11-01", "TIPO_DE_14": "CAGECE - COMPANHIA DE ÁGUA E ESGOTO DO ESTADO DO CEARÁ", "DESIGNAC15": "RELIGIOSA", "LATITUDE16": "-7.21905", "LONGITUD17": "-39.328136", "OBS18": "COORDENADAS APROXIMADAS", "CONTAGEM19": "1" }, "geometry": { "type": "Point", "coordinates": [ -39.328136, -7.21905 ] } },
{ "type": "Feature", "properties": { "ID0": "327", "NOME_USP1": "SINDICATO DOS TRABALHADORES RURAIS AGRICULTORES E AGRICULTORAS FAMILIARES", "NOME_UG2": "ASSOCIAÇÃO CRISTÃ DE BASE", "TIPO3": "FORMAL", "LOTE4": "LOTE 22", "ENDERECO5": "PRAÇA DA BANDEIRA", "NUMERO6": "30", "BAIRRO_L7": "VÁRZEA ALEGRE", "DISTRITO8": "VÁRZEA ALEGRE", "MUNICIPI9": "VÁRZEA ALEGRE", "CEP10": "63154-000", "REGIAO_D11": "CARIRI", "SETOR_IB12": "URBANA", "DATA_DE_13": "2023-11-08", "TIPO_DE_14": "CAGECE - COMPANHIA DE ÁGUA E ESGOTO DO ESTADO DO CEARÁ", "DESIGNAC15": "SINDICATO", "LATITUDE16": "-6.793903", "LONGITUD17": "-39.298556", "OBS18": "COORDENADAS APROXIMADAS", "CONTAGEM19": "1" }, "geometry": { "type": "Point", "coordinates": [ -39.298556, -6.793903 ] } },
{ "type": "Feature", "properties": { "ID0": "328", "NOME_USP1": "UNIÃO NORDESTE BRASILEIRA DA IGREJA ADVENTISTA DO 7º DIA", "NOME_UG2": "ASSOCIAÇÃO CRISTÃ DE BASE", "TIPO3": "INFORMAL", "LOTE4": "LOTE 22", "ENDERECO5": "AV JOAO TAVARES DA ROCHA", "NUMERO6": "510", "BAIRRO_L7": "BICO DA ARARA", "DISTRITO8": "CARIRIAÇU", "MUNICIPI9": "CARIRIAÇU", "CEP10": "63220-000", "REGIAO_D11": "CARIRI", "SETOR_IB12": "URBANA", "DATA_DE_13": "2023-11-10", "TIPO_DE_14": "SAAE - SERVIÇO AUTÔNOMO DE ÁGUA E ESGOTO", "DESIGNAC15": "OUTRAS", "LATITUDE16": "-7.041585", "LONGITUD17": "-39.273789", "OBS18": "COORDENADAS APROXIMADAS", "CONTAGEM19": "1" }, "geometry": { "type": "Point", "coordinates": [ -39.273789, -7.041585 ] } },
{ "type": "Feature", "properties": { "ID0": "329", "NOME_USP1": "ASSOCIAÇÃO COMUNITARIA DOS MORADORES DO SITIO CHAPADA", "NOME_UG2": "INSTITUTO ELO AMIGO", "TIPO3": "FORMAL", "LOTE4": "LOTE 26", "ENDERECO5": "SETOR CALDEIRAO", "NUMERO6": "35", "BAIRRO_L7": "CENTRO", "DISTRITO8": "QUIXELÔ", "MUNICIPI9": "QUIXELÔ", "CEP10": "63515-000", "REGIAO_D11": "CENTRO SUL", "SETOR_IB12": "RURAL", "DATA_DE_13": "2023-10-05", "TIPO_DE_14": "SAAE - SERVIÇO AUTÔNOMO DE ÁGUA E ESGOTO", "DESIGNAC15": "ASSOCIAÇÃO", "LATITUDE16": "-6.216821", "LONGITUD17": "-39.166131", "OBS18": "COORDENADAS APROXIMADAS", "CONTAGEM19": "1" }, "geometry": { "type": "Point", "coordinates": [ -39.166131, -6.216821 ] } },
{ "type": "Feature", "properties": { "ID0": "330", "NOME_USP1": "ASSOCIAÇÃO BENEFICENTE AGENTE DE SAUDE MIRIM DE ACOPIARA", "NOME_UG2": "INSTITUTO ELO AMIGO", "TIPO3": "FORMAL", "LOTE4": "LOTE 26", "ENDERECO5": "RUA JOAQUIM MOREIRA BARROS", "NUMERO6": "180", "BAIRRO_L7": "MOREIRAS I", "DISTRITO8": "ACOPIARA", "MUNICIPI9": "ACOPIARA", "CEP10": "63560-000", "REGIAO_D11": "CENTRO SUL", "SETOR_IB12": "URBANA", "DATA_DE_13": "2023-09-28", "TIPO_DE_14": "CAGECE - COMPANHIA DE ÁGUA E ESGOTO DO ESTADO DO CEARÁ", "DESIGNAC15": "ONG", "LATITUDE16": "-6.108089", "LONGITUD17": "-39.443427", "OBS18": "COORDENADAS APROXIMADAS", "CONTAGEM19": "1" }, "geometry": { "type": "Point", "coordinates": [ -39.443427, -6.108089 ] } },
{ "type": "Feature", "properties": { "ID0": "331", "NOME_USP1": "ASSOCIACAO DE DESENVOLVIMENTO COMUNITARIO DE ANTONICO", "NOME_UG2": "INSTITUTO ELO AMIGO", "TIPO3": "FORMAL", "LOTE4": "LOTE 26", "ENDERECO5": "TRAVESSA JOSE RAIMUNDO GOMES", "NUMERO6": "165", "BAIRRO_L7": "VILA ANTONICO", "DISTRITO8": "ANTONICO", "MUNICIPI9": "QUIXELÔ", "CEP10": "63515-000", "REGIAO_D11": "CENTRO SUL", "SETOR_IB12": "URBANA", "DATA_DE_13": "2023-09-29", "TIPO_DE_14": "SAAE - SERVIÇO AUTÔNOMO DE ÁGUA E ESGOTO", "DESIGNAC15": "ASSOCIAÇÃO", "LATITUDE16": "-6.26295", "LONGITUD17": "-39.269286", "OBS18": "COORDENADAS APROXIMADAS", "CONTAGEM19": "1" }, "geometry": { "type": "Point", "coordinates": [ -39.269286, -6.26295 ] } },
{ "type": "Feature", "properties": { "ID0": "332", "NOME_USP1": "ASSOCIACAO DE MORADORES DO BAIRRO COHAB I", "NOME_UG2": "INSTITUTO ELO AMIGO", "TIPO3": "FORMAL", "LOTE4": "LOTE 26", "ENDERECO5": "COHAB RUA", "NUMERO6": "45", "BAIRRO_L7": "SEM BAIRRO", "DISTRITO8": "QUIXELÔ", "MUNICIPI9": "QUIXELÔ", "CEP10": "63515-000", "REGIAO_D11": "CENTRO SUL", "SETOR_IB12": "URBANA", "DATA_DE_13": "2023-09-29", "TIPO_DE_14": "SAAE - SERVIÇO AUTÔNOMO DE ÁGUA E ESGOTO", "DESIGNAC15": "ASSOCIAÇÃO", "LATITUDE16": "-6.255775", "LONGITUD17": "-39.199282", "OBS18": "COORDENADAS APROXIMADAS", "CONTAGEM19": "1" }, "geometry": { "type": "Point", "coordinates": [ -39.199282, -6.255775 ] } },
{ "type": "Feature", "properties": { "ID0": "333", "NOME_USP1": "ASSOCIAÇÃO DE MORADORES E AGRICULTORES DO CARDOSO II", "NOME_UG2": "INSTITUTO ELO AMIGO", "TIPO3": "FORMAL", "LOTE4": "LOTE 26", "ENDERECO5": "SITIO CARDOSO II", "NUMERO6": "0", "BAIRRO_L7": "CARDOSO II", "DISTRITO8": "BARRO ALTO", "MUNICIPI9": "IGUATU", "CEP10": "63500-970", "REGIAO_D11": "CENTRO SUL", "SETOR_IB12": "RURAL", "DATA_DE_13": "2023-09-25", "TIPO_DE_14": "SAAE - SERVIÇO AUTÔNOMO DE ÁGUA E ESGOTO", "DESIGNAC15": "ASSOCIAÇÃO", "LATITUDE16": "-6.433102", "LONGITUD17": "-39.330601", "OBS18": "COORDENADAS APROXIMADAS", "CONTAGEM19": "1" }, "geometry": { "type": "Point", "coordinates": [ -39.330601, -6.433102 ] } },
{ "type": "Feature", "properties": { "ID0": "334", "NOME_USP1": "ASSOCIAÇÃO DOS MORADORES DA VILA BARRO ALTO", "NOME_UG2": "INSTITUTO ELO AMIGO", "TIPO3": "FORMAL", "LOTE4": "LOTE 26", "ENDERECO5": "RUA MANOEL BEZERRA BASTOS", "NUMERO6": "22", "BAIRRO_L7": "BARRO ALTO", "DISTRITO8": "BARRO ALTO", "MUNICIPI9": "IGUATU", "CEP10": "63512-500", "REGIAO_D11": "CENTRO SUL", "SETOR_IB12": "URBANA", "DATA_DE_13": "2023-09-27", "TIPO_DE_14": "SAAE - SERVIÇO AUTÔNOMO DE ÁGUA E ESGOTO", "DESIGNAC15": "ASSOCIAÇÃO", "LATITUDE16": "-6.448405", "LONGITUD17": "-39.386846", "OBS18": "COORDENADAS APROXIMADAS", "CONTAGEM19": "1" }, "geometry": { "type": "Point", "coordinates": [ -39.386846, -6.448405 ] } },
{ "type": "Feature", "properties": { "ID0": "335", "NOME_USP1": "ASSOCIAÇÃO DOS MORADORES DO BAIRRO CHAPADINHA AMBC", "NOME_UG2": "INSTITUTO ELO AMIGO", "TIPO3": "FORMAL", "LOTE4": "LOTE 26", "ENDERECO5": "RODOVIA IGUATU ICÓ", "NUMERO6": "351", "BAIRRO_L7": "CHAPADINHA", "DISTRITO8": "IGUATU", "MUNICIPI9": "IGUATU", "CEP10": "63503-752", "REGIAO_D11": "CENTRO SUL", "SETOR_IB12": "RURAL", "DATA_DE_13": "2023-10-03", "TIPO_DE_14": "SAAE - SERVIÇO AUTÔNOMO DE ÁGUA E ESGOTO", "DESIGNAC15": "ASSOCIAÇÃO", "LATITUDE16": "-6.375495", "LONGITUD17": "-39.262429", "OBS18": "COORDENADAS APROXIMADAS", "CONTAGEM19": "1" }, "geometry": { "type": "Point", "coordinates": [ -39.262429, -6.375495 ] } },
{ "type": "Feature", "properties": { "ID0": "336", "NOME_USP1": "CASA DE ACOLHIMENTO PADRE JOSE MARQUES", "NOME_UG2": "INSTITUTO ELO AMIGO", "TIPO3": "INFORMAL", "LOTE4": "LOTE 26", "ENDERECO5": "RUA TREZE DE MAIO", "NUMERO6": "1431", "BAIRRO_L7": "IGUATU", "DISTRITO8": "IGUATU", "MUNICIPI9": "IGUATU", "CEP10": "63502-120", "REGIAO_D11": "CENTRO SUL", "SETOR_IB12": "URBANA", "DATA_DE_13": "2023-09-21", "TIPO_DE_14": "SAAE - SERVIÇO AUTÔNOMO DE ÁGUA E ESGOTO", "DESIGNAC15": "RELIGIOSA", "LATITUDE16": "-6.366318", "LONGITUD17": "-39.295251", "OBS18": "COORDENADAS APROXIMADAS", "CONTAGEM19": "1" }, "geometry": { "type": "Point", "coordinates": [ -39.295251, -6.366318 ] } },
{ "type": "Feature", "properties": { "ID0": "337", "NOME_USP1": "COMPLEXO COMUNITARIO DE DESENVOLVIMENTO MUNICIPAL DE IGUATU - CCDMI", "NOME_UG2": "INSTITUTO ELO AMIGO", "TIPO3": "FORMAL", "LOTE4": "LOTE 26", "ENDERECO5": "RUA BEVENUTO CAVALCANTE MENDONÇA", "NUMERO6": "544", "BAIRRO_L7": "FLORES", "DISTRITO8": "IGUATU", "MUNICIPI9": "IGUATU", "CEP10": "63500-498", "REGIAO_D11": "CENTRO SUL", "SETOR_IB12": "URBANA", "DATA_DE_13": "2023-09-25", "TIPO_DE_14": "SAAE - SERVIÇO AUTÔNOMO DE ÁGUA E ESGOTO", "DESIGNAC15": "ASSOCIAÇÃO", "LATITUDE16": "-6.359148", "LONGITUD17": "-39.297494", "OBS18": "COORDENADAS APROXIMADAS", "CONTAGEM19": "1" }, "geometry": { "type": "Point", "coordinates": [ -39.297494, -6.359148 ] } },
{ "type": "Feature", "properties": { "ID0": "338", "NOME_USP1": "CONGREGAÇÃO ASSEMBLEIA DE DEUS ALTIPLANO", "NOME_UG2": "INSTITUTO ELO AMIGO", "TIPO3": "INFORMAL", "LOTE4": "LOTE 26", "ENDERECO5": "RUA MARIA ALMIRA", "NUMERO6": "644", "BAIRRO_L7": "IGUATU", "DISTRITO8": "IGUATU", "MUNICIPI9": "IGUATU", "CEP10": "63505-430", "REGIAO_D11": "CENTRO SUL", "SETOR_IB12": "URBANA", "DATA_DE_13": "2023-09-28", "TIPO_DE_14": "SAAE - SERVIÇO AUTÔNOMO DE ÁGUA E ESGOTO", "DESIGNAC15": "RELIGIOSA", "LATITUDE16": "-6.382306", "LONGITUD17": "-39.312424", "OBS18": "COORDENADAS APROXIMADAS", "CONTAGEM19": "1" }, "geometry": { "type": "Point", "coordinates": [ -39.312424, -6.382306 ] } },
{ "type": "Feature", "properties": { "ID0": "339", "NOME_USP1": "COZINHA COMUNITARIA RESIDENCIAL DOM MAURO", "NOME_UG2": "INSTITUTO ELO AMIGO", "TIPO3": "INFORMAL", "LOTE4": "LOTE 26", "ENDERECO5": "CENTRO COMUNITARIO RESIDENCIAL DOM MAURO", "NUMERO6": "0", "BAIRRO_L7": "GADELHA", "DISTRITO8": "GADELHA", "MUNICIPI9": "IGUATU", "CEP10": "63514-500", "REGIAO_D11": "CENTRO SUL", "SETOR_IB12": "URBANA", "DATA_DE_13": "2023-09-27", "TIPO_DE_14": "SAAE - SERVIÇO AUTÔNOMO DE ÁGUA E ESGOTO", "DESIGNAC15": "OUTRAS", "LATITUDE16": "-6.415986", "LONGITUD17": "-39.287464", "OBS18": "COORDENADAS APROXIMADAS", "CONTAGEM19": "1" }, "geometry": { "type": "Point", "coordinates": [ -39.287464, -6.415986 ] } },
{ "type": "Feature", "properties": { "ID0": "340", "NOME_USP1": "COZINHA COMUNITARIA SABOR E NUTRIÇÃO", "NOME_UG2": "INSTITUTO ELO AMIGO", "TIPO3": "INFORMAL", "LOTE4": "LOTE 26", "ENDERECO5": "AVENIDA PERIMETRAL", "NUMERO6": "0", "BAIRRO_L7": "CENTRO", "DISTRITO8": "QUIXELÔ", "MUNICIPI9": "QUIXELÔ", "CEP10": "63515-000", "REGIAO_D11": "CENTRO SUL", "SETOR_IB12": "URBANA", "DATA_DE_13": "2023-10-05", "TIPO_DE_14": "SAAE - SERVIÇO AUTÔNOMO DE ÁGUA E ESGOTO", "DESIGNAC15": "OUTRAS", "LATITUDE16": "-6.251155", "LONGITUD17": "-39.199551", "OBS18": "COORDENADAS APROXIMADAS", "CONTAGEM19": "1" }, "geometry": { "type": "Point", "coordinates": [ -39.199551, -6.251155 ] } },
{ "type": "Feature", "properties": { "ID0": "341", "NOME_USP1": "COZINHA FELIZ", "NOME_UG2": "INSTITUTO ELO AMIGO", "TIPO3": "INFORMAL", "LOTE4": "LOTE 26", "ENDERECO5": "RUA SAO JOAO", "NUMERO6": "172", "BAIRRO_L7": "IGUATU", "DISTRITO8": "IGUATU", "MUNICIPI9": "IGUATU", "CEP10": "63510-000", "REGIAO_D11": "CENTRO SUL", "SETOR_IB12": "URBANA", "DATA_DE_13": "2023-10-04", "TIPO_DE_14": "SAAE - SERVIÇO AUTÔNOMO DE ÁGUA E ESGOTO", "DESIGNAC15": "OUTRAS", "LATITUDE16": "-6.30924", "LONGITUD17": "-39.411324", "OBS18": "COORDENADAS APROXIMADAS", "CONTAGEM19": "1" }, "geometry": { "type": "Point", "coordinates": [ -39.411324, -6.30924 ] } },
{ "type": "Feature", "properties": { "ID0": "342", "NOME_USP1": "GRUPO LAGOINHA", "NOME_UG2": "INSTITUTO ELO AMIGO", "TIPO3": "INFORMAL", "LOTE4": "LOTE 26", "ENDERECO5": "AVENIDA ANTONIO AMANCIO RODRIGUES", "NUMERO6": "144", "BAIRRO_L7": "CATARINA", "DISTRITO8": "CATARINA", "MUNICIPI9": "CATARINA", "CEP10": "63595-000", "REGIAO_D11": "CENTRO SUL", "SETOR_IB12": "URBANA", "DATA_DE_13": "2023-10-11", "TIPO_DE_14": "CAGECE - COMPANHIA DE ÁGUA E ESGOTO DO ESTADO DO CEARÁ", "DESIGNAC15": "OUTRAS", "LATITUDE16": "-6.14263", "LONGITUD17": "-39.882643", "OBS18": "COORDENADAS APROXIMADAS", "CONTAGEM19": "1" }, "geometry": { "type": "Point", "coordinates": [ -39.882643, -6.14263 ] } },
{ "type": "Feature", "properties": { "ID0": "343", "NOME_USP1": "TRUPE TAGARELA DE TEATRO", "NOME_UG2": "INSTITUTO ELO AMIGO", "TIPO3": "INFORMAL", "LOTE4": "LOTE 26", "ENDERECO5": "RUA SAO GABRIEL", "NUMERO6": "342", "BAIRRO_L7": "MOREIRA DE BAIXO", "DISTRITO8": "ACOPIARA", "MUNICIPI9": "ACOPIARA", "CEP10": "63560-000", "REGIAO_D11": "CENTRO SUL", "SETOR_IB12": "URBANA", "DATA_DE_13": "2023-10-10", "TIPO_DE_14": "CAGECE - COMPANHIA DE ÁGUA E ESGOTO DO ESTADO DO CEARÁ", "DESIGNAC15": "OUTRAS", "LATITUDE16": "-6.100057", "LONGITUD17": "-39.449058", "OBS18": "COORDENADAS APROXIMADAS", "CONTAGEM19": "1" }, "geometry": { "type": "Point", "coordinates": [ -39.449058, -6.100057 ] } },
{ "type": "Feature", "properties": { "ID0": "344", "NOME_USP1": "GRUPO VILA NOVA", "NOME_UG2": "INSTITUTO ELO AMIGO", "TIPO3": "INFORMAL", "LOTE4": "LOTE 26", "ENDERECO5": "TRAVESSA PEDRO ALVES", "NUMERO6": "122", "BAIRRO_L7": "CENTRO", "DISTRITO8": "ACOPIARA", "MUNICIPI9": "ACOPIARA", "CEP10": "63560-000", "REGIAO_D11": "CENTRO SUL", "SETOR_IB12": "URBANA", "DATA_DE_13": "2023-10-24", "TIPO_DE_14": "CAGECE - COMPANHIA DE ÁGUA E ESGOTO DO ESTADO DO CEARÁ", "DESIGNAC15": "ASSOCIAÇÃO", "LATITUDE16": "-6.092133", "LONGITUD17": "-39.458312", "OBS18": "COORDENADAS APROXIMADAS", "CONTAGEM19": "1" }, "geometry": { "type": "Point", "coordinates": [ -39.458312, -6.092133 ] } },
{ "type": "Feature", "properties": { "ID0": "345", "NOME_USP1": "COZINHA CATARINA", "NOME_UG2": "INSTITUTO ELO AMIGO", "TIPO3": "INFORMAL", "LOTE4": "LOTE 26", "ENDERECO5": "RUA MANOEL FERREIRA", "NUMERO6": "218", "BAIRRO_L7": "CATARINA", "DISTRITO8": "CATARINA", "MUNICIPI9": "CATARINA", "CEP10": "63595-000", "REGIAO_D11": "CENTRO SUL", "SETOR_IB12": "URBANA", "DATA_DE_13": "2023-10-11", "TIPO_DE_14": "CAGECE - COMPANHIA DE ÁGUA E ESGOTO DO ESTADO DO CEARÁ", "DESIGNAC15": "RELIGIOSA", "LATITUDE16": "-6.135106", "LONGITUD17": "-39.875225", "OBS18": "COORDENADAS APROXIMADAS", "CONTAGEM19": "1" }, "geometry": { "type": "Point", "coordinates": [ -39.875225, -6.135106 ] } },
{ "type": "Feature", "properties": { "ID0": "346", "NOME_USP1": "PAULO ALVES DO NASCIMENTO", "NOME_UG2": "INSTITUTO ELO AMIGO", "TIPO3": "INFORMAL", "LOTE4": "LOTE 26", "ENDERECO5": "RUA SILVIO AMARO", "NUMERO6": "518", "BAIRRO_L7": "JARDIM OÁSIS", "DISTRITO8": "IGUATU", "MUNICIPI9": "IGUATU", "CEP10": "63507-235", "REGIAO_D11": "CENTRO SUL", "SETOR_IB12": "URBANA", "DATA_DE_13": "2023-10-03", "TIPO_DE_14": "SAAE - SERVIÇO AUTÔNOMO DE ÁGUA E ESGOTO", "DESIGNAC15": "OUTRAS", "LATITUDE16": "-6.358058", "LONGITUD17": "-39.313389", "OBS18": "COORDENADAS APROXIMADAS", "CONTAGEM19": "1" }, "geometry": { "type": "Point", "coordinates": [ -39.313389, -6.358058 ] } },
{ "type": "Feature", "properties": { "ID0": "347", "NOME_USP1": "PROJETO QUILO DE AMOR", "NOME_UG2": "INSTITUTO ELO AMIGO", "TIPO3": "INFORMAL", "LOTE4": "LOTE 26", "ENDERECO5": "RUA PRESBÍTERO JOSÉ BARBOSA DA COSTA", "NUMERO6": "8", "BAIRRO_L7": "CAJUEIRO", "DISTRITO8": "IGUATU", "MUNICIPI9": "IGUATU", "CEP10": "63508-455", "REGIAO_D11": "CENTRO SUL", "SETOR_IB12": "URBANA", "DATA_DE_13": "2023-09-28", "TIPO_DE_14": "SAAE - SERVIÇO AUTÔNOMO DE ÁGUA E ESGOTO", "DESIGNAC15": "RELIGIOSA", "LATITUDE16": "-6.346532", "LONGITUD17": "-39.316615", "OBS18": "COORDENADAS APROXIMADAS", "CONTAGEM19": "1" }, "geometry": { "type": "Point", "coordinates": [ -39.316615, -6.346532 ] } },
{ "type": "Feature", "properties": { "ID0": "349", "NOME_USP1": "AMIGOS SOLIDÁRIOS", "NOME_UG2": "INSTITUTO SOS PERIFERIA - ISOP", "TIPO3": "INFORMAL", "LOTE4": "LOTE 14", "ENDERECO5": "TRAVESSA PEDRO LUCIANO", "NUMERO6": "25", "BAIRRO_L7": "GUAIÚBA", "DISTRITO8": "GUAIÚBA", "MUNICIPI9": "GUAIÚBA", "CEP10": "61890-000", "REGIAO_D11": "GRANDE FORTALEZA", "SETOR_IB12": "URBANA", "DATA_DE_13": "2023-10-23", "TIPO_DE_14": "CAGECE - COMPANHIA DE ÁGUA E ESGOTO DO ESTADO DO CEARÁ", "DESIGNAC15": "OUTRAS", "LATITUDE16": "-4.112349", "LONGITUD17": "-38.6511", "OBS18": "COORDENADAS APROXIMADAS", "CONTAGEM19": "1" }, "geometry": { "type": "Point", "coordinates": [ -38.6511, -4.112349 ] } },
{ "type": "Feature", "properties": { "ID0": "350", "NOME_USP1": "AMO DOURADO", "NOME_UG2": "INSTITUTO SOS PERIFERIA - ISOP", "TIPO3": "INFORMAL", "LOTE4": "LOTE 14", "ENDERECO5": "RODOVIA CE 451 KM 13", "NUMERO6": "0", "BAIRRO_L7": "DOURADO", "DISTRITO8": "DOURADO", "MUNICIPI9": "GUAIÚBA", "CEP10": "61890-000", "REGIAO_D11": "GRANDE FORTALEZA", "SETOR_IB12": "URBANA", "DATA_DE_13": "2023-10-23", "TIPO_DE_14": "CAGECE - COMPANHIA DE ÁGUA E ESGOTO DO ESTADO DO CEARÁ", "DESIGNAC15": "OUTRAS", "LATITUDE16": "-4.083372", "LONGITUD17": "-38.727167", "OBS18": "COORDENADAS APROXIMADAS", "CONTAGEM19": "1" }, "geometry": { "type": "Point", "coordinates": [ -38.727167, -4.083372 ] } },
{ "type": "Feature", "properties": { "ID0": "351", "NOME_USP1": "ANJOS DA TERRA", "NOME_UG2": "INSTITUTO SOS PERIFERIA - ISOP", "TIPO3": "INFORMAL", "LOTE4": "LOTE 14", "ENDERECO5": "RUA ADALMIZAR ALENCAR", "NUMERO6": "46", "BAIRRO_L7": "GUAIÚBA", "DISTRITO8": "GUAIÚBA", "MUNICIPI9": "GUAIÚBA", "CEP10": "61890-000", "REGIAO_D11": "GRANDE FORTALEZA", "SETOR_IB12": "URBANA", "DATA_DE_13": "2023-10-24", "TIPO_DE_14": "CAGECE - COMPANHIA DE ÁGUA E ESGOTO DO ESTADO DO CEARÁ", "DESIGNAC15": "OUTRAS", "LATITUDE16": "-4.041742", "LONGITUD17": "-38.632045", "OBS18": "COORDENADAS APROXIMADAS", "CONTAGEM19": "1" }, "geometry": { "type": "Point", "coordinates": [ -38.632045, -4.041742 ] } },
{ "type": "Feature", "properties": { "ID0": "352", "NOME_USP1": "ASCOMLUTA", "NOME_UG2": "INSTITUTO SOS PERIFERIA - ISOP", "TIPO3": "INFORMAL", "LOTE4": "LOTE 14", "ENDERECO5": "RUA 07", "NUMERO6": "178", "BAIRRO_L7": "PEDRAS", "DISTRITO8": "ITAITINGA", "MUNICIPI9": "ITAITINGA", "CEP10": "61880-000", "REGIAO_D11": "GRANDE FORTALEZA", "SETOR_IB12": "URBANA", "DATA_DE_13": "2023-10-09", "TIPO_DE_14": "CAGECE - COMPANHIA DE ÁGUA E ESGOTO DO ESTADO DO CEARÁ", "DESIGNAC15": "ASSOCIAÇÃO", "LATITUDE16": "-3.898112", "LONGITUD17": "-38.511723", "OBS18": "COORDENADAS APROXIMADAS", "CONTAGEM19": "1" }, "geometry": { "type": "Point", "coordinates": [ -38.511723, -3.898112 ] } },
{ "type": "Feature", "properties": { "ID0": "353", "NOME_USP1": "ASSOCIAÇÃO AMOR E PAZ VOVÓ BETINHA", "NOME_UG2": "INSTITUTO SOS PERIFERIA - ISOP", "TIPO3": "FORMAL", "LOTE4": "LOTE 14", "ENDERECO5": "RUA CINCO", "NUMERO6": "0", "BAIRRO_L7": "ITAITINGA", "DISTRITO8": "ITAITINGA", "MUNICIPI9": "ITAITINGA", "CEP10": "61880-000", "REGIAO_D11": "GRANDE FORTALEZA", "SETOR_IB12": "URBANA", "DATA_DE_13": "2023-10-09", "TIPO_DE_14": "CAGECE - COMPANHIA DE ÁGUA E ESGOTO DO ESTADO DO CEARÁ", "DESIGNAC15": "ASSOCIAÇÃO", "LATITUDE16": "-3.897511", "LONGITUD17": "-38.519586", "OBS18": "COORDENADAS APROXIMADAS", "CONTAGEM19": "1" }, "geometry": { "type": "Point", "coordinates": [ -38.519586, -3.897511 ] } },
{ "type": "Feature", "properties": { "ID0": "354", "NOME_USP1": "ASSOCIAÇÃO APRENDER, BRINCAR, CRESCER, DESENVOLVER E SOCIALIZAR - ABCDS", "NOME_UG2": "INSTITUTO SOS PERIFERIA - ISOP", "TIPO3": "FORMAL", "LOTE4": "LOTE 14", "ENDERECO5": "RUA CUSTÓDIO TEXEIRA DE MELO", "NUMERO6": "218", "BAIRRO_L7": "GUAIÚBA", "DISTRITO8": "GUAIÚBA", "MUNICIPI9": "GUAIÚBA", "CEP10": "61980-000", "REGIAO_D11": "GRANDE FORTALEZA", "SETOR_IB12": "URBANA", "DATA_DE_13": "2023-10-23", "TIPO_DE_14": "POÇO", "DESIGNAC15": "ASSOCIAÇÃO", "LATITUDE16": "-4.039141", "LONGITUD17": "-38.637268", "OBS18": "COORDENADAS APROXIMADAS", "CONTAGEM19": "1" }, "geometry": { "type": "Point", "coordinates": [ -38.637268, -4.039141 ] } },
{ "type": "Feature", "properties": { "ID0": "357", "NOME_USP1": "(ACECI)ASSOCIAÇÃO DE AMIGOS PELA CULTURA ESPORTE E CIDADANIA", "NOME_UG2": "INSTITUTO SOS PERIFERIA - ISOP", "TIPO3": "FORMAL", "LOTE4": "LOTE 14", "ENDERECO5": "AVENIDA MARIA EFIGÊNIA CAMPOS TELES", "NUMERO6": "1219", "BAIRRO_L7": "MARANGUAPE", "DISTRITO8": "MARANGUAPE", "MUNICIPI9": "MARANGUAPE", "CEP10": "00000-000", "REGIAO_D11": "GRANDE FORTALEZA", "SETOR_IB12": "URBANA", "DATA_DE_13": "2023-10-09", "TIPO_DE_14": "CAGECE - COMPANHIA DE ÁGUA E ESGOTO DO ESTADO DO CEARÁ", "DESIGNAC15": "ASSOCIAÇÃO", "LATITUDE16": "-3.90931", "LONGITUD17": "-38.675228", "OBS18": "COORDENADAS APROXIMADAS", "CONTAGEM19": "1" }, "geometry": { "type": "Point", "coordinates": [ -38.675228, -3.90931 ] } },
{ "type": "Feature", "properties": { "ID0": "358", "NOME_USP1": "ASSOCIAÇÃO DE PAIS E AMIGOS DOS EXCEPCIONAIS DE MARANGUAPE", "NOME_UG2": "INSTITUTO SOS PERIFERIA - ISOP", "TIPO3": "FORMAL", "LOTE4": "LOTE 14", "ENDERECO5": "AVENIDA DOUTOR STÊNIO GOMES", "NUMERO6": "888", "BAIRRO_L7": "MARANGUAPE", "DISTRITO8": "MARANGUAPE", "MUNICIPI9": "MARANGUAPE", "CEP10": "61948-260", "REGIAO_D11": "GRANDE FORTALEZA", "SETOR_IB12": "URBANA", "DATA_DE_13": "2023-10-10", "TIPO_DE_14": "CAGECE - COMPANHIA DE ÁGUA E ESGOTO DO ESTADO DO CEARÁ", "DESIGNAC15": "ASSOCIAÇÃO", "LATITUDE16": "-3.904994", "LONGITUD17": "-38.683356", "OBS18": "COORDENADAS APROXIMADAS", "CONTAGEM19": "1" }, "geometry": { "type": "Point", "coordinates": [ -38.683356, -3.904994 ] } },
{ "type": "Feature", "properties": { "ID0": "359", "NOME_USP1": "ASSOCIAÇÃO DOS MORADORES DO RESIDENCIAL ORGULHO DO CEARA", "NOME_UG2": "INSTITUTO SOS PERIFERIA - ISOP", "TIPO3": "FORMAL", "LOTE4": "LOTE 14", "ENDERECO5": "ÁREA RURAL", "NUMERO6": "0", "BAIRRO_L7": "ÁREA RURAL DE PACATUBA", "DISTRITO8": "PACATUBA", "MUNICIPI9": "PACATUBA", "CEP10": "61814-899", "REGIAO_D11": "GRANDE FORTALEZA", "SETOR_IB12": "URBANA", "DATA_DE_13": "2023-10-11", "TIPO_DE_14": "POÇO", "DESIGNAC15": "ASSOCIAÇÃO", "LATITUDE16": "-3.8556", "LONGITUD17": "-38.553727", "OBS18": "COORDENADAS APROXIMADAS", "CONTAGEM19": "1" }, "geometry": { "type": "Point", "coordinates": [ -38.553727, -3.8556 ] } },
{ "type": "Feature", "properties": { "ID0": "362", "NOME_USP1": "ASSOCIAÇÃO MARIA NILDA CAETANO DE MORAES", "NOME_UG2": "INSTITUTO SOS PERIFERIA - ISOP", "TIPO3": "FORMAL", "LOTE4": "LOTE 14", "ENDERECO5": "AV DOUTOR ARGEU GURGEL BRAGA HEBSTER", "NUMERO6": "826", "BAIRRO_L7": "OUTRA BANDA", "DISTRITO8": "MARANGUAPE", "MUNICIPI9": "MARANGUAPE", "CEP10": "00000-000", "REGIAO_D11": "GRANDE FORTALEZA", "SETOR_IB12": "URBANA", "DATA_DE_13": "2023-10-09", "TIPO_DE_14": "CAGECE - COMPANHIA DE ÁGUA E ESGOTO DO ESTADO DO CEARÁ", "DESIGNAC15": "ASSOCIAÇÃO", "LATITUDE16": "-4.052735", "LONGITUD17": "-38.7118", "OBS18": "COORDENADAS APROXIMADAS", "CONTAGEM19": "1" }, "geometry": { "type": "Point", "coordinates": [ -38.7118, -4.052735 ] } },
{ "type": "Feature", "properties": { "ID0": "363", "NOME_USP1": "BEIJAMIN SEM FOME", "NOME_UG2": "INSTITUTO SOS PERIFERIA - ISOP", "TIPO3": "INFORMAL", "LOTE4": "LOTE 14", "ENDERECO5": "RUA FLORIANÓPOLIS", "NUMERO6": "144", "BAIRRO_L7": "PACATUBA", "DISTRITO8": "PACATUBA", "MUNICIPI9": "PACATUBA", "CEP10": "61814-456", "REGIAO_D11": "GRANDE FORTALEZA", "SETOR_IB12": "URBANA", "DATA_DE_13": "2023-10-16", "TIPO_DE_14": "POÇO", "DESIGNAC15": "OUTRAS", "LATITUDE16": "-3.893013", "LONGITUD17": "-38.619274", "OBS18": "COORDENADAS APROXIMADAS", "CONTAGEM19": "1" }, "geometry": { "type": "Point", "coordinates": [ -38.619274, -3.893013 ] } },
{ "type": "Feature", "properties": { "ID0": "367", "NOME_USP1": "COZINHA COMUNITÁRIA NOVO PARQUE IRACEMA", "NOME_UG2": "INSTITUTO SOS PERIFERIA - ISOP", "TIPO3": "INFORMAL", "LOTE4": "LOTE 14", "ENDERECO5": "RUA MANOEL DUARTE MESQUITA", "NUMERO6": "338", "BAIRRO_L7": "MARANGUAPE", "DISTRITO8": "MARANGUAPE", "MUNICIPI9": "MARANGUAPE", "CEP10": "61949-050", "REGIAO_D11": "GRANDE FORTALEZA", "SETOR_IB12": "URBANA", "DATA_DE_13": "2023-10-10", "TIPO_DE_14": "CAGECE - COMPANHIA DE ÁGUA E ESGOTO DO ESTADO DO CEARÁ", "DESIGNAC15": "OUTRAS", "LATITUDE16": "-3.914673", "LONGITUD17": "-38.691413", "OBS18": "COORDENADAS APROXIMADAS", "CONTAGEM19": "1" }, "geometry": { "type": "Point", "coordinates": [ -38.691413, -3.914673 ] } },
{ "type": "Feature", "properties": { "ID0": "368", "NOME_USP1": "COZINHA DA ADRIANA", "NOME_UG2": "INSTITUTO SOS PERIFERIA - ISOP", "TIPO3": "INFORMAL", "LOTE4": "LOTE 14", "ENDERECO5": "RUA PROFESSOR AUREA PONTES VIEIRA", "NUMERO6": "889", "BAIRRO_L7": "PARQUE IRACEMA", "DISTRITO8": "MARANGUAPE", "MUNICIPI9": "MARANGUAPE", "CEP10": "00000-000", "REGIAO_D11": "GRANDE FORTALEZA", "SETOR_IB12": "URBANA", "DATA_DE_13": "2023-10-09", "TIPO_DE_14": "CAGECE - COMPANHIA DE ÁGUA E ESGOTO DO ESTADO DO CEARÁ", "DESIGNAC15": "OUTRAS", "LATITUDE16": "-3.904309", "LONGITUD17": "-38.678323", "OBS18": "COORDENADAS APROXIMADAS", "CONTAGEM19": "1" }, "geometry": { "type": "Point", "coordinates": [ -38.678323, -3.904309 ] } },
{ "type": "Feature", "properties": { "ID0": "369", "NOME_USP1": "COZINHA DA FAMILIA", "NOME_UG2": "INSTITUTO SOS PERIFERIA - ISOP", "TIPO3": "INFORMAL", "LOTE4": "LOTE 14", "ENDERECO5": "RUA SÃO BENEDITO", "NUMERO6": "909", "BAIRRO_L7": "PAVUNA", "DISTRITO8": "PAVUNA", "MUNICIPI9": "PACATUBA", "CEP10": "61800-000", "REGIAO_D11": "GRANDE FORTALEZA", "SETOR_IB12": "URBANA", "DATA_DE_13": "2023-10-11", "TIPO_DE_14": "CAGECE - COMPANHIA DE ÁGUA E ESGOTO DO ESTADO DO CEARÁ", "DESIGNAC15": "OUTRAS", "LATITUDE16": "-3.884872", "LONGITUD17": "-38.586493", "OBS18": "COORDENADAS APROXIMADAS", "CONTAGEM19": "1" }, "geometry": { "type": "Point", "coordinates": [ -38.586493, -3.884872 ] } },
{ "type": "Feature", "properties": { "ID0": "372", "NOME_USP1": "COZINHA NOVA UNIÃO", "NOME_UG2": "INSTITUTO SOS PERIFERIA - ISOP", "TIPO3": "INFORMAL", "LOTE4": "LOTE 14", "ENDERECO5": "RUA MANOEL OLIVEIRA LIMA", "NUMERO6": "0", "BAIRRO_L7": "MARANGUAPE", "DISTRITO8": "MARANGUAPE", "MUNICIPI9": "MARANGUAPE", "CEP10": "61944-560", "REGIAO_D11": "GRANDE FORTALEZA", "SETOR_IB12": "URBANA", "DATA_DE_13": "2023-10-10", "TIPO_DE_14": "CAGECE - COMPANHIA DE ÁGUA E ESGOTO DO ESTADO DO CEARÁ", "DESIGNAC15": "OUTRAS", "LATITUDE16": "-3.877358", "LONGITUD17": "-38.664099", "OBS18": "COORDENADAS APROXIMADAS", "CONTAGEM19": "1" }, "geometry": { "type": "Point", "coordinates": [ -38.664099, -3.877358 ] } },
{ "type": "Feature", "properties": { "ID0": "373", "NOME_USP1": "COZINHA NOVO AMANHECER", "NOME_UG2": "INSTITUTO SOS PERIFERIA - ISOP", "TIPO3": "FORMAL", "LOTE4": "LOTE 14", "ENDERECO5": "RUA JOSÉ DOROTEU DE LIMA", "NUMERO6": "466", "BAIRRO_L7": "PARQUE GENEZARE", "DISTRITO8": "ITAITINGA", "MUNICIPI9": "ITAITINGA", "CEP10": "61880-000", "REGIAO_D11": "GRANDE FORTALEZA", "SETOR_IB12": "URBANA", "DATA_DE_13": "2023-12-27", "TIPO_DE_14": "POÇO", "DESIGNAC15": null, "LATITUDE16": "-3.981317", "LONGITUD17": "-38.531126", "OBS18": "COORDENADAS APROXIMADAS", "CONTAGEM19": "1" }, "geometry": { "type": "Point", "coordinates": [ -38.531126, -3.981317 ] } },
{ "type": "Feature", "properties": { "ID0": "374", "NOME_USP1": "COZINHA ORGULHO SOLIDARIO", "NOME_UG2": "INSTITUTO SOS PERIFERIA - ISOP", "TIPO3": "INFORMAL", "LOTE4": "LOTE 14", "ENDERECO5": "RESIDENCIAL ORGULHO DO CEARA, APART 102, BLOCO 08, QUADRA 03", "NUMERO6": "0", "BAIRRO_L7": "PACATUBA", "DISTRITO8": "PACATUBA", "MUNICIPI9": "PACATUBA", "CEP10": "61910-000", "REGIAO_D11": "GRANDE FORTALEZA", "SETOR_IB12": "URBANA", "DATA_DE_13": "2023-10-11", "TIPO_DE_14": "POÇO", "DESIGNAC15": "OUTRAS", "LATITUDE16": "-3.857546", "LONGITUD17": "-38.552096", "OBS18": "COORDENADAS APROXIMADAS", "CONTAGEM19": "1" }, "geometry": { "type": "Point", "coordinates": [ -38.552096, -3.857546 ] } },
{ "type": "Feature", "properties": { "ID0": "376", "NOME_USP1": "COZINHA PRATICAS DO BEM", "NOME_UG2": "INSTITUTO SOS PERIFERIA - ISOP", "TIPO3": "INFORMAL", "LOTE4": "LOTE 14", "ENDERECO5": "RUA TURMALINA", "NUMERO6": "276", "BAIRRO_L7": "ITAITINGA", "DISTRITO8": "ITAITINGA", "MUNICIPI9": "ITAITINGA", "CEP10": "61880-000", "REGIAO_D11": "GRANDE FORTALEZA", "SETOR_IB12": "URBANA", "DATA_DE_13": "2023-10-09", "TIPO_DE_14": "CAGECE - COMPANHIA DE ÁGUA E ESGOTO DO ESTADO DO CEARÁ", "DESIGNAC15": "OUTRAS", "LATITUDE16": "-3.890942", "LONGITUD17": "-38.518713", "OBS18": "COORDENADAS APROXIMADAS", "CONTAGEM19": "1" }, "geometry": { "type": "Point", "coordinates": [ -38.518713, -3.890942 ] } },
{ "type": "Feature", "properties": { "ID0": "377", "NOME_USP1": "COZINHA SOLIDARIA ITAPAJIPE", "NOME_UG2": "INSTITUTO SOS PERIFERIA - ISOP", "TIPO3": "INFORMAL", "LOTE4": "LOTE 14", "ENDERECO5": "AVENIDA JOSÉ GUILHERME", "NUMERO6": "425", "BAIRRO_L7": "PAVUNA", "DISTRITO8": "PAVUNA", "MUNICIPI9": "PACATUBA", "CEP10": "61809-225", "REGIAO_D11": "GRANDE FORTALEZA", "SETOR_IB12": "URBANA", "DATA_DE_13": "2023-10-10", "TIPO_DE_14": "CAGECE - COMPANHIA DE ÁGUA E ESGOTO DO ESTADO DO CEARÁ", "DESIGNAC15": "OUTRAS", "LATITUDE16": "-3.915731", "LONGITUD17": "-38.601398", "OBS18": "COORDENADAS APROXIMADAS", "CONTAGEM19": "1" }, "geometry": { "type": "Point", "coordinates": [ -38.601398, -3.915731 ] } },
{ "type": "Feature", "properties": { "ID0": "380", "NOME_USP1": "ESPERANÇA", "NOME_UG2": "INSTITUTO SOS PERIFERIA - ISOP", "TIPO3": "INFORMAL", "LOTE4": "LOTE 14", "ENDERECO5": "RUA 04", "NUMERO6": "1", "BAIRRO_L7": "ITACIMA", "DISTRITO8": "ITACIMA", "MUNICIPI9": "GUAIÚBA", "CEP10": "61890-000", "REGIAO_D11": "GRANDE FORTALEZA", "SETOR_IB12": "URBANA", "DATA_DE_13": "2023-10-23", "TIPO_DE_14": "POÇO", "DESIGNAC15": "OUTRAS", "LATITUDE16": "-4.138623", "LONGITUD17": "-38.754208", "OBS18": "COORDENADAS APROXIMADAS", "CONTAGEM19": "1" }, "geometry": { "type": "Point", "coordinates": [ -38.754208, -4.138623 ] } },
{ "type": "Feature", "properties": { "ID0": "381", "NOME_USP1": "IRMÃ JOSEANA", "NOME_UG2": "INSTITUTO SOS PERIFERIA - ISOP", "TIPO3": "INFORMAL", "LOTE4": "LOTE 14", "ENDERECO5": "RUA ACISA MARTINS", "NUMERO6": "37", "BAIRRO_L7": "ITAITINGA", "DISTRITO8": "ITAITINGA", "MUNICIPI9": "ITAITINGA", "CEP10": "61880-000", "REGIAO_D11": "GRANDE FORTALEZA", "SETOR_IB12": "URBANA", "DATA_DE_13": "2023-10-31", "TIPO_DE_14": "CAGECE - COMPANHIA DE ÁGUA E ESGOTO DO ESTADO DO CEARÁ", "DESIGNAC15": "OUTRAS", "LATITUDE16": "-3.971746", "LONGITUD17": "-38.5296", "OBS18": "COORDENADAS APROXIMADAS", "CONTAGEM19": "1" }, "geometry": { "type": "Point", "coordinates": [ -38.5296, -3.971746 ] } },
{ "type": "Feature", "properties": { "ID0": "383", "NOME_USP1": "MÃO SOLIDÁRIA DE ITACIMA", "NOME_UG2": "INSTITUTO SOS PERIFERIA - ISOP", "TIPO3": "INFORMAL", "LOTE4": "LOTE 14", "ENDERECO5": "DT ITACIMA", "NUMERO6": "0", "BAIRRO_L7": "ITACIMA", "DISTRITO8": "ITACIMA", "MUNICIPI9": "GUAIÚBA", "CEP10": "61890-000", "REGIAO_D11": "GRANDE FORTALEZA", "SETOR_IB12": "URBANA", "DATA_DE_13": "2023-10-30", "TIPO_DE_14": "POÇO", "DESIGNAC15": "OUTRAS", "LATITUDE16": "-4.138623", "LONGITUD17": "-38.754208", "OBS18": "COORDENADAS APROXIMADAS", "CONTAGEM19": "1" }, "geometry": { "type": "Point", "coordinates": [ -38.754208, -4.138623 ] } },
{ "type": "Feature", "properties": { "ID0": "386", "NOME_USP1": "COZINHA COMUNITÁRIA DA BARRINHA", "NOME_UG2": "IMBRA", "TIPO3": "FORMAL", "LOTE4": "LOTE 17", "ENDERECO5": "BARRINHA", "NUMERO6": "0", "BAIRRO_L7": "MUTAMBA", "DISTRITO8": "ICAPUÍ", "MUNICIPI9": "ICAPUÍ", "CEP10": "62810-000", "REGIAO_D11": "LITORAL LESTE", "SETOR_IB12": "URBANA", "DATA_DE_13": "2023-11-08", "TIPO_DE_14": "SAAE - SERVIÇO  AUTÔNOMO DE ÁGUA E ESGOTO", "DESIGNAC15": "ASSOCIAÇÃO", "LATITUDE16": "-4.704062", "LONGITUD17": "-37.369924", "OBS18": "COORDENADAS APROXIMADAS", "CONTAGEM19": "1" }, "geometry": { "type": "Point", "coordinates": [ -37.369924, -4.704062 ] } },
{ "type": "Feature", "properties": { "ID0": "387", "NOME_USP1": "COZINHA COMUNITÁRIA DE LOGRADOURO", "NOME_UG2": "IMBRA", "TIPO3": "INFORMAL", "LOTE4": "LOTE 17", "ENDERECO5": "LOGRADOURO", "NUMERO6": "167", "BAIRRO_L7": "LOGRADOURO", "DISTRITO8": "ITAIÇABA", "MUNICIPI9": "ITAIÇABA", "CEP10": "62820-000", "REGIAO_D11": "LITORAL LESTE", "SETOR_IB12": "RURAL", "DATA_DE_13": "2023-11-03", "TIPO_DE_14": "SISAR - SISTEMA INTEGRADO DE SANEAMENTO RURAL", "DESIGNAC15": "OUTRAS", "LATITUDE16": "-4.722706", "LONGITUD17": "-37.7789", "OBS18": "COORDENADAS APROXIMADAS", "CONTAGEM19": "1" }, "geometry": { "type": "Point", "coordinates": [ -37.7789, -4.722706 ] } },
{ "type": "Feature", "properties": { "ID0": "388", "NOME_USP1": "COZINHA COMUNITÁRIA DE ANTONÓPOLIS", "NOME_UG2": "IMBRA", "TIPO3": "FORMAL", "LOTE4": "LOTE 17", "ENDERECO5": "SÍTIO ANTONOPOLIS", "NUMERO6": "44", "BAIRRO_L7": "SÃO JOSÉ DO LAGAMAR", "DISTRITO8": "SÃO JOSÉ DO LAGAMAR", "MUNICIPI9": "JAGUARUANA", "CEP10": "62823-000", "REGIAO_D11": "LITORAL LESTE", "SETOR_IB12": "RURAL", "DATA_DE_13": "2023-10-31", "TIPO_DE_14": "SISAR - SISTEMA INTEGRADO DE SANEAMENTO RURAL", "DESIGNAC15": "ASSOCIAÇÃO", "LATITUDE16": "-4.811715", "LONGITUD17": "-37.736651", "OBS18": "COORDENADAS APROXIMADAS", "CONTAGEM19": "1" }, "geometry": { "type": "Point", "coordinates": [ -37.736651, -4.811715 ] } },
{ "type": "Feature", "properties": { "ID0": "389", "NOME_USP1": "COZINHA COMUNITÁRIA DE JOAO JOSÉ", "NOME_UG2": "IMBRA", "TIPO3": "FORMAL", "LOTE4": "LOTE 17", "ENDERECO5": "ÁREA RURAL", "NUMERO6": "0", "BAIRRO_L7": "ÁREA RURAL DE ARACATI", "DISTRITO8": "ARACATI", "MUNICIPI9": "ARACATI", "CEP10": "62806-899", "REGIAO_D11": "LITORAL LESTE", "SETOR_IB12": "RURAL", "DATA_DE_13": "2023-10-06", "TIPO_DE_14": "POÇO", "DESIGNAC15": "ASSOCIAÇÃO", "LATITUDE16": "-4.529875", "LONGITUD17": "-37.849203", "OBS18": "COORDENADAS APROXIMADAS", "CONTAGEM19": "1" }, "geometry": { "type": "Point", "coordinates": [ -37.849203, -4.529875 ] } },
{ "type": "Feature", "properties": { "ID0": "390", "NOME_USP1": "COZINHA COMUNITÁRIA DE CACIMBA FUNDA", "NOME_UG2": "IMBRA", "TIPO3": "FORMAL", "LOTE4": "LOTE 17", "ENDERECO5": "CACIMBA FUNDA", "NUMERO6": "0", "BAIRRO_L7": "MATA FRESCA", "DISTRITO8": "ARACATI", "MUNICIPI9": "ARACATI", "CEP10": "62800-000", "REGIAO_D11": "LITORAL LESTE", "SETOR_IB12": "URBANA", "DATA_DE_13": "2023-10-19", "TIPO_DE_14": "SISAR - SISTEMA INTEGRADO DE SANEAMENTO RURAL", "DESIGNAC15": "ASSOCIAÇÃO", "LATITUDE16": "-4.859782", "LONGITUD17": "-37.460176", "OBS18": "COORDENADAS APROXIMADAS", "CONTAGEM19": "1" }, "geometry": { "type": "Point", "coordinates": [ -37.460176, -4.859782 ] } },
{ "type": "Feature", "properties": { "ID0": "391", "NOME_USP1": "COZINHA COMUNITÁRIA DE MORRINHOS", "NOME_UG2": "IMBRA", "TIPO3": "FORMAL", "LOTE4": "LOTE 17", "ENDERECO5": "SÍTIO MORRINHO", "NUMERO6": "0", "BAIRRO_L7": "ARACATI", "DISTRITO8": "ARACATI", "MUNICIPI9": "ARACATI", "CEP10": "62800-000", "REGIAO_D11": "LITORAL LESTE", "SETOR_IB12": "RURAL", "DATA_DE_13": "2023-10-06", "TIPO_DE_14": "POÇO", "DESIGNAC15": "ASSOCIAÇÃO", "LATITUDE16": "-4.636824", "LONGITUD17": "-37.747397", "OBS18": "COORDENADAS APROXIMADAS", "CONTAGEM19": "1" }, "geometry": { "type": "Point", "coordinates": [ -37.747397, -4.636824 ] } },
{ "type": "Feature", "properties": { "ID0": "392", "NOME_USP1": "COZINHA COMUNITÁRIA DE SERRA DANTAS", "NOME_UG2": "IMBRA", "TIPO3": "FORMAL", "LOTE4": "LOTE 17", "ENDERECO5": "SERRA DANTAS", "NUMERO6": "0", "BAIRRO_L7": "JAGUARUANA", "DISTRITO8": "JAGUARUANA", "MUNICIPI9": "JAGUARUANA", "CEP10": "62823-000", "REGIAO_D11": "LITORAL LESTE", "SETOR_IB12": "RURAL", "DATA_DE_13": "2023-11-08", "TIPO_DE_14": "SISAR - SISTEMA INTEGRADO DE SANEAMENTO RURAL", "DESIGNAC15": "ASSENTAMENTO", "LATITUDE16": "-4.91993", "LONGITUD17": "-37.667529", "OBS18": "COORDENADAS APROXIMADAS", "CONTAGEM19": "1" }, "geometry": { "type": "Point", "coordinates": [ -37.667529, -4.91993 ] } },
{ "type": "Feature", "properties": { "ID0": "393", "NOME_USP1": "COZINHA COMUNITÁRIO DE CARAÇO", "NOME_UG2": "IMBRA", "TIPO3": "FORMAL", "LOTE4": "LOTE 17", "ENDERECO5": "SÍTIO CARAÇO", "NUMERO6": "0", "BAIRRO_L7": "MAJORLÂNDIA", "DISTRITO8": "ARACATI", "MUNICIPI9": "ARACATI", "CEP10": "62800-000", "REGIAO_D11": "LITORAL LESTE", "SETOR_IB12": "RURAL", "DATA_DE_13": "2023-10-03", "TIPO_DE_14": "CHAFARIZ", "DESIGNAC15": "ASSOCIAÇÃO", "LATITUDE16": "-4.557882", "LONGITUD17": "-37.700858", "OBS18": "COORDENADAS APROXIMADAS", "CONTAGEM19": "1" }, "geometry": { "type": "Point", "coordinates": [ -37.700858, -4.557882 ] } },
{ "type": "Feature", "properties": { "ID0": "394", "NOME_USP1": "COZINHA COMUNITÁRIA DE ARISA", "NOME_UG2": "IMBRA", "TIPO3": "FORMAL", "LOTE4": "LOTE 17", "ENDERECO5": "ASSENTAMENTO ARIZA, GRAVIER", "NUMERO6": "0", "BAIRRO_L7": "ICAPUÍ", "DISTRITO8": "ICAPUÍ", "MUNICIPI9": "ICAPUÍ", "CEP10": "62810-000", "REGIAO_D11": "LITORAL LESTE", "SETOR_IB12": "URBANA", "DATA_DE_13": "2023-11-08", "TIPO_DE_14": "POÇO", "DESIGNAC15": "ASSOCIAÇÃO", "LATITUDE16": "-4.715687", "LONGITUD17": "-37.35477", "OBS18": "COORDENADAS APROXIMADAS", "CONTAGEM19": "1" }, "geometry": { "type": "Point", "coordinates": [ -37.35477, -4.715687 ] } },
{ "type": "Feature", "properties": { "ID0": "395", "NOME_USP1": "COZINHA COMUNITÁRIA PRAINHA DO CANTO VERDE", "NOME_UG2": "IMBRA", "TIPO3": "FORMAL", "LOTE4": "LOTE 17", "ENDERECO5": "PRAINHA DO CANTO VERDE", "NUMERO6": "0", "BAIRRO_L7": "BEBERIBE", "DISTRITO8": "BEBERIBE", "MUNICIPI9": "BEBERIBE", "CEP10": "62840-000", "REGIAO_D11": "LITORAL LESTE", "SETOR_IB12": "RURAL", "DATA_DE_13": "2023-10-20", "TIPO_DE_14": "POÇO", "DESIGNAC15": "ASSOCIAÇÃO", "LATITUDE16": "-4.318076", "LONGITUD17": "-37.931684", "OBS18": "COORDENADAS APROXIMADAS", "CONTAGEM19": "1" }, "geometry": { "type": "Point", "coordinates": [ -37.931684, -4.318076 ] } },
{ "type": "Feature", "properties": { "ID0": "396", "NOME_USP1": "COZINHA COMUNITÁRIA DE LAGOA VERMELHA", "NOME_UG2": "IMBRA", "TIPO3": "FORMAL", "LOTE4": "LOTE 17", "ENDERECO5": "JOSÉ CLAUDIO LEITE", "NUMERO6": "268", "BAIRRO_L7": "JAGUARUANA", "DISTRITO8": "JAGUARUANA", "MUNICIPI9": "JAGUARUANA", "CEP10": "62823-000", "REGIAO_D11": "LITORAL LESTE", "SETOR_IB12": "RURAL", "DATA_DE_13": "2023-10-31", "TIPO_DE_14": "SISAR - SISTEMA INTEGRADO DE SANEAMENTO RURAL", "DESIGNAC15": "ASSOCIAÇÃO", "LATITUDE16": "-4.922199", "LONGITUD17": "-37.807472", "OBS18": "COORDENADAS APROXIMADAS", "CONTAGEM19": "1" }, "geometry": { "type": "Point", "coordinates": [ -37.807472, -4.922199 ] } },
{ "type": "Feature", "properties": { "ID0": "397", "NOME_USP1": "COZINHA COMUNITÁRIA CÓRREGO DOS FERNANDES", "NOME_UG2": "IMBRA", "TIPO3": "FORMAL", "LOTE4": "LOTE 17", "ENDERECO5": "ÁREA RURAL", "NUMERO6": "0", "BAIRRO_L7": "ÁREA RURAL DE ARACATI", "DISTRITO8": "ARACATI", "MUNICIPI9": "ARACATI", "CEP10": "62806-899", "REGIAO_D11": "LITORAL LESTE", "SETOR_IB12": "URBANA", "DATA_DE_13": "2023-10-06", "TIPO_DE_14": "SISAR - SISTEMA INTEGRADO DE SANEAMENTO RURAL", "DESIGNAC15": "ASSOCIAÇÃO", "LATITUDE16": "-4.579194", "LONGITUD17": "-37.875843", "OBS18": "COORDENADAS APROXIMADAS", "CONTAGEM19": "1" }, "geometry": { "type": "Point", "coordinates": [ -37.875843, -4.579194 ] } },
{ "type": "Feature", "properties": { "ID0": "399", "NOME_USP1": "COZINHA COMUNITÁRIA DO PEDREGAL", "NOME_UG2": "IMBRA", "TIPO3": "FORMAL", "LOTE4": "LOTE 17", "ENDERECO5": "RUA PARGO", "NUMERO6": "623", "BAIRRO_L7": "PEDREGAL", "DISTRITO8": "ARACATI", "MUNICIPI9": "ARACATI", "CEP10": "62800-000", "REGIAO_D11": "LITORAL LESTE", "SETOR_IB12": "URBANA", "DATA_DE_13": "2023-09-29", "TIPO_DE_14": "CAGECE - COMPANHIA DE ÁGUA E ESGOTO DO ESTADO DO CEARÁ", "DESIGNAC15": "ASSOCIAÇÃO", "LATITUDE16": "-4.576414", "LONGITUD17": "-37.798577", "OBS18": "COORDENADAS APROXIMADAS", "CONTAGEM19": "1" }, "geometry": { "type": "Point", "coordinates": [ -37.798577, -4.576414 ] } },
{ "type": "Feature", "properties": { "ID0": "400", "NOME_USP1": "COZINHA COMUNITÁRIA DE SÃO CHICO", "NOME_UG2": "IMBRA", "TIPO3": "FORMAL", "LOTE4": "LOTE 17", "ENDERECO5": "SÃO CHICO", "NUMERO6": "114", "BAIRRO_L7": "SÃO CHICO", "DISTRITO8": "ARACATI", "MUNICIPI9": "ARACATI", "CEP10": "62800-000", "REGIAO_D11": "LITORAL LESTE", "SETOR_IB12": "RURAL", "DATA_DE_13": "2023-10-03", "TIPO_DE_14": "SISAR - SISTEMA INTEGRADO DE SANEAMENTO RURAL", "DESIGNAC15": "OUTRAS", "LATITUDE16": "-4.648282", "LONGITUD17": "-37.596462", "OBS18": "COORDENADAS APROXIMADAS", "CONTAGEM19": "1" }, "geometry": { "type": "Point", "coordinates": [ -37.596462, -4.648282 ] } },
{ "type": "Feature", "properties": { "ID0": "402", "NOME_USP1": "COZINHA COMUNITÁRIA DO BAIXIO", "NOME_UG2": "IMBRA", "TIPO3": "INFORMAL", "LOTE4": "LOTE 17", "ENDERECO5": "COMUNIDADE DO BAIXIO", "NUMERO6": "104", "BAIRRO_L7": "BAIXIO", "DISTRITO8": "ARACATI", "MUNICIPI9": "ARACATI", "CEP10": "62800-000", "REGIAO_D11": "LITORAL LESTE", "SETOR_IB12": "RURAL", "DATA_DE_13": "2024-02-19", "TIPO_DE_14": null, "DESIGNAC15": "OUTRAS", "LATITUDE16": "-4.493424", "LONGITUD17": "-37.775112", "OBS18": "COORDENADAS APROXIMADAS", "CONTAGEM19": "1" }, "geometry": { "type": "Point", "coordinates": [ -37.775112, -4.493424 ] } },
{ "type": "Feature", "properties": { "ID0": "403", "NOME_USP1": "COZINHA COMUNITÁRIA DO SÍTIO OITIZEIRO", "NOME_UG2": "IMBRA", "TIPO3": "INFORMAL", "LOTE4": "LOTE 17", "ENDERECO5": "SÍTIO OITIZEIRO", "NUMERO6": "0", "BAIRRO_L7": "OITIZEIRO", "DISTRITO8": "FORTIM", "MUNICIPI9": "FORTIM", "CEP10": "62815-000", "REGIAO_D11": "LITORAL LESTE", "SETOR_IB12": "RURAL", "DATA_DE_13": "2023-11-08", "TIPO_DE_14": "POÇO", "DESIGNAC15": "OUTRAS", "LATITUDE16": "-4.44544", "LONGITUD17": "-37.829913", "OBS18": "COORDENADAS APROXIMADAS", "CONTAGEM19": "1" }, "geometry": { "type": "Point", "coordinates": [ -37.829913, -4.44544 ] } },
{ "type": "Feature", "properties": { "ID0": "405", "NOME_USP1": "COZINHA COMUNITÁRIA DE MAJORLANDIA", "NOME_UG2": "IMBRA", "TIPO3": "INFORMAL", "LOTE4": "LOTE 17", "ENDERECO5": "AVENIDA SANTO ANTÔNIO, 21", "NUMERO6": "285", "BAIRRO_L7": "MAJORLÂNDIA", "DISTRITO8": "ARACATI", "MUNICIPI9": "ARACATI", "CEP10": "62809-974", "REGIAO_D11": "LITORAL LESTE", "SETOR_IB12": "URBANA", "DATA_DE_13": "2023-10-03", "TIPO_DE_14": "CAGECE - COMPANHIA DE ÁGUA E ESGOTO DO ESTADO DO CEARÁ", "DESIGNAC15": "OUTRAS", "LATITUDE16": "-4.554233", "LONGITUD17": "-37.674294", "OBS18": "COORDENADAS APROXIMADAS", "CONTAGEM19": "1" }, "geometry": { "type": "Point", "coordinates": [ -37.674294, -4.554233 ] } },
{ "type": "Feature", "properties": { "ID0": "406", "NOME_USP1": "COZINHA COMUNITÁRIA ONÇA PRETA", "NOME_UG2": "IMBRA", "TIPO3": "FORMAL", "LOTE4": "LOTE 17", "ENDERECO5": "RUA GERARDO PEREIRA DE MELO", "NUMERO6": "827", "BAIRRO_L7": "JUAZEIRO", "DISTRITO8": "JAGUARUANA", "MUNICIPI9": "JAGUARUANA", "CEP10": "62823-000", "REGIAO_D11": "LITORAL LESTE", "SETOR_IB12": "URBANA", "DATA_DE_13": "2023-10-31", "TIPO_DE_14": "CAGECE - COMPANHIA DE ÁGUA E ESGOTO DO ESTADO DO CEARÁ", "DESIGNAC15": "FUNDAÇÃO", "LATITUDE16": "-4.848789", "LONGITUD17": "-37.782901", "OBS18": "COORDENADAS APROXIMADAS", "CONTAGEM19": "1" }, "geometry": { "type": "Point", "coordinates": [ -37.782901, -4.848789 ] } },
{ "type": "Feature", "properties": { "ID0": "407", "NOME_USP1": "COZINHA COMUNITÁRIA IGREJA ORTODOXA", "NOME_UG2": "IMBRA", "TIPO3": "FORMAL", "LOTE4": "LOTE 17", "ENDERECO5": "MARIA NERES", "NUMERO6": "179", "BAIRRO_L7": "BEBERIBE", "DISTRITO8": "BEBERIBE", "MUNICIPI9": "BEBERIBE", "CEP10": "62840-000", "REGIAO_D11": "LITORAL LESTE", "SETOR_IB12": "URBANA", "DATA_DE_13": "2023-10-20", "TIPO_DE_14": "POÇO", "DESIGNAC15": "RELIGIOSA - CATÓLICA", "LATITUDE16": "-4.18125", "LONGITUD17": "-38.13687", "OBS18": "COORDENADAS APROXIMADAS", "CONTAGEM19": "1" }, "geometry": { "type": "Point", "coordinates": [ -38.13687, -4.18125 ] } },
{ "type": "Feature", "properties": { "ID0": "408", "NOME_USP1": "COZINHA COMUNITÁRIA DE JUREMA", "NOME_UG2": "IMBRA", "TIPO3": "FORMAL", "LOTE4": "LOTE 17", "ENDERECO5": "SITOJUREMA", "NUMERO6": "0", "BAIRRO_L7": "JAGUARUANA", "DISTRITO8": "JAGUARUANA", "MUNICIPI9": "JAGUARUANA", "CEP10": "62823-000", "REGIAO_D11": "LITORAL LESTE", "SETOR_IB12": "URBANA", "DATA_DE_13": "2023-10-31", "TIPO_DE_14": "SISAR - SISTEMA INTEGRADO DE SANEAMENTO RURAL", "DESIGNAC15": "POVO DE TERREIRO", "LATITUDE16": "-4.813175", "LONGITUD17": "-37.816272", "OBS18": "COORDENADAS APROXIMADAS", "CONTAGEM19": "1" }, "geometry": { "type": "Point", "coordinates": [ -37.816272, -4.813175 ] } },
{ "type": "Feature", "properties": { "ID0": "409", "NOME_USP1": "COZINHA COMUNITÁRIA DA SEDE ITAIÇABA", "NOME_UG2": "IMBRA", "TIPO3": "INFORMAL", "LOTE4": "LOTE 17", "ENDERECO5": "RUA CEL JOAO BATISTA /CENTRO", "NUMERO6": "307", "BAIRRO_L7": "ITAIÇABA", "DISTRITO8": "ITAIÇABA", "MUNICIPI9": "ITAIÇABA", "CEP10": "62820-000", "REGIAO_D11": "LITORAL LESTE", "SETOR_IB12": "URBANA", "DATA_DE_13": "2023-11-03", "TIPO_DE_14": "CAGECE - COMPANHIA DE ÁGUA E ESGOTO DO ESTADO DO CEARÁ", "DESIGNAC15": "OUTRAS", "LATITUDE16": "-4.67892", "LONGITUD17": "-37.820425", "OBS18": "COORDENADAS APROXIMADAS", "CONTAGEM19": "1" }, "geometry": { "type": "Point", "coordinates": [ -37.820425, -4.67892 ] } },
{ "type": "Feature", "properties": { "ID0": "410", "NOME_USP1": "COZINHA COMUNITÁRIA MÃOS AMIGAS ATERRO", "NOME_UG2": "IMBRA", "TIPO3": "INFORMAL", "LOTE4": "LOTE 17", "ENDERECO5": "TRAVESSA PAULO NEY", "NUMERO6": "120", "BAIRRO_L7": "ARACATI", "DISTRITO8": "ARACATI", "MUNICIPI9": "ARACATI", "CEP10": "62800-000", "REGIAO_D11": "LITORAL LESTE", "SETOR_IB12": "URBANA", "DATA_DE_13": "2023-09-29", "TIPO_DE_14": "CAGECE - COMPANHIA DE ÁGUA E ESGOTO DO ESTADO DO CEARÁ", "DESIGNAC15": "ASSOCIAÇÃO", "LATITUDE16": "-4.573054", "LONGITUD17": "-37.762822", "OBS18": "COORDENADAS APROXIMADAS", "CONTAGEM19": "1" }, "geometry": { "type": "Point", "coordinates": [ -37.762822, -4.573054 ] } },
{ "type": "Feature", "properties": { "ID0": "411", "NOME_USP1": "COZINHA COMUNITÁRIA DA VILA DA VOLTA", "NOME_UG2": "IMBRA", "TIPO3": "INFORMAL", "LOTE4": "LOTE 17", "ENDERECO5": "DISTRITO VOLTA", "NUMERO6": "167", "BAIRRO_L7": "SITIO VOLTA", "DISTRITO8": "ARACATI", "MUNICIPI9": "ARACATI", "CEP10": "62800-000", "REGIAO_D11": "LITORAL LESTE", "SETOR_IB12": "RURAL", "DATA_DE_13": "2023-10-06", "TIPO_DE_14": "CAGECE - COMPANHIA DE ÁGUA E ESGOTO DO ESTADO DO CEARÁ", "DESIGNAC15": "OUTRAS", "LATITUDE16": "-4.542242", "LONGITUD17": "-37.789647", "OBS18": "COORDENADAS APROXIMADAS", "CONTAGEM19": "1" }, "geometry": { "type": "Point", "coordinates": [ -37.789647, -4.542242 ] } },
{ "type": "Feature", "properties": { "ID0": "412", "NOME_USP1": "COZINHA COMUNITÁRIA DE BEIRA RIO", "NOME_UG2": "IMBRA", "TIPO3": "INFORMAL", "LOTE4": "LOTE 17", "ENDERECO5": "LOTEAMENTO DIQUE DE PROTEÇÃO", "NUMERO6": "27", "BAIRRO_L7": "ARACATI", "DISTRITO8": "ARACATI", "MUNICIPI9": "ARACATI", "CEP10": "62800-000", "REGIAO_D11": "LITORAL LESTE", "SETOR_IB12": "URBANA", "DATA_DE_13": "2023-09-29", "TIPO_DE_14": "POÇO", "DESIGNAC15": "OUTRAS", "LATITUDE16": "-4.565424", "LONGITUD17": "-37.775516", "OBS18": "COORDENADAS APROXIMADAS", "CONTAGEM19": "1" }, "geometry": { "type": "Point", "coordinates": [ -37.775516, -4.565424 ] } },
{ "type": "Feature", "properties": { "ID0": "413", "NOME_USP1": "COZINHA COMUNITÁRIA DE JUAZEIRO", "NOME_UG2": "IMBRA", "TIPO3": "INFORMAL", "LOTE4": "LOTE 17", "ENDERECO5": "COMUNIDADE DE JUAZEIRO", "NUMERO6": "0", "BAIRRO_L7": "BEBERIBE", "DISTRITO8": "BEBERIBE", "MUNICIPI9": "BEBERIBE", "CEP10": "62840-000", "REGIAO_D11": "LITORAL LESTE", "SETOR_IB12": "RURAL", "DATA_DE_13": "2023-10-20", "TIPO_DE_14": "POÇO", "DESIGNAC15": "OUTRAS", "LATITUDE16": "-4.37571", "LONGITUD17": "-37.976276", "OBS18": "COORDENADAS APROXIMADAS", "CONTAGEM19": "1" }, "geometry": { "type": "Point", "coordinates": [ -37.976276, -4.37571 ] } },
{ "type": "Feature", "properties": { "ID0": "414", "NOME_USP1": "COZINHA COMUNITÁRIA DE SERRA DO FÉLIX", "NOME_UG2": "IMBRA", "TIPO3": "INFORMAL", "LOTE4": "LOTE 17", "ENDERECO5": "TRV. BOA VISTA , CENTRO", "NUMERO6": "90", "BAIRRO_L7": "SERRA DO FÉLIX", "DISTRITO8": "SERRA DO FÉLIX", "MUNICIPI9": "BEBERIBE", "CEP10": "62840-000", "REGIAO_D11": "LITORAL LESTE", "SETOR_IB12": "URBANA", "DATA_DE_13": "2023-10-20", "TIPO_DE_14": "CAGECE - COMPANHIA DE ÁGUA E ESGOTO DO ESTADO DO CEARÁ", "DESIGNAC15": "OUTRAS", "LATITUDE16": "-4.510774", "LONGITUD17": "-38.180068", "OBS18": "COORDENADAS APROXIMADAS", "CONTAGEM19": "1" }, "geometry": { "type": "Point", "coordinates": [ -38.180068, -4.510774 ] } },
{ "type": "Feature", "properties": { "ID0": "415", "NOME_USP1": "COZINHA COMUNITÁRIA PROJETO SOM DA VILA", "NOME_UG2": "IMBRA", "TIPO3": "INFORMAL", "LOTE4": "LOTE 17", "ENDERECO5": "RUA RAFAEL III", "NUMERO6": "4400", "BAIRRO_L7": "ARACATI", "DISTRITO8": "ARACATI", "MUNICIPI9": "ARACATI", "CEP10": "62800-000", "REGIAO_D11": "LITORAL LESTE", "SETOR_IB12": "URBANA", "DATA_DE_13": "2023-09-29", "TIPO_DE_14": "CAGECE - COMPANHIA DE ÁGUA E ESGOTO DO ESTADO DO CEARÁ", "DESIGNAC15": "PROJETO", "LATITUDE16": "-4.555833", "LONGITUD17": "-37.755628", "OBS18": "COORDENADAS APROXIMADAS", "CONTAGEM19": "1" }, "geometry": { "type": "Point", "coordinates": [ -37.755628, -4.555833 ] } },
{ "type": "Feature", "properties": { "ID0": "416", "NOME_USP1": "COZINHA COMUNITÁRIA DA SEDE FORTIM", "NOME_UG2": "IMBRA", "TIPO3": "INFORMAL", "LOTE4": "LOTE 17", "ENDERECO5": "RUA CÍCERO TEIXEIRA", "NUMERO6": "267", "BAIRRO_L7": "FORTIM", "DISTRITO8": "FORTIM", "MUNICIPI9": "FORTIM", "CEP10": "62815-000", "REGIAO_D11": "LITORAL LESTE", "SETOR_IB12": "URBANA", "DATA_DE_13": "2023-10-19", "TIPO_DE_14": "CAGECE - COMPANHIA DE ÁGUA E ESGOTO DO ESTADO DO CEARÁ", "DESIGNAC15": "OUTRAS", "LATITUDE16": "-4.448599", "LONGITUD17": "-37.802287", "OBS18": "COORDENADAS APROXIMADAS", "CONTAGEM19": "1" }, "geometry": { "type": "Point", "coordinates": [ -37.802287, -4.448599 ] } },
{ "type": "Feature", "properties": { "ID0": "417", "NOME_USP1": "COZINHA COMUNITÁRIA DE VALENTÃO", "NOME_UG2": "IMBRA", "TIPO3": "INFORMAL", "LOTE4": "LOTE 17", "ENDERECO5": "LAGOA DO PREÁ", "NUMERO6": "0", "BAIRRO_L7": "ARACATI", "DISTRITO8": "ARACATI", "MUNICIPI9": "ARACATI", "CEP10": "62800-000", "REGIAO_D11": "LITORAL LESTE", "SETOR_IB12": "RURAL", "DATA_DE_13": "2023-10-06", "TIPO_DE_14": "POÇO", "DESIGNAC15": "OUTRAS", "LATITUDE16": "-4.553582", "LONGITUD17": "-37.904418", "OBS18": "COORDENADAS APROXIMADAS", "CONTAGEM19": "1" }, "geometry": { "type": "Point", "coordinates": [ -37.904418, -4.553582 ] } },
{ "type": "Feature", "properties": { "ID0": "419", "NOME_USP1": "ASSOCIAÇÃO COMUNITÁRIA DO BAIRRO DA BOA ESPERANÇA E ADJACÊNCIA", "NOME_UG2": "CÁRITAS TIANGUA", "TIPO3": "FORMAL", "LOTE4": "LOTE 18", "ENDERECO5": "AVENIDA CENTRAL", "NUMERO6": "1010", "BAIRRO_L7": "CAMOCIM", "DISTRITO8": "CAMOCIM", "MUNICIPI9": "CAMOCIM", "CEP10": "62400-000", "REGIAO_D11": "LITORAL NORTE", "SETOR_IB12": "URBANA", "DATA_DE_13": "2023-12-12", "TIPO_DE_14": "SAAE - SERVIÇO AUTÔNOMO DE ÁGUA E ESGOTO", "DESIGNAC15": "ASSOCIAÇÃO", "LATITUDE16": "-2.900882", "LONGITUD17": "-40.84208", "OBS18": "COORDENADAS APROXIMADAS", "CONTAGEM19": "1" }, "geometry": { "type": "Point", "coordinates": [ -40.84208, -2.900882 ] } },
{ "type": "Feature", "properties": { "ID0": "420", "NOME_USP1": "ASSOCIAÇÃO COMUNITÁRIA DOS MORADORES DE IMBÉ", "NOME_UG2": "CENTRO DE FORMAÇÃO E CAPACITAÇÃO E PESQUISA FREI HUMBERTO", "TIPO3": "FORMAL", "LOTE4": "LOTE 19", "ENDERECO5": "POVOADO IMBÉ", "NUMERO6": "0", "BAIRRO_L7": "ARANAÚ", "DISTRITO8": "ACARAÚ", "MUNICIPI9": "ACARAÚ", "CEP10": "62585-000", "REGIAO_D11": "LITORAL NORTE", "SETOR_IB12": "RURAL", "DATA_DE_13": "2023-12-13", "TIPO_DE_14": "POÇO", "DESIGNAC15": "ASSOCIAÇÃO", "LATITUDE16": "-2.866558", "LONGITUD17": "-40.179175", "OBS18": "COORDENADAS APROXIMADAS", "CONTAGEM19": "1" }, "geometry": { "type": "Point", "coordinates": [ -40.179175, -2.866558 ] } },
{ "type": "Feature", "properties": { "ID0": "421", "NOME_USP1": "ASSOCIAÇÃO COMUNITÁRIA RURAL DE BELA VISTA", "NOME_UG2": "CENTRO DE FORMAÇÃO E CAPACITAÇÃO E PESQUISA FREI HUMBERTO", "TIPO3": "FORMAL", "LOTE4": "LOTE 19", "ENDERECO5": "POVOADO BELA VISTA - SÍTIO ALEGRE", "NUMERO6": "0", "BAIRRO_L7": "BELA VISTA", "DISTRITO8": "SÍTIO ALEGRE", "MUNICIPI9": "MORRINHOS", "CEP10": "62550-000", "REGIAO_D11": "LITORAL NORTE", "SETOR_IB12": "RURAL", "DATA_DE_13": "2023-12-12", "TIPO_DE_14": "SISAR - SISTEMA INTEGRADO DE SANEAMENTO RURAL", "DESIGNAC15": "ASSOCIAÇÃO", "LATITUDE16": "-3.319", "LONGITUD17": "-40.053329", "OBS18": "COORDENADAS APROXIMADAS", "CONTAGEM19": "1" }, "geometry": { "type": "Point", "coordinates": [ -40.053329, -3.319 ] } },
{ "type": "Feature", "properties": { "ID0": "422", "NOME_USP1": "ASSOCIAÇÃO CUMUNITÁRIA DO CARRO QUEBRADO E CORREGO DO URUBU", "NOME_UG2": "CENTRO DE FORMAÇÃO E CAPACITAÇÃO E PESQUISA FREI HUMBERTO", "TIPO3": "FORMAL", "LOTE4": "LOTE 19", "ENDERECO5": "AVENIDA JOSÉ JOSAFÁ", "NUMERO6": "0", "BAIRRO_L7": "CENTRO", "DISTRITO8": "JIJOCA DE JERICOACOARA", "MUNICIPI9": "JIJOCA DE JERICOACOARA", "CEP10": "62598-000", "REGIAO_D11": "LITORAL NORTE", "SETOR_IB12": "URBANA", "DATA_DE_13": "2023-12-12", "TIPO_DE_14": "SISAR - SISTEMA INTEGRADO DE SANEAMENTO RURAL", "DESIGNAC15": "ASSOCIAÇÃO", "LATITUDE16": "-2.903192", "LONGITUD17": "-40.443493", "OBS18": "COORDENADAS APROXIMADAS", "CONTAGEM19": "1" }, "geometry": { "type": "Point", "coordinates": [ -40.443493, -2.903192 ] } },
{ "type": "Feature", "properties": { "ID0": "423", "NOME_USP1": "ASSOCIAÇÃO DOS AGRICULTORES REMANESCENTES QUILOMBOLAS DE JUNCO MANSO", "NOME_UG2": "CENTRO DE FORMAÇÃO E CAPACITAÇÃO E PESQUISA FREI HUMBERTO", "TIPO3": "FORMAL", "LOTE4": "LOTE 19", "ENDERECO5": "PV JUNCO MANSO", "NUMERO6": "0", "BAIRRO_L7": "ESPINHO DOS LOPES", "DISTRITO8": "MORRINHOS", "MUNICIPI9": "MORRINHOS", "CEP10": "62550-000", "REGIAO_D11": "LITORAL NORTE", "SETOR_IB12": "RURAL", "DATA_DE_13": "2023-10-13", "TIPO_DE_14": "CAGECE - COMPANHIA DE ÁGUA E ESGOTO DO ESTADO DO CEARÁ", "DESIGNAC15": "OUTRAS", "LATITUDE16": "-3.236299", "LONGITUD17": "-40.147934", "OBS18": "COORDENADAS APROXIMADAS", "CONTAGEM19": "1" }, "geometry": { "type": "Point", "coordinates": [ -40.147934, -3.236299 ] } },
{ "type": "Feature", "properties": { "ID0": "424", "NOME_USP1": "ASSOCIAÇÃO MANANCIAL DE ASSISTÊNCIA SOCIAL DE CAMOCIM E ADJACÊNCIAS", "NOME_UG2": "CÁRITAS TIANGUA", "TIPO3": "FORMAL", "LOTE4": "LOTE 18", "ENDERECO5": "RUA MONSENHOR INÁCIO", "NUMERO6": "410", "BAIRRO_L7": "CAMOCIM", "DISTRITO8": "CAMOCIM", "MUNICIPI9": "CAMOCIM", "CEP10": "62400-000", "REGIAO_D11": "LITORAL NORTE", "SETOR_IB12": "URBANA", "DATA_DE_13": "2023-12-12", "TIPO_DE_14": "SAAE - SERVIÇO AUTÔNOMO DE ÁGUA E ESGOTO", "DESIGNAC15": "ASSOCIAÇÃO", "LATITUDE16": "-2.900658", "LONGITUD17": "-40.863097", "OBS18": "COORDENADAS APROXIMADAS", "CONTAGEM19": "1" }, "geometry": { "type": "Point", "coordinates": [ -40.863097, -2.900658 ] } },
{ "type": "Feature", "properties": { "ID0": "425", "NOME_USP1": "COZINHA SOLIDÁRIA SÃO SEBASTIÃO DE ADRIANÓPOLES", "NOME_UG2": "CÁRITAS TIANGUA", "TIPO3": "FORMAL", "LOTE4": "LOTE 18", "ENDERECO5": "RUA JOSE VIDAL", "NUMERO6": "200", "BAIRRO_L7": "ADRIANÓPOLIS", "DISTRITO8": "ADRIANÓPOLIS", "MUNICIPI9": "GRANJA", "CEP10": "62440-000", "REGIAO_D11": "LITORAL NORTE", "SETOR_IB12": "URBANA", "DATA_DE_13": "2023-12-18", "TIPO_DE_14": "SAAE - SERVIÇO AUTÔNOMO DE ÁGUA E ESGOTO", "DESIGNAC15": null, "LATITUDE16": "-3.258076", "LONGITUD17": "-41.238947", "OBS18": "COORDENADAS APROXIMADAS", "CONTAGEM19": "1" }, "geometry": { "type": "Point", "coordinates": [ -41.238947, -3.258076 ] } },
{ "type": "Feature", "properties": { "ID0": "426", "NOME_USP1": "COLÔNIA DE PESCADORES 202", "NOME_UG2": "CENTRO DE FORMAÇÃO E CAPACITAÇÃO E PESQUISA FREI HUMBERTO", "TIPO3": "FORMAL", "LOTE4": "LOTE 19", "ENDERECO5": "VIGÁRIO XAVIER", "NUMERO6": "0", "BAIRRO_L7": "OUTRA BANDA", "DISTRITO8": "ACARAÚ", "MUNICIPI9": "ACARAÚ", "CEP10": "62580-000", "REGIAO_D11": "LITORAL NORTE", "SETOR_IB12": "URBANA", "DATA_DE_13": "2023-12-14", "TIPO_DE_14": "POÇO", "DESIGNAC15": "PESCADORES", "LATITUDE16": "-2.879117", "LONGITUD17": "-40.119744", "OBS18": "COORDENADAS APROXIMADAS", "CONTAGEM19": "1" }, "geometry": { "type": "Point", "coordinates": [ -40.119744, -2.879117 ] } },
{ "type": "Feature", "properties": { "ID0": "427", "NOME_USP1": "COZINHA COMUNITÁRIA DE CELSOLÂNDIA", "NOME_UG2": "CENTRO DE FORMAÇÃO E CAPACITAÇÃO E PESQUISA FREI HUMBERTO", "TIPO3": "FORMAL", "LOTE4": "LOTE 19", "ENDERECO5": "BR 403", "NUMERO6": "26", "BAIRRO_L7": "CELSOLANDIA", "DISTRITO8": "ACARAÚ", "MUNICIPI9": "ACARAÚ", "CEP10": "62580-000", "REGIAO_D11": "LITORAL NORTE", "SETOR_IB12": "RURAL", "DATA_DE_13": "2023-12-13", "TIPO_DE_14": "POÇO", "DESIGNAC15": "ASSOCIAÇÃO", "LATITUDE16": "-2.991727", "LONGITUD17": "-40.129017", "OBS18": "COORDENADAS APROXIMADAS", "CONTAGEM19": "1" }, "geometry": { "type": "Point", "coordinates": [ -40.129017, -2.991727 ] } },
{ "type": "Feature", "properties": { "ID0": "428", "NOME_USP1": "COZINHA COMUNITÁRIA DE CURRAL VELHO DE BAIXO", "NOME_UG2": "CENTRO DE FORMAÇÃO E CAPACITAÇÃO E PESQUISA FREI HUMBERTO", "TIPO3": "INFORMAL", "LOTE4": "LOTE 19", "ENDERECO5": "CURRAL VELHO DE BAIXO", "NUMERO6": "0", "BAIRRO_L7": "CURRAL VELHO DE BAIXO", "DISTRITO8": "ACARAÚ", "MUNICIPI9": "ACARAÚ", "CEP10": "62580-000", "REGIAO_D11": "LITORAL NORTE", "SETOR_IB12": "RURAL", "DATA_DE_13": "2023-12-14", "TIPO_DE_14": "POÇO", "DESIGNAC15": null, "LATITUDE16": "-2.848894", "LONGITUD17": "-40.093184", "OBS18": "COORDENADAS APROXIMADAS", "CONTAGEM19": "1" }, "geometry": { "type": "Point", "coordinates": [ -40.093184, -2.848894 ] } },
{ "type": "Feature", "properties": { "ID0": "429", "NOME_USP1": "COZINHA COMUNITÁRIA DE SANTA FÉ \"SABOR EM FAMÍLIA\"", "NOME_UG2": "CENTRO DE FORMAÇÃO E CAPACITAÇÃO E PESQUISA FREI HUMBERTO", "TIPO3": "INFORMAL", "LOTE4": "LOTE 19", "ENDERECO5": "SANTA FÉ", "NUMERO6": "0", "BAIRRO_L7": "SANTA FÉ", "DISTRITO8": "ACARAÚ", "MUNICIPI9": "ACARAÚ", "CEP10": "62580-000", "REGIAO_D11": "LITORAL NORTE", "SETOR_IB12": "RURAL", "DATA_DE_13": "2023-12-12", "TIPO_DE_14": "CARRO PIPA", "DESIGNAC15": "MOVIMENTO", "LATITUDE16": "-3.270719", "LONGITUD17": "-39.965105", "OBS18": "COORDENADAS APROXIMADAS", "CONTAGEM19": "1" }, "geometry": { "type": "Point", "coordinates": [ -39.965105, -3.270719 ] } },
{ "type": "Feature", "properties": { "ID0": "430", "NOME_USP1": "COZINHA COMUNITÁRIA JIJOCA", "NOME_UG2": "CENTRO DE FORMAÇÃO E CAPACITAÇÃO E PESQUISA FREI HUMBERTO", "TIPO3": "INFORMAL", "LOTE4": "LOTE 19", "ENDERECO5": "AVENIDA AFONSO FONTES", "NUMERO6": "1956", "BAIRRO_L7": "CENTRO", "DISTRITO8": "JIJOCA DE JERICOACOARA", "MUNICIPI9": "JIJOCA DE JERICOACOARA", "CEP10": "62598-000", "REGIAO_D11": "LITORAL NORTE", "SETOR_IB12": "URBANA", "DATA_DE_13": "2023-12-12", "TIPO_DE_14": "CAGECE - COMPANHIA DE ÁGUA E ESGOTO DO ESTADO DO CEARÁ", "DESIGNAC15": null, "LATITUDE16": "-2.900568", "LONGITUD17": "-40.450254", "OBS18": "COORDENADAS APROXIMADAS", "CONTAGEM19": "1" }, "geometry": { "type": "Point", "coordinates": [ -40.450254, -2.900568 ] } },
{ "type": "Feature", "properties": { "ID0": "431", "NOME_USP1": "COZINHA DO PEDIM", "NOME_UG2": "CÁRITAS TIANGUA", "TIPO3": "INFORMAL", "LOTE4": "LOTE 18", "ENDERECO5": "RUA 24 DE MAIO", "NUMERO6": "2371", "BAIRRO_L7": "CAMOCIM", "DISTRITO8": "CAMOCIM", "MUNICIPI9": "CAMOCIM", "CEP10": "62400-000", "REGIAO_D11": "LITORAL NORTE", "SETOR_IB12": "URBANA", "DATA_DE_13": "2023-12-12", "TIPO_DE_14": "SAAE - SERVIÇO AUTÔNOMO DE ÁGUA E ESGOTO", "DESIGNAC15": "POVO DO MAR", "LATITUDE16": "-2.894101", "LONGITUD17": "-40.845394", "OBS18": "COORDENADAS APROXIMADAS", "CONTAGEM19": "1" }, "geometry": { "type": "Point", "coordinates": [ -40.845394, -2.894101 ] } },
{ "type": "Feature", "properties": { "ID0": "432", "NOME_USP1": "COZINHA NOSSA SENHORA DA CONCEIÇÃO", "NOME_UG2": "CENTRO DE FORMAÇÃO E CAPACITAÇÃO E PESQUISA FREI HUMBERTO", "TIPO3": "FORMAL", "LOTE4": "LOTE 19", "ENDERECO5": "RUA DOMINGOS AGUIAR", "NUMERO6": "800", "BAIRRO_L7": "CENTRO", "DISTRITO8": "BELA CRUZ", "MUNICIPI9": "BELA CRUZ", "CEP10": "62570-000", "REGIAO_D11": "LITORAL NORTE", "SETOR_IB12": "URBANA", "DATA_DE_13": "2024-01-08", "TIPO_DE_14": "POÇO", "DESIGNAC15": "RELIGIOSA - CATÓLICA", "LATITUDE16": "-3.057881", "LONGITUD17": "-40.170952", "OBS18": "COORDENADAS APROXIMADAS", "CONTAGEM19": "1" }, "geometry": { "type": "Point", "coordinates": [ -40.170952, -3.057881 ] } },
{ "type": "Feature", "properties": { "ID0": "433", "NOME_USP1": "COZINHA SOLIDÁRIA", "NOME_UG2": "CÁRITAS TIANGUA", "TIPO3": "INFORMAL", "LOTE4": "LOTE 18", "ENDERECO5": "RUA A, 171 QUADRA 5 RESIDENCIAL BONITO 3", "NUMERO6": "171", "BAIRRO_L7": "CAMOCIM", "DISTRITO8": "CAMOCIM", "MUNICIPI9": "CAMOCIM", "CEP10": "62400-000", "REGIAO_D11": "LITORAL NORTE", "SETOR_IB12": "URBANA", "DATA_DE_13": "2023-12-12", "TIPO_DE_14": "SAAE - SERVIÇO AUTÔNOMO DE ÁGUA E ESGOTO", "DESIGNAC15": null, "LATITUDE16": "-2.902135", "LONGITUD17": "-40.870404", "OBS18": "COORDENADAS APROXIMADAS", "CONTAGEM19": "1" }, "geometry": { "type": "Point", "coordinates": [ -40.870404, -2.902135 ] } },
{ "type": "Feature", "properties": { "ID0": "434", "NOME_USP1": "COZINHA SOLIDARIA DE MARTINÓPOLE", "NOME_UG2": "CÁRITAS TIANGUA", "TIPO3": "FORMAL", "LOTE4": "LOTE 18", "ENDERECO5": "RUA 26 DE MARÇO", "NUMERO6": "296", "BAIRRO_L7": "MARTINÓPOLE", "DISTRITO8": "MARTINÓPOLE", "MUNICIPI9": "MARTINÓPOLE", "CEP10": "62450-000", "REGIAO_D11": "LITORAL NORTE", "SETOR_IB12": "URBANA", "DATA_DE_13": "2023-12-13", "TIPO_DE_14": "CAGECE - COMPANHIA DE ÁGUA E ESGOTO DO ESTADO DO CEARÁ", "DESIGNAC15": "SINDICATO", "LATITUDE16": "-3.230222", "LONGITUD17": "-40.692104", "OBS18": "COORDENADAS APROXIMADAS", "CONTAGEM19": "1" }, "geometry": { "type": "Point", "coordinates": [ -40.692104, -3.230222 ] } },
{ "type": "Feature", "properties": { "ID0": "435", "NOME_USP1": "COZINHA SOLIDÁRIA SÃO PEDRO", "NOME_UG2": "CÁRITAS TIANGUA", "TIPO3": "FORMAL", "LOTE4": "LOTE 18", "ENDERECO5": "RUA BOCA DO ACRE", "NUMERO6": "0", "BAIRRO_L7": "SAO PEDRO", "DISTRITO8": "GRANJA", "MUNICIPI9": "GRANJA", "CEP10": "62430-000", "REGIAO_D11": "LITORAL NORTE", "SETOR_IB12": "URBANA", "DATA_DE_13": "2023-12-12", "TIPO_DE_14": "SAAE - SERVIÇO AUTÔNOMO DE ÁGUA E ESGOTO", "DESIGNAC15": "RELIGIOSA - CATÓLICA", "LATITUDE16": "-3.119995", "LONGITUD17": "-40.827062", "OBS18": "COORDENADAS APROXIMADAS", "CONTAGEM19": "1" }, "geometry": { "type": "Point", "coordinates": [ -40.827062, -3.119995 ] } },
{ "type": "Feature", "properties": { "ID0": "436", "NOME_USP1": "COZINHA SOLIDÁRIA PADRE OSVALDO CHAVES", "NOME_UG2": "CÁRITAS TIANGUA", "TIPO3": "INFORMAL", "LOTE4": "LOTE 18", "ENDERECO5": "RUA LAGOA GRANDE", "NUMERO6": "0", "BAIRRO_L7": "BAIRRO DE FÁTIMA", "DISTRITO8": "GRANJA", "MUNICIPI9": "GRANJA", "CEP10": "62430-000", "REGIAO_D11": "LITORAL NORTE", "SETOR_IB12": "URBANA", "DATA_DE_13": "2023-12-12", "TIPO_DE_14": "SAAE - SERVIÇO AUTÔNOMO DE ÁGUA E ESGOTO", "DESIGNAC15": null, "LATITUDE16": "-3.112873", "LONGITUD17": "-40.829817", "OBS18": "COORDENADAS APROXIMADAS", "CONTAGEM19": "1" }, "geometry": { "type": "Point", "coordinates": [ -40.829817, -3.112873 ] } },
{ "type": "Feature", "properties": { "ID0": "437", "NOME_USP1": "FRANCISCA REGADAS", "NOME_UG2": "CENTRO DE FORMAÇÃO E CAPACITAÇÃO E PESQUISA FREI HUMBERTO", "TIPO3": "FORMAL", "LOTE4": "LOTE 19", "ENDERECO5": "POVOADO BAIXINHA DO CÓRREGO GRANDE", "NUMERO6": "0", "BAIRRO_L7": "CÓRREGO DA VOLTA", "DISTRITO8": "ITAREMA", "MUNICIPI9": "ITAREMA", "CEP10": "62590-000", "REGIAO_D11": "LITORAL NORTE", "SETOR_IB12": "URBANA", "DATA_DE_13": "2023-12-01", "TIPO_DE_14": "POÇO", "DESIGNAC15": "ASSOCIAÇÃO", "LATITUDE16": "-2.924237", "LONGITUD17": "-39.912927", "OBS18": "COORDENADAS APROXIMADAS", "CONTAGEM19": "1" }, "geometry": { "type": "Point", "coordinates": [ -39.912927, -2.924237 ] } },
{ "type": "Feature", "properties": { "ID0": "438", "NOME_USP1": "GRUPO PRODUTIVO MULHERES NEGRAS CAIÇARA", "NOME_UG2": "CENTRO DE FORMAÇÃO E CAPACITAÇÃO E PESQUISA FREI HUMBERTO", "TIPO3": "INFORMAL", "LOTE4": "LOTE 19", "ENDERECO5": "COMUNIDADE CAIÇARA DE BAIXO", "NUMERO6": "0", "BAIRRO_L7": "CRUZ", "DISTRITO8": "CRUZ", "MUNICIPI9": "CRUZ", "CEP10": "62595-000", "REGIAO_D11": "LITORAL NORTE", "SETOR_IB12": "RURAL", "DATA_DE_13": "2023-12-12", "TIPO_DE_14": "CACIMBA", "DESIGNAC15": "QUILOMBOLA", "LATITUDE16": "-2.87533", "LONGITUD17": "-40.4058", "OBS18": "COORDENADAS APROXIMADAS", "CONTAGEM19": "1" }, "geometry": { "type": "Point", "coordinates": [ -40.4058, -2.87533 ] } },
{ "type": "Feature", "properties": { "ID0": "439", "NOME_USP1": "GRUPO SOLIDÁRIO SANTO EXPEDITO", "NOME_UG2": "CÁRITAS TIANGUA", "TIPO3": "INFORMAL", "LOTE4": "LOTE 18", "ENDERECO5": "CENTRO PASTORAL", "NUMERO6": "764", "BAIRRO_L7": "CAMOCIM", "DISTRITO8": "CAMOCIM", "MUNICIPI9": "CAMOCIM", "CEP10": "62400-000", "REGIAO_D11": "LITORAL NORTE", "SETOR_IB12": "URBANA", "DATA_DE_13": "2023-12-12", "TIPO_DE_14": "SAAE - SERVIÇO AUTÔNOMO DE ÁGUA E ESGOTO", "DESIGNAC15": null, "LATITUDE16": "-2.889372", "LONGITUD17": "-40.853645", "OBS18": "COORDENADAS APROXIMADAS", "CONTAGEM19": "1" }, "geometry": { "type": "Point", "coordinates": [ -40.853645, -2.889372 ] } },
{ "type": "Feature", "properties": { "ID0": "440", "NOME_USP1": "IGREJA ASSEMBLEIA DE DEUS MINISTÉRIO FILADELFIA", "NOME_UG2": "CENTRO DE FORMAÇÃO E CAPACITAÇÃO E PESQUISA FREI HUMBERTO", "TIPO3": "INFORMAL", "LOTE4": "LOTE 19", "ENDERECO5": "RUA RAIMUNDO MARINHEIRO", "NUMERO6": "0", "BAIRRO_L7": "RIACHO", "DISTRITO8": "ITAREMA", "MUNICIPI9": "ITAREMA", "CEP10": "62590-000", "REGIAO_D11": "LITORAL NORTE", "SETOR_IB12": "URBANA", "DATA_DE_13": "2023-12-08", "TIPO_DE_14": "POÇO", "DESIGNAC15": "RELIGIOSA - EVANGÉLICA", "LATITUDE16": "-2.924412", "LONGITUD17": "-39.929187", "OBS18": "COORDENADAS APROXIMADAS", "CONTAGEM19": "1" }, "geometry": { "type": "Point", "coordinates": [ -39.929187, -2.924412 ] } },
{ "type": "Feature", "properties": { "ID0": "441", "NOME_USP1": "INSTITUTO ARCANJO GABRIEL", "NOME_UG2": "CÁRITAS TIANGUA", "TIPO3": "FORMAL", "LOTE4": "LOTE 18", "ENDERECO5": "RUA CENTO E QUATRO", "NUMERO6": "91", "BAIRRO_L7": "COHAB", "DISTRITO8": "CAMOCIM", "MUNICIPI9": "CAMOCIM", "CEP10": "62400-000", "REGIAO_D11": "LITORAL NORTE", "SETOR_IB12": "URBANA", "DATA_DE_13": "2023-12-12", "TIPO_DE_14": "SAAE - SERVIÇO AUTÔNOMO DE ÁGUA E ESGOTO", "DESIGNAC15": "INSTITUTO", "LATITUDE16": "-2.907568", "LONGITUD17": "-40.858167", "OBS18": "COORDENADAS APROXIMADAS", "CONTAGEM19": "1" }, "geometry": { "type": "Point", "coordinates": [ -40.858167, -2.907568 ] } },
{ "type": "Feature", "properties": { "ID0": "442", "NOME_USP1": "MÃE DA DIVINA PROVIDÊNCIA", "NOME_UG2": "CENTRO DE FORMAÇÃO E CAPACITAÇÃO E PESQUISA FREI HUMBERTO", "TIPO3": "INFORMAL", "LOTE4": "LOTE 19", "ENDERECO5": "RUA PROFESSORA TERESA SILVA", "NUMERO6": "0", "BAIRRO_L7": "BURITI", "DISTRITO8": "ACARAÚ", "MUNICIPI9": "ACARAÚ", "CEP10": "62580-000", "REGIAO_D11": "LITORAL NORTE", "SETOR_IB12": "URBANA", "DATA_DE_13": "2023-12-13", "TIPO_DE_14": "CAGECE - COMPANHIA DE ÁGUA E ESGOTO DO ESTADO DO CEARÁ", "DESIGNAC15": "RELIGIOSA", "LATITUDE16": "-2.894296", "LONGITUD17": "-40.108597", "OBS18": "COORDENADAS APROXIMADAS", "CONTAGEM19": "1" }, "geometry": { "type": "Point", "coordinates": [ -40.108597, -2.894296 ] } },
{ "type": "Feature", "properties": { "ID0": "443", "NOME_USP1": "MARIA JOSÉ", "NOME_UG2": "CENTRO DE FORMAÇÃO E CAPACITAÇÃO E PESQUISA FREI HUMBERTO", "TIPO3": "FORMAL", "LOTE4": "LOTE 19", "ENDERECO5": "ZONA RURAL CORREGO DA VOLTA", "NUMERO6": "0", "BAIRRO_L7": "MÃE COSMA", "DISTRITO8": "ITAREMA", "MUNICIPI9": "ITAREMA", "CEP10": "62590-000", "REGIAO_D11": "LITORAL NORTE", "SETOR_IB12": "RURAL", "DATA_DE_13": "2023-12-01", "TIPO_DE_14": "SISAR - SISTEMA INTEGRADO DE SANEAMENTO RURAL", "DESIGNAC15": "ASSOCIAÇÃO", "LATITUDE16": "-3.073731", "LONGITUD17": "-39.970708", "OBS18": "COORDENADAS APROXIMADAS", "CONTAGEM19": "1" }, "geometry": { "type": "Point", "coordinates": [ -39.970708, -3.073731 ] } },
{ "type": "Feature", "properties": { "ID0": "444", "NOME_USP1": "PANELA DE BARRO", "NOME_UG2": "CENTRO DE FORMAÇÃO E CAPACITAÇÃO E PESQUISA FREI HUMBERTO", "TIPO3": "FORMAL", "LOTE4": "LOTE 19", "ENDERECO5": "RUA LUIZA RODRIGUES SOARES", "NUMERO6": "0", "BAIRRO_L7": "CARVOEIRO", "DISTRITO8": "CARVOEIRO", "MUNICIPI9": "ITAREMA", "CEP10": "62594-000", "REGIAO_D11": "LITORAL NORTE", "SETOR_IB12": "RURAL", "DATA_DE_13": "2023-12-01", "TIPO_DE_14": "CHAFARIZ", "DESIGNAC15": "ASSOCIAÇÃO", "LATITUDE16": "-3.199773", "LONGITUD17": "-39.995197", "OBS18": "COORDENADAS APROXIMADAS", "CONTAGEM19": "1" }, "geometry": { "type": "Point", "coordinates": [ -39.995197, -3.199773 ] } },
{ "type": "Feature", "properties": { "ID0": "445", "NOME_USP1": "PAR N SENHORA DOS NAVEGANTES - DISTRITO DE BITUPITÁ- BARROQUINHA", "NOME_UG2": "CÁRITAS TIANGUA", "TIPO3": "FORMAL", "LOTE4": "LOTE 18", "ENDERECO5": "RUA JOÃO OLDERNES FIUZA LIMA", "NUMERO6": "685", "BAIRRO_L7": "BITUPITÁ", "DISTRITO8": "BITUPITÁ", "MUNICIPI9": "BARROQUINHA", "CEP10": "62410-000", "REGIAO_D11": "LITORAL NORTE", "SETOR_IB12": "URBANA", "DATA_DE_13": "2023-12-14", "TIPO_DE_14": "CAGECE - COMPANHIA DE ÁGUA E ESGOTO DO ESTADO DO CEARÁ", "DESIGNAC15": "RELIGIOSA", "LATITUDE16": "-2.8938", "LONGITUD17": "-41.27268", "OBS18": "COORDENADAS APROXIMADAS", "CONTAGEM19": "1" }, "geometry": { "type": "Point", "coordinates": [ -41.27268, -2.8938 ] } },
{ "type": "Feature", "properties": { "ID0": "446", "NOME_USP1": "COZINHA SOLIDÁRIA SANTA LUZIA DE TIMONHA", "NOME_UG2": "CÁRITAS TIANGUA", "TIPO3": "FORMAL", "LOTE4": "LOTE 18", "ENDERECO5": "RUA 13 DE DEZEMBRO", "NUMERO6": "281", "BAIRRO_L7": "DISTRITO DE TIMONHA", "DISTRITO8": "TIMONHA", "MUNICIPI9": "GRANJA", "CEP10": "62440-000", "REGIAO_D11": "LITORAL NORTE", "SETOR_IB12": "URBANA", "DATA_DE_13": "2023-12-18", "TIPO_DE_14": "SAAE - SERVIÇO AUTÔNOMO DE ÁGUA E ESGOTO", "DESIGNAC15": "RELIGIOSA - CATÓLICA", "LATITUDE16": "-3.259079", "LONGITUD17": "-41.13466", "OBS18": "COORDENADAS APROXIMADAS", "CONTAGEM19": "1" }, "geometry": { "type": "Point", "coordinates": [ -41.13466, -3.259079 ] } },
{ "type": "Feature", "properties": { "ID0": "447", "NOME_USP1": "COZINHA SOLIDÁRIA DO PARAZINHO", "NOME_UG2": "CÁRITAS TIANGUA", "TIPO3": "FORMAL", "LOTE4": "LOTE 18", "ENDERECO5": "PRAÇA VICENTE ARUDA", "NUMERO6": "0", "BAIRRO_L7": "PARAZINHO", "DISTRITO8": "PARAZINHO", "MUNICIPI9": "GRANJA", "CEP10": "62430-000", "REGIAO_D11": "LITORAL NORTE", "SETOR_IB12": "URBANA", "DATA_DE_13": "2023-12-12", "TIPO_DE_14": "SAAE - SERVIÇO AUTÔNOMO DE ÁGUA E ESGOTO", "DESIGNAC15": "RELIGIOSA", "LATITUDE16": "-3.039737", "LONGITUD17": "-40.679888", "OBS18": "COORDENADAS APROXIMADAS", "CONTAGEM19": "1" }, "geometry": { "type": "Point", "coordinates": [ -40.679888, -3.039737 ] } },
{ "type": "Feature", "properties": { "ID0": "448", "NOME_USP1": "COZINHA SOLIDÁRIA NOSSA SENHORA DO LIVRAMENTO", "NOME_UG2": "CÁRITAS TIANGUA", "TIPO3": "FORMAL", "LOTE4": "LOTE 18", "ENDERECO5": "LEANDRO MEDEIROS", "NUMERO6": "0", "BAIRRO_L7": "OESTE URUOCA", "DISTRITO8": "URUOCA", "MUNICIPI9": "URUOCA", "CEP10": "62460-000", "REGIAO_D11": "LITORAL NORTE", "SETOR_IB12": "URBANA", "DATA_DE_13": "2023-12-13", "TIPO_DE_14": "CAGECE - COMPANHIA DE ÁGUA E ESGOTO DO ESTADO DO CEARÁ", "DESIGNAC15": "RELIGIOSA - CATÓLICA", "LATITUDE16": "-3.314453", "LONGITUD17": "-40.556521", "OBS18": "COORDENADAS APROXIMADAS", "CONTAGEM19": "1" }, "geometry": { "type": "Point", "coordinates": [ -40.556521, -3.314453 ] } },
{ "type": "Feature", "properties": { "ID0": "449", "NOME_USP1": "PAROQUIA NOSSA SENHORA DOS NAVEGANTES SEDE- BARROQUINHA", "NOME_UG2": "CÁRITAS TIANGUA", "TIPO3": "FORMAL", "LOTE4": "LOTE 18", "ENDERECO5": "PRACA ACADEMICA DELMIRO VERAS SILVA NETO", "NUMERO6": "0", "BAIRRO_L7": "BARROQUINHA", "DISTRITO8": "BARROQUINHA", "MUNICIPI9": "BARROQUINHA", "CEP10": "62410-000", "REGIAO_D11": "LITORAL NORTE", "SETOR_IB12": "URBANA", "DATA_DE_13": "2023-12-14", "TIPO_DE_14": "CAGECE - COMPANHIA DE ÁGUA E ESGOTO DO ESTADO DO CEARÁ", "DESIGNAC15": "RELIGIOSA - CATÓLICA", "LATITUDE16": "-3.019165", "LONGITUD17": "-41.136462", "OBS18": "COORDENADAS APROXIMADAS", "CONTAGEM19": "1" }, "geometry": { "type": "Point", "coordinates": [ -41.136462, -3.019165 ] } },
{ "type": "Feature", "properties": { "ID0": "450", "NOME_USP1": "PAROQUIA SANTO ANTONIO DE PADUA- CHAVAL", "NOME_UG2": "CÁRITAS TIANGUA", "TIPO3": "FORMAL", "LOTE4": "LOTE 18", "ENDERECO5": "RUA MAJOR FIEL", "NUMERO6": "0", "BAIRRO_L7": "CHAVAL", "DISTRITO8": "CHAVAL", "MUNICIPI9": "CHAVAL", "CEP10": "62420-000", "REGIAO_D11": "LITORAL NORTE", "SETOR_IB12": "URBANA", "DATA_DE_13": "2023-12-14", "TIPO_DE_14": "CAGECE - COMPANHIA DE ÁGUA E ESGOTO DO ESTADO DO CEARÁ", "DESIGNAC15": "RELIGIOSA", "LATITUDE16": "-3.034009", "LONGITUD17": "-41.2431", "OBS18": "COORDENADAS APROXIMADAS", "CONTAGEM19": "1" }, "geometry": { "type": "Point", "coordinates": [ -41.2431, -3.034009 ] } },
{ "type": "Feature", "properties": { "ID0": "451", "NOME_USP1": "PAROQUIA SÃO JOSÉ", "NOME_UG2": "CÁRITAS TIANGUA", "TIPO3": "INFORMAL", "LOTE4": "LOTE 18", "ENDERECO5": "RUA BANDEIRANTES", "NUMERO6": "0", "BAIRRO_L7": "CAMOCIM", "DISTRITO8": "CAMOCIM", "MUNICIPI9": "CAMOCIM", "CEP10": "62400-000", "REGIAO_D11": "LITORAL NORTE", "SETOR_IB12": "URBANA", "DATA_DE_13": "2023-12-12", "TIPO_DE_14": "SAAE - SERVIÇO AUTÔNOMO DE ÁGUA E ESGOTO", "DESIGNAC15": "RELIGIOSA", "LATITUDE16": "-2.909867", "LONGITUD17": "-40.856349", "OBS18": "COORDENADAS APROXIMADAS", "CONTAGEM19": "1" }, "geometry": { "type": "Point", "coordinates": [ -40.856349, -2.909867 ] } },
{ "type": "Feature", "properties": { "ID0": "452", "NOME_USP1": "PAROQUIA SENHOR BOM JESUS DOS NAVEGANTES", "NOME_UG2": "CÁRITAS TIANGUA", "TIPO3": "FORMAL", "LOTE4": "LOTE 18", "ENDERECO5": "TRAVESSA MONS INACIO NOGUEIRA MAGALHES", "NUMERO6": "1436", "BAIRRO_L7": "CAMOCIM", "DISTRITO8": "CAMOCIM", "MUNICIPI9": "CAMOCIM", "CEP10": "62400-000", "REGIAO_D11": "LITORAL NORTE", "SETOR_IB12": "URBANA", "DATA_DE_13": "2023-12-12", "TIPO_DE_14": "SAAE - SERVIÇO AUTÔNOMO DE ÁGUA E ESGOTO", "DESIGNAC15": "RELIGIOSA", "LATITUDE16": "-2.901306", "LONGITUD17": "-40.842931", "OBS18": "COORDENADAS APROXIMADAS", "CONTAGEM19": "1" }, "geometry": { "type": "Point", "coordinates": [ -40.842931, -2.901306 ] } },
{ "type": "Feature", "properties": { "ID0": "453", "NOME_USP1": "COZINHA SOLIDÁRIA SÃO SEBASTIÃO DO CAMPANÁRIO", "NOME_UG2": "CÁRITAS TIANGUA", "TIPO3": "FORMAL", "LOTE4": "LOTE 18", "ENDERECO5": "RUA JOAO BATISTA FONTELENE", "NUMERO6": "88", "BAIRRO_L7": "URUOCA", "DISTRITO8": "URUOCA", "MUNICIPI9": "URUOCA", "CEP10": "62460-000", "REGIAO_D11": "LITORAL NORTE", "SETOR_IB12": "URBANA", "DATA_DE_13": "2023-12-13", "TIPO_DE_14": "SISAR - SISTEMA INTEGRADO DE SANEAMENTO RURAL", "DESIGNAC15": "RELIGIOSA - CATÓLICA", "LATITUDE16": "-3.368335", "LONGITUD17": "-40.737265", "OBS18": "COORDENADAS APROXIMADAS", "CONTAGEM19": "1" }, "geometry": { "type": "Point", "coordinates": [ -40.737265, -3.368335 ] } },
{ "type": "Feature", "properties": { "ID0": "454", "NOME_USP1": "COZINHA SANTA DULCE", "NOME_UG2": "CENTRO DE FORMAÇÃO E CAPACITAÇÃO E PESQUISA FREI HUMBERTO", "TIPO3": "INFORMAL", "LOTE4": "LOTE 19", "ENDERECO5": "PV LAGOA DE SANTA ROSA", "NUMERO6": "0", "BAIRRO_L7": "SANTA ROSA", "DISTRITO8": "MARCO", "MUNICIPI9": "MARCO", "CEP10": "62560-000", "REGIAO_D11": "LITORAL NORTE", "SETOR_IB12": "URBANA", "DATA_DE_13": "2024-05-27", "TIPO_DE_14": "CAGECE - COMPANHIA DE ÁGUA E ESGOTO DO ESTADO DO CEARÁ", "DESIGNAC15": "SINDICATO", "LATITUDE16": "-3.121669", "LONGITUD17": "-40.148333", "OBS18": "COORDENADAS APROXIMADAS", "CONTAGEM19": "1" }, "geometry": { "type": "Point", "coordinates": [ -40.148333, -3.121669 ] } },
{ "type": "Feature", "properties": { "ID0": "455", "NOME_USP1": "SINAGOGA", "NOME_UG2": "CENTRO DE FORMAÇÃO E CAPACITAÇÃO E PESQUISA FREI HUMBERTO", "TIPO3": "INFORMAL", "LOTE4": "LOTE 19", "ENDERECO5": "RUA LAGOA DOS DUROS", "NUMERO6": "0", "BAIRRO_L7": "GARGOÊ", "DISTRITO8": "ITAREMA", "MUNICIPI9": "ITAREMA", "CEP10": "62590-000", "REGIAO_D11": "LITORAL NORTE", "SETOR_IB12": "URBANA", "DATA_DE_13": "2023-12-08", "TIPO_DE_14": "POÇO", "DESIGNAC15": null, "LATITUDE16": "-2.944276", "LONGITUD17": "-39.908988", "OBS18": "COORDENADAS APROXIMADAS", "CONTAGEM19": "1" }, "geometry": { "type": "Point", "coordinates": [ -39.908988, -2.944276 ] } },
{ "type": "Feature", "properties": { "ID0": "456", "NOME_USP1": "SINDICATO DOS TRABALHADORES RURAIS AGRICULTORES FAMILIARES DE JIJOCA DE JERICOACOARA", "NOME_UG2": "CENTRO DE FORMAÇÃO E CAPACITAÇÃO E PESQUISA FREI HUMBERTO", "TIPO3": "FORMAL", "LOTE4": "LOTE 19", "ENDERECO5": "RUA CAMPO GRANDE", "NUMERO6": "2406", "BAIRRO_L7": "CENTRO", "DISTRITO8": "JIJOCA DE JERICOACOARA", "MUNICIPI9": "JIJOCA DE JERICOACOARA", "CEP10": "62598-000", "REGIAO_D11": "LITORAL NORTE", "SETOR_IB12": "URBANA", "DATA_DE_13": "2023-12-12", "TIPO_DE_14": "CAGECE - COMPANHIA DE ÁGUA E ESGOTO DO ESTADO DO CEARÁ", "DESIGNAC15": "SINDICATO", "LATITUDE16": "-2.899288", "LONGITUD17": "-40.451013", "OBS18": "COORDENADAS APROXIMADAS", "CONTAGEM19": "1" }, "geometry": { "type": "Point", "coordinates": [ -40.451013, -2.899288 ] } },
{ "type": "Feature", "properties": { "ID0": "457", "NOME_USP1": "SIND. TRABALHADORES RURAIS DE AGRICUTORES E AGRICULTORAS FAMILIARES DE MORRINHOS", "NOME_UG2": "CENTRO DE FORMAÇÃO E CAPACITAÇÃO E PESQUISA FREI HUMBERTO", "TIPO3": "FORMAL", "LOTE4": "LOTE 19", "ENDERECO5": "RUA NOSSA SENHORA DE FÁTIMA", "NUMERO6": "225", "BAIRRO_L7": "MORRINHOS", "DISTRITO8": "MORRINHOS", "MUNICIPI9": "MORRINHOS", "CEP10": "62550-000", "REGIAO_D11": "LITORAL NORTE", "SETOR_IB12": "URBANA", "DATA_DE_13": "2023-10-26", "TIPO_DE_14": "CAGECE - COMPANHIA DE ÁGUA E ESGOTO DO ESTADO DO CEARÁ", "DESIGNAC15": "ASSOCIAÇÃO", "LATITUDE16": "-3.230898", "LONGITUD17": "-40.128796", "OBS18": "COORDENADAS APROXIMADAS", "CONTAGEM19": "1" }, "geometry": { "type": "Point", "coordinates": [ -40.128796, -3.230898 ] } },
{ "type": "Feature", "properties": { "ID0": "458", "NOME_USP1": "COZINHA SOLIDÁRIA DA COHAB", "NOME_UG2": "ASSOCIAÇÃO DE COOPERAÇÃO AGRÍCOLA DO ESTADO DO CEARA", "TIPO3": "INFORMAL", "LOTE4": "LOTE 20", "ENDERECO5": "RUA COHAB", "NUMERO6": "252", "BAIRRO_L7": "COHAB", "DISTRITO8": "ITAPIPOCA", "MUNICIPI9": "ITAPIPOCA", "CEP10": "62500-000", "REGIAO_D11": "LITORAL OESTE / VALE DO CURU", "SETOR_IB12": "URBANA", "DATA_DE_13": "2025-07-07", "TIPO_DE_14": "CAGECE - COMPANHIA DE ÁGUA E ESGOTO DO ESTADO DO CEARÁ", "DESIGNAC15": null, "LATITUDE16": "-3.483961", "LONGITUD17": "-39.612672", "OBS18": "COORDENADAS APROXIMADAS", "CONTAGEM19": "1" }, "geometry": { "type": "Point", "coordinates": [ -39.612672, -3.483961 ] } },
{ "type": "Feature", "properties": { "ID0": "459", "NOME_USP1": "COZINHA SOLIDÁRIA DO CURA", "NOME_UG2": "ASSOCIAÇÃO DE COOPERAÇÃO AGRÍCOLA DO ESTADO DO CEARA", "TIPO3": "INFORMAL", "LOTE4": "LOTE 20", "ENDERECO5": "CURA II", "NUMERO6": "0", "BAIRRO_L7": "BETÂNIA", "DISTRITO8": "CRUXATI", "MUNICIPI9": "ITAPIPOCA", "CEP10": "62500-001", "REGIAO_D11": "LITORAL OESTE / VALE DO CURU", "SETOR_IB12": "RURAL", "DATA_DE_13": "2025-07-07", "TIPO_DE_14": "SISAR - SISTEMA INTEGRADO DE SANEAMENTO RURAL", "DESIGNAC15": "OUTRAS", "LATITUDE16": "-3.302235", "LONGITUD17": "-39.652024", "OBS18": "COORDENADAS APROXIMADAS", "CONTAGEM19": "1" }, "geometry": { "type": "Point", "coordinates": [ -39.652024, -3.302235 ] } },
{ "type": "Feature", "properties": { "ID0": "460", "NOME_USP1": "ASSOCIAÇÃO COMUNITÁRIA DE ALTO ALEGRE TORRADO", "NOME_UG2": "ASSOCIAÇÃO DE COOPERAÇÃO AGRÍCOLA DO ESTADO DO CEARA", "TIPO3": "FORMAL", "LOTE4": "LOTE 20", "ENDERECO5": "PV. CAJUI", "NUMERO6": "0", "BAIRRO_L7": "BARRENTO", "DISTRITO8": "ITAPIPOCA", "MUNICIPI9": "ITAPIPOCA", "CEP10": "62500-000", "REGIAO_D11": "LITORAL OESTE / VALE DO CURU", "SETOR_IB12": "RURAL", "DATA_DE_13": "2023-10-19", "TIPO_DE_14": "SISAR - SISTEMA INTEGRADO DE SANEAMENTO RURAL", "DESIGNAC15": "ASSOCIAÇÃO", "LATITUDE16": "-3.314", "LONGITUD17": "-39.517159", "OBS18": "COORDENADAS APROXIMADAS", "CONTAGEM19": "1" }, "geometry": { "type": "Point", "coordinates": [ -39.517159, -3.314 ] } },
{ "type": "Feature", "properties": { "ID0": "462", "NOME_USP1": "ASSOCIAÇÃO DOS MORADORES DO MARANHÃO", "NOME_UG2": "ASSOCIAÇÃO DE COOPERAÇÃO AGRÍCOLA DO ESTADO DO CEARA", "TIPO3": "INFORMAL", "LOTE4": "LOTE 20", "ENDERECO5": "RUA SÃO JOSÉ", "NUMERO6": "270", "BAIRRO_L7": "MARANHÃO", "DISTRITO8": "ITAPIPOCA", "MUNICIPI9": "ITAPIPOCA", "CEP10": "62504-238", "REGIAO_D11": "LITORAL OESTE / VALE DO CURU", "SETOR_IB12": "URBANA", "DATA_DE_13": "2023-10-17", "TIPO_DE_14": "CAGECE - COMPANHIA DE ÁGUA E ESGOTO DO ESTADO DO CEARÁ", "DESIGNAC15": "ASSOCIAÇÃO", "LATITUDE16": "-3.482658", "LONGITUD17": "-39.581726", "OBS18": "COORDENADAS APROXIMADAS", "CONTAGEM19": "1" }, "geometry": { "type": "Point", "coordinates": [ -39.581726, -3.482658 ] } },
{ "type": "Feature", "properties": { "ID0": "463", "NOME_USP1": "CENTRO COMUNITARIO CAMPO ALEGRE", "NOME_UG2": "ASSOCIAÇÃO DE COOPERAÇÃO AGRÍCOLA DO ESTADO DO CEARA", "TIPO3": "FORMAL", "LOTE4": "LOTE 20", "ENDERECO5": "RUA POR DO SOL", "NUMERO6": "373", "BAIRRO_L7": "CAMPO ALEGRE", "DISTRITO8": "MIRAÍMA", "MUNICIPI9": "MIRAÍMA", "CEP10": "62530-000", "REGIAO_D11": "LITORAL OESTE / VALE DO CURU", "SETOR_IB12": "URBANA", "DATA_DE_13": "2023-10-27", "TIPO_DE_14": "CAGECE - COMPANHIA DE ÁGUA E ESGOTO DO ESTADO DO CEARÁ", "DESIGNAC15": "OUTRAS", "LATITUDE16": "-3.569832", "LONGITUD17": "-39.970225", "OBS18": "COORDENADAS APROXIMADAS", "CONTAGEM19": "1" }, "geometry": { "type": "Point", "coordinates": [ -39.970225, -3.569832 ] } },
{ "type": "Feature", "properties": { "ID0": "464", "NOME_USP1": "CEU CULTURAL SÃO LAZARO", "NOME_UG2": "ASSOCIAÇÃO DE COOPERAÇÃO AGRÍCOLA DO ESTADO DO CEARA", "TIPO3": "INFORMAL", "LOTE4": "LOTE 20", "ENDERECO5": "RUA CAFITA", "NUMERO6": "82", "BAIRRO_L7": "URBANO TEIXEIRA", "DISTRITO8": "NÃO SE APLICA", "MUNICIPI9": "ITAPIPOCA", "CEP10": "62501-155", "REGIAO_D11": "LITORAL OESTE / VALE DO CURU", "SETOR_IB12": "URBANA", "DATA_DE_13": "2024-12-30", "TIPO_DE_14": "CAGECE - COMPANHIA DE ÁGUA E ESGOTO DO ESTADO DO CEARÁ", "DESIGNAC15": "POVO DE TERREIRO", "LATITUDE16": "-3.488171", "LONGITUD17": "-39.60599", "OBS18": "COORDENADAS APROXIMADAS", "CONTAGEM19": "1" }, "geometry": { "type": "Point", "coordinates": [ -39.60599, -3.488171 ] } },
{ "type": "Feature", "properties": { "ID0": "465", "NOME_USP1": "MARIA CONGA", "NOME_UG2": "ASSOCIAÇÃO DE COOPERAÇÃO AGRÍCOLA DO ESTADO DO CEARA", "TIPO3": "INFORMAL", "LOTE4": "LOTE 20", "ENDERECO5": "RUA CRISTO REDENTOR", "NUMERO6": "3309", "BAIRRO_L7": "CRUZEIRO", "DISTRITO8": "ITAPIPOCA", "MUNICIPI9": "ITAPIPOCA", "CEP10": "62503-262", "REGIAO_D11": "LITORAL OESTE / VALE DO CURU", "SETOR_IB12": "URBANA", "DATA_DE_13": "2023-10-13", "TIPO_DE_14": "CAGECE - COMPANHIA DE ÁGUA E ESGOTO DO ESTADO DO CEARÁ", "DESIGNAC15": "POVO DE TERREIRO", "LATITUDE16": "-3.484044", "LONGITUD17": "-39.577687", "OBS18": "COORDENADAS APROXIMADAS", "CONTAGEM19": "1" }, "geometry": { "type": "Point", "coordinates": [ -39.577687, -3.484044 ] } },
{ "type": "Feature", "properties": { "ID0": "466", "NOME_USP1": "COMUNIDADE DA CULINARIA COLETIVA", "NOME_UG2": "ASSOCIAÇÃO DE COOPERAÇÃO AGRÍCOLA DO ESTADO DO CEARA", "TIPO3": "INFORMAL", "LOTE4": "LOTE 20", "ENDERECO5": "RUA RITA TEIXEIRA", "NUMERO6": "45", "BAIRRO_L7": "DESERTO", "DISTRITO8": "ITAPIPOCA", "MUNICIPI9": "ITAPIPOCA", "CEP10": "62502-990", "REGIAO_D11": "LITORAL OESTE / VALE DO CURU", "SETOR_IB12": "URBANA", "DATA_DE_13": "2023-10-17", "TIPO_DE_14": "CAGECE - COMPANHIA DE ÁGUA E ESGOTO DO ESTADO DO CEARÁ", "DESIGNAC15": "OUTRAS", "LATITUDE16": "-3.514176", "LONGITUD17": "-39.49219", "OBS18": "COORDENADAS APROXIMADAS", "CONTAGEM19": "1" }, "geometry": { "type": "Point", "coordinates": [ -39.49219, -3.514176 ] } },
{ "type": "Feature", "properties": { "ID0": "467", "NOME_USP1": "COZINHA SOLIDÁRIA DE PILÕES", "NOME_UG2": "ASSOCIAÇÃO DE COOPERAÇÃO AGRÍCOLA DO ESTADO DO CEARA", "TIPO3": "INFORMAL", "LOTE4": "LOTE 20", "ENDERECO5": "POVOADO PILÕES", "NUMERO6": "0", "BAIRRO_L7": "BROTAS", "DISTRITO8": "MIRAÍMA", "MUNICIPI9": "MIRAÍMA", "CEP10": "62530-000", "REGIAO_D11": "LITORAL OESTE / VALE DO CURU", "SETOR_IB12": "RURAL", "DATA_DE_13": "2025-02-03", "TIPO_DE_14": "POÇO", "DESIGNAC15": "INDÍGENA", "LATITUDE16": "-3.465513", "LONGITUD17": "-39.79945", "OBS18": "COORDENADAS APROXIMADAS", "CONTAGEM19": "1" }, "geometry": { "type": "Point", "coordinates": [ -39.79945, -3.465513 ] } },
{ "type": "Feature", "properties": { "ID0": "468", "NOME_USP1": "COZINHA DA ESPERANÇA", "NOME_UG2": "ASSOCIAÇÃO DE COOPERAÇÃO AGRÍCOLA DO ESTADO DO CEARA", "TIPO3": "INFORMAL", "LOTE4": "LOTE 20", "ENDERECO5": "JOAQUIM TORQUATO", "NUMERO6": "1029", "BAIRRO_L7": "AMONTADA", "DISTRITO8": "AMONTADA", "MUNICIPI9": "AMONTADA", "CEP10": "62540-000", "REGIAO_D11": "LITORAL OESTE / VALE DO CURU", "SETOR_IB12": "URBANA", "DATA_DE_13": "2023-10-27", "TIPO_DE_14": "SAAE - SERVIÇO AUTÔNOMO DE ÁGUA E ESGOTO", "DESIGNAC15": "OUTRAS", "LATITUDE16": "-3.356481", "LONGITUD17": "-39.829992", "OBS18": "COORDENADAS APROXIMADAS", "CONTAGEM19": "1" }, "geometry": { "type": "Point", "coordinates": [ -39.829992, -3.356481 ] } },
{ "type": "Feature", "properties": { "ID0": "469", "NOME_USP1": "COZINHA POPULAR LIVRAMENTO", "NOME_UG2": "ASSOCIAÇÃO DE COOPERAÇÃO AGRÍCOLA DO ESTADO DO CEARA", "TIPO3": "INFORMAL", "LOTE4": "LOTE 20", "ENDERECO5": "ÁREA RURAL", "NUMERO6": "0", "BAIRRO_L7": "ÁREA RURAL DE ITAPIPOCA", "DISTRITO8": "ITAPIPOCA", "MUNICIPI9": "ITAPIPOCA", "CEP10": "62509-899", "REGIAO_D11": "LITORAL OESTE / VALE DO CURU", "SETOR_IB12": "RURAL", "DATA_DE_13": "2023-10-20", "TIPO_DE_14": "SISAR - SISTEMA INTEGRADO DE SANEAMENTO RURAL", "DESIGNAC15": "OUTRAS", "LATITUDE16": "-3.531367", "LONGITUD17": "-39.762994", "OBS18": "COORDENADAS APROXIMADAS", "CONTAGEM19": "1" }, "geometry": { "type": "Point", "coordinates": [ -39.762994, -3.531367 ] } },
{ "type": "Feature", "properties": { "ID0": "470", "NOME_USP1": "COZINHA POPULAR MOCAMBO DE CIMA", "NOME_UG2": "ASSOCIAÇÃO DE COOPERAÇÃO AGRÍCOLA DO ESTADO DO CEARA", "TIPO3": "INFORMAL", "LOTE4": "LOTE 20", "ENDERECO5": "COMUNIDADE MOCAMBO DE CIMA", "NUMERO6": "0", "BAIRRO_L7": "COMUNIDADE MOCAMBO DE CIMA", "DISTRITO8": "ARAPARI", "MUNICIPI9": "ITAPIPOCA", "CEP10": "62500-000", "REGIAO_D11": "LITORAL OESTE / VALE DO CURU", "SETOR_IB12": "RURAL", "DATA_DE_13": "2023-10-20", "TIPO_DE_14": "NASCENTE", "DESIGNAC15": "OUTRAS", "LATITUDE16": "-3.600019", "LONGITUD17": "-39.601718", "OBS18": "COORDENADAS APROXIMADAS", "CONTAGEM19": "1" }, "geometry": { "type": "Point", "coordinates": [ -39.601718, -3.600019 ] } },
{ "type": "Feature", "properties": { "ID0": "472", "NOME_USP1": "CULINÁRIA QUILOMBOLA", "NOME_UG2": "ASSOCIAÇÃO DE COOPERAÇÃO AGRÍCOLA DO ESTADO DO CEARA", "TIPO3": "FORMAL", "LOTE4": "LOTE 20", "ENDERECO5": "COMUNIDADE QUILOMBOLA", "NUMERO6": "0", "BAIRRO_L7": "ARAPARI", "DISTRITO8": "ARAPARI", "MUNICIPI9": "ITAPIPOCA", "CEP10": "62512-000", "REGIAO_D11": "LITORAL OESTE / VALE DO CURU", "SETOR_IB12": "URBANA", "DATA_DE_13": "2023-10-20", "TIPO_DE_14": "NASCENTE", "DESIGNAC15": "QUILOMBOLA", "LATITUDE16": "-3.556757", "LONGITUD17": "-39.58287", "OBS18": "COORDENADAS APROXIMADAS", "CONTAGEM19": "1" }, "geometry": { "type": "Point", "coordinates": [ -39.58287, -3.556757 ] } },
{ "type": "Feature", "properties": { "ID0": "473", "NOME_USP1": "DELÍCIAS DO QUILOMBO", "NOME_UG2": "ASSOCIAÇÃO DE COOPERAÇÃO AGRÍCOLA DO ESTADO DO CEARA", "TIPO3": "FORMAL", "LOTE4": "LOTE 20", "ENDERECO5": "COMUNIDADE QUILOMBOLA DE NAZARÉ", "NUMERO6": "0", "BAIRRO_L7": "ARAPARI", "DISTRITO8": "ARAPARI", "MUNICIPI9": "ITAPIPOCA", "CEP10": "62512-000", "REGIAO_D11": "LITORAL OESTE / VALE DO CURU", "SETOR_IB12": "URBANA", "DATA_DE_13": "2023-10-20", "TIPO_DE_14": "NASCENTE", "DESIGNAC15": "QUILOMBOLA", "LATITUDE16": "-3.555147", "LONGITUD17": "-39.584045", "OBS18": "COORDENADAS APROXIMADAS", "CONTAGEM19": "1" }, "geometry": { "type": "Point", "coordinates": [ -39.584045, -3.555147 ] } },
{ "type": "Feature", "properties": { "ID0": "474", "NOME_USP1": "FAÇA A DIFERENÇA", "NOME_UG2": "ASSOCIAÇÃO DE COOPERAÇÃO AGRÍCOLA DO ESTADO DO CEARA", "TIPO3": "INFORMAL", "LOTE4": "LOTE 20", "ENDERECO5": "RUA TRAVESSA PEDRO BILUCA", "NUMERO6": "559", "BAIRRO_L7": "ALTO ALEGRE", "DISTRITO8": "ITAPIPOCA", "MUNICIPI9": "ITAPIPOCA", "CEP10": "62500-200", "REGIAO_D11": "LITORAL OESTE / VALE DO CURU", "SETOR_IB12": "URBANA", "DATA_DE_13": "2024-12-30", "TIPO_DE_14": "CAGECE - COMPANHIA DE ÁGUA E ESGOTO DO ESTADO DO CEARÁ", "DESIGNAC15": "OUTRAS", "LATITUDE16": "-3.482061", "LONGITUD17": "-39.583444", "OBS18": "COORDENADAS APROXIMADAS", "CONTAGEM19": "1" }, "geometry": { "type": "Point", "coordinates": [ -39.583444, -3.482061 ] } },
{ "type": "Feature", "properties": { "ID0": "475", "NOME_USP1": "FORTALECEDORAS", "NOME_UG2": "ASSOCIAÇÃO DE COOPERAÇÃO AGRÍCOLA DO ESTADO DO CEARA", "TIPO3": "INFORMAL", "LOTE4": "LOTE 20", "ENDERECO5": "JOAQUIM BARBOSA FILHO", "NUMERO6": "2000", "BAIRRO_L7": "CEMOABA", "DISTRITO8": "TURURU", "MUNICIPI9": "TURURU", "CEP10": "62655-000", "REGIAO_D11": "LITORAL OESTE / VALE DO CURU", "SETOR_IB12": "URBANA", "DATA_DE_13": "2023-10-13", "TIPO_DE_14": "CAGECE - COMPANHIA DE ÁGUA E ESGOTO DO ESTADO DO CEARÁ", "DESIGNAC15": "OUTRAS", "LATITUDE16": "-3.465391", "LONGITUD17": "-39.420983", "OBS18": "COORDENADAS APROXIMADAS", "CONTAGEM19": "1" }, "geometry": { "type": "Point", "coordinates": [ -39.420983, -3.465391 ] } },
{ "type": "Feature", "properties": { "ID0": "476", "NOME_USP1": "JOSE FREIRE SOBRINHO", "NOME_UG2": "ASSOCIAÇÃO DE COOPERAÇÃO AGRÍCOLA DO ESTADO DO CEARA", "TIPO3": "INFORMAL", "LOTE4": "LOTE 20", "ENDERECO5": "CABEÇEIRAS DE MUNDAÚ", "NUMERO6": "0", "BAIRRO_L7": "MUCAMBO DE CIMA", "DISTRITO8": "ARAPARI", "MUNICIPI9": "ITAPIPOCA", "CEP10": "62508-974", "REGIAO_D11": "LITORAL OESTE / VALE DO CURU", "SETOR_IB12": "RURAL", "DATA_DE_13": "2023-10-27", "TIPO_DE_14": "CACIMBA", "DESIGNAC15": "OUTRAS", "LATITUDE16": "-3.569399", "LONGITUD17": "-39.622549", "OBS18": "COORDENADAS APROXIMADAS", "CONTAGEM19": "1" }, "geometry": { "type": "Point", "coordinates": [ -39.622549, -3.569399 ] } },
{ "type": "Feature", "properties": { "ID0": "477", "NOME_USP1": "JUVENTUDE DA LADEIRA", "NOME_UG2": "ASSOCIAÇÃO DE COOPERAÇÃO AGRÍCOLA DO ESTADO DO CEARA", "TIPO3": "INFORMAL", "LOTE4": "LOTE 20", "ENDERECO5": "RUA INOCÊNCIO BRAGA", "NUMERO6": "2467", "BAIRRO_L7": "LADEIRA", "DISTRITO8": "ITAPIPOCA", "MUNICIPI9": "ITAPIPOCA", "CEP10": "62508-640", "REGIAO_D11": "LITORAL OESTE / VALE DO CURU", "SETOR_IB12": "URBANA", "DATA_DE_13": "2023-10-13", "TIPO_DE_14": "CAGECE - COMPANHIA DE ÁGUA E ESGOTO DO ESTADO DO CEARÁ", "DESIGNAC15": "OUTRAS", "LATITUDE16": "-3.509105", "LONGITUD17": "-39.584213", "OBS18": "COORDENADAS APROXIMADAS", "CONTAGEM19": "1" }, "geometry": { "type": "Point", "coordinates": [ -39.584213, -3.509105 ] } },
{ "type": "Feature", "properties": { "ID0": "478", "NOME_USP1": "MARMITA SOLIDARIA NOVA JERUSALEM", "NOME_UG2": "ASSOCIAÇÃO DE COOPERAÇÃO AGRÍCOLA DO ESTADO DO CEARA", "TIPO3": "INFORMAL", "LOTE4": "LOTE 20", "ENDERECO5": "RUA 04 COMUNIDADE NOVA JERUSALÉM", "NUMERO6": "310", "BAIRRO_L7": "JULIO 2", "DISTRITO8": "ITAPIPOCA", "MUNICIPI9": "ITAPIPOCA", "CEP10": "62540-000", "REGIAO_D11": "LITORAL OESTE / VALE DO CURU", "SETOR_IB12": "URBANA", "DATA_DE_13": "2023-09-28", "TIPO_DE_14": "CAGECE - COMPANHIA DE ÁGUA E ESGOTO DO ESTADO DO CEARÁ", "DESIGNAC15": "OUTRAS", "LATITUDE16": "-3.47078", "LONGITUD17": "-39.567709", "OBS18": "COORDENADAS APROXIMADAS", "CONTAGEM19": "1" }, "geometry": { "type": "Point", "coordinates": [ -39.567709, -3.47078 ] } },
{ "type": "Feature", "properties": { "ID0": "479", "NOME_USP1": "MULHERES QUE ALIMENTAM", "NOME_UG2": "ASSOCIAÇÃO DE COOPERAÇÃO AGRÍCOLA DO ESTADO DO CEARA", "TIPO3": "INFORMAL", "LOTE4": "LOTE 20", "ENDERECO5": "AVENIDA FRANCISCO DOS SANTOS BRAGA", "NUMERO6": "1270", "BAIRRO_L7": "PICOS", "DISTRITO8": "ITAPIPOCA", "MUNICIPI9": "ITAPIPOCA", "CEP10": "62500-000", "REGIAO_D11": "LITORAL OESTE / VALE DO CURU", "SETOR_IB12": "URBANA", "DATA_DE_13": "2023-10-20", "TIPO_DE_14": "CAGECE - COMPANHIA DE ÁGUA E ESGOTO DO ESTADO DO CEARÁ", "DESIGNAC15": "OUTRAS", "LATITUDE16": "-3.509882", "LONGITUD17": "-39.568984", "OBS18": "COORDENADAS APROXIMADAS", "CONTAGEM19": "1" }, "geometry": { "type": "Point", "coordinates": [ -39.568984, -3.509882 ] } },
{ "type": "Feature", "properties": { "ID0": "480", "NOME_USP1": "NELSON MANDELA", "NOME_UG2": "ASSOCIAÇÃO DE COOPERAÇÃO AGRÍCOLA DO ESTADO DO CEARA", "TIPO3": "INFORMAL", "LOTE4": "LOTE 20", "ENDERECO5": "RUA  MARIA TOME DOS SANTOS", "NUMERO6": "703", "BAIRRO_L7": "AMONTADA", "DISTRITO8": "AMONTADA", "MUNICIPI9": "AMONTADA", "CEP10": "62540-000", "REGIAO_D11": "LITORAL OESTE / VALE DO CURU", "SETOR_IB12": "URBANA", "DATA_DE_13": "2023-10-30", "TIPO_DE_14": "SAAE - SERVIÇO AUTÔNOMO DE ÁGUA E ESGOTO", "DESIGNAC15": "OUTRAS", "LATITUDE16": "-3.366138", "LONGITUD17": "-39.827806", "OBS18": "COORDENADAS APROXIMADAS", "CONTAGEM19": "1" }, "geometry": { "type": "Point", "coordinates": [ -39.827806, -3.366138 ] } },
{ "type": "Feature", "properties": { "ID0": "481", "NOME_USP1": "PASTORAL DA CRIANÇA", "NOME_UG2": "ASSOCIAÇÃO DE COOPERAÇÃO AGRÍCOLA DO ESTADO DO CEARA", "TIPO3": "INFORMAL", "LOTE4": "LOTE 20", "ENDERECO5": "RUA HILDA BRAGA", "NUMERO6": "924", "BAIRRO_L7": "MIRAÍMA", "DISTRITO8": "MIRAÍMA", "MUNICIPI9": "MIRAÍMA", "CEP10": "62530-000", "REGIAO_D11": "LITORAL OESTE / VALE DO CURU", "SETOR_IB12": "URBANA", "DATA_DE_13": "2023-09-30", "TIPO_DE_14": "CAGECE - COMPANHIA DE ÁGUA E ESGOTO DO ESTADO DO CEARÁ", "DESIGNAC15": "RELIGIOSA", "LATITUDE16": "-3.571442", "LONGITUD17": "-39.965695", "OBS18": "COORDENADAS APROXIMADAS", "CONTAGEM19": "1" }, "geometry": { "type": "Point", "coordinates": [ -39.965695, -3.571442 ] } },
{ "type": "Feature", "properties": { "ID0": "482", "NOME_USP1": "PROTAGONISTAS", "NOME_UG2": "ASSOCIAÇÃO DE COOPERAÇÃO AGRÍCOLA DO ESTADO DO CEARA", "TIPO3": "INFORMAL", "LOTE4": "LOTE 20", "ENDERECO5": "RUA PEDRO LEITÃO", "NUMERO6": "729", "BAIRRO_L7": "TURURU", "DISTRITO8": "TURURU", "MUNICIPI9": "TURURU", "CEP10": "62652-000", "REGIAO_D11": "LITORAL OESTE / VALE DO CURU", "SETOR_IB12": "URBANA", "DATA_DE_13": "2023-10-13", "TIPO_DE_14": "CAGECE - COMPANHIA DE ÁGUA E ESGOTO DO ESTADO DO CEARÁ", "DESIGNAC15": "SINDICATO", "LATITUDE16": "-3.601431", "LONGITUD17": "-39.436839", "OBS18": "COORDENADAS APROXIMADAS", "CONTAGEM19": "1" }, "geometry": { "type": "Point", "coordinates": [ -39.436839, -3.601431 ] } },
{ "type": "Feature", "properties": { "ID0": "483", "NOME_USP1": "REDE PERMANENTE DE SOLIDARIDADE", "NOME_UG2": "ASSOCIAÇÃO DE COOPERAÇÃO AGRÍCOLA DO ESTADO DO CEARA", "TIPO3": "INFORMAL", "LOTE4": "LOTE 20", "ENDERECO5": "RUA URBANO TEIXEIRA BARBOSA", "NUMERO6": "501", "BAIRRO_L7": "ITAPIPOCA", "DISTRITO8": "ITAPIPOCA", "MUNICIPI9": "ITAPIPOCA", "CEP10": "62500-000", "REGIAO_D11": "LITORAL OESTE / VALE DO CURU", "SETOR_IB12": "URBANA", "DATA_DE_13": "2023-10-20", "TIPO_DE_14": "CAGECE - COMPANHIA DE ÁGUA E ESGOTO DO ESTADO DO CEARÁ", "DESIGNAC15": "OUTRAS", "LATITUDE16": "-3.501242", "LONGITUD17": "-39.581121", "OBS18": "COORDENADAS APROXIMADAS", "CONTAGEM19": "1" }, "geometry": { "type": "Point", "coordinates": [ -39.581121, -3.501242 ] } },
{ "type": "Feature", "properties": { "ID0": "484", "NOME_USP1": "AÇÃO NA COMUNIDADE", "NOME_UG2": "ORGANIZAÇÃO BARREIRA AMIGOS SOLIDÁRIOS - OBAS", "TIPO3": "INFORMAL", "LOTE4": "LOTE 28", "ENDERECO5": "RUA MADRE PIERINA USLENGH", "NUMERO6": "35", "BAIRRO_L7": "LAGES", "DISTRITO8": "BATURITÉ", "MUNICIPI9": "BATURITÉ", "CEP10": "62760-000", "REGIAO_D11": "MACIÇO DE BATURITÉ", "SETOR_IB12": "URBANA", "DATA_DE_13": "2023-10-02", "TIPO_DE_14": "CAGECE - COMPANHIA DE ÁGUA E ESGOTO DO ESTADO DO CEARÁ", "DESIGNAC15": "OUTRAS", "LATITUDE16": "-4.319921", "LONGITUD17": "-38.883622", "OBS18": "COORDENADAS APROXIMADAS", "CONTAGEM19": "1" }, "geometry": { "type": "Point", "coordinates": [ -38.883622, -4.319921 ] } },
{ "type": "Feature", "properties": { "ID0": "485", "NOME_USP1": "ASSOCIAÇÃO AGRICULTORES DA ESTRADA MUCUNÃ", "NOME_UG2": "ORGANIZAÇÃO BARREIRA AMIGOS SOLIDÁRIOS - OBAS", "TIPO3": "FORMAL", "LOTE4": "LOTE 28", "ENDERECO5": "RUA CEL. ALFREDO DUTRA DE SOUZA", "NUMERO6": "512", "BAIRRO_L7": "ESTRADA DA MUCUNÃ", "DISTRITO8": "BATURITÉ", "MUNICIPI9": "BATURITÉ", "CEP10": "62760-000", "REGIAO_D11": "MACIÇO DE BATURITÉ", "SETOR_IB12": "URBANA", "DATA_DE_13": "2023-10-02", "TIPO_DE_14": "CAGECE - COMPANHIA DE ÁGUA E ESGOTO DO ESTADO DO CEARÁ", "DESIGNAC15": "ASSOCIAÇÃO", "LATITUDE16": "-4.345659", "LONGITUD17": "-38.871231", "OBS18": "COORDENADAS APROXIMADAS", "CONTAGEM19": "1" }, "geometry": { "type": "Point", "coordinates": [ -38.871231, -4.345659 ] } },
{ "type": "Feature", "properties": { "ID0": "486", "NOME_USP1": "ASSOCIAÇÃO COMUNITÁRIA DE CAIANA, CAJAZEIRAS E ALTO SANTO", "NOME_UG2": "ORGANIZAÇÃO BARREIRA AMIGOS SOLIDÁRIOS - OBAS", "TIPO3": "FORMAL", "LOTE4": "LOTE 28", "ENDERECO5": "RD. DR. BRUNILO JACÓ", "NUMERO6": "0", "BAIRRO_L7": "CÓRREGO", "DISTRITO8": "BARREIRA", "MUNICIPI9": "BARREIRA", "CEP10": "62795-000", "REGIAO_D11": "MACIÇO DE BATURITÉ", "SETOR_IB12": "RURAL", "DATA_DE_13": "2023-10-18", "TIPO_DE_14": "CAGECE - COMPANHIA DE ÁGUA E ESGOTO DO ESTADO DO CEARÁ", "DESIGNAC15": "ASSOCIAÇÃO", "LATITUDE16": "-4.295324", "LONGITUD17": "-38.598088", "OBS18": "COORDENADAS APROXIMADAS", "CONTAGEM19": "1" }, "geometry": { "type": "Point", "coordinates": [ -38.598088, -4.295324 ] } },
{ "type": "Feature", "properties": { "ID0": "487", "NOME_USP1": "ASSOCIAÇÃO COMUNITARIA DE PIRACICABA", "NOME_UG2": "ORGANIZAÇÃO BARREIRA AMIGOS SOLIDÁRIOS - OBAS", "TIPO3": "FORMAL", "LOTE4": "LOTE 28", "ENDERECO5": "SÍTIO PIRACICABA", "NUMERO6": "0", "BAIRRO_L7": "PIRACICABA", "DISTRITO8": "PALMÁCIA", "MUNICIPI9": "PALMÁCIA", "CEP10": "62780-000", "REGIAO_D11": "MACIÇO DE BATURITÉ", "SETOR_IB12": "RURAL", "DATA_DE_13": "2023-10-04", "TIPO_DE_14": "POÇO", "DESIGNAC15": "ASSOCIAÇÃO", "LATITUDE16": "-4.11383", "LONGITUD17": "-38.793325", "OBS18": "COORDENADAS APROXIMADAS", "CONTAGEM19": "1" }, "geometry": { "type": "Point", "coordinates": [ -38.793325, -4.11383 ] } },
{ "type": "Feature", "properties": { "ID0": "488", "NOME_USP1": "ASSOCIAÇÃO COMUNITÁRIA DE UMARIZEIRO", "NOME_UG2": "ORGANIZAÇÃO BARREIRA AMIGOS SOLIDÁRIOS - OBAS", "TIPO3": "FORMAL", "LOTE4": "LOTE 28", "ENDERECO5": "LOC FAZENDA UMARIZEIRO", "NUMERO6": "0", "BAIRRO_L7": "UMARIZEIRO", "DISTRITO8": "MILTON BELO", "MUNICIPI9": "ARACOIABA", "CEP10": "62750-000", "REGIAO_D11": "MACIÇO DE BATURITÉ", "SETOR_IB12": "RURAL", "DATA_DE_13": "2023-10-02", "TIPO_DE_14": "CARRO PIPA", "DESIGNAC15": "ASSOCIAÇÃO", "LATITUDE16": "-4.568329", "LONGITUD17": "-38.70079", "OBS18": "COORDENADAS APROXIMADAS", "CONTAGEM19": "1" }, "geometry": { "type": "Point", "coordinates": [ -38.70079, -4.568329 ] } },
{ "type": "Feature", "properties": { "ID0": "489", "NOME_USP1": "ASSOCIAÇÃO COMUNITÁRIA DOS MORADORES DA LOCALIDADE DE URUA I", "NOME_UG2": "ORGANIZAÇÃO BARREIRA AMIGOS SOLIDÁRIOS - OBAS", "TIPO3": "FORMAL", "LOTE4": "LOTE 28", "ENDERECO5": "POVOADO URUA", "NUMERO6": "0", "BAIRRO_L7": "URUÁ", "DISTRITO8": "LAGOA DO BARRO", "MUNICIPI9": "BARREIRA", "CEP10": "62795-000", "REGIAO_D11": "MACIÇO DE BATURITÉ", "SETOR_IB12": "RURAL", "DATA_DE_13": "2023-11-06", "TIPO_DE_14": "CHAFARIZ", "DESIGNAC15": "ASSOCIAÇÃO", "LATITUDE16": "-4.337305", "LONGITUD17": "-38.58477", "OBS18": "COORDENADAS APROXIMADAS", "CONTAGEM19": "1" }, "geometry": { "type": "Point", "coordinates": [ -38.58477, -4.337305 ] } },
{ "type": "Feature", "properties": { "ID0": "490", "NOME_USP1": "ASSOCIACAO COMUNITARIA DOS MORADORES DE LAGOA NOVA", "NOME_UG2": "ORGANIZAÇÃO BARREIRA AMIGOS SOLIDÁRIOS - OBAS", "TIPO3": "FORMAL", "LOTE4": "LOTE 28", "ENDERECO5": "PV. SÃO JOSÉ 2", "NUMERO6": "0", "BAIRRO_L7": "LAGOA NOVA DOS FIRMINOS", "DISTRITO8": "SERRAGEM", "MUNICIPI9": "OCARA", "CEP10": "62725-000", "REGIAO_D11": "MACIÇO DE BATURITÉ", "SETOR_IB12": "RURAL", "DATA_DE_13": "2023-09-28", "TIPO_DE_14": "POÇO", "DESIGNAC15": "ASSOCIAÇÃO", "LATITUDE16": "-4.435435", "LONGITUD17": "-38.50172", "OBS18": "COORDENADAS APROXIMADAS", "CONTAGEM19": "1" }, "geometry": { "type": "Point", "coordinates": [ -38.50172, -4.435435 ] } },
{ "type": "Feature", "properties": { "ID0": "491", "NOME_USP1": "ASSOCIACAO COMUNITARIA DO VALE DO CANDEIA", "NOME_UG2": "ORGANIZAÇÃO BARREIRA AMIGOS SOLIDÁRIOS - OBAS", "TIPO3": "FORMAL", "LOTE4": "LOTE 28", "ENDERECO5": "TRAVESSA CAPITÃO PORFIRIO", "NUMERO6": "69", "BAIRRO_L7": "CANDEIA SÃO SEBASTIÃO", "DISTRITO8": "SÃO SEBASTIÃO", "MUNICIPI9": "BATURITÉ", "CEP10": "62760-000", "REGIAO_D11": "MACIÇO DE BATURITÉ", "SETOR_IB12": "URBANA", "DATA_DE_13": "2023-11-13", "TIPO_DE_14": "POÇO", "DESIGNAC15": "ASSOCIAÇÃO", "LATITUDE16": "-4.289266", "LONGITUD17": "-38.826333", "OBS18": "COORDENADAS APROXIMADAS", "CONTAGEM19": "1" }, "geometry": { "type": "Point", "coordinates": [ -38.826333, -4.289266 ] } },
{ "type": "Feature", "properties": { "ID0": "493", "NOME_USP1": "ASSOCIAÇÃO COMUNITÁRIA UNIÃO DOS AGRICULTORES DO SÍTIO JORDÃO", "NOME_UG2": "ORGANIZAÇÃO BARREIRA AMIGOS SOLIDÁRIOS - OBAS", "TIPO3": "FORMAL", "LOTE4": "LOTE 28", "ENDERECO5": "SÍTIO JORDÃO, ZONA RURAL", "NUMERO6": "0", "BAIRRO_L7": "JORDÃO", "DISTRITO8": "BATURITÉ", "MUNICIPI9": "BATURITÉ", "CEP10": "62760-000", "REGIAO_D11": "MACIÇO DE BATURITÉ", "SETOR_IB12": "RURAL", "DATA_DE_13": "2023-11-13", "TIPO_DE_14": "SISAR - SISTEMA INTEGRADO DE SANEAMENTO RURAL", "DESIGNAC15": "ASSOCIAÇÃO", "LATITUDE16": "-4.350797", "LONGITUD17": "-38.913986", "OBS18": "COORDENADAS APROXIMADAS", "CONTAGEM19": "1" }, "geometry": { "type": "Point", "coordinates": [ -38.913986, -4.350797 ] } },
{ "type": "Feature", "properties": { "ID0": "494", "NOME_USP1": "ASSOCIACAO COMUNITARIA UNIDOS VENCEREMOS", "NOME_UG2": "ORGANIZAÇÃO BARREIRA AMIGOS SOLIDÁRIOS - OBAS", "TIPO3": "FORMAL", "LOTE4": "LOTE 28", "ENDERECO5": "RUA JOSÉ INÁCIO BEZERRA", "NUMERO6": "2444", "BAIRRO_L7": "SUSTO", "DISTRITO8": "ANTÔNIO DIOGO", "MUNICIPI9": "REDENÇÃO", "CEP10": "62790-000", "REGIAO_D11": "MACIÇO DE BATURITÉ", "SETOR_IB12": "RURAL", "DATA_DE_13": "2023-09-29", "TIPO_DE_14": "SISAR - SISTEMA INTEGRADO DE SANEAMENTO RURAL", "DESIGNAC15": "ASSOCIAÇÃO", "LATITUDE16": "-4.341151", "LONGITUD17": "-38.711255", "OBS18": "COORDENADAS APROXIMADAS", "CONTAGEM19": "1" }, "geometry": { "type": "Point", "coordinates": [ -38.711255, -4.341151 ] } },
{ "type": "Feature", "properties": { "ID0": "495", "NOME_USP1": "ASSOCIACAO DE ARTE, CULTURA E CIDADANIA DO MACICO DE BATURITE - ACMB", "NOME_UG2": "ORGANIZAÇÃO BARREIRA AMIGOS SOLIDÁRIOS - OBAS", "TIPO3": "FORMAL", "LOTE4": "LOTE 28", "ENDERECO5": "RUA SÃO JOSÉ", "NUMERO6": "1310", "BAIRRO_L7": "CONSELHEIRO ESTELINA", "DISTRITO8": "BATURITÉ", "MUNICIPI9": "BATURITÉ", "CEP10": "62760-000", "REGIAO_D11": "MACIÇO DE BATURITÉ", "SETOR_IB12": "URBANA", "DATA_DE_13": "2023-10-03", "TIPO_DE_14": "CAGECE - COMPANHIA DE ÁGUA E ESGOTO DO ESTADO DO CEARÁ", "DESIGNAC15": "ASSOCIAÇÃO", "LATITUDE16": "-4.328022", "LONGITUD17": "-38.88183", "OBS18": "COORDENADAS APROXIMADAS", "CONTAGEM19": "1" }, "geometry": { "type": "Point", "coordinates": [ -38.88183, -4.328022 ] } },
{ "type": "Feature", "properties": { "ID0": "496", "NOME_USP1": "ASSOCIAÇÃO EVANGÉLICA DE MULUNGU", "NOME_UG2": "ORGANIZAÇÃO BARREIRA AMIGOS SOLIDÁRIOS - OBAS", "TIPO3": "FORMAL", "LOTE4": "LOTE 28", "ENDERECO5": "SANTA INES", "NUMERO6": "542", "BAIRRO_L7": "MULUNGU", "DISTRITO8": "MULUNGU", "MUNICIPI9": "MULUNGU", "CEP10": "62764-000", "REGIAO_D11": "MACIÇO DE BATURITÉ", "SETOR_IB12": "URBANA", "DATA_DE_13": "2023-10-03", "TIPO_DE_14": "CAGECE - COMPANHIA DE ÁGUA E ESGOTO DO ESTADO DO CEARÁ", "DESIGNAC15": "ASSOCIAÇÃO", "LATITUDE16": "-4.302385", "LONGITUD17": "-38.993491", "OBS18": "COORDENADAS APROXIMADAS", "CONTAGEM19": "1" }, "geometry": { "type": "Point", "coordinates": [ -38.993491, -4.302385 ] } },
{ "type": "Feature", "properties": { "ID0": "498", "NOME_USP1": "ASSOCIAÇÃO PALMÁCIA DOS SONHOS", "NOME_UG2": "ORGANIZAÇÃO BARREIRA AMIGOS SOLIDÁRIOS - OBAS", "TIPO3": "FORMAL", "LOTE4": "LOTE 28", "ENDERECO5": "RUA ANASTÁCIO SAMPAIO", "NUMERO6": "19", "BAIRRO_L7": "PALMÁCIA", "DISTRITO8": "PALMÁCIA", "MUNICIPI9": "PALMÁCIA", "CEP10": "62780-000", "REGIAO_D11": "MACIÇO DE BATURITÉ", "SETOR_IB12": "URBANA", "DATA_DE_13": "2023-10-04", "TIPO_DE_14": "CAGECE - COMPANHIA DE ÁGUA E ESGOTO DO ESTADO DO CEARÁ", "DESIGNAC15": "ASSOCIAÇÃO", "LATITUDE16": "-4.147701", "LONGITUD17": "-38.846774", "OBS18": "COORDENADAS APROXIMADAS", "CONTAGEM19": "1" }, "geometry": { "type": "Point", "coordinates": [ -38.846774, -4.147701 ] } },
{ "type": "Feature", "properties": { "ID0": "500", "NOME_USP1": "CENTRO DE APOIO A CRIANÇA - ITAPIÚNA", "NOME_UG2": "ORGANIZAÇÃO BARREIRA AMIGOS SOLIDÁRIOS - OBAS", "TIPO3": "FORMAL", "LOTE4": "LOTE 28", "ENDERECO5": "RUA COSMO SANTOS", "NUMERO6": "93", "BAIRRO_L7": "ITAPIÚNA", "DISTRITO8": "ITAPIÚNA", "MUNICIPI9": "ITAPIÚNA", "CEP10": "62740-000", "REGIAO_D11": "MACIÇO DE BATURITÉ", "SETOR_IB12": "URBANA", "DATA_DE_13": "2023-10-05", "TIPO_DE_14": "CAGECE - COMPANHIA DE ÁGUA E ESGOTO DO ESTADO DO CEARÁ", "DESIGNAC15": "OUTRAS", "LATITUDE16": "-4.57435", "LONGITUD17": "-38.916765", "OBS18": "COORDENADAS APROXIMADAS", "CONTAGEM19": "1" }, "geometry": { "type": "Point", "coordinates": [ -38.916765, -4.57435 ] } },
{ "type": "Feature", "properties": { "ID0": "501", "NOME_USP1": "COMUNIDADE KOLPING CANTA GALO", "NOME_UG2": "ORGANIZAÇÃO BARREIRA AMIGOS SOLIDÁRIOS - OBAS", "TIPO3": "FORMAL", "LOTE4": "LOTE 28", "ENDERECO5": "PV. BARRO VERMELHO", "NUMERO6": "0", "BAIRRO_L7": "CARRO ATOLADO", "DISTRITO8": "ACARAPE", "MUNICIPI9": "ACARAPE", "CEP10": "62785-000", "REGIAO_D11": "MACIÇO DE BATURITÉ", "SETOR_IB12": "RURAL", "DATA_DE_13": "2023-10-02", "TIPO_DE_14": "CAGECE - COMPANHIA DE ÁGUA E ESGOTO DO ESTADO DO CEARÁ", "DESIGNAC15": "OUTRAS", "LATITUDE16": "-4.275677", "LONGITUD17": "-38.683866", "OBS18": "COORDENADAS APROXIMADAS", "CONTAGEM19": "1" }, "geometry": { "type": "Point", "coordinates": [ -38.683866, -4.275677 ] } },
{ "type": "Feature", "properties": { "ID0": "502", "NOME_USP1": "COMUNIDADE KOLPING DA AGRICULTURA FAMILIAR DO TIGIPIO", "NOME_UG2": "ORGANIZAÇÃO BARREIRA AMIGOS SOLIDÁRIOS - OBAS", "TIPO3": "FORMAL", "LOTE4": "LOTE 28", "ENDERECO5": "VILA TIGIPIÓ", "NUMERO6": "0", "BAIRRO_L7": "TIGIPIÓ", "DISTRITO8": "IDEAL", "MUNICIPI9": "ARACOIABA", "CEP10": "62750-000", "REGIAO_D11": "MACIÇO DE BATURITÉ", "SETOR_IB12": "RURAL", "DATA_DE_13": "2023-10-02", "TIPO_DE_14": "SISAR - SISTEMA INTEGRADO DE SANEAMENTO RURAL", "DESIGNAC15": "OUTRAS", "LATITUDE16": "-4.408107", "LONGITUD17": "-38.616204", "OBS18": "COORDENADAS APROXIMADAS", "CONTAGEM19": "1" }, "geometry": { "type": "Point", "coordinates": [ -38.616204, -4.408107 ] } },
{ "type": "Feature", "properties": { "ID0": "503", "NOME_USP1": "COZINHA SOLIDÁRIA DA AGROVILA", "NOME_UG2": "ORGANIZAÇÃO BARREIRA AMIGOS SOLIDÁRIOS - OBAS", "TIPO3": "INFORMAL", "LOTE4": "LOTE 28", "ENDERECO5": "PV AGROVILA", "NUMERO6": "0", "BAIRRO_L7": "AGROVILA", "DISTRITO8": "LAGOA DE SÃO JOÃO", "MUNICIPI9": "ARACOIABA", "CEP10": "62750-000", "REGIAO_D11": "MACIÇO DE BATURITÉ", "SETOR_IB12": "URBANA", "DATA_DE_13": "2023-10-03", "TIPO_DE_14": "CAGECE - COMPANHIA DE ÁGUA E ESGOTO DO ESTADO DO CEARÁ", "DESIGNAC15": "INSTITUTO", "LATITUDE16": "-4.406257", "LONGITUD17": "-38.728971", "OBS18": "COORDENADAS APROXIMADAS", "CONTAGEM19": "1" }, "geometry": { "type": "Point", "coordinates": [ -38.728971, -4.406257 ] } },
{ "type": "Feature", "properties": { "ID0": "505", "NOME_USP1": "INSTITUTO SOCIOEDUCACIONAL DE APOIO E PROTECAO A CRIANCAS E ADOLESCENTES - ISAPCA", "NOME_UG2": "ORGANIZAÇÃO BARREIRA AMIGOS SOLIDÁRIOS - OBAS", "TIPO3": "FORMAL", "LOTE4": "LOTE 28", "ENDERECO5": "PV. CÓRREGO DO FACÓ", "NUMERO6": "0", "BAIRRO_L7": "CORREGO DO FACÓ", "DISTRITO8": "SERENO DE CIMA", "MUNICIPI9": "OCARA", "CEP10": "62755-000", "REGIAO_D11": "MACIÇO DE BATURITÉ", "SETOR_IB12": "RURAL", "DATA_DE_13": "2023-10-03", "TIPO_DE_14": "SISAR - SISTEMA INTEGRADO DE SANEAMENTO RURAL", "DESIGNAC15": "INSTITUTO", "LATITUDE16": "-4.568219", "LONGITUD17": "-38.628906", "OBS18": "COORDENADAS APROXIMADAS", "CONTAGEM19": "1" }, "geometry": { "type": "Point", "coordinates": [ -38.628906, -4.568219 ] } },
{ "type": "Feature", "properties": { "ID0": "507", "NOME_USP1": "ASSOCIAÇÃO MORADORES DO MUSSU", "NOME_UG2": "ORGANIZAÇÃO BARREIRA AMIGOS SOLIDÁRIOS - OBAS", "TIPO3": "FORMAL", "LOTE4": "LOTE 28", "ENDERECO5": "COMUNIDADE MUSSU", "NUMERO6": "0", "BAIRRO_L7": "ARATUBA", "DISTRITO8": "ARATUBA", "MUNICIPI9": "ARATUBA", "CEP10": "62762-000", "REGIAO_D11": "MACIÇO DE BATURITÉ", "SETOR_IB12": "RURAL", "DATA_DE_13": "2023-10-05", "TIPO_DE_14": "CAGECE - COMPANHIA DE ÁGUA E ESGOTO DO ESTADO DO CEARÁ", "DESIGNAC15": "OUTRAS", "LATITUDE16": "-4.424343", "LONGITUD17": "-39.050732", "OBS18": "COORDENADAS APROXIMADAS", "CONTAGEM19": "1" }, "geometry": { "type": "Point", "coordinates": [ -39.050732, -4.424343 ] } },
{ "type": "Feature", "properties": { "ID0": "509", "NOME_USP1": "PAROQUIA DE NOSSA SENHORA DE NAZARE - CAPISTRANO", "NOME_UG2": "ORGANIZAÇÃO BARREIRA AMIGOS SOLIDÁRIOS - OBAS", "TIPO3": "FORMAL", "LOTE4": "LOTE 28", "ENDERECO5": "RUA PRAÇA DA MATRIZ", "NUMERO6": "0", "BAIRRO_L7": "CENTRO", "DISTRITO8": "CAPISTRANO", "MUNICIPI9": "CAPISTRANO", "CEP10": "62748-000", "REGIAO_D11": "MACIÇO DE BATURITÉ", "SETOR_IB12": "URBANA", "DATA_DE_13": "2023-10-05", "TIPO_DE_14": "CISTERNA", "DESIGNAC15": "RELIGIOSA", "LATITUDE16": "-4.467635", "LONGITUD17": "-38.899995", "OBS18": "COORDENADAS APROXIMADAS", "CONTAGEM19": "1" }, "geometry": { "type": "Point", "coordinates": [ -38.899995, -4.467635 ] } },
{ "type": "Feature", "properties": { "ID0": "510", "NOME_USP1": "PAROQUIA NOSSA SENHORA DA CONCEIÇÃO - ITAPIÚNA", "NOME_UG2": "ORGANIZAÇÃO BARREIRA AMIGOS SOLIDÁRIOS - OBAS", "TIPO3": "FORMAL", "LOTE4": "LOTE 28", "ENDERECO5": "RUA FIRMINO JERONIMO", "NUMERO6": "9", "BAIRRO_L7": "ITAPIÚNA", "DISTRITO8": "ITAPIÚNA", "MUNICIPI9": "ITAPIÚNA", "CEP10": "62740-000", "REGIAO_D11": "MACIÇO DE BATURITÉ", "SETOR_IB12": "URBANA", "DATA_DE_13": "2023-10-05", "TIPO_DE_14": "CAGECE - COMPANHIA DE ÁGUA E ESGOTO DO ESTADO DO CEARÁ", "DESIGNAC15": "RELIGIOSA", "LATITUDE16": "-4.564063", "LONGITUD17": "-38.922244", "OBS18": "COORDENADAS APROXIMADAS", "CONTAGEM19": "1" }, "geometry": { "type": "Point", "coordinates": [ -38.922244, -4.564063 ] } },
{ "type": "Feature", "properties": { "ID0": "511", "NOME_USP1": "PAROQUIA NOSSA SENHORA DE LOURDES - ANTONIO DIOGO", "NOME_UG2": "ORGANIZAÇÃO BARREIRA AMIGOS SOLIDÁRIOS - OBAS", "TIPO3": "FORMAL", "LOTE4": "LOTE 28", "ENDERECO5": "PRAÇA MATRIZ", "NUMERO6": "0", "BAIRRO_L7": "ANTÔNIO DIOGO", "DISTRITO8": "REDENÇÃO", "MUNICIPI9": "REDENÇÃO", "CEP10": "62791-000", "REGIAO_D11": "MACIÇO DE BATURITÉ", "SETOR_IB12": "URBANA", "DATA_DE_13": "2023-09-27", "TIPO_DE_14": "CAGECE - COMPANHIA DE ÁGUA E ESGOTO DO ESTADO DO CEARÁ", "DESIGNAC15": "RELIGIOSA", "LATITUDE16": "-4.313878", "LONGITUD17": "-38.743283", "OBS18": "COORDENADAS APROXIMADAS", "CONTAGEM19": "1" }, "geometry": { "type": "Point", "coordinates": [ -38.743283, -4.313878 ] } },
{ "type": "Feature", "properties": { "ID0": "512", "NOME_USP1": "PASTORAL DA CRIANÇA - CARRO ATOLADO", "NOME_UG2": "ORGANIZAÇÃO BARREIRA AMIGOS SOLIDÁRIOS - OBAS", "TIPO3": "FORMAL", "LOTE4": "LOTE 28", "ENDERECO5": "PV. CARRO ATOLADO", "NUMERO6": "0", "BAIRRO_L7": "CARRO ATOLADO", "DISTRITO8": "ACARAPE", "MUNICIPI9": "ACARAPE", "CEP10": "62785-000", "REGIAO_D11": "MACIÇO DE BATURITÉ", "SETOR_IB12": "RURAL", "DATA_DE_13": "2023-10-02", "TIPO_DE_14": "CAGECE - COMPANHIA DE ÁGUA E ESGOTO DO ESTADO DO CEARÁ", "DESIGNAC15": "RELIGIOSA", "LATITUDE16": "-4.274184", "LONGITUD17": "-38.683932", "OBS18": "COORDENADAS APROXIMADAS", "CONTAGEM19": "1" }, "geometry": { "type": "Point", "coordinates": [ -38.683932, -4.274184 ] } },
{ "type": "Feature", "properties": { "ID0": "513", "NOME_USP1": "PROJETO AMOR SOLIDÁRIO", "NOME_UG2": "ORGANIZAÇÃO BARREIRA AMIGOS SOLIDÁRIOS - OBAS", "TIPO3": "INFORMAL", "LOTE4": "LOTE 28", "ENDERECO5": "RUA 03", "NUMERO6": "3", "BAIRRO_L7": "JATOBA 2", "DISTRITO8": "BARREIRA", "MUNICIPI9": "BARREIRA", "CEP10": "62795-000", "REGIAO_D11": "MACIÇO DE BATURITÉ", "SETOR_IB12": "URBANA", "DATA_DE_13": "2023-10-18", "TIPO_DE_14": "CAGECE - COMPANHIA DE ÁGUA E ESGOTO DO ESTADO DO CEARÁ", "DESIGNAC15": "PROJETO", "LATITUDE16": "-4.287254", "LONGITUD17": "-38.655284", "OBS18": "COORDENADAS APROXIMADAS", "CONTAGEM19": "1" }, "geometry": { "type": "Point", "coordinates": [ -38.655284, -4.287254 ] } },
{ "type": "Feature", "properties": { "ID0": "514", "NOME_USP1": "SER SOLIDÁRIO É SACIAR A QUEM TEM FOME - CROATÁ", "NOME_UG2": "ORGANIZAÇÃO BARREIRA AMIGOS SOLIDÁRIOS - OBAS", "TIPO3": "INFORMAL", "LOTE4": "LOTE 28", "ENDERECO5": "POVOADO CROATÁ", "NUMERO6": "0", "BAIRRO_L7": "CROATÁ", "DISTRITO8": "BARREIRA", "MUNICIPI9": "BARREIRA", "CEP10": "62795-000", "REGIAO_D11": "MACIÇO DE BATURITÉ", "SETOR_IB12": "RURAL", "DATA_DE_13": "2023-11-06", "TIPO_DE_14": "CISTERNA", "DESIGNAC15": "OUTRAS", "LATITUDE16": "-4.273876", "LONGITUD17": "-38.648413", "OBS18": "COORDENADAS APROXIMADAS", "CONTAGEM19": "1" }, "geometry": { "type": "Point", "coordinates": [ -38.648413, -4.273876 ] } },
{ "type": "Feature", "properties": { "ID0": "515", "NOME_USP1": "SINDICATO DOS TRABALHADORES RURAIS AGRICULTORES E AGRICULTORAS FAMILIARES DE ARACOIABA/CE", "NOME_UG2": "ORGANIZAÇÃO BARREIRA AMIGOS SOLIDÁRIOS - OBAS", "TIPO3": "FORMAL", "LOTE4": "LOTE 28", "ENDERECO5": "RUA SANTOS DUMONT", "NUMERO6": "303", "BAIRRO_L7": "ARACOIABA", "DISTRITO8": "ARACOIABA", "MUNICIPI9": "ARACOIABA", "CEP10": "62750-000", "REGIAO_D11": "MACIÇO DE BATURITÉ", "SETOR_IB12": "URBANA", "DATA_DE_13": "2023-10-04", "TIPO_DE_14": "CAGECE - COMPANHIA DE ÁGUA E ESGOTO DO ESTADO DO CEARÁ", "DESIGNAC15": "SINDICATO", "LATITUDE16": "-4.37125", "LONGITUD17": "-38.813097", "OBS18": "COORDENADAS APROXIMADAS", "CONTAGEM19": "1" }, "geometry": { "type": "Point", "coordinates": [ -38.813097, -4.37125 ] } },
{ "type": "Feature", "properties": { "ID0": "516", "NOME_USP1": "SINDICATO DOS TRABALHADORES RURAIS AGRICULTORES E AGRICULTORAS FAMILIARES DE REDENCAO CE", "NOME_UG2": "ORGANIZAÇÃO BARREIRA AMIGOS SOLIDÁRIOS - OBAS", "TIPO3": "FORMAL", "LOTE4": "LOTE 28", "ENDERECO5": "SÍTIO OLHO D'ÁGUA", "NUMERO6": "0", "BAIRRO_L7": "REDENÇÃO", "DISTRITO8": "REDENÇÃO", "MUNICIPI9": "REDENÇÃO", "CEP10": "62790-000", "REGIAO_D11": "MACIÇO DE BATURITÉ", "SETOR_IB12": "RURAL", "DATA_DE_13": "2023-10-05", "TIPO_DE_14": "CAGECE - COMPANHIA DE ÁGUA E ESGOTO DO ESTADO DO CEARÁ", "DESIGNAC15": "SINDICATO", "LATITUDE16": "-4.297941", "LONGITUD17": "-38.783729", "OBS18": "COORDENADAS APROXIMADAS", "CONTAGEM19": "1" }, "geometry": { "type": "Point", "coordinates": [ -38.783729, -4.297941 ] } },
{ "type": "Feature", "properties": { "ID0": "517", "NOME_USP1": "ASSOCIAÇÃO INTERNACIONAL DE CARIDADE", "NOME_UG2": "INSTITUTO VEREDAS DA CIDADANIA", "TIPO3": "FORMAL", "LOTE4": "LOTE 29", "ENDERECO5": "AVENIDA ABDORAL TIMBO", "NUMERO6": "534", "BAIRRO_L7": "NOVA ALDEOTA", "DISTRITO8": "IPU", "MUNICIPI9": "IPU", "CEP10": "62250-000", "REGIAO_D11": "SERRA DA IBIAPABA", "SETOR_IB12": "URBANA", "DATA_DE_13": "2023-11-01", "TIPO_DE_14": "SAAE - SERVIÇO AUTÔNOMO DE ÁGUA E ESGOTO", "DESIGNAC15": "ASSOCIAÇÃO", "LATITUDE16": "-4.317516", "LONGITUD17": "-40.711576", "OBS18": "COORDENADAS APROXIMADAS", "CONTAGEM19": "1" }, "geometry": { "type": "Point", "coordinates": [ -40.711576, -4.317516 ] } },
{ "type": "Feature", "properties": { "ID0": "518", "NOME_USP1": "COZINHA ASSOCIAÇÃO COMUNITÁRIA DO BAIRRO SANTA LUZIA", "NOME_UG2": "INSTITUTO VEREDAS DA CIDADANIA", "TIPO3": "FORMAL", "LOTE4": "LOTE 29", "ENDERECO5": "RUA PREFEITO METON SILVANO", "NUMERO6": "0", "BAIRRO_L7": "GUARACIABA DO NORTE", "DISTRITO8": "GUARACIABA DO NORTE", "MUNICIPI9": "GUARACIABA DO NORTE", "CEP10": "62380-000", "REGIAO_D11": "SERRA DA IBIAPABA", "SETOR_IB12": "URBANA", "DATA_DE_13": "2023-10-31", "TIPO_DE_14": "CAGECE - COMPANHIA DE ÁGUA E ESGOTO DO ESTADO DO CEARÁ", "DESIGNAC15": "ASSOCIAÇÃO", "LATITUDE16": "-4.157623", "LONGITUD17": "-40.762409", "OBS18": "COORDENADAS APROXIMADAS", "CONTAGEM19": "1" }, "geometry": { "type": "Point", "coordinates": [ -40.762409, -4.157623 ] } },
{ "type": "Feature", "properties": { "ID0": "519", "NOME_USP1": "COZINHA DE VARZEA DOS ESPINHOS", "NOME_UG2": "INSTITUTO VEREDAS DA CIDADANIA", "TIPO3": "FORMAL", "LOTE4": "LOTE 29", "ENDERECO5": "RUA LUIZ FLORENCIO", "NUMERO6": "0", "BAIRRO_L7": "GUARACIABA DO NORTE", "DISTRITO8": "GUARACIABA DO NORTE", "MUNICIPI9": "GUARACIABA DO NORTE", "CEP10": "62380-000", "REGIAO_D11": "SERRA DA IBIAPABA", "SETOR_IB12": "URBANA", "DATA_DE_13": "2023-10-31", "TIPO_DE_14": "SISAR - SISTEMA INTEGRADO DE SANEAMENTO RURAL", "DESIGNAC15": "ASSOCIAÇÃO", "LATITUDE16": "-4.281493", "LONGITUD17": "-40.839353", "OBS18": "COORDENADAS APROXIMADAS", "CONTAGEM19": "1" }, "geometry": { "type": "Point", "coordinates": [ -40.839353, -4.281493 ] } },
{ "type": "Feature", "properties": { "ID0": "520", "NOME_USP1": "COZINHA LUZ DO MUNDO", "NOME_UG2": "INSTITUTO VEREDAS DA CIDADANIA", "TIPO3": "FORMAL", "LOTE4": "LOTE 29", "ENDERECO5": "RUA SDO", "NUMERO6": "86", "BAIRRO_L7": "NOSSA SENHORA DE LOURDES", "DISTRITO8": "UBAJARA", "MUNICIPI9": "UBAJARA", "CEP10": "62350-000", "REGIAO_D11": "SERRA DA IBIAPABA", "SETOR_IB12": "URBANA", "DATA_DE_13": "2023-10-18", "TIPO_DE_14": "CAGECE - COMPANHIA DE ÁGUA E ESGOTO DO ESTADO DO CEARÁ", "DESIGNAC15": "OUTRAS", "LATITUDE16": "-3.853516", "LONGITUD17": "-40.920429", "OBS18": "COORDENADAS APROXIMADAS", "CONTAGEM19": "1" }, "geometry": { "type": "Point", "coordinates": [ -40.920429, -3.853516 ] } },
{ "type": "Feature", "properties": { "ID0": "522", "NOME_USP1": "COZINHA DA ALDEIA GAMELEIRA", "NOME_UG2": "INSTITUTO VEREDAS DA CIDADANIA", "TIPO3": "FORMAL", "LOTE4": "LOTE 29", "ENDERECO5": "ALDEIA DA GAMILEIRA II", "NUMERO6": "0", "BAIRRO_L7": "SÃO BENEDITO", "DISTRITO8": "SÃO BENEDITO", "MUNICIPI9": "SÃO BENEDITO", "CEP10": "62370-000", "REGIAO_D11": "SERRA DA IBIAPABA", "SETOR_IB12": "RURAL", "DATA_DE_13": "2023-10-30", "TIPO_DE_14": "SISAR - SISTEMA INTEGRADO DE SANEAMENTO RURAL", "DESIGNAC15": "INDÍGENA", "LATITUDE16": "-4.090136", "LONGITUD17": "-40.913701", "OBS18": "COORDENADAS APROXIMADAS", "CONTAGEM19": "1" }, "geometry": { "type": "Point", "coordinates": [ -40.913701, -4.090136 ] } },
{ "type": "Feature", "properties": { "ID0": "523", "NOME_USP1": "COZINHA SOLIDARIA CCJ", "NOME_UG2": "INSTITUTO VEREDAS DA CIDADANIA", "TIPO3": "FORMAL", "LOTE4": "LOTE 29", "ENDERECO5": "RUA JOÃO BENÍCIO FONTENELE", "NUMERO6": "0", "BAIRRO_L7": "CENTRO", "DISTRITO8": "VIÇOSA DO CEARÁ", "MUNICIPI9": "VIÇOSA DO CEARÁ", "CEP10": "62300-000", "REGIAO_D11": "SERRA DA IBIAPABA", "SETOR_IB12": "URBANA", "DATA_DE_13": "2023-10-17", "TIPO_DE_14": "CAGECE - COMPANHIA DE ÁGUA E ESGOTO DO ESTADO DO CEARÁ", "DESIGNAC15": "OUTRAS", "LATITUDE16": "-3.569879", "LONGITUD17": "-41.090348", "OBS18": "COORDENADAS APROXIMADAS", "CONTAGEM19": "1" }, "geometry": { "type": "Point", "coordinates": [ -41.090348, -3.569879 ] } },
{ "type": "Feature", "properties": { "ID0": "524", "NOME_USP1": "COZINHA SOLIDARIA ASSOCIAÇÃO COMUNITÁRIA DO CAPEBA", "NOME_UG2": "INSTITUTO VEREDAS DA CIDADANIA", "TIPO3": "FORMAL", "LOTE4": "LOTE 29", "ENDERECO5": "LOCALIDADE SÍTIO CAPEBA, ZONA RURAL", "NUMERO6": "0", "BAIRRO_L7": "UBAJARA", "DISTRITO8": "UBAJARA", "MUNICIPI9": "UBAJARA", "CEP10": "62350-000", "REGIAO_D11": "SERRA DA IBIAPABA", "SETOR_IB12": "URBANA", "DATA_DE_13": "2025-08-04", "TIPO_DE_14": "CAGECE - COMPANHIA DE ÁGUA E ESGOTO DO ESTADO DO CEARÁ", "DESIGNAC15": "OUTRAS", "LATITUDE16": "-3.84478", "LONGITUD17": "-40.920077", "OBS18": "COORDENADAS APROXIMADAS", "CONTAGEM19": "1" }, "geometry": { "type": "Point", "coordinates": [ -40.920077, -3.84478 ] } },
{ "type": "Feature", "properties": { "ID0": "525", "NOME_USP1": "COZINHA SOLIDARIA PROJETO VIDA", "NOME_UG2": "INSTITUTO VEREDAS DA CIDADANIA", "TIPO3": "FORMAL", "LOTE4": "LOTE 29", "ENDERECO5": "SDO- RUA ANTONIO DE BARROS", "NUMERO6": "0", "BAIRRO_L7": "SEBASTIAO GOMES PARENTE", "DISTRITO8": "UBAJARA", "MUNICIPI9": "UBAJARA", "CEP10": "62350-000", "REGIAO_D11": "SERRA DA IBIAPABA", "SETOR_IB12": "URBANA", "DATA_DE_13": "2023-10-18", "TIPO_DE_14": "CAGECE - COMPANHIA DE ÁGUA E ESGOTO DO ESTADO DO CEARÁ", "DESIGNAC15": "OUTRAS", "LATITUDE16": "-3.853211", "LONGITUD17": "-40.919593", "OBS18": "COORDENADAS APROXIMADAS", "CONTAGEM19": "1" }, "geometry": { "type": "Point", "coordinates": [ -40.919593, -3.853211 ] } },
{ "type": "Feature", "properties": { "ID0": "526", "NOME_USP1": "COZINHA SOLIDÁRIA ESPAÇO DOM JAVIER", "NOME_UG2": "INSTITUTO VEREDAS DA CIDADANIA", "TIPO3": "FORMAL", "LOTE4": "LOTE 29", "ENDERECO5": "RUA FRANCISCA FELIPE DA COSTA", "NUMERO6": "0", "BAIRRO_L7": "SANTO ANTÔNIO", "DISTRITO8": "TIANGUÁ", "MUNICIPI9": "TIANGUÁ", "CEP10": "62324-410", "REGIAO_D11": "SERRA DA IBIAPABA", "SETOR_IB12": "URBANA", "DATA_DE_13": "2023-10-16", "TIPO_DE_14": "CAGECE - COMPANHIA DE ÁGUA E ESGOTO DO ESTADO DO CEARÁ", "DESIGNAC15": "OUTRAS", "LATITUDE16": "-3.722081", "LONGITUD17": "-41.010577", "OBS18": "COORDENADAS APROXIMADAS", "CONTAGEM19": "1" }, "geometry": { "type": "Point", "coordinates": [ -41.010577, -3.722081 ] } },
{ "type": "Feature", "properties": { "ID0": "528", "NOME_USP1": "COZINHA SOLIDARIA MÃE RAINHA -PEDRINHAS", "NOME_UG2": "INSTITUTO VEREDAS DA CIDADANIA", "TIPO3": "FORMAL", "LOTE4": "LOTE 29", "ENDERECO5": "RUA DOR JOSÉ AVELINO PORTELA", "NUMERO6": "0", "BAIRRO_L7": "CENTRO", "DISTRITO8": "IBIAPINA", "MUNICIPI9": "IBIAPINA", "CEP10": "62360-000", "REGIAO_D11": "SERRA DA IBIAPABA", "SETOR_IB12": "URBANA", "DATA_DE_13": "2023-10-30", "TIPO_DE_14": "CAGECE - COMPANHIA DE ÁGUA E ESGOTO DO ESTADO DO CEARÁ", "DESIGNAC15": "OUTRAS", "LATITUDE16": "-3.928242", "LONGITUD17": "-40.883615", "OBS18": "COORDENADAS APROXIMADAS", "CONTAGEM19": "1" }, "geometry": { "type": "Point", "coordinates": [ -40.883615, -3.928242 ] } },
{ "type": "Feature", "properties": { "ID0": "529", "NOME_USP1": "COZINHA SOLIDÁRIA DE MATÃO", "NOME_UG2": "INSTITUTO VEREDAS DA CIDADANIA", "TIPO3": "FORMAL", "LOTE4": "LOTE 29", "ENDERECO5": "SÍTIO MATÃO", "NUMERO6": "0", "BAIRRO_L7": "JUÁ DOS VIEIRAS", "DISTRITO8": "JUÁ DOS VIEIRAS", "MUNICIPI9": "VIÇOSA DO CEARÁ", "CEP10": "62300-000", "REGIAO_D11": "SERRA DA IBIAPABA", "SETOR_IB12": "RURAL", "DATA_DE_13": "2023-10-17", "TIPO_DE_14": "POÇO", "DESIGNAC15": "OUTRAS", "LATITUDE16": "-3.483672", "LONGITUD17": "-41.193798", "OBS18": "COORDENADAS APROXIMADAS", "CONTAGEM19": "1" }, "geometry": { "type": "Point", "coordinates": [ -41.193798, -3.483672 ] } },
{ "type": "Feature", "properties": { "ID0": "531", "NOME_USP1": "COZINHA SOLIDARIA PAROQUIA NOSSA SENHORA AUXILIADORA - CARNAUBAL", "NOME_UG2": "INSTITUTO VEREDAS DA CIDADANIA", "TIPO3": "FORMAL", "LOTE4": "LOTE 29", "ENDERECO5": "AVENIDA PAULO SARASATE", "NUMERO6": "200", "BAIRRO_L7": "CARNAUBAL", "DISTRITO8": "CARNAUBAL", "MUNICIPI9": "CARNAUBAL", "CEP10": "62375-000", "REGIAO_D11": "SERRA DA IBIAPABA", "SETOR_IB12": "URBANA", "DATA_DE_13": "2023-10-30", "TIPO_DE_14": "CAGECE - COMPANHIA DE ÁGUA E ESGOTO DO ESTADO DO CEARÁ", "DESIGNAC15": "OUTRAS", "LATITUDE16": "-4.163499", "LONGITUD17": "-40.94181", "OBS18": "COORDENADAS APROXIMADAS", "CONTAGEM19": "1" }, "geometry": { "type": "Point", "coordinates": [ -40.94181, -4.163499 ] } },
{ "type": "Feature", "properties": { "ID0": "532", "NOME_USP1": "COZINHA SOLIDÁRIA GALERIA DA ESPERANÇA", "NOME_UG2": "INSTITUTO VEREDAS DA CIDADANIA", "TIPO3": "FORMAL", "LOTE4": "LOTE 29", "ENDERECO5": "RUA CAPITÃO CAPEBA", "NUMERO6": "857", "BAIRRO_L7": "SÃO BENEDITO", "DISTRITO8": "SÃO BENEDITO", "MUNICIPI9": "SÃO BENEDITO", "CEP10": "62370-000", "REGIAO_D11": "SERRA DA IBIAPABA", "SETOR_IB12": "URBANA", "DATA_DE_13": "2023-10-30", "TIPO_DE_14": "CAGECE - COMPANHIA DE ÁGUA E ESGOTO DO ESTADO DO CEARÁ", "DESIGNAC15": "RELIGIOSA", "LATITUDE16": "-4.042637", "LONGITUD17": "-40.866342", "OBS18": "COORDENADAS APROXIMADAS", "CONTAGEM19": "1" }, "geometry": { "type": "Point", "coordinates": [ -40.866342, -4.042637 ] } },
{ "type": "Feature", "properties": { "ID0": "534", "NOME_USP1": "COZINHA SOLIDÁRIA QUATIGUABA", "NOME_UG2": "INSTITUTO VEREDAS DA CIDADANIA", "TIPO3": "FORMAL", "LOTE4": "LOTE 29", "ENDERECO5": "RUA JOÃO CARNEIRO", "NUMERO6": "90", "BAIRRO_L7": "QUATIGUABA", "DISTRITO8": "VIÇOSA DO CEARÁ", "MUNICIPI9": "VIÇOSA DO CEARÁ", "CEP10": "62300-000", "REGIAO_D11": "SERRA DA IBIAPABA", "SETOR_IB12": "URBANA", "DATA_DE_13": "2023-10-17", "TIPO_DE_14": "CAGECE - COMPANHIA DE ÁGUA E ESGOTO DO ESTADO DO CEARÁ", "DESIGNAC15": "OUTRAS", "LATITUDE16": "-3.674903", "LONGITUD17": "-41.067663", "OBS18": "COORDENADAS APROXIMADAS", "CONTAGEM19": "1" }, "geometry": { "type": "Point", "coordinates": [ -41.067663, -3.674903 ] } },
{ "type": "Feature", "properties": { "ID0": "535", "NOME_USP1": "COZINHA DE SANTO ANTÔNIO", "NOME_UG2": "INSTITUTO VEREDAS DA CIDADANIA", "TIPO3": "FORMAL", "LOTE4": "LOTE 29", "ENDERECO5": "RUA SANTO ANTONIO", "NUMERO6": "626", "BAIRRO_L7": "CENTRO", "DISTRITO8": "TIANGUÁ", "MUNICIPI9": "TIANGUÁ", "CEP10": "62322-010", "REGIAO_D11": "SERRA DA IBIAPABA", "SETOR_IB12": "URBANA", "DATA_DE_13": "2023-10-16", "TIPO_DE_14": "CAGECE - COMPANHIA DE ÁGUA E ESGOTO DO ESTADO DO CEARÁ", "DESIGNAC15": "OUTRAS", "LATITUDE16": "-3.729451", "LONGITUD17": "-41.004583", "OBS18": "COORDENADAS APROXIMADAS", "CONTAGEM19": "1" }, "geometry": { "type": "Point", "coordinates": [ -41.004583, -3.729451 ] } },
{ "type": "Feature", "properties": { "ID0": "536", "NOME_USP1": "COZINHA SOLIDARIA SÃO FRANCISCO", "NOME_UG2": "INSTITUTO VEREDAS DA CIDADANIA", "TIPO3": "FORMAL", "LOTE4": "LOTE 29", "ENDERECO5": "SÍTIO CROATÁ", "NUMERO6": "0", "BAIRRO_L7": "CROATÁ", "DISTRITO8": "VIÇOSA DO CEARÁ", "MUNICIPI9": "VIÇOSA DO CEARÁ", "CEP10": "62300-000", "REGIAO_D11": "SERRA DA IBIAPABA", "SETOR_IB12": "RURAL", "DATA_DE_13": "2023-10-17", "TIPO_DE_14": "SISAR - SISTEMA INTEGRADO DE SANEAMENTO RURAL", "DESIGNAC15": "OUTRAS", "LATITUDE16": "-3.568955", "LONGITUD17": "-41.107132", "OBS18": "COORDENADAS APROXIMADAS", "CONTAGEM19": "1" }, "geometry": { "type": "Point", "coordinates": [ -41.107132, -3.568955 ] } },
{ "type": "Feature", "properties": { "ID0": "537", "NOME_USP1": "COZINHA SOLIDARIA SÃO JOÃO", "NOME_UG2": "INSTITUTO VEREDAS DA CIDADANIA", "TIPO3": "FORMAL", "LOTE4": "LOTE 29", "ENDERECO5": "AVENIDA AVELINO MACGADO PORTELA", "NUMERO6": "0", "BAIRRO_L7": "IBIAPINA", "DISTRITO8": "IBIAPINA", "MUNICIPI9": "IBIAPINA", "CEP10": "62360-000", "REGIAO_D11": "SERRA DA IBIAPABA", "SETOR_IB12": "URBANA", "DATA_DE_13": "2023-10-30", "TIPO_DE_14": "CAGECE - COMPANHIA DE ÁGUA E ESGOTO DO ESTADO DO CEARÁ", "DESIGNAC15": "OUTRAS", "LATITUDE16": "-3.936413", "LONGITUD17": "-40.891625", "OBS18": "COORDENADAS APROXIMADAS", "CONTAGEM19": "1" }, "geometry": { "type": "Point", "coordinates": [ -40.891625, -3.936413 ] } },
{ "type": "Feature", "properties": { "ID0": "538", "NOME_USP1": "COZINHA SOLIDARIA SÃO JOÃO PAULO I I", "NOME_UG2": "INSTITUTO VEREDAS DA CIDADANIA", "TIPO3": "FORMAL", "LOTE4": "LOTE 29", "ENDERECO5": "RUA ANTONIO MIGUEL", "NUMERO6": "0", "BAIRRO_L7": "CENTRO", "DISTRITO8": "SÃO BENEDITO", "MUNICIPI9": "SÃO BENEDITO", "CEP10": "62370-000", "REGIAO_D11": "SERRA DA IBIAPABA", "SETOR_IB12": "URBANA", "DATA_DE_13": "2023-11-06", "TIPO_DE_14": "CAGECE - COMPANHIA DE ÁGUA E ESGOTO DO ESTADO DO CEARÁ", "DESIGNAC15": "OUTRAS", "LATITUDE16": "-4.045544", "LONGITUD17": "-40.863405", "OBS18": "COORDENADAS APROXIMADAS", "CONTAGEM19": "1" }, "geometry": { "type": "Point", "coordinates": [ -40.863405, -4.045544 ] } },
{ "type": "Feature", "properties": { "ID0": "539", "NOME_USP1": "COZINHA FAMER", "NOME_UG2": "INSTITUTO VEREDAS DA CIDADANIA", "TIPO3": "FORMAL", "LOTE4": "LOTE 29", "ENDERECO5": "RUA PAULO MARQUES", "NUMERO6": "0", "BAIRRO_L7": "CENTRO", "DISTRITO8": "SÃO BENEDITO", "MUNICIPI9": "SÃO BENEDITO", "CEP10": "62370-000", "REGIAO_D11": "SERRA DA IBIAPABA", "SETOR_IB12": "URBANA", "DATA_DE_13": "2023-10-30", "TIPO_DE_14": "INFORMAÇÃO NÃO COLETADA", "DESIGNAC15": "SINDICATO", "LATITUDE16": "-4.048305", "LONGITUD17": "-40.866853", "OBS18": "COORDENADAS APROXIMADAS", "CONTAGEM19": "1" }, "geometry": { "type": "Point", "coordinates": [ -40.866853, -4.048305 ] } },
{ "type": "Feature", "properties": { "ID0": "540", "NOME_USP1": "COZINHA SOLIDARIA TERRA PROMETIDA", "NOME_UG2": "INSTITUTO VEREDAS DA CIDADANIA", "TIPO3": "INFORMAL", "LOTE4": "LOTE 29", "ENDERECO5": "RUA PROJETADA I", "NUMERO6": "1", "BAIRRO_L7": "TERRA PROMETIDA", "DISTRITO8": "TIANGUÁ", "MUNICIPI9": "TIANGUÁ", "CEP10": "62320-000", "REGIAO_D11": "SERRA DA IBIAPABA", "SETOR_IB12": "URBANA", "DATA_DE_13": "2023-10-16", "TIPO_DE_14": "CAGECE - COMPANHIA DE ÁGUA E ESGOTO DO ESTADO DO CEARÁ", "DESIGNAC15": "OUTRAS", "LATITUDE16": "-3.717363", "LONGITUD17": "-40.980928", "OBS18": "COORDENADAS APROXIMADAS", "CONTAGEM19": "1" }, "geometry": { "type": "Point", "coordinates": [ -40.980928, -3.717363 ] } },
{ "type": "Feature", "properties": { "ID0": "541", "NOME_USP1": "COZINHA SOLIDÁRIA TIANGUAZINHO", "NOME_UG2": "INSTITUTO VEREDAS DA CIDADANIA", "TIPO3": "FORMAL", "LOTE4": "LOTE 29", "ENDERECO5": "ÁREA RURAL", "NUMERO6": "0", "BAIRRO_L7": "ÁREA RURAL DE TIANGUÁ", "DISTRITO8": "TIANGUÁ", "MUNICIPI9": "TIANGUÁ", "CEP10": "62329-899", "REGIAO_D11": "SERRA DA IBIAPABA", "SETOR_IB12": "RURAL", "DATA_DE_13": "2023-10-16", "TIPO_DE_14": "CAGECE - COMPANHIA DE ÁGUA E ESGOTO DO ESTADO DO CEARÁ", "DESIGNAC15": "OUTRAS", "LATITUDE16": "-3.726272", "LONGITUD17": "-40.980261", "OBS18": "COORDENADAS APROXIMADAS", "CONTAGEM19": "1" }, "geometry": { "type": "Point", "coordinates": [ -40.980261, -3.726272 ] } },
{ "type": "Feature", "properties": { "ID0": "542", "NOME_USP1": "COZINHA TURMA DO SOPÃO- SIRIÁ", "NOME_UG2": "INSTITUTO VEREDAS DA CIDADANIA", "TIPO3": "INFORMAL", "LOTE4": "LOTE 29", "ENDERECO5": "RUA FRANCISCA FELIPE DA COSTA", "NUMERO6": "0", "BAIRRO_L7": "TIANGUÁ", "DISTRITO8": "TIANGUÁ", "MUNICIPI9": "TIANGUÁ", "CEP10": "62320-000", "REGIAO_D11": "SERRA DA IBIAPABA", "SETOR_IB12": "URBANA", "DATA_DE_13": "2023-10-16", "TIPO_DE_14": "CAGECE - COMPANHIA DE ÁGUA E ESGOTO DO ESTADO DO CEARÁ", "DESIGNAC15": "OUTRAS", "LATITUDE16": "-3.722386", "LONGITUD17": "-41.010751", "OBS18": "COORDENADAS APROXIMADAS", "CONTAGEM19": "1" }, "geometry": { "type": "Point", "coordinates": [ -41.010751, -3.722386 ] } },
{ "type": "Feature", "properties": { "ID0": "543", "NOME_USP1": "COZINHA SOLIDARIA VARZEA DO GILO", "NOME_UG2": "INSTITUTO VEREDAS DA CIDADANIA", "TIPO3": "INFORMAL", "LOTE4": "LOTE 29", "ENDERECO5": "VÁRZEA DO GILÓ", "NUMERO6": "0", "BAIRRO_L7": "IPU", "DISTRITO8": "IPU", "MUNICIPI9": "IPU", "CEP10": "62250-000", "REGIAO_D11": "SERRA DA IBIAPABA", "SETOR_IB12": "RURAL", "DATA_DE_13": "2023-11-01", "TIPO_DE_14": "POÇO", "DESIGNAC15": "OUTRAS", "LATITUDE16": "-4.335252", "LONGITUD17": "-40.740786", "OBS18": "COORDENADAS APROXIMADAS", "CONTAGEM19": "1" }, "geometry": { "type": "Point", "coordinates": [ -40.740786, -4.335252 ] } },
{ "type": "Feature", "properties": { "ID0": "544", "NOME_USP1": "COZ. SOLID SINDICATO DOS TRABALHADORES RURAIS DE CARNAUBAL", "NOME_UG2": "INSTITUTO VEREDAS DA CIDADANIA", "TIPO3": "FORMAL", "LOTE4": "LOTE 29", "ENDERECO5": "RUA DEPUTADO VICENTE RIBEIRO", "NUMERO6": "693", "BAIRRO_L7": "CENTRO", "DISTRITO8": "CARNAUBAL", "MUNICIPI9": "CARNAUBAL", "CEP10": "62375-000", "REGIAO_D11": "SERRA DA IBIAPABA", "SETOR_IB12": "URBANA", "DATA_DE_13": "2023-10-30", "TIPO_DE_14": "CAGECE - COMPANHIA DE ÁGUA E ESGOTO DO ESTADO DO CEARÁ", "DESIGNAC15": "SINDICATO", "LATITUDE16": "-4.166101", "LONGITUD17": "-40.938111", "OBS18": "COORDENADAS APROXIMADAS", "CONTAGEM19": "1" }, "geometry": { "type": "Point", "coordinates": [ -40.938111, -4.166101 ] } },
{ "type": "Feature", "properties": { "ID0": "545", "NOME_USP1": "COZINHA ESCOLA FAMILIA AGRICOLA CHICO ANTONIO BIÉ-EFA", "NOME_UG2": "INSTITUTO VEREDAS DA CIDADANIA", "TIPO3": "FORMAL", "LOTE4": "LOTE 29", "ENDERECO5": "BOM JESUS", "NUMERO6": "0", "BAIRRO_L7": "CENTRO", "DISTRITO8": "TIANGUÁ", "MUNICIPI9": "TIANGUÁ", "CEP10": "62320-001", "REGIAO_D11": "SERRA DA IBIAPABA", "SETOR_IB12": "RURAL", "DATA_DE_13": "2023-11-06", "TIPO_DE_14": "POÇO", "DESIGNAC15": "OUTRAS", "LATITUDE16": "-3.72939", "LONGITUD17": "-41.041688", "OBS18": "COORDENADAS APROXIMADAS", "CONTAGEM19": "1" }, "geometry": { "type": "Point", "coordinates": [ -41.041688, -3.72939 ] } },
{ "type": "Feature", "properties": { "ID0": "546", "NOME_USP1": "COZINHA SANTA TEREZA-MILITÃO", "NOME_UG2": "INSTITUTO VEREDAS DA CIDADANIA", "TIPO3": "INFORMAL", "LOTE4": "LOTE 29", "ENDERECO5": "MILITÃO FELINTO DE MELO", "NUMERO6": "116", "BAIRRO_L7": "SANTA TEREZA", "DISTRITO8": "CROATÁ", "MUNICIPI9": "CROATÁ", "CEP10": "62390-000", "REGIAO_D11": "SERRA DA IBIAPABA", "SETOR_IB12": "URBANA", "DATA_DE_13": "2023-10-31", "TIPO_DE_14": "SISAR - SISTEMA INTEGRADO DE SANEAMENTO RURAL", "DESIGNAC15": "OUTRAS", "LATITUDE16": "-4.416337", "LONGITUD17": "-40.906926", "OBS18": "COORDENADAS APROXIMADAS", "CONTAGEM19": "1" }, "geometry": { "type": "Point", "coordinates": [ -40.906926, -4.416337 ] } },
{ "type": "Feature", "properties": { "ID0": "547", "NOME_USP1": "PAROQUIA DE SÃO SEBASTIÃO DE IPU", "NOME_UG2": "INSTITUTO VEREDAS DA CIDADANIA", "TIPO3": "FORMAL", "LOTE4": "LOTE 29", "ENDERECO5": "RUA PADRE MACARIO", "NUMERO6": "0", "BAIRRO_L7": "MINA", "DISTRITO8": "IPU", "MUNICIPI9": "IPU", "CEP10": "62250-000", "REGIAO_D11": "SERRA DA IBIAPABA", "SETOR_IB12": "URBANA", "DATA_DE_13": "2023-11-01", "TIPO_DE_14": "SAAE - SERVIÇO AUTÔNOMO DE ÁGUA E ESGOTO", "DESIGNAC15": "RELIGIOSA", "LATITUDE16": "-4.332362", "LONGITUD17": "-40.719567", "OBS18": "COORDENADAS APROXIMADAS", "CONTAGEM19": "1" }, "geometry": { "type": "Point", "coordinates": [ -40.719567, -4.332362 ] } },
{ "type": "Feature", "properties": { "ID0": "548", "NOME_USP1": "COZINHA IMACULADA CONCEIÇÃO INHUÇU", "NOME_UG2": "INSTITUTO VEREDAS DA CIDADANIA", "TIPO3": "FORMAL", "LOTE4": "LOTE 29", "ENDERECO5": "RUA 8 DE DEZEMBRO", "NUMERO6": "110", "BAIRRO_L7": "INHUÇU", "DISTRITO8": "SÃO BENEDITO", "MUNICIPI9": "SÃO BENEDITO", "CEP10": "62373-000", "REGIAO_D11": "SERRA DA IBIAPABA", "SETOR_IB12": "URBANA", "DATA_DE_13": "2023-11-01", "TIPO_DE_14": "CAGECE - COMPANHIA DE ÁGUA E ESGOTO DO ESTADO DO CEARÁ", "DESIGNAC15": "RELIGIOSA", "LATITUDE16": "-4.113814", "LONGITUD17": "-40.866201", "OBS18": "COORDENADAS APROXIMADAS", "CONTAGEM19": "1" }, "geometry": { "type": "Point", "coordinates": [ -40.866201, -4.113814 ] } },
{ "type": "Feature", "properties": { "ID0": "549", "NOME_USP1": "COZINHA PAROQUIA NOSSA SENHORA DAS DORES", "NOME_UG2": "INSTITUTO VEREDAS DA CIDADANIA", "TIPO3": "FORMAL", "LOTE4": "LOTE 29", "ENDERECO5": "RUA LUIZ DE PINHO", "NUMERO6": "460", "BAIRRO_L7": "CENTRO", "DISTRITO8": "CROATÁ", "MUNICIPI9": "CROATÁ", "CEP10": "62390-000", "REGIAO_D11": "SERRA DA IBIAPABA", "SETOR_IB12": "URBANA", "DATA_DE_13": "2023-10-31", "TIPO_DE_14": "CAGECE - COMPANHIA DE ÁGUA E ESGOTO DO ESTADO DO CEARÁ", "DESIGNAC15": "RELIGIOSA", "LATITUDE16": "-4.415831", "LONGITUD17": "-40.909726", "OBS18": "COORDENADAS APROXIMADAS", "CONTAGEM19": "1" }, "geometry": { "type": "Point", "coordinates": [ -40.909726, -4.415831 ] } },
{ "type": "Feature", "properties": { "ID0": "550", "NOME_USP1": "PAROQUIA NOSSA SENHORA DOS PRAZERES", "NOME_UG2": "INSTITUTO VEREDAS DA CIDADANIA", "TIPO3": "FORMAL", "LOTE4": "LOTE 29", "ENDERECO5": "RUA CEL CLINIO MEMORIA", "NUMERO6": "281", "BAIRRO_L7": "CENTRO", "DISTRITO8": "GUARACIABA DO NORTE", "MUNICIPI9": "GUARACIABA DO NORTE", "CEP10": "62380-000", "REGIAO_D11": "SERRA DA IBIAPABA", "SETOR_IB12": "URBANA", "DATA_DE_13": "2023-10-31", "TIPO_DE_14": "CAGECE - COMPANHIA DE ÁGUA E ESGOTO DO ESTADO DO CEARÁ", "DESIGNAC15": "RELIGIOSA", "LATITUDE16": "-4.166072", "LONGITUD17": "-40.749152", "OBS18": "COORDENADAS APROXIMADAS", "CONTAGEM19": "1" }, "geometry": { "type": "Point", "coordinates": [ -40.749152, -4.166072 ] } },
{ "type": "Feature", "properties": { "ID0": "551", "NOME_USP1": "COZINHA SANTA LUZIA-OITICICAS", "NOME_UG2": "INSTITUTO VEREDAS DA CIDADANIA", "TIPO3": "FORMAL", "LOTE4": "LOTE 29", "ENDERECO5": "RUA DA ESPERANÇA", "NUMERO6": "0", "BAIRRO_L7": "ZONA RURAL OITICÍCAS", "DISTRITO8": "VIÇOSA DO CEARÁ", "MUNICIPI9": "VIÇOSA DO CEARÁ", "CEP10": "62300-000", "REGIAO_D11": "SERRA DA IBIAPABA", "SETOR_IB12": "URBANA", "DATA_DE_13": "2023-10-17", "TIPO_DE_14": "INFORMAÇÃO NÃO COLETADA", "DESIGNAC15": "RELIGIOSA", "LATITUDE16": "-3.601227", "LONGITUD17": "-41.032675", "OBS18": "COORDENADAS APROXIMADAS", "CONTAGEM19": "1" }, "geometry": { "type": "Point", "coordinates": [ -41.032675, -3.601227 ] } },
{ "type": "Feature", "properties": { "ID0": "552", "NOME_USP1": "COZINHA SEMEAR AÇÃO", "NOME_UG2": "INSTITUTO VEREDAS DA CIDADANIA", "TIPO3": "FORMAL", "LOTE4": "LOTE 29", "ENDERECO5": "RUA DOM BOSCO", "NUMERO6": "2", "BAIRRO_L7": "PEREIROS", "DISTRITO8": "IPU", "MUNICIPI9": "IPU", "CEP10": "62250-000", "REGIAO_D11": "SERRA DA IBIAPABA", "SETOR_IB12": "URBANA", "DATA_DE_13": "2023-11-01", "TIPO_DE_14": "SAAE - SERVIÇO AUTÔNOMO DE ÁGUA E ESGOTO", "DESIGNAC15": "OUTRAS", "LATITUDE16": "-4.311195", "LONGITUD17": "-40.700471", "OBS18": "COORDENADAS APROXIMADAS", "CONTAGEM19": "1" }, "geometry": { "type": "Point", "coordinates": [ -40.700471, -4.311195 ] } },
{ "type": "Feature", "properties": { "ID0": "553", "NOME_USP1": "ASSOCIAÇÃO COMUNITARIA MANDACARÚ", "NOME_UG2": "CENTRO SOCIAL DOS MORADORES DO PARQUE SÃO JOSÉ", "TIPO3": "INFORMAL", "LOTE4": "LOTE 30", "ENDERECO5": "FAZENDA PIEMONTE", "NUMERO6": "0", "BAIRRO_L7": "CHORÓ", "DISTRITO8": "CHORÓ", "MUNICIPI9": "CHORÓ", "CEP10": "63950-000", "REGIAO_D11": "SERTÃO CENTRAL", "SETOR_IB12": "RURAL", "DATA_DE_13": "2023-10-30", "TIPO_DE_14": "AÇUDE + CISTERNA + CARRO PIPA", "DESIGNAC15": "ASSOCIAÇÃO", "LATITUDE16": "-4.695402", "LONGITUD17": "-39.128049", "OBS18": "COORDENADAS APROXIMADAS", "CONTAGEM19": "1" }, "geometry": { "type": "Point", "coordinates": [ -39.128049, -4.695402 ] } },
{ "type": "Feature", "properties": { "ID0": "554", "NOME_USP1": "ASSOCIAÇÃO DE MÃES IRMÃ GALBERTA", "NOME_UG2": "CENTRO SOCIAL DOS MORADORES DO PARQUE SÃO JOSÉ", "TIPO3": "INFORMAL", "LOTE4": "LOTE 30", "ENDERECO5": "RUA ANTÔNIO AUGUSTO LIMA, 15", "NUMERO6": "0", "BAIRRO_L7": "DOM MAURÍCIO", "DISTRITO8": "QUIXADÁ", "MUNICIPI9": "QUIXADÁ", "CEP10": "63935-974", "REGIAO_D11": "SERTÃO CENTRAL", "SETOR_IB12": "URBANA", "DATA_DE_13": "2023-10-30", "TIPO_DE_14": "CISTERNA", "DESIGNAC15": "ASSOCIAÇÃO", "LATITUDE16": "-4.915633", "LONGITUD17": "-39.148928", "OBS18": "COORDENADAS APROXIMADAS", "CONTAGEM19": "1" }, "geometry": { "type": "Point", "coordinates": [ -39.148928, -4.915633 ] } },
{ "type": "Feature", "properties": { "ID0": "555", "NOME_USP1": "ASSOCIAÇÃO SÃO PEDRO", "NOME_UG2": "CENTRO SOCIAL DOS MORADORES DO PARQUE SÃO JOSÉ", "TIPO3": "INFORMAL", "LOTE4": "LOTE 30", "ENDERECO5": "SABONETE", "NUMERO6": "0", "BAIRRO_L7": "SABONETE", "DISTRITO8": "CUSTÓDIO", "MUNICIPI9": "QUIXADÁ", "CEP10": "63915-000", "REGIAO_D11": "SERTÃO CENTRAL", "SETOR_IB12": "RURAL", "DATA_DE_13": "2023-10-30", "TIPO_DE_14": "POÇO", "DESIGNAC15": "ASSOCIAÇÃO", "LATITUDE16": "-4.974405", "LONGITUD17": "-39.082115", "OBS18": "COORDENADAS APROXIMADAS", "CONTAGEM19": "1" }, "geometry": { "type": "Point", "coordinates": [ -39.082115, -4.974405 ] } },
{ "type": "Feature", "properties": { "ID0": "556", "NOME_USP1": "COZINHA DE TODOS", "NOME_UG2": "CENTRO SOCIAL DOS MORADORES DO PARQUE SÃO JOSÉ", "TIPO3": "INFORMAL", "LOTE4": "LOTE 30", "ENDERECO5": "RUA JOÃO DUARTE", "NUMERO6": "0", "BAIRRO_L7": "IBICUITINGA", "DISTRITO8": "IBICUITINGA", "MUNICIPI9": "IBICUITINGA", "CEP10": "62955-000", "REGIAO_D11": "SERTÃO CENTRAL", "SETOR_IB12": "URBANA", "DATA_DE_13": "2023-10-18", "TIPO_DE_14": "CAGECE - COMPANHIA DE ÁGUA E ESGOTO DO ESTADO DO CEARÁ", "DESIGNAC15": "OUTRAS", "LATITUDE16": "-4.976303", "LONGITUD17": "-38.636564", "OBS18": "COORDENADAS APROXIMADAS", "CONTAGEM19": "1" }, "geometry": { "type": "Point", "coordinates": [ -38.636564, -4.976303 ] } },
{ "type": "Feature", "properties": { "ID0": "557", "NOME_USP1": "COZINHA DONA MOCINHA", "NOME_UG2": "CENTRO SOCIAL DOS MORADORES DO PARQUE SÃO JOSÉ", "TIPO3": "INFORMAL", "LOTE4": "LOTE 30", "ENDERECO5": "RUA ALTO ALEGRE", "NUMERO6": "0", "BAIRRO_L7": "ALTO ALEGRE", "DISTRITO8": "BANABUIÚ", "MUNICIPI9": "BANABUIÚ", "CEP10": "63600-000", "REGIAO_D11": "SERTÃO CENTRAL", "SETOR_IB12": "URBANA", "DATA_DE_13": "2023-10-30", "TIPO_DE_14": "SAAE - SERVIÇO AUTÔNOMO DE ÁGUA E ESGOTO", "DESIGNAC15": "OUTRAS", "LATITUDE16": "-5.294021", "LONGITUD17": "-38.923114", "OBS18": "COORDENADAS APROXIMADAS", "CONTAGEM19": "1" }, "geometry": { "type": "Point", "coordinates": [ -38.923114, -5.294021 ] } },
{ "type": "Feature", "properties": { "ID0": "558", "NOME_USP1": "COZINHA JV", "NOME_UG2": "CENTRO SOCIAL DOS MORADORES DO PARQUE SÃO JOSÉ", "TIPO3": "INFORMAL", "LOTE4": "LOTE 30", "ENDERECO5": "RUA SANTA MARIA", "NUMERO6": "0", "BAIRRO_L7": "PEDRAS BRANCAS", "DISTRITO8": "PEDRAS BRANCAS", "MUNICIPI9": "BANABUIÚ", "CEP10": "63960-000", "REGIAO_D11": "SERTÃO CENTRAL", "SETOR_IB12": "URBANA", "DATA_DE_13": "2023-10-30", "TIPO_DE_14": "SAAE - SERVIÇO AUTÔNOMO DE ÁGUA E ESGOTO", "DESIGNAC15": "ASSOCIAÇÃO", "LATITUDE16": "-5.154874", "LONGITUD17": "-38.878969", "OBS18": "COORDENADAS APROXIMADAS", "CONTAGEM19": "1" }, "geometry": { "type": "Point", "coordinates": [ -38.878969, -5.154874 ] } },
{ "type": "Feature", "properties": { "ID0": "559", "NOME_USP1": "COZINHA MOVIMENTO DE MULHERES EMPREENDEDORAS", "NOME_UG2": "CENTRO SOCIAL DOS MORADORES DO PARQUE SÃO JOSÉ", "TIPO3": "INFORMAL", "LOTE4": "LOTE 30", "ENDERECO5": "RUA: JOSÉ APOLÔNIO BAIRRO: SALVIANO CARLOS DA SILVA", "NUMERO6": "175", "BAIRRO_L7": "ALTO DA COLINA", "DISTRITO8": "QUIXERAMOBIM", "MUNICIPI9": "QUIXERAMOBIM", "CEP10": "63800-000", "REGIAO_D11": "SERTÃO CENTRAL", "SETOR_IB12": "URBANA", "DATA_DE_13": "2023-10-17", "TIPO_DE_14": "SAAE - SERVIÇO AUTÔNOMO DE ÁGUA E ESGOTO", "DESIGNAC15": "OUTRAS", "LATITUDE16": "-5.187893", "LONGITUD17": "-39.305549", "OBS18": "COORDENADAS APROXIMADAS", "CONTAGEM19": "1" }, "geometry": { "type": "Point", "coordinates": [ -39.305549, -5.187893 ] } },
{ "type": "Feature", "properties": { "ID0": "560", "NOME_USP1": "COZINHA NOSSA SENHORA DE FATIMA", "NOME_UG2": "CENTRO SOCIAL DOS MORADORES DO PARQUE SÃO JOSÉ", "TIPO3": "INFORMAL", "LOTE4": "LOTE 30", "ENDERECO5": "FAZENDA CAJUEIRO", "NUMERO6": "0", "BAIRRO_L7": "CAJUEIRO", "DISTRITO8": "PIRANJI", "MUNICIPI9": "IBARETAMA", "CEP10": "63970-000", "REGIAO_D11": "SERTÃO CENTRAL", "SETOR_IB12": "RURAL", "DATA_DE_13": "2023-10-13", "TIPO_DE_14": "CISTERNA", "DESIGNAC15": "OUTRAS", "LATITUDE16": "-4.666375", "LONGITUD17": "-38.708671", "OBS18": "COORDENADAS APROXIMADAS", "CONTAGEM19": "1" }, "geometry": { "type": "Point", "coordinates": [ -38.708671, -4.666375 ] } },
{ "type": "Feature", "properties": { "ID0": "561", "NOME_USP1": "COZINHA NOSSO PROJETO", "NOME_UG2": "CENTRO SOCIAL DOS MORADORES DO PARQUE SÃO JOSÉ", "TIPO3": "INFORMAL", "LOTE4": "LOTE 30", "ENDERECO5": "RUA ELDANIR NOBRE MAIA", "NUMERO6": "298", "BAIRRO_L7": "CENTRO", "DISTRITO8": "IBICUITINGA", "MUNICIPI9": "IBICUITINGA", "CEP10": "62955-000", "REGIAO_D11": "SERTÃO CENTRAL", "SETOR_IB12": "URBANA", "DATA_DE_13": "2023-10-18", "TIPO_DE_14": "CAGECE - COMPANHIA DE ÁGUA E ESGOTO DO ESTADO DO CEARÁ", "DESIGNAC15": "OUTRAS", "LATITUDE16": "-4.978998", "LONGITUD17": "-38.640422", "OBS18": "COORDENADAS APROXIMADAS", "CONTAGEM19": "1" }, "geometry": { "type": "Point", "coordinates": [ -38.640422, -4.978998 ] } },
{ "type": "Feature", "properties": { "ID0": "562", "NOME_USP1": "COZINHA RAINHA DO SERTÃO", "NOME_UG2": "CENTRO SOCIAL DOS MORADORES DO PARQUE SÃO JOSÉ", "TIPO3": "INFORMAL", "LOTE4": "LOTE 30", "ENDERECO5": "TRAVESSA SANTA HELENA", "NUMERO6": "489", "BAIRRO_L7": "PUTIÚ", "DISTRITO8": "QUIXADÁ", "MUNICIPI9": "QUIXADÁ", "CEP10": "63905-270", "REGIAO_D11": "SERTÃO CENTRAL", "SETOR_IB12": "URBANA", "DATA_DE_13": "2023-10-30", "TIPO_DE_14": "CAGECE - COMPANHIA DE ÁGUA E ESGOTO DO ESTADO DO CEARÁ", "DESIGNAC15": "OUTRAS", "LATITUDE16": "-4.982137", "LONGITUD17": "-39.016605", "OBS18": "COORDENADAS APROXIMADAS", "CONTAGEM19": "1" }, "geometry": { "type": "Point", "coordinates": [ -39.016605, -4.982137 ] } },
{ "type": "Feature", "properties": { "ID0": "563", "NOME_USP1": "COZINHA UNIÃO E FORÇA", "NOME_UG2": "CENTRO SOCIAL DOS MORADORES DO PARQUE SÃO JOSÉ", "TIPO3": "INFORMAL", "LOTE4": "LOTE 30", "ENDERECO5": "RUA ADELIA JERONIMO", "NUMERO6": "29", "BAIRRO_L7": "JAIME LOPES", "DISTRITO8": "QUIXERAMOBIM", "MUNICIPI9": "QUIXERAMOBIM", "CEP10": "63800-000", "REGIAO_D11": "SERTÃO CENTRAL", "SETOR_IB12": "URBANA", "DATA_DE_13": "2023-10-20", "TIPO_DE_14": "SAAE - SERVIÇO AUTÔNOMO DE ÁGUA E ESGOTO", "DESIGNAC15": "OUTRAS", "LATITUDE16": "-5.205338", "LONGITUD17": "-39.304914", "OBS18": "COORDENADAS APROXIMADAS", "CONTAGEM19": "1" }, "geometry": { "type": "Point", "coordinates": [ -39.304914, -5.205338 ] } },
{ "type": "Feature", "properties": { "ID0": "564", "NOME_USP1": "COZINHA UNIÃO POPULAR", "NOME_UG2": "CENTRO SOCIAL DOS MORADORES DO PARQUE SÃO JOSÉ", "TIPO3": "INFORMAL", "LOTE4": "LOTE 30", "ENDERECO5": "RUA AUTRAN MORENO", "NUMERO6": "162", "BAIRRO_L7": "CENTRO", "DISTRITO8": "QUIXADÁ", "MUNICIPI9": "QUIXADÁ", "CEP10": "63900-105", "REGIAO_D11": "SERTÃO CENTRAL", "SETOR_IB12": "URBANA", "DATA_DE_13": "2023-10-30", "TIPO_DE_14": "CAGECE - COMPANHIA DE ÁGUA E ESGOTO DO ESTADO DO CEARÁ", "DESIGNAC15": "OUTRAS", "LATITUDE16": "-4.970973", "LONGITUD17": "-39.017293", "OBS18": "COORDENADAS APROXIMADAS", "CONTAGEM19": "1" }, "geometry": { "type": "Point", "coordinates": [ -39.017293, -4.970973 ] } },
{ "type": "Feature", "properties": { "ID0": "565", "NOME_USP1": "COZINHA UNIDOS CONTRA A FOME", "NOME_UG2": "CENTRO SOCIAL DOS MORADORES DO PARQUE SÃO JOSÉ", "TIPO3": "INFORMAL", "LOTE4": "LOTE 30", "ENDERECO5": "RUA JOSÉ JUCÁ NETO", "NUMERO6": "64", "BAIRRO_L7": "CEDRO", "DISTRITO8": "QUIXADÁ", "MUNICIPI9": "QUIXADÁ", "CEP10": "63902-747", "REGIAO_D11": "SERTÃO CENTRAL", "SETOR_IB12": "URBANA", "DATA_DE_13": "2023-10-30", "TIPO_DE_14": "CAGECE - COMPANHIA DE ÁGUA E ESGOTO DO ESTADO DO CEARÁ", "DESIGNAC15": "OUTRAS", "LATITUDE16": "-4.958328", "LONGITUD17": "-39.058236", "OBS18": "COORDENADAS APROXIMADAS", "CONTAGEM19": "1" }, "geometry": { "type": "Point", "coordinates": [ -39.058236, -4.958328 ] } },
{ "type": "Feature", "properties": { "ID0": "566", "NOME_USP1": "CENTRO DE DESENVOLVIMENTO DO TRABALHO INTEGRADO AO SOCIAL", "NOME_UG2": "CENTRO SOCIAL DOS MORADORES DO PARQUE SÃO JOSÉ", "TIPO3": "INFORMAL", "LOTE4": "LOTE 30", "ENDERECO5": "RUA ADAUTO LINO", "NUMERO6": "558", "BAIRRO_L7": "CAMPO VELHO", "DISTRITO8": "QUIXADÁ", "MUNICIPI9": "QUIXADÁ", "CEP10": "63907-087", "REGIAO_D11": "SERTÃO CENTRAL", "SETOR_IB12": "URBANA", "DATA_DE_13": "2023-10-30", "TIPO_DE_14": "CAGECE - COMPANHIA DE ÁGUA E ESGOTO DO ESTADO DO CEARÁ", "DESIGNAC15": "OUTRAS", "LATITUDE16": "-4.963539", "LONGITUD17": "-39.004483", "OBS18": "COORDENADAS APROXIMADAS", "CONTAGEM19": "1" }, "geometry": { "type": "Point", "coordinates": [ -39.004483, -4.963539 ] } },
{ "type": "Feature", "properties": { "ID0": "567", "NOME_USP1": "DONA MARIA", "NOME_UG2": "CENTRO SOCIAL DOS MORADORES DO PARQUE SÃO JOSÉ", "TIPO3": "INFORMAL", "LOTE4": "LOTE 30", "ENDERECO5": "TRAVESSA DELEGADO NONATO VIANA", "NUMERO6": "6", "BAIRRO_L7": "CENTRO", "DISTRITO8": "IBARETAMA", "MUNICIPI9": "IBARETAMA", "CEP10": "63970-000", "REGIAO_D11": "SERTÃO CENTRAL", "SETOR_IB12": "URBANA", "DATA_DE_13": "2023-10-17", "TIPO_DE_14": "CAGECE - COMPANHIA DE ÁGUA E ESGOTO DO ESTADO DO CEARÁ", "DESIGNAC15": "ASSOCIAÇÃO", "LATITUDE16": "-4.819556", "LONGITUD17": "-38.822841", "OBS18": "COORDENADAS APROXIMADAS", "CONTAGEM19": "1" }, "geometry": { "type": "Point", "coordinates": [ -38.822841, -4.819556 ] } },
{ "type": "Feature", "properties": { "ID0": "568", "NOME_USP1": "DONA OCELIA", "NOME_UG2": "CENTRO SOCIAL DOS MORADORES DO PARQUE SÃO JOSÉ", "TIPO3": "INFORMAL", "LOTE4": "LOTE 30", "ENDERECO5": "VILA LAJEDO", "NUMERO6": "0", "BAIRRO_L7": "IBARETAMA", "DISTRITO8": "IBARETAMA", "MUNICIPI9": "IBARETAMA", "CEP10": "63970-000", "REGIAO_D11": "SERTÃO CENTRAL", "SETOR_IB12": "URBANA", "DATA_DE_13": "2023-10-17", "TIPO_DE_14": "SISAR - SISTEMA INTEGRADO DE SANEAMENTO RURAL", "DESIGNAC15": "ASSOCIAÇÃO", "LATITUDE16": "-4.820205", "LONGITUD17": "-38.822207", "OBS18": "COORDENADAS APROXIMADAS", "CONTAGEM19": "1" }, "geometry": { "type": "Point", "coordinates": [ -38.822207, -4.820205 ] } },
{ "type": "Feature", "properties": { "ID0": "569", "NOME_USP1": "JUNTOS COM HB", "NOME_UG2": "CENTRO SOCIAL DOS MORADORES DO PARQUE SÃO JOSÉ", "TIPO3": "INFORMAL", "LOTE4": "LOTE 30", "ENDERECO5": "RUA TEOFILO LESSA", "NUMERO6": "817", "BAIRRO_L7": "MONTEIRO DE MORAIS", "DISTRITO8": "QUIXERAMOBIM", "MUNICIPI9": "QUIXERAMOBIM", "CEP10": "63800-000", "REGIAO_D11": "SERTÃO CENTRAL", "SETOR_IB12": "URBANA", "DATA_DE_13": "2023-10-30", "TIPO_DE_14": "SAAE - SERVIÇO AUTÔNOMO DE ÁGUA E ESGOTO", "DESIGNAC15": "OUTRAS", "LATITUDE16": "-5.192932", "LONGITUD17": "-39.307472", "OBS18": "COORDENADAS APROXIMADAS", "CONTAGEM19": "1" }, "geometry": { "type": "Point", "coordinates": [ -39.307472, -5.192932 ] } },
{ "type": "Feature", "properties": { "ID0": "570", "NOME_USP1": "JUNTOS SOMOS FORTES", "NOME_UG2": "CENTRO SOCIAL DOS MORADORES DO PARQUE SÃO JOSÉ", "TIPO3": "INFORMAL", "LOTE4": "LOTE 30", "ENDERECO5": "MARIA JOSÉ COUTINHO", "NUMERO6": "675", "BAIRRO_L7": "CONJUNTO ESPERANÇA", "DISTRITO8": "QUIXERAMOBIM", "MUNICIPI9": "QUIXERAMOBIM", "CEP10": "63800-000", "REGIAO_D11": "SERTÃO CENTRAL", "SETOR_IB12": "URBANA", "DATA_DE_13": "2023-10-19", "TIPO_DE_14": "SAAE - SERVIÇO AUTÔNOMO DE ÁGUA E ESGOTO", "DESIGNAC15": "OUTRAS", "LATITUDE16": "-5.187552", "LONGITUD17": "-39.273716", "OBS18": "COORDENADAS APROXIMADAS", "CONTAGEM19": "1" }, "geometry": { "type": "Point", "coordinates": [ -39.273716, -5.187552 ] } },
{ "type": "Feature", "properties": { "ID0": "571", "NOME_USP1": "MÃOS UNIDAS", "NOME_UG2": "CENTRO SOCIAL DOS MORADORES DO PARQUE SÃO JOSÉ", "TIPO3": "INFORMAL", "LOTE4": "LOTE 30", "ENDERECO5": "RUA JOSÉ LIBERATO DE FREITAS", "NUMERO6": "88", "BAIRRO_L7": "CONJUNTO ESPERANÇA", "DISTRITO8": "QUIXERAMOBIM", "MUNICIPI9": "QUIXERAMOBIM", "CEP10": "63800-000", "REGIAO_D11": "SERTÃO CENTRAL", "SETOR_IB12": "URBANA", "DATA_DE_13": "2023-10-18", "TIPO_DE_14": "SAAE - SERVIÇO AUTÔNOMO DE ÁGUA E ESGOTO", "DESIGNAC15": "OUTRAS", "LATITUDE16": "-5.190625", "LONGITUD17": "-39.279932", "OBS18": "COORDENADAS APROXIMADAS", "CONTAGEM19": "1" }, "geometry": { "type": "Point", "coordinates": [ -39.279932, -5.190625 ] } },
{ "type": "Feature", "properties": { "ID0": "572", "NOME_USP1": "OLHAR SOLIDÁRIO", "NOME_UG2": "CENTRO SOCIAL DOS MORADORES DO PARQUE SÃO JOSÉ", "TIPO3": "INFORMAL", "LOTE4": "LOTE 30", "ENDERECO5": "VL DA MARAVILHA", "NUMERO6": "0", "BAIRRO_L7": "MARAVILHA", "DISTRITO8": "MARAVILHA", "MUNICIPI9": "CHORÓ", "CEP10": "63950-000", "REGIAO_D11": "SERTÃO CENTRAL", "SETOR_IB12": "URBANA", "DATA_DE_13": "2023-10-30", "TIPO_DE_14": "AÇUDE + CISTERNA + CARRO PIPA", "DESIGNAC15": "ASSOCIAÇÃO", "LATITUDE16": "-4.877129", "LONGITUD17": "-39.221653", "OBS18": "COORDENADAS APROXIMADAS", "CONTAGEM19": "1" }, "geometry": { "type": "Point", "coordinates": [ -39.221653, -4.877129 ] } },
{ "type": "Feature", "properties": { "ID0": "574", "NOME_USP1": "PROJETO SERTÃO", "NOME_UG2": "CENTRO SOCIAL DOS MORADORES DO PARQUE SÃO JOSÉ", "TIPO3": "INFORMAL", "LOTE4": "LOTE 30", "ENDERECO5": "GILMAR MORAIS DAMIÃO", "NUMERO6": "181", "BAIRRO_L7": "SABONETE", "DISTRITO8": "QUIXERAMOBIM", "MUNICIPI9": "QUIXERAMOBIM", "CEP10": "63800-000", "REGIAO_D11": "SERTÃO CENTRAL", "SETOR_IB12": "URBANA", "DATA_DE_13": "2023-10-19", "TIPO_DE_14": "SAAE - SERVIÇO AUTÔNOMO DE ÁGUA E ESGOTO", "DESIGNAC15": "PROJETO", "LATITUDE16": "-5.177755", "LONGITUD17": "-39.283015", "OBS18": "COORDENADAS APROXIMADAS", "CONTAGEM19": "1" }, "geometry": { "type": "Point", "coordinates": [ -39.283015, -5.177755 ] } },
{ "type": "Feature", "properties": { "ID0": "575", "NOME_USP1": "PROJETO SOCIAL CASA DE MÃE", "NOME_UG2": "CENTRO SOCIAL DOS MORADORES DO PARQUE SÃO JOSÉ", "TIPO3": "INFORMAL", "LOTE4": "LOTE 30", "ENDERECO5": "JOÃO NEY PARACAMPOS", "NUMERO6": "526", "BAIRRO_L7": "CENTRO", "DISTRITO8": "CHORÓ", "MUNICIPI9": "CHORÓ", "CEP10": "63950-000", "REGIAO_D11": "SERTÃO CENTRAL", "SETOR_IB12": "URBANA", "DATA_DE_13": "2023-10-30", "TIPO_DE_14": "CAGECE - COMPANHIA DE ÁGUA E ESGOTO DO ESTADO DO CEARÁ", "DESIGNAC15": "PROJETO", "LATITUDE16": "-4.851298", "LONGITUD17": "-39.13236", "OBS18": "COORDENADAS APROXIMADAS", "CONTAGEM19": "1" }, "geometry": { "type": "Point", "coordinates": [ -39.13236, -4.851298 ] } },
{ "type": "Feature", "properties": { "ID0": "576", "NOME_USP1": "SOCIEDADE DE SÃO VICENTE DE PAULO", "NOME_UG2": "CENTRO SOCIAL DOS MORADORES DO PARQUE SÃO JOSÉ", "TIPO3": "INFORMAL", "LOTE4": "LOTE 30", "ENDERECO5": "RUA FRANCISCO ENÉAS DE LIMA", "NUMERO6": "2111", "BAIRRO_L7": "QUIXADÁ", "DISTRITO8": "QUIXADÁ", "MUNICIPI9": "QUIXADÁ", "CEP10": "63900-231", "REGIAO_D11": "SERTÃO CENTRAL", "SETOR_IB12": "URBANA", "DATA_DE_13": "2023-10-30", "TIPO_DE_14": "CAGECE - COMPANHIA DE ÁGUA E ESGOTO DO ESTADO DO CEARÁ", "DESIGNAC15": "RELIGIOSA", "LATITUDE16": "-4.967581", "LONGITUD17": "-39.017636", "OBS18": "COORDENADAS APROXIMADAS", "CONTAGEM19": "1" }, "geometry": { "type": "Point", "coordinates": [ -39.017636, -4.967581 ] } },
{ "type": "Feature", "properties": { "ID0": "577", "NOME_USP1": "TUDO PELA COMUNIDADE", "NOME_UG2": "CENTRO SOCIAL DOS MORADORES DO PARQUE SÃO JOSÉ", "TIPO3": "INFORMAL", "LOTE4": "LOTE 30", "ENDERECO5": "RUA ANTONIO TOMAZ DA SILVA", "NUMERO6": "0", "BAIRRO_L7": "JARDIM NORTE 1", "DISTRITO8": "QUIXERAMOBIM", "MUNICIPI9": "QUIXERAMOBIM", "CEP10": "63800-000", "REGIAO_D11": "SERTÃO CENTRAL", "SETOR_IB12": "URBANA", "DATA_DE_13": "2023-10-18", "TIPO_DE_14": "SAAE - SERVIÇO AUTÔNOMO DE ÁGUA E ESGOTO", "DESIGNAC15": "OUTRAS", "LATITUDE16": "-5.171577", "LONGITUD17": "-39.278368", "OBS18": "COORDENADAS APROXIMADAS", "CONTAGEM19": "1" }, "geometry": { "type": "Point", "coordinates": [ -39.278368, -5.171577 ] } },
{ "type": "Feature", "properties": { "ID0": "578", "NOME_USP1": "UNIDOS DA BELA VISTA", "NOME_UG2": "CENTRO SOCIAL DOS MORADORES DO PARQUE SÃO JOSÉ", "TIPO3": "INFORMAL", "LOTE4": "LOTE 30", "ENDERECO5": "VILA DE SÃO MIGUEL", "NUMERO6": "0", "BAIRRO_L7": "VILA DE SÃO MIGUEL", "DISTRITO8": "SÃO MIGUEL", "MUNICIPI9": "QUIXERAMOBIM", "CEP10": "63800-000", "REGIAO_D11": "SERTÃO CENTRAL", "SETOR_IB12": "RURAL", "DATA_DE_13": "2023-10-20", "TIPO_DE_14": "SAAE - SERVIÇO AUTÔNOMO DE ÁGUA E ESGOTO", "DESIGNAC15": "OUTRAS", "LATITUDE16": "-5.351013", "LONGITUD17": "-39.507518", "OBS18": "COORDENADAS APROXIMADAS", "CONTAGEM19": "1" }, "geometry": { "type": "Point", "coordinates": [ -39.507518, -5.351013 ] } },
{ "type": "Feature", "properties": { "ID0": "579", "NOME_USP1": "UNIDOS POR CRISTO", "NOME_UG2": "CENTRO SOCIAL DOS MORADORES DO PARQUE SÃO JOSÉ", "TIPO3": "INFORMAL", "LOTE4": "LOTE 30", "ENDERECO5": "RUA JOÃO VICENTE DE QUEIROZ", "NUMERO6": "119", "BAIRRO_L7": "RENASCER", "DISTRITO8": "QUIXADÁ", "MUNICIPI9": "QUIXADÁ", "CEP10": "63901-003", "REGIAO_D11": "SERTÃO CENTRAL", "SETOR_IB12": "URBANA", "DATA_DE_13": "2023-10-30", "TIPO_DE_14": "CAGECE - COMPANHIA DE ÁGUA E ESGOTO DO ESTADO DO CEARÁ", "DESIGNAC15": "RELIGIOSA", "LATITUDE16": "-4.96915", "LONGITUD17": "-39.013337", "OBS18": "COORDENADAS APROXIMADAS", "CONTAGEM19": "1" }, "geometry": { "type": "Point", "coordinates": [ -39.013337, -4.96915 ] } },
{ "type": "Feature", "properties": { "ID0": "580", "NOME_USP1": "ACOLHENDO PARA VIVER", "NOME_UG2": "CENTRO DE APOIO AO DESENVOLVIMENTO SUSTENTÁVEL DO SEMIÁRIDO - CACTUS", "TIPO3": "FORMAL", "LOTE4": "LOTE 32", "ENDERECO5": "RUA: ANTONIO QUEIROZ", "NUMERO6": "29", "BAIRRO_L7": "VARZEA DA IPUEIRAS", "DISTRITO8": "BOA VIAGEM", "MUNICIPI9": "BOA VIAGEM", "CEP10": "63870-000", "REGIAO_D11": "SERTÃO DE CANINDÉ", "SETOR_IB12": "URBANA", "DATA_DE_13": "2024-04-23", "TIPO_DE_14": "INFORMAÇÃO NÃO COLETADA", "DESIGNAC15": null, "LATITUDE16": "-5.125103", "LONGITUD17": "-39.734696", "OBS18": "COORDENADAS APROXIMADAS", "CONTAGEM19": "1" }, "geometry": { "type": "Point", "coordinates": [ -39.734696, -5.125103 ] } },
{ "type": "Feature", "properties": { "ID0": "581", "NOME_USP1": "ALTO DA GUARAMIRANGA", "NOME_UG2": "CENTRO DE APOIO AO DESENVOLVIMENTO SUSTENTÁVEL DO SEMIÁRIDO - CACTUS", "TIPO3": "INFORMAL", "LOTE4": "LOTE 32", "ENDERECO5": "RUA JOAQUIM CUSTÓDIO", "NUMERO6": "635", "BAIRRO_L7": "CANINDÉ", "DISTRITO8": "CANINDÉ", "MUNICIPI9": "CANINDÉ", "CEP10": "62700-000", "REGIAO_D11": "SERTÃO DE CANINDÉ", "SETOR_IB12": "URBANA", "DATA_DE_13": "2023-10-19", "TIPO_DE_14": "SAAE - SERVIÇO AUTÔNOMO DE ÁGUA E ESGOTO", "DESIGNAC15": "OUTRAS", "LATITUDE16": "-4.359235", "LONGITUD17": "-39.304751", "OBS18": "COORDENADAS APROXIMADAS", "CONTAGEM19": "1" }, "geometry": { "type": "Point", "coordinates": [ -39.304751, -4.359235 ] } },
{ "type": "Feature", "properties": { "ID0": "582", "NOME_USP1": "AMIGOS DO BEM - ITATIRA", "NOME_UG2": "CENTRO DE APOIO AO DESENVOLVIMENTO SUSTENTÁVEL DO SEMIÁRIDO - CACTUS", "TIPO3": "INFORMAL", "LOTE4": "LOTE 32", "ENDERECO5": "RUA CORAÇAO DE JESUS", "NUMERO6": "0", "BAIRRO_L7": "CACHOEIRA", "DISTRITO8": "CACHOEIRA", "MUNICIPI9": "ITATIRA", "CEP10": "62720-000", "REGIAO_D11": "SERTÃO DE CANINDÉ", "SETOR_IB12": "URBANA", "DATA_DE_13": "2023-10-20", "TIPO_DE_14": "SISAR - SISTEMA INTEGRADO DE SANEAMENTO RURAL", "DESIGNAC15": "OUTRAS", "LATITUDE16": "-4.692893", "LONGITUD17": "-39.44095", "OBS18": "COORDENADAS APROXIMADAS", "CONTAGEM19": "1" }, "geometry": { "type": "Point", "coordinates": [ -39.44095, -4.692893 ] } },
{ "type": "Feature", "properties": { "ID0": "583", "NOME_USP1": "ASSOCIAÇÃO BENEFICENTE,CULTURAL E RELIGIOSA AFRO-BRASILEIRA DO CEARÁ -ABECRA", "NOME_UG2": "CENTRO DE APOIO AO DESENVOLVIMENTO SUSTENTÁVEL DO SEMIÁRIDO - CACTUS", "TIPO3": "FORMAL", "LOTE4": "LOTE 32", "ENDERECO5": "RUA FRANCISCA SEVERO DE PINHO", "NUMERO6": "0", "BAIRRO_L7": "ANTONIO FIRMINO", "DISTRITO8": "MADALENA", "MUNICIPI9": "MADALENA", "CEP10": "63860-000", "REGIAO_D11": "SERTÃO DE CANINDÉ", "SETOR_IB12": "URBANA", "DATA_DE_13": "2023-10-20", "TIPO_DE_14": "CISTERNA", "DESIGNAC15": "RELIGIOSA", "LATITUDE16": "-4.84964", "LONGITUD17": "-39.563073", "OBS18": "COORDENADAS APROXIMADAS", "CONTAGEM19": "1" }, "geometry": { "type": "Point", "coordinates": [ -39.563073, -4.84964 ] } },
{ "type": "Feature", "properties": { "ID0": "584", "NOME_USP1": "ASSOCIAÇÃO COMUNITÁRIA BRILHA SERTÃO", "NOME_UG2": "CENTRO DE APOIO AO DESENVOLVIMENTO SUSTENTÁVEL DO SEMIÁRIDO - CACTUS", "TIPO3": "FORMAL", "LOTE4": "LOTE 32", "ENDERECO5": "RUA SANTA RITA", "NUMERO6": "3481", "BAIRRO_L7": "PALESTINA (BAIRRO)", "DISTRITO8": "CANINDÉ", "MUNICIPI9": "CANINDÉ", "CEP10": "62700-000", "REGIAO_D11": "SERTÃO DE CANINDÉ", "SETOR_IB12": "URBANA", "DATA_DE_13": "2023-10-19", "TIPO_DE_14": "SAAE - SERVIÇO AUTÔNOMO DE ÁGUA E ESGOTO", "DESIGNAC15": "ASSOCIAÇÃO", "LATITUDE16": "-4.371602", "LONGITUD17": "-39.307102", "OBS18": "COORDENADAS APROXIMADAS", "CONTAGEM19": "1" }, "geometry": { "type": "Point", "coordinates": [ -39.307102, -4.371602 ] } },
{ "type": "Feature", "properties": { "ID0": "585", "NOME_USP1": "ASSOCIAÇÃO COMUNITÁRIA CACIMBA NOVA", "NOME_UG2": "CENTRO DE APOIO AO DESENVOLVIMENTO SUSTENTÁVEL DO SEMIÁRIDO - CACTUS", "TIPO3": "FORMAL", "LOTE4": "LOTE 32", "ENDERECO5": "PV CACIMBA NOVA", "NUMERO6": "0", "BAIRRO_L7": "CACIMBA NOVA", "DISTRITO8": "CACIMBA NOVA", "MUNICIPI9": "MADALENA", "CEP10": "63860-000", "REGIAO_D11": "SERTÃO DE CANINDÉ", "SETOR_IB12": "URBANA", "DATA_DE_13": "2023-10-20", "TIPO_DE_14": "SISAR - SISTEMA INTEGRADO DE SANEAMENTO RURAL", "DESIGNAC15": "ASSOCIAÇÃO", "LATITUDE16": "-4.80771", "LONGITUD17": "-39.392792", "OBS18": "COORDENADAS APROXIMADAS", "CONTAGEM19": "1" }, "geometry": { "type": "Point", "coordinates": [ -39.392792, -4.80771 ] } },
{ "type": "Feature", "properties": { "ID0": "586", "NOME_USP1": "ASSOCIAÇÃO COMUNITÁRIA DOS ASSENTADOS DE NOVA VIDA II", "NOME_UG2": "CENTRO DE APOIO AO DESENVOLVIMENTO SUSTENTÁVEL DO SEMIÁRIDO - CACTUS", "TIPO3": "FORMAL", "LOTE4": "LOTE 32", "ENDERECO5": "FAZENDA NOVA VIDA II", "NUMERO6": "0", "BAIRRO_L7": "PAUS BRANCOS", "DISTRITO8": "MADALENA", "MUNICIPI9": "MADALENA", "CEP10": "63860-000", "REGIAO_D11": "SERTÃO DE CANINDÉ", "SETOR_IB12": "URBANA", "DATA_DE_13": "2023-10-20", "TIPO_DE_14": "POÇO", "DESIGNAC15": "ASSOCIAÇÃO", "LATITUDE16": "-4.852037", "LONGITUD17": "-39.574643", "OBS18": "COORDENADAS APROXIMADAS", "CONTAGEM19": "1" }, "geometry": { "type": "Point", "coordinates": [ -39.574643, -4.852037 ] } },
{ "type": "Feature", "properties": { "ID0": "587", "NOME_USP1": "ASSOCIAÇÃO COMUNITÁRIA DOS MORADORES DE UNIÃO", "NOME_UG2": "CENTRO DE APOIO AO DESENVOLVIMENTO SUSTENTÁVEL DO SEMIÁRIDO - CACTUS", "TIPO3": "FORMAL", "LOTE4": "LOTE 32", "ENDERECO5": "VL UNIAO", "NUMERO6": "0", "BAIRRO_L7": "DISTRITO DE SÃO JOSÉ DA MACAOCA", "DISTRITO8": "MADALENA", "MUNICIPI9": "MADALENA", "CEP10": "63860-000", "REGIAO_D11": "SERTÃO DE CANINDÉ", "SETOR_IB12": "URBANA", "DATA_DE_13": "2023-10-20", "TIPO_DE_14": null, "DESIGNAC15": "ASSOCIAÇÃO", "LATITUDE16": "-4.775716", "LONGITUD17": "-39.433319", "OBS18": "COORDENADAS APROXIMADAS", "CONTAGEM19": "1" }, "geometry": { "type": "Point", "coordinates": [ -39.433319, -4.775716 ] } },
{ "type": "Feature", "properties": { "ID0": "588", "NOME_USP1": "ASSOCIAÇÃO COMUNITÁRIA DOS PEQUENOS PRODUTORES DE SÃO GONÇALO", "NOME_UG2": "CENTRO DE APOIO AO DESENVOLVIMENTO SUSTENTÁVEL DO SEMIÁRIDO - CACTUS", "TIPO3": "FORMAL", "LOTE4": "LOTE 32", "ENDERECO5": "SÃO GONÇALO", "NUMERO6": "0", "BAIRRO_L7": "SÃO GONÇALO", "DISTRITO8": "CACHOEIRA", "MUNICIPI9": "ITATIRA", "CEP10": "62720-000", "REGIAO_D11": "SERTÃO DE CANINDÉ", "SETOR_IB12": "RURAL", "DATA_DE_13": "2023-10-20", "TIPO_DE_14": "POÇO", "DESIGNAC15": "ASSOCIAÇÃO", "LATITUDE16": "-4.66472", "LONGITUD17": "-39.506301", "OBS18": "COORDENADAS APROXIMADAS", "CONTAGEM19": "1" }, "geometry": { "type": "Point", "coordinates": [ -39.506301, -4.66472 ] } },
{ "type": "Feature", "properties": { "ID0": "589", "NOME_USP1": "ASSOCIAÇÃO COMUNITÁRIA MATERNO INFANTIL DO DISTRITO GUIA", "NOME_UG2": "CENTRO DE APOIO AO DESENVOLVIMENTO SUSTENTÁVEL DO SEMIÁRIDO - CACTUS", "TIPO3": "FORMAL", "LOTE4": "LOTE 32", "ENDERECO5": "RUA NSA GUIA", "NUMERO6": "0", "BAIRRO_L7": "GUIA", "DISTRITO8": "GUIA", "MUNICIPI9": "BOA VIAGEM", "CEP10": "63870-000", "REGIAO_D11": "SERTÃO DE CANINDÉ", "SETOR_IB12": "URBANA", "DATA_DE_13": "2023-10-20", "TIPO_DE_14": "SAAE - SERVIÇO AUTÔNOMO DE ÁGUA E ESGOTO", "DESIGNAC15": "ASSOCIAÇÃO", "LATITUDE16": "-4.911456", "LONGITUD17": "-39.804923", "OBS18": "COORDENADAS APROXIMADAS", "CONTAGEM19": "1" }, "geometry": { "type": "Point", "coordinates": [ -39.804923, -4.911456 ] } },
{ "type": "Feature", "properties": { "ID0": "590", "NOME_USP1": "ASSOCIAÇÃO DE ARTE E CULTURA DE CANINDÉ", "NOME_UG2": "CENTRO DE APOIO AO DESENVOLVIMENTO SUSTENTÁVEL DO SEMIÁRIDO - CACTUS", "TIPO3": "FORMAL", "LOTE4": "LOTE 32", "ENDERECO5": "RUA JOAQUIM DA ROCHA", "NUMERO6": "918", "BAIRRO_L7": "MATADOURO , CANINDÉ CE", "DISTRITO8": "CANINDÉ", "MUNICIPI9": "CANINDÉ", "CEP10": "63860-000", "REGIAO_D11": "SERTÃO DE CANINDÉ", "SETOR_IB12": "URBANA", "DATA_DE_13": "2023-10-19", "TIPO_DE_14": "SAAE - SERVIÇO AUTÔNOMO DE ÁGUA E ESGOTO", "DESIGNAC15": "ASSOCIAÇÃO", "LATITUDE16": "-4.350898", "LONGITUD17": "-39.318779", "OBS18": "COORDENADAS APROXIMADAS", "CONTAGEM19": "1" }, "geometry": { "type": "Point", "coordinates": [ -39.318779, -4.350898 ] } },
{ "type": "Feature", "properties": { "ID0": "591", "NOME_USP1": "ASSOCIAÇÃO DESPORTIVA MANCHESTER CITY", "NOME_UG2": "CENTRO DE APOIO AO DESENVOLVIMENTO SUSTENTÁVEL DO SEMIÁRIDO - CACTUS", "TIPO3": "FORMAL", "LOTE4": "LOTE 32", "ENDERECO5": "RUA JOAQUIM MEDEIROS", "NUMERO6": "3384", "BAIRRO_L7": "CACHOEIRA DA PASTA", "DISTRITO8": "CANINDÉ", "MUNICIPI9": "CANINDÉ", "CEP10": "62700-000", "REGIAO_D11": "SERTÃO DE CANINDÉ", "SETOR_IB12": "URBANA", "DATA_DE_13": "2023-10-19", "TIPO_DE_14": "CAGECE - COMPANHIA DE ÁGUA E ESGOTO DO ESTADO DO CEARÁ", "DESIGNAC15": "ASSOCIAÇÃO", "LATITUDE16": "-4.365818", "LONGITUD17": "-39.328498", "OBS18": "COORDENADAS APROXIMADAS", "CONTAGEM19": "1" }, "geometry": { "type": "Point", "coordinates": [ -39.328498, -4.365818 ] } },
{ "type": "Feature", "properties": { "ID0": "595", "NOME_USP1": "COOPERATIVA SERTANEJA CEARENSE-FAPE", "NOME_UG2": "CENTRO DE APOIO AO DESENVOLVIMENTO SUSTENTÁVEL DO SEMIÁRIDO - CACTUS", "TIPO3": "FORMAL", "LOTE4": "LOTE 32", "ENDERECO5": "RUA JACINTO FERREIRA PAIVA", "NUMERO6": "73", "BAIRRO_L7": "LAGOA DO MATO", "DISTRITO8": "LAGOA DO MATO", "MUNICIPI9": "ITATIRA", "CEP10": "62725-000", "REGIAO_D11": "SERTÃO DE CANINDÉ", "SETOR_IB12": "URBANA", "DATA_DE_13": "2023-10-20", "TIPO_DE_14": "CAGECE - COMPANHIA DE ÁGUA E ESGOTO DO ESTADO DO CEARÁ", "DESIGNAC15": "COOPERATIVA", "LATITUDE16": "-4.64909", "LONGITUD17": "-39.674016", "OBS18": "COORDENADAS APROXIMADAS", "CONTAGEM19": "1" }, "geometry": { "type": "Point", "coordinates": [ -39.674016, -4.64909 ] } },
{ "type": "Feature", "properties": { "ID0": "596", "NOME_USP1": "COZINHA COMUNITÁRIA FREI HUMBERTO", "NOME_UG2": "CENTRO DE APOIO AO DESENVOLVIMENTO SUSTENTÁVEL DO SEMIÁRIDO - CACTUS", "TIPO3": "INFORMAL", "LOTE4": "LOTE 32", "ENDERECO5": "RUA SÃO JOSÉ", "NUMERO6": "795", "BAIRRO_L7": "BELA VISTA", "DISTRITO8": "CANINDÉ", "MUNICIPI9": "CANINDÉ", "CEP10": "62700-000", "REGIAO_D11": "SERTÃO DE CANINDÉ", "SETOR_IB12": "URBANA", "DATA_DE_13": "2023-10-19", "TIPO_DE_14": "SAAE - SERVIÇO AUTÔNOMO DE ÁGUA E ESGOTO", "DESIGNAC15": "OUTRAS", "LATITUDE16": "-4.344898", "LONGITUD17": "-39.310577", "OBS18": "COORDENADAS APROXIMADAS", "CONTAGEM19": "1" }, "geometry": { "type": "Point", "coordinates": [ -39.310577, -4.344898 ] } },
{ "type": "Feature", "properties": { "ID0": "597", "NOME_USP1": "FUNDAÇÃO JOSÉ DE QUEIROZ SAMPAIO", "NOME_UG2": "CENTRO DE APOIO AO DESENVOLVIMENTO SUSTENTÁVEL DO SEMIÁRIDO - CACTUS", "TIPO3": "FORMAL", "LOTE4": "LOTE 32", "ENDERECO5": "AV SÃO VICENTE DE PAULA -98 CENTRO", "NUMERO6": "96", "BAIRRO_L7": "CENTRO", "DISTRITO8": "BOA VIAGEM", "MUNICIPI9": "BOA VIAGEM", "CEP10": "63870-000", "REGIAO_D11": "SERTÃO DE CANINDÉ", "SETOR_IB12": "URBANA", "DATA_DE_13": "2023-10-20", "TIPO_DE_14": "SAAE - SERVIÇO AUTÔNOMO DE ÁGUA E ESGOTO", "DESIGNAC15": "FUNDAÇÃO", "LATITUDE16": "-5.125935", "LONGITUD17": "-39.729396", "OBS18": "COORDENADAS APROXIMADAS", "CONTAGEM19": "1" }, "geometry": { "type": "Point", "coordinates": [ -39.729396, -5.125935 ] } },
{ "type": "Feature", "properties": { "ID0": "598", "NOME_USP1": "ITAPOAN EMPREENDIMENTOS", "NOME_UG2": "CENTRO DE APOIO AO DESENVOLVIMENTO SUSTENTÁVEL DO SEMIÁRIDO - CACTUS", "TIPO3": "FORMAL", "LOTE4": "LOTE 32", "ENDERECO5": "VILA MELADO", "NUMERO6": "0", "BAIRRO_L7": "PARAMOTI", "DISTRITO8": "PARAMOTI", "MUNICIPI9": "PARAMOTI", "CEP10": "62736-000", "REGIAO_D11": "SERTÃO DE CANINDÉ", "SETOR_IB12": "RURAL", "DATA_DE_13": "2023-10-20", "TIPO_DE_14": "SISAR - SISTEMA INTEGRADO DE SANEAMENTO RURAL", "DESIGNAC15": "OUTRAS", "LATITUDE16": "-4.147032", "LONGITUD17": "-39.26171", "OBS18": "COORDENADAS APROXIMADAS", "CONTAGEM19": "1" }, "geometry": { "type": "Point", "coordinates": [ -39.26171, -4.147032 ] } },
{ "type": "Feature", "properties": { "ID0": "599", "NOME_USP1": "SINDICATO DOS TRABALHADORES RURAIS, AGRICULTORES E AGRICULTORAS FAMILIARES DE CANINDÉ", "NOME_UG2": "CENTRO DE APOIO AO DESENVOLVIMENTO SUSTENTÁVEL DO SEMIÁRIDO - CACTUS", "TIPO3": "FORMAL", "LOTE4": "LOTE 32", "ENDERECO5": "AV.FRANCISCO CAMPOS", "NUMERO6": "558", "BAIRRO_L7": "MONTE- CANINDÉ", "DISTRITO8": "CANINDÉ", "MUNICIPI9": "CANINDÉ", "CEP10": "62700-000", "REGIAO_D11": "SERTÃO DE CANINDÉ", "SETOR_IB12": "URBANA", "DATA_DE_13": "2023-10-19", "TIPO_DE_14": "SAAE - SERVIÇO AUTÔNOMO DE ÁGUA E ESGOTO", "DESIGNAC15": "SINDICATO", "LATITUDE16": "-4.360081", "LONGITUD17": "-39.31651", "OBS18": "COORDENADAS APROXIMADAS", "CONTAGEM19": "1" }, "geometry": { "type": "Point", "coordinates": [ -39.31651, -4.360081 ] } },
{ "type": "Feature", "properties": { "ID0": "600", "NOME_USP1": "SINDICATO DOS TRABALHADORES RURAIS , AGRICULTORES E AGRICULTORAS FAMILIARES DE PARAMOTI", "NOME_UG2": "CENTRO DE APOIO AO DESENVOLVIMENTO SUSTENTÁVEL DO SEMIÁRIDO - CACTUS", "TIPO3": "FORMAL", "LOTE4": "LOTE 32", "ENDERECO5": "RUA 0006 CONJ, 45 VICENTE FARIAS , PARAMOTI, CE", "NUMERO6": "45", "BAIRRO_L7": "VICENTE FARIAS , PARAMOTI, CE", "DISTRITO8": "PARAMOTI", "MUNICIPI9": "PARAMOTI", "CEP10": "62736-000", "REGIAO_D11": "SERTÃO DE CANINDÉ", "SETOR_IB12": "URBANA", "DATA_DE_13": "2023-10-20", "TIPO_DE_14": "CAGECE - COMPANHIA DE ÁGUA E ESGOTO DO ESTADO DO CEARÁ", "DESIGNAC15": "SINDICATO", "LATITUDE16": "-4.101155", "LONGITUD17": "-39.237734", "OBS18": "COORDENADAS APROXIMADAS", "CONTAGEM19": "1" }, "geometry": { "type": "Point", "coordinates": [ -39.237734, -4.101155 ] } },
{ "type": "Feature", "properties": { "ID0": "601", "NOME_USP1": "UNIDOS CONTRA A FOME", "NOME_UG2": "CENTRO DE APOIO AO DESENVOLVIMENTO SUSTENTÁVEL DO SEMIÁRIDO - CACTUS", "TIPO3": "INFORMAL", "LOTE4": "LOTE 32", "ENDERECO5": "IPUEIRAS DOS GOMES", "NUMERO6": "0", "BAIRRO_L7": "DT IPUEIRAS DOS GOMES", "DISTRITO8": "IPUEIRAS DOS GOMES", "MUNICIPI9": "CANINDÉ", "CEP10": "62700-000", "REGIAO_D11": "SERTÃO DE CANINDÉ", "SETOR_IB12": "URBANA", "DATA_DE_13": "2023-10-19", "TIPO_DE_14": null, "DESIGNAC15": "OUTRAS", "LATITUDE16": "-4.307581", "LONGITUD17": "-39.192612", "OBS18": "COORDENADAS APROXIMADAS", "CONTAGEM19": "1" }, "geometry": { "type": "Point", "coordinates": [ -39.192612, -4.307581 ] } },
{ "type": "Feature", "properties": { "ID0": "602", "NOME_USP1": "UNIDOS POR CAMPOS BELOS", "NOME_UG2": "CENTRO DE APOIO AO DESENVOLVIMENTO SUSTENTÁVEL DO SEMIÁRIDO - CACTUS", "TIPO3": "INFORMAL", "LOTE4": "LOTE 32", "ENDERECO5": "RUA ANTÔNIO SABINO", "NUMERO6": "231", "BAIRRO_L7": "CENTRO INHUPORANGA", "DISTRITO8": "CARIDADE", "MUNICIPI9": "CARIDADE", "CEP10": "62730-000", "REGIAO_D11": "SERTÃO DE CANINDÉ", "SETOR_IB12": "URBANA", "DATA_DE_13": "2023-10-19", "TIPO_DE_14": "CAGECE - COMPANHIA DE ÁGUA E ESGOTO DO ESTADO DO CEARÁ", "DESIGNAC15": "OUTRAS", "LATITUDE16": "-4.095656", "LONGITUD17": "-39.053997", "OBS18": "COORDENADAS APROXIMADAS", "CONTAGEM19": "1" }, "geometry": { "type": "Point", "coordinates": [ -39.053997, -4.095656 ] } },
{ "type": "Feature", "properties": { "ID0": "603", "NOME_USP1": "VIVER É TEMPO DE CUIDAR", "NOME_UG2": "CENTRO DE APOIO AO DESENVOLVIMENTO SUSTENTÁVEL DO SEMIÁRIDO - CACTUS", "TIPO3": "INFORMAL", "LOTE4": "LOTE 32", "ENDERECO5": "AVENIDA  FRANCISCO LINHARES", "NUMERO6": "646", "BAIRRO_L7": "CENTRO", "DISTRITO8": "CARIDADE", "MUNICIPI9": "CARIDADE", "CEP10": "62730-000", "REGIAO_D11": "SERTÃO DE CANINDÉ", "SETOR_IB12": "URBANA", "DATA_DE_13": "2023-10-19", "TIPO_DE_14": "CAGECE - COMPANHIA DE ÁGUA E ESGOTO DO ESTADO DO CEARÁ", "DESIGNAC15": "OUTRAS", "LATITUDE16": "-4.229261", "LONGITUD17": "-39.191994", "OBS18": "COORDENADAS APROXIMADAS", "CONTAGEM19": "1" }, "geometry": { "type": "Point", "coordinates": [ -39.191994, -4.229261 ] } },
{ "type": "Feature", "properties": { "ID0": "604", "NOME_USP1": "ASSOCIAÇÃO COMUNITÁRIA ABEL FRANCISCO RODRIGUES", "NOME_UG2": "SOCIEDADE DE APOIO A FAMÍLIA SOBRALENSE - SAFS", "TIPO3": "FORMAL", "LOTE4": "LOTE 33", "ENDERECO5": "COMUNIDADE TRAPIÁ", "NUMERO6": "0", "BAIRRO_L7": "TRAPIÁ", "DISTRITO8": "TRAPIÁ", "MUNICIPI9": "FORQUILHA", "CEP10": "62115-000", "REGIAO_D11": "SERTÃO DE SOBRAL", "SETOR_IB12": "RURAL", "DATA_DE_13": "2023-10-28", "TIPO_DE_14": "SISAR - SISTEMA INTEGRADO DE SANEAMENTO RURAL", "DESIGNAC15": "ASSOCIAÇÃO", "LATITUDE16": "-3.883661", "LONGITUD17": "-40.25602", "OBS18": "COORDENADAS APROXIMADAS", "CONTAGEM19": "1" }, "geometry": { "type": "Point", "coordinates": [ -40.25602, -3.883661 ] } },
{ "type": "Feature", "properties": { "ID0": "605", "NOME_USP1": "ASSOCIAÇÃO COMUNITÁRIA, CULTURAL E ESPORTIVA DE RIACHO DAS CARNAÚBAS", "NOME_UG2": "SOCIEDADE DE APOIO A FAMÍLIA SOBRALENSE - SAFS", "TIPO3": "FORMAL", "LOTE4": "LOTE 33", "ENDERECO5": "RUA LOURENÇO JACINTO DE MELO, N° 06", "NUMERO6": "0", "BAIRRO_L7": "ITAMARACÁ", "DISTRITO8": "ITAMARACÁ", "MUNICIPI9": "GROAÍRAS", "CEP10": "62190-000", "REGIAO_D11": "SERTÃO DE SOBRAL", "SETOR_IB12": "URBANA", "DATA_DE_13": "2023-10-31", "TIPO_DE_14": "CAGECE - COMPANHIA DE ÁGUA E ESGOTO DO ESTADO DO CEARÁ", "DESIGNAC15": "ASSOCIAÇÃO", "LATITUDE16": "-3.873746", "LONGITUD17": "-40.367245", "OBS18": "COORDENADAS APROXIMADAS", "CONTAGEM19": "1" }, "geometry": { "type": "Point", "coordinates": [ -40.367245, -3.873746 ] } },
{ "type": "Feature", "properties": { "ID0": "606", "NOME_USP1": "ASSOCIAÇÃO COMUNITÁRIA DE CASA FORTE", "NOME_UG2": "SOCIEDADE DE APOIO A FAMÍLIA SOBRALENSE - SAFS", "TIPO3": "FORMAL", "LOTE4": "LOTE 33", "ENDERECO5": "BARACHO, SOBRAL", "NUMERO6": "0", "BAIRRO_L7": "CASA FORTE", "DISTRITO8": "JORDÃO", "MUNICIPI9": "SOBRAL", "CEP10": "62108-000", "REGIAO_D11": "SERTÃO DE SOBRAL", "SETOR_IB12": "URBANA", "DATA_DE_13": "2023-10-25", "TIPO_DE_14": "SAAE - SERVIÇO AUTÔNOMO DE ÁGUA E ESGOTO", "DESIGNAC15": "ASSOCIAÇÃO", "LATITUDE16": "-3.702174", "LONGITUD17": "-40.52447", "OBS18": "COORDENADAS APROXIMADAS", "CONTAGEM19": "1" }, "geometry": { "type": "Point", "coordinates": [ -40.52447, -3.702174 ] } },
{ "type": "Feature", "properties": { "ID0": "607", "NOME_USP1": "ASSOCIAÇÃO COMUNITÁRIA DOS PEQUENOS PRODUTORES DE CANTAGALO E ADJACÊNCIAS", "NOME_UG2": "SOCIEDADE DE APOIO A FAMÍLIA SOBRALENSE - SAFS", "TIPO3": "FORMAL", "LOTE4": "LOTE 33", "ENDERECO5": "RUA PRINCESA ISABEL", "NUMERO6": "1960", "BAIRRO_L7": "GROAÍRAS", "DISTRITO8": "GROAÍRAS", "MUNICIPI9": "GROAÍRAS", "CEP10": "62190-000", "REGIAO_D11": "SERTÃO DE SOBRAL", "SETOR_IB12": "URBANA", "DATA_DE_13": "2023-10-31", "TIPO_DE_14": "CAGECE - COMPANHIA DE ÁGUA E ESGOTO DO ESTADO DO CEARÁ", "DESIGNAC15": "ASSOCIAÇÃO", "LATITUDE16": "-3.919576", "LONGITUD17": "-40.390174", "OBS18": "COORDENADAS APROXIMADAS", "CONTAGEM19": "1" }, "geometry": { "type": "Point", "coordinates": [ -40.390174, -3.919576 ] } },
{ "type": "Feature", "properties": { "ID0": "608", "NOME_USP1": "ASSOCIAÇÃO COMUNITÁRIA NOSSA SENHORA DO PERPETUO SOCORRO", "NOME_UG2": "SOCIEDADE DE APOIO A FAMÍLIA SOBRALENSE - SAFS", "TIPO3": "FORMAL", "LOTE4": "LOTE 33", "ENDERECO5": "RUA JOÃO XIMENES DO PRADO", "NUMERO6": "161", "BAIRRO_L7": "TAMARINDO", "DISTRITO8": "SOBRAL", "MUNICIPI9": "SOBRAL", "CEP10": "62010-540", "REGIAO_D11": "SERTÃO DE SOBRAL", "SETOR_IB12": "URBANA", "DATA_DE_13": "2023-10-19", "TIPO_DE_14": "SAAE - SERVIÇO AUTÔNOMO DE ÁGUA E ESGOTO", "DESIGNAC15": "ASSOCIAÇÃO", "LATITUDE16": "-3.692942", "LONGITUD17": "-40.3506", "OBS18": "COORDENADAS APROXIMADAS", "CONTAGEM19": "1" }, "geometry": { "type": "Point", "coordinates": [ -40.3506, -3.692942 ] } },
{ "type": "Feature", "properties": { "ID0": "609", "NOME_USP1": "ASSOCIAÇÃO COMUNITÁRIA PADRE OSVALDO CHAVES", "NOME_UG2": "SOCIEDADE DE APOIO A FAMÍLIA SOBRALENSE - SAFS", "TIPO3": "FORMAL", "LOTE4": "LOTE 33", "ENDERECO5": "RUA MARIA DE JESUS", "NUMERO6": "122", "BAIRRO_L7": "DOM EXPEDITO", "DISTRITO8": "SOBRAL", "MUNICIPI9": "SOBRAL", "CEP10": "62050-150", "REGIAO_D11": "SERTÃO DE SOBRAL", "SETOR_IB12": "URBANA", "DATA_DE_13": "2023-10-27", "TIPO_DE_14": "SAAE - SERVIÇO AUTÔNOMO DE ÁGUA E ESGOTO", "DESIGNAC15": "ASSOCIAÇÃO", "LATITUDE16": "-3.693769", "LONGITUD17": "-40.345316", "OBS18": "COORDENADAS APROXIMADAS", "CONTAGEM19": "1" }, "geometry": { "type": "Point", "coordinates": [ -40.345316, -3.693769 ] } },
{ "type": "Feature", "properties": { "ID0": "610", "NOME_USP1": "ASSOCIAÇÃO COMUNITÁRIA PEQUENOS PRODUTORES DE CAPIM I", "NOME_UG2": "SOCIEDADE DE APOIO A FAMÍLIA SOBRALENSE - SAFS", "TIPO3": "FORMAL", "LOTE4": "LOTE 33", "ENDERECO5": "SITIO CAPIM 01", "NUMERO6": "0", "BAIRRO_L7": "GROAÍRAS", "DISTRITO8": "GROAÍRAS", "MUNICIPI9": "GROAÍRAS", "CEP10": "62190-000", "REGIAO_D11": "SERTÃO DE SOBRAL", "SETOR_IB12": "RURAL", "DATA_DE_13": "2023-10-31", "TIPO_DE_14": "SISAR - SISTEMA INTEGRADO DE SANEAMENTO RURAL", "DESIGNAC15": "ASSOCIAÇÃO", "LATITUDE16": "-3.970005", "LONGITUD17": "-40.354623", "OBS18": "COORDENADAS APROXIMADAS", "CONTAGEM19": "1" }, "geometry": { "type": "Point", "coordinates": [ -40.354623, -3.970005 ] } },
{ "type": "Feature", "properties": { "ID0": "611", "NOME_USP1": "ASSOCIAÇÃO COMUNITÁRIA RURAL CAPITÃO JOSÉ DIOGO", "NOME_UG2": "SOCIEDADE DE APOIO A FAMÍLIA SOBRALENSE - SAFS", "TIPO3": "FORMAL", "LOTE4": "LOTE 33", "ENDERECO5": "COMUNIDADE RURAL CACIMBINHA", "NUMERO6": "0", "BAIRRO_L7": "CACIMBINHA", "DISTRITO8": "FORQUILHA", "MUNICIPI9": "FORQUILHA", "CEP10": "62115-000", "REGIAO_D11": "SERTÃO DE SOBRAL", "SETOR_IB12": "URBANA", "DATA_DE_13": "2023-10-28", "TIPO_DE_14": "CAGECE - COMPANHIA DE ÁGUA E ESGOTO DO ESTADO DO CEARÁ", "DESIGNAC15": "ASSOCIAÇÃO", "LATITUDE16": "-3.805012", "LONGITUD17": "-40.204345", "OBS18": "COORDENADAS APROXIMADAS", "CONTAGEM19": "1" }, "geometry": { "type": "Point", "coordinates": [ -40.204345, -3.805012 ] } },
{ "type": "Feature", "properties": { "ID0": "613", "NOME_USP1": "ASSOCIAÇÃO DE CATADORES E CATADORAS DE MATERIAIS RECICLÁVEIS DE GROAÍRAS", "NOME_UG2": "SOCIEDADE DE APOIO A FAMÍLIA SOBRALENSE - SAFS", "TIPO3": "FORMAL", "LOTE4": "LOTE 33", "ENDERECO5": "RUA 23 DE MAIO", "NUMERO6": "0", "BAIRRO_L7": "GROAÍRAS", "DISTRITO8": "GROAÍRAS", "MUNICIPI9": "GROAÍRAS", "CEP10": "62190-000", "REGIAO_D11": "SERTÃO DE SOBRAL", "SETOR_IB12": "URBANA", "DATA_DE_13": "2023-10-31", "TIPO_DE_14": "CAGECE - COMPANHIA DE ÁGUA E ESGOTO DO ESTADO DO CEARÁ", "DESIGNAC15": "ASSOCIAÇÃO", "LATITUDE16": "-3.917279", "LONGITUD17": "-40.386679", "OBS18": "COORDENADAS APROXIMADAS", "CONTAGEM19": "1" }, "geometry": { "type": "Point", "coordinates": [ -40.386679, -3.917279 ] } },
{ "type": "Feature", "properties": { "ID0": "615", "NOME_USP1": "ASSOCIAÇÃO MÃE DA DIVINA PROVIDÊNCIA", "NOME_UG2": "SOCIEDADE DE APOIO A FAMÍLIA SOBRALENSE - SAFS", "TIPO3": "FORMAL", "LOTE4": "LOTE 33", "ENDERECO5": "RUA SABINO GUIMARÃES", "NUMERO6": "775", "BAIRRO_L7": "SOBRAL", "DISTRITO8": "SOBRAL", "MUNICIPI9": "SOBRAL", "CEP10": "62010-050", "REGIAO_D11": "SERTÃO DE SOBRAL", "SETOR_IB12": "URBANA", "DATA_DE_13": "2023-10-20", "TIPO_DE_14": "SAAE - SERVIÇO AUTÔNOMO DE ÁGUA E ESGOTO", "DESIGNAC15": "ASSOCIAÇÃO", "LATITUDE16": "-3.689429", "LONGITUD17": "-40.366806", "OBS18": "COORDENADAS APROXIMADAS", "CONTAGEM19": "1" }, "geometry": { "type": "Point", "coordinates": [ -40.366806, -3.689429 ] } },
{ "type": "Feature", "properties": { "ID0": "616", "NOME_USP1": "BOLEIRAS DE PEDRINHAS", "NOME_UG2": "SOCIEDADE DE APOIO A FAMÍLIA SOBRALENSE - SAFS", "TIPO3": "INFORMAL", "LOTE4": "LOTE 33", "ENDERECO5": "PEDRINHAS", "NUMERO6": "0", "BAIRRO_L7": "PEDRINHAS", "DISTRITO8": "RAFAEL ARRUDA", "MUNICIPI9": "SOBRAL", "CEP10": "62113-000", "REGIAO_D11": "SERTÃO DE SOBRAL", "SETOR_IB12": "RURAL", "DATA_DE_13": "2023-10-31", "TIPO_DE_14": "SAAE - SERVIÇO AUTÔNOMO DE ÁGUA E ESGOTO", "DESIGNAC15": "ASSOCIAÇÃO", "LATITUDE16": "-3.824357", "LONGITUD17": "-40.641341", "OBS18": "COORDENADAS APROXIMADAS", "CONTAGEM19": "1" }, "geometry": { "type": "Point", "coordinates": [ -40.641341, -3.824357 ] } },
{ "type": "Feature", "properties": { "ID0": "617", "NOME_USP1": "CASA DE OXOSSÍ GROAÍRAS", "NOME_UG2": "SOCIEDADE DE APOIO A FAMÍLIA SOBRALENSE - SAFS", "TIPO3": "INFORMAL", "LOTE4": "LOTE 33", "ENDERECO5": "RUA LUIZ JOSÉ DE LIMA", "NUMERO6": "620", "BAIRRO_L7": "GROAÍRAS", "DISTRITO8": "GROAÍRAS", "MUNICIPI9": "GROAÍRAS", "CEP10": "62190-000", "REGIAO_D11": "SERTÃO DE SOBRAL", "SETOR_IB12": "URBANA", "DATA_DE_13": "2023-10-31", "TIPO_DE_14": "CAGECE - COMPANHIA DE ÁGUA E ESGOTO DO ESTADO DO CEARÁ", "DESIGNAC15": "POVO DE TERREIRO", "LATITUDE16": "-3.917669", "LONGITUD17": "-40.389442", "OBS18": "COORDENADAS APROXIMADAS", "CONTAGEM19": "1" }, "geometry": { "type": "Point", "coordinates": [ -40.389442, -3.917669 ] } },
{ "type": "Feature", "properties": { "ID0": "619", "NOME_USP1": "COZINHA SÃO JOSÉ", "NOME_UG2": "SOCIEDADE DE APOIO A FAMÍLIA SOBRALENSE - SAFS", "TIPO3": "INFORMAL", "LOTE4": "LOTE 33", "ENDERECO5": "RUA NOSSA SENHORA DO CARMO", "NUMERO6": "113", "BAIRRO_L7": "SUMARÉ", "DISTRITO8": "SOBRAL", "MUNICIPI9": "SOBRAL", "CEP10": "62014-160", "REGIAO_D11": "SERTÃO DE SOBRAL", "SETOR_IB12": "URBANA", "DATA_DE_13": "2023-10-17", "TIPO_DE_14": "SAAE - SERVIÇO  AUTÔNOMO DE ÁGUA E ESGOTO", "DESIGNAC15": "OUTRAS", "LATITUDE16": "-3.701151", "LONGITUD17": "-40.365627", "OBS18": "COORDENADAS APROXIMADAS", "CONTAGEM19": "1" }, "geometry": { "type": "Point", "coordinates": [ -40.365627, -3.701151 ] } },
{ "type": "Feature", "properties": { "ID0": "620", "NOME_USP1": "COZINHA SÃO LÁZARO", "NOME_UG2": "SOCIEDADE DE APOIO A FAMÍLIA SOBRALENSE - SAFS", "TIPO3": "INFORMAL", "LOTE4": "LOTE 33", "ENDERECO5": "RUA FRANCISQUINHA FROTA", "NUMERO6": "35", "BAIRRO_L7": "DOM JOSE II", "DISTRITO8": "SOBRAL", "MUNICIPI9": "SOBRAL", "CEP10": "62100-000", "REGIAO_D11": "SERTÃO DE SOBRAL", "SETOR_IB12": "URBANA", "DATA_DE_13": "2023-10-18", "TIPO_DE_14": "SAAE - SERVIÇO  AUTÔNOMO DE ÁGUA E ESGOTO", "DESIGNAC15": "OUTRAS", "LATITUDE16": "-3.693865", "LONGITUD17": "-40.363355", "OBS18": "COORDENADAS APROXIMADAS", "CONTAGEM19": "1" }, "geometry": { "type": "Point", "coordinates": [ -40.363355, -3.693865 ] } },
{ "type": "Feature", "properties": { "ID0": "621", "NOME_USP1": "COZINHA SOLIDÁRIA CAIÇARA", "NOME_UG2": "SOCIEDADE DE APOIO A FAMÍLIA SOBRALENSE - SAFS", "TIPO3": "INFORMAL", "LOTE4": "LOTE 33", "ENDERECO5": "RUA JURITI, QUADRA 6", "NUMERO6": "304", "BAIRRO_L7": "NOVA CAIÇARA", "DISTRITO8": "SOBRAL", "MUNICIPI9": "SOBRAL", "CEP10": "62180-000", "REGIAO_D11": "SERTÃO DE SOBRAL", "SETOR_IB12": "URBANA", "DATA_DE_13": "2023-10-27", "TIPO_DE_14": "SAAE - SERVIÇO AUTÔNOMO DE ÁGUA E ESGOTO", "DESIGNAC15": "MOVIMENTO", "LATITUDE16": "-3.668124", "LONGITUD17": "-40.37734", "OBS18": "COORDENADAS APROXIMADAS", "CONTAGEM19": "1" }, "geometry": { "type": "Point", "coordinates": [ -40.37734, -3.668124 ] } },
{ "type": "Feature", "properties": { "ID0": "623", "NOME_USP1": "COZINHA UNIÃO COMUNITÁRIA", "NOME_UG2": "SOCIEDADE DE APOIO A FAMÍLIA SOBRALENSE - SAFS", "TIPO3": "INFORMAL", "LOTE4": "LOTE 33", "ENDERECO5": "RUA NOSSA SENHORA DE LURDES", "NUMERO6": "108", "BAIRRO_L7": "PANTANAL/VILA UNIÃO", "DISTRITO8": "SOBRAL", "MUNICIPI9": "SOBRAL", "CEP10": "62021-206", "REGIAO_D11": "SERTÃO DE SOBRAL", "SETOR_IB12": "URBANA", "DATA_DE_13": "2023-10-31", "TIPO_DE_14": "SAAE - SERVIÇO AUTÔNOMO DE ÁGUA E ESGOTO", "DESIGNAC15": "ASSOCIAÇÃO", "LATITUDE16": "-3.684535", "LONGITUD17": "-40.369455", "OBS18": "COORDENADAS APROXIMADAS", "CONTAGEM19": "1" }, "geometry": { "type": "Point", "coordinates": [ -40.369455, -3.684535 ] } },
{ "type": "Feature", "properties": { "ID0": "625", "NOME_USP1": "INSTITUTO BENEFICENTE E CULTURAL CASA PAI BENEDITO DAS CAHOEIRAS", "NOME_UG2": "SOCIEDADE DE APOIO A FAMÍLIA SOBRALENSE - SAFS", "TIPO3": "FORMAL", "LOTE4": "LOTE 33", "ENDERECO5": "VILA SINHÁ SABÓIA", "NUMERO6": "433", "BAIRRO_L7": "SINHÁ SABÓIA", "DISTRITO8": "SOBRAL", "MUNICIPI9": "SOBRAL", "CEP10": "62050-281", "REGIAO_D11": "SERTÃO DE SOBRAL", "SETOR_IB12": "URBANA", "DATA_DE_13": "2023-10-18", "TIPO_DE_14": "SAAE - SERVIÇO AUTÔNOMO DE ÁGUA E ESGOTO", "DESIGNAC15": "POVO DE TERREIRO", "LATITUDE16": "-3.702591", "LONGITUD17": "-40.336249", "OBS18": "COORDENADAS APROXIMADAS", "CONTAGEM19": "1" }, "geometry": { "type": "Point", "coordinates": [ -40.336249, -3.702591 ] } },
{ "type": "Feature", "properties": { "ID0": "627", "NOME_USP1": "NOSSA SENHORA DA SAÚDE", "NOME_UG2": "SOCIEDADE DE APOIO A FAMÍLIA SOBRALENSE - SAFS", "TIPO3": "INFORMAL", "LOTE4": "LOTE 33", "ENDERECO5": "PRAÇA DA MATRIZ", "NUMERO6": "0", "BAIRRO_L7": "JORDÃO", "DISTRITO8": "JORDÃO", "MUNICIPI9": "SOBRAL", "CEP10": "62108-000", "REGIAO_D11": "SERTÃO DE SOBRAL", "SETOR_IB12": "URBANA", "DATA_DE_13": "2023-10-25", "TIPO_DE_14": "SAAE - SERVIÇO AUTÔNOMO DE ÁGUA E ESGOTO", "DESIGNAC15": "RELIGIOSA", "LATITUDE16": "-3.667351", "LONGITUD17": "-40.485233", "OBS18": "COORDENADAS APROXIMADAS", "CONTAGEM19": "1" }, "geometry": { "type": "Point", "coordinates": [ -40.485233, -3.667351 ] } },
{ "type": "Feature", "properties": { "ID0": "628", "NOME_USP1": "OBRA SOCIAL NOSSA SENHOR DA GLÓRIA FAZENDA DA ESPERANÇA SÃO BENTO", "NOME_UG2": "SOCIEDADE DE APOIO A FAMÍLIA SOBRALENSE - SAFS", "TIPO3": "FORMAL", "LOTE4": "LOTE 33", "ENDERECO5": "COMUNIDADE LAGOA QUEIMADA", "NUMERO6": "0", "BAIRRO_L7": "LAGOA QUEIMADA", "DISTRITO8": "PATRIARCA", "MUNICIPI9": "SOBRAL", "CEP10": "62104-000", "REGIAO_D11": "SERTÃO DE SOBRAL", "SETOR_IB12": "RURAL", "DATA_DE_13": "2023-11-10", "TIPO_DE_14": "SAAE - SERVIÇO AUTÔNOMO DE ÁGUA E ESGOTO", "DESIGNAC15": "RELIGIOSA", "LATITUDE16": "-3.606451", "LONGITUD17": "-40.280943", "OBS18": "COORDENADAS APROXIMADAS", "CONTAGEM19": "1" }, "geometry": { "type": "Point", "coordinates": [ -40.280943, -3.606451 ] } },
{ "type": "Feature", "properties": { "ID0": "629", "NOME_USP1": "SOCIEDADE DE APOIO A FAMÍLIA SOBRALENSE", "NOME_UG2": "SOCIEDADE DE APOIO A FAMÍLIA SOBRALENSE - SAFS", "TIPO3": "FORMAL", "LOTE4": "LOTE 33", "ENDERECO5": "RUA FRANCISQUINHA FROTA", "NUMERO6": "55", "BAIRRO_L7": "DOM JOSÉ 2", "DISTRITO8": "SOBRAL", "MUNICIPI9": "SOBRAL", "CEP10": "62015-270", "REGIAO_D11": "SERTÃO DE SOBRAL", "SETOR_IB12": "URBANA", "DATA_DE_13": "2023-10-18", "TIPO_DE_14": "SAAE - SERVIÇO AUTÔNOMO DE ÁGUA E ESGOTO", "DESIGNAC15": "OUTRAS", "LATITUDE16": "-3.69379", "LONGITUD17": "-40.363407", "OBS18": "COORDENADAS APROXIMADAS", "CONTAGEM19": "1" }, "geometry": { "type": "Point", "coordinates": [ -40.363407, -3.69379 ] } },
{ "type": "Feature", "properties": { "ID0": "631", "NOME_USP1": "ASSOCIACAO COMUNITARIA DE AGRICULTURA DO SEM TETO DA PONTE PRETA", "NOME_UG2": "CARITAS DIOCESANA DE CRATÉUS - CDC", "TIPO3": "FORMAL", "LOTE4": "LOTE 36", "ENDERECO5": "R TRAV. MANOEL CESÁRIO", "NUMERO6": "34", "BAIRRO_L7": "CRATEÚS", "DISTRITO8": "CRATEÚS", "MUNICIPI9": "CRATEÚS", "CEP10": "63700-001", "REGIAO_D11": "SERTÃO DOS CRATEÚS", "SETOR_IB12": "URBANA", "DATA_DE_13": "2023-09-25", "TIPO_DE_14": "CAGECE - COMPANHIA DE ÁGUA E ESGOTO DO ESTADO DO CEARÁ", "DESIGNAC15": "ASSOCIAÇÃO", "LATITUDE16": "-5.172135", "LONGITUD17": "-40.679312", "OBS18": "COORDENADAS APROXIMADAS", "CONTAGEM19": "1" }, "geometry": { "type": "Point", "coordinates": [ -40.679312, -5.172135 ] } },
{ "type": "Feature", "properties": { "ID0": "632", "NOME_USP1": "COMUNIDADE CATOLICA SHALOM-ASSOCIACAO SHALOM CRATEUS/CE", "NOME_UG2": "CARITAS DIOCESANA DE CRATÉUS - CDC", "TIPO3": "FORMAL", "LOTE4": "LOTE 36", "ENDERECO5": "R FIRMINO ROSA", "NUMERO6": "801", "BAIRRO_L7": "CENTRO", "DISTRITO8": "CRATEÚS", "MUNICIPI9": "CRATEÚS", "CEP10": "63700-001", "REGIAO_D11": "SERTÃO DOS CRATEÚS", "SETOR_IB12": "URBANA", "DATA_DE_13": "2023-09-25", "TIPO_DE_14": "CAGECE - COMPANHIA DE ÁGUA E ESGOTO DO ESTADO DO CEARÁ", "DESIGNAC15": "RELIGIOSA", "LATITUDE16": "-5.175459", "LONGITUD17": "-40.665911", "OBS18": "COORDENADAS APROXIMADAS", "CONTAGEM19": "1" }, "geometry": { "type": "Point", "coordinates": [ -40.665911, -5.175459 ] } },
{ "type": "Feature", "properties": { "ID0": "633", "NOME_USP1": "COMUNIDADE ESPIRITA SEAREIROS DA PAZ", "NOME_UG2": "CARITAS DIOCESANA DE CRATÉUS - CDC", "TIPO3": "FORMAL", "LOTE4": "LOTE 36", "ENDERECO5": "R JOSE FREIRE FILHO", "NUMERO6": "1085", "BAIRRO_L7": "CIDADE 2000", "DISTRITO8": "CRATEÚS", "MUNICIPI9": "CRATEÚS", "CEP10": "63700-001", "REGIAO_D11": "SERTÃO DOS CRATEÚS", "SETOR_IB12": "URBANA", "DATA_DE_13": "2023-09-25", "TIPO_DE_14": "CAGECE - COMPANHIA DE ÁGUA E ESGOTO DO ESTADO DO CEARÁ", "DESIGNAC15": "RELIGIOSA", "LATITUDE16": "-5.159633", "LONGITUD17": "-40.665425", "OBS18": "COORDENADAS APROXIMADAS", "CONTAGEM19": "1" }, "geometry": { "type": "Point", "coordinates": [ -40.665425, -5.159633 ] } },
{ "type": "Feature", "properties": { "ID0": "634", "NOME_USP1": "COZINHA SOLIDARIA - AÇUDE ORIENTE II", "NOME_UG2": "CARITAS DIOCESANA DE CRATÉUS - CDC", "TIPO3": "INFORMAL", "LOTE4": "LOTE 36", "ENDERECO5": "RUA SÃO DOMINGOS", "NUMERO6": "78", "BAIRRO_L7": "AÇUDE ORIENTE II", "DISTRITO8": "NOVO ORIENTE", "MUNICIPI9": "NOVO ORIENTE", "CEP10": "63740-000", "REGIAO_D11": "SERTÃO DOS CRATEÚS", "SETOR_IB12": "URBANA", "DATA_DE_13": "2023-09-25", "TIPO_DE_14": "CAGECE - COMPANHIA DE ÁGUA E ESGOTO DO ESTADO DO CEARÁ", "DESIGNAC15": "OUTRAS", "LATITUDE16": "-5.555666", "LONGITUD17": "-40.788226", "OBS18": "COORDENADAS APROXIMADAS", "CONTAGEM19": "1" }, "geometry": { "type": "Point", "coordinates": [ -40.788226, -5.555666 ] } },
{ "type": "Feature", "properties": { "ID0": "635", "NOME_USP1": "COZINHA SOLIDARIA- BRISA DO ORIENTE", "NOME_UG2": "CARITAS DIOCESANA DE CRATÉUS - CDC", "TIPO3": "INFORMAL", "LOTE4": "LOTE 36", "ENDERECO5": "RUA NORTE SUL 05", "NUMERO6": "21", "BAIRRO_L7": "NOVO ORIENTE", "DISTRITO8": "NOVO ORIENTE", "MUNICIPI9": "NOVO ORIENTE", "CEP10": "63740-000", "REGIAO_D11": "SERTÃO DOS CRATEÚS", "SETOR_IB12": "URBANA", "DATA_DE_13": "2023-09-25", "TIPO_DE_14": "CAGECE - COMPANHIA DE ÁGUA E ESGOTO DO ESTADO DO CEARÁ", "DESIGNAC15": "OUTRAS", "LATITUDE16": "-5.537418", "LONGITUD17": "-40.773695", "OBS18": "COORDENADAS APROXIMADAS", "CONTAGEM19": "1" }, "geometry": { "type": "Point", "coordinates": [ -40.773695, -5.537418 ] } },
{ "type": "Feature", "properties": { "ID0": "636", "NOME_USP1": "COZINHA SOLIDARIA - CONJ SANTA RITA", "NOME_UG2": "CARITAS DIOCESANA DE CRATÉUS - CDC", "TIPO3": "INFORMAL", "LOTE4": "LOTE 36", "ENDERECO5": "RUA PRE ADONIAS CARNEIRO PORTELA", "NUMERO6": "48", "BAIRRO_L7": "SANTA RITA", "DISTRITO8": "INDEPENDÊNCIA", "MUNICIPI9": "INDEPENDÊNCIA", "CEP10": "63640-000", "REGIAO_D11": "SERTÃO DOS CRATEÚS", "SETOR_IB12": "URBANA", "DATA_DE_13": "2023-09-25", "TIPO_DE_14": "CAGECE - COMPANHIA DE ÁGUA E ESGOTO DO ESTADO DO CEARÁ", "DESIGNAC15": "OUTRAS", "LATITUDE16": "-5.394767", "LONGITUD17": "-40.309094", "OBS18": "COORDENADAS APROXIMADAS", "CONTAGEM19": "1" }, "geometry": { "type": "Point", "coordinates": [ -40.309094, -5.394767 ] } },
{ "type": "Feature", "properties": { "ID0": "637", "NOME_USP1": "COZINHA SOLIDARIA - CONJUNTO NOSSA SENHORA DE FATIMA", "NOME_UG2": "CARITAS DIOCESANA DE CRATÉUS - CDC", "TIPO3": "INFORMAL", "LOTE4": "LOTE 36", "ENDERECO5": "RUA JULIANA SOARES DE OLIVEIRA", "NUMERO6": "108", "BAIRRO_L7": "CAMPO VELHO", "DISTRITO8": "CRATEÚS", "MUNICIPI9": "CRATEÚS", "CEP10": "63700-001", "REGIAO_D11": "SERTÃO DOS CRATEÚS", "SETOR_IB12": "URBANA", "DATA_DE_13": "2023-09-25", "TIPO_DE_14": "CAGECE - COMPANHIA DE ÁGUA E ESGOTO DO ESTADO DO CEARÁ", "DESIGNAC15": "OUTRAS - INDÍGENA", "LATITUDE16": "-5.19398", "LONGITUD17": "-40.671106", "OBS18": "COORDENADAS APROXIMADAS", "CONTAGEM19": "1" }, "geometry": { "type": "Point", "coordinates": [ -40.671106, -5.19398 ] } },
{ "type": "Feature", "properties": { "ID0": "639", "NOME_USP1": "COZINHA SOLIDARIA - MANÁ DO CÉU", "NOME_UG2": "CARITAS DIOCESANA DE CRATÉUS - CDC", "TIPO3": "INFORMAL", "LOTE4": "LOTE 36", "ENDERECO5": "RUA CHAVES MARTINS", "NUMERO6": "235", "BAIRRO_L7": "CENTRO", "DISTRITO8": "CRATEÚS", "MUNICIPI9": "CRATEÚS", "CEP10": "63704-155", "REGIAO_D11": "SERTÃO DOS CRATEÚS", "SETOR_IB12": "URBANA", "DATA_DE_13": "2023-11-10", "TIPO_DE_14": "CAGECE - COMPANHIA DE ÁGUA E ESGOTO DO ESTADO DO CEARÁ", "DESIGNAC15": "RELIGIOSA - EVANGÉLICA", "LATITUDE16": "-5.177985", "LONGITUD17": "-40.678496", "OBS18": "COORDENADAS APROXIMADAS", "CONTAGEM19": "1" }, "geometry": { "type": "Point", "coordinates": [ -40.678496, -5.177985 ] } },
{ "type": "Feature", "properties": { "ID0": "640", "NOME_USP1": "COZINHA SOLIDARIA - PLANALTINA", "NOME_UG2": "CARITAS DIOCESANA DE CRATÉUS - CDC", "TIPO3": "INFORMAL", "LOTE4": "LOTE 36", "ENDERECO5": "RUA FRANCISCA RODRIGUES SILVA", "NUMERO6": "114", "BAIRRO_L7": "PLANALTO", "DISTRITO8": "CRATEÚS", "MUNICIPI9": "CRATEÚS", "CEP10": "63700-001", "REGIAO_D11": "SERTÃO DOS CRATEÚS", "SETOR_IB12": "URBANA", "DATA_DE_13": "2023-09-25", "TIPO_DE_14": "CAGECE - COMPANHIA DE ÁGUA E ESGOTO DO ESTADO DO CEARÁ", "DESIGNAC15": "OUTRAS - INDÍGENA", "LATITUDE16": "-5.186083", "LONGITUD17": "-40.68229", "OBS18": "COORDENADAS APROXIMADAS", "CONTAGEM19": "1" }, "geometry": { "type": "Point", "coordinates": [ -40.68229, -5.186083 ] } },
{ "type": "Feature", "properties": { "ID0": "641", "NOME_USP1": "COZINHA SOLIDARIA - SÃO JOSÉ", "NOME_UG2": "CARITAS DIOCESANA DE CRATÉUS - CDC", "TIPO3": "INFORMAL", "LOTE4": "LOTE 36", "ENDERECO5": "BAIRRO SÃO JOSÉ", "NUMERO6": "0", "BAIRRO_L7": "SÃO JOSÉ", "DISTRITO8": "IPAPORANGA", "MUNICIPI9": "IPAPORANGA", "CEP10": "62215-000", "REGIAO_D11": "SERTÃO DOS CRATEÚS", "SETOR_IB12": "RURAL", "DATA_DE_13": "2023-09-25", "TIPO_DE_14": "SISAR - SISTEMA INTEGRADO DE SANEAMENTO RURAL", "DESIGNAC15": "OUTRAS", "LATITUDE16": "-4.887206", "LONGITUD17": "-40.779344", "OBS18": "COORDENADAS APROXIMADAS", "CONTAGEM19": "1" }, "geometry": { "type": "Point", "coordinates": [ -40.779344, -4.887206 ] } },
{ "type": "Feature", "properties": { "ID0": "642", "NOME_USP1": "COZINHA SOLIDARIA - VENANCIOS", "NOME_UG2": "CARITAS DIOCESANA DE CRATÉUS - CDC", "TIPO3": "INFORMAL", "LOTE4": "LOTE 36", "ENDERECO5": "RUA EDUARDO ALBUQUERQUE", "NUMERO6": "142", "BAIRRO_L7": "VENANCIOS", "DISTRITO8": "CRATEÚS", "MUNICIPI9": "CRATEÚS", "CEP10": "63700-000", "REGIAO_D11": "SERTÃO DOS CRATEÚS", "SETOR_IB12": "URBANA", "DATA_DE_13": "2023-09-25", "TIPO_DE_14": "CAGECE - COMPANHIA DE ÁGUA E ESGOTO DO ESTADO DO CEARÁ", "DESIGNAC15": "OUTRAS", "LATITUDE16": "-5.180841", "LONGITUD17": "-40.657754", "OBS18": "COORDENADAS APROXIMADAS", "CONTAGEM19": "1" }, "geometry": { "type": "Point", "coordinates": [ -40.657754, -5.180841 ] } },
{ "type": "Feature", "properties": { "ID0": "643", "NOME_USP1": "COZINHA SOLIDARIA - VILA FELIZ", "NOME_UG2": "CARITAS DIOCESANA DE CRATÉUS - CDC", "TIPO3": "INFORMAL", "LOTE4": "LOTE 36", "ENDERECO5": "RUA JESUINO RODRIGUES SAMPAIO", "NUMERO6": "435", "BAIRRO_L7": "VILA FELIZ", "DISTRITO8": "NOVO ORIENTE", "MUNICIPI9": "NOVO ORIENTE", "CEP10": "63740-000", "REGIAO_D11": "SERTÃO DOS CRATEÚS", "SETOR_IB12": "URBANA", "DATA_DE_13": "2023-09-25", "TIPO_DE_14": "CAGECE - COMPANHIA DE ÁGUA E ESGOTO DO ESTADO DO CEARÁ", "DESIGNAC15": "OUTRAS", "LATITUDE16": "-5.541131", "LONGITUD17": "-40.784371", "OBS18": "COORDENADAS APROXIMADAS", "CONTAGEM19": "1" }, "geometry": { "type": "Point", "coordinates": [ -40.784371, -5.541131 ] } },
{ "type": "Feature", "properties": { "ID0": "644", "NOME_USP1": "DIOCESE DE CRATEÚS / PAROQUIA DE CRATEÚS", "NOME_UG2": "CARITAS DIOCESANA DE CRATÉUS - CDC", "TIPO3": "FORMAL", "LOTE4": "LOTE 36", "ENDERECO5": "RUA DOUTOR JOSÉ CORIOLANO", "NUMERO6": "0", "BAIRRO_L7": "CENTRO", "DISTRITO8": "CRATEÚS", "MUNICIPI9": "CRATEÚS", "CEP10": "63700-040", "REGIAO_D11": "SERTÃO DOS CRATEÚS", "SETOR_IB12": "URBANA", "DATA_DE_13": "2023-09-25", "TIPO_DE_14": "CAGECE - COMPANHIA DE ÁGUA E ESGOTO DO ESTADO DO CEARÁ", "DESIGNAC15": "RELIGIOSA", "LATITUDE16": "-5.174635", "LONGITUD17": "-40.668111", "OBS18": "COORDENADAS APROXIMADAS", "CONTAGEM19": "1" }, "geometry": { "type": "Point", "coordinates": [ -40.668111, -5.174635 ] } },
{ "type": "Feature", "properties": { "ID0": "645", "NOME_USP1": "DIOCESE DE CRATEÚS / PAROQUIA DE INDEPENDÊNCIA", "NOME_UG2": "CARITAS DIOCESANA DE CRATÉUS - CDC", "TIPO3": "FORMAL", "LOTE4": "LOTE 36", "ENDERECO5": "CICERO JUSTINO DE MELLO", "NUMERO6": "0", "BAIRRO_L7": "SÃO VICENTE", "DISTRITO8": "INDEPENDÊNCIA", "MUNICIPI9": "INDEPENDÊNCIA", "CEP10": "63640-000", "REGIAO_D11": "SERTÃO DOS CRATEÚS", "SETOR_IB12": "URBANA", "DATA_DE_13": "2023-09-25", "TIPO_DE_14": "CAGECE - COMPANHIA DE ÁGUA E ESGOTO DO ESTADO DO CEARÁ", "DESIGNAC15": "RELIGIOSA", "LATITUDE16": "-5.396133", "LONGITUD17": "-40.307495", "OBS18": "COORDENADAS APROXIMADAS", "CONTAGEM19": "1" }, "geometry": { "type": "Point", "coordinates": [ -40.307495, -5.396133 ] } },
{ "type": "Feature", "properties": { "ID0": "646", "NOME_USP1": "FRENTE SOCIAL CRISTA", "NOME_UG2": "CARITAS DIOCESANA DE CRATÉUS - CDC", "TIPO3": "FORMAL", "LOTE4": "LOTE 36", "ENDERECO5": "R DOUTOR JULIO LIMA", "NUMERO6": "1014", "BAIRRO_L7": "CENTRO", "DISTRITO8": "CRATEÚS", "MUNICIPI9": "CRATEÚS", "CEP10": "63700-001", "REGIAO_D11": "SERTÃO DOS CRATEÚS", "SETOR_IB12": "URBANA", "DATA_DE_13": "2023-09-25", "TIPO_DE_14": "CAGECE - COMPANHIA DE ÁGUA E ESGOTO DO ESTADO DO CEARÁ", "DESIGNAC15": "RELIGIOSA", "LATITUDE16": "-5.180485", "LONGITUD17": "-40.670139", "OBS18": "COORDENADAS APROXIMADAS", "CONTAGEM19": "1" }, "geometry": { "type": "Point", "coordinates": [ -40.670139, -5.180485 ] } },
{ "type": "Feature", "properties": { "ID0": "647", "NOME_USP1": "SINDICATO DOS TRABALHADORES RURAIS AGRICULTORES E AGRICULTORAS FAMILIARES DE IPAPORANGA-CE", "NOME_UG2": "CARITAS DIOCESANA DE CRATÉUS - CDC", "TIPO3": "FORMAL", "LOTE4": "LOTE 36", "ENDERECO5": "RUA PEDRO FARIAS", "NUMERO6": "4", "BAIRRO_L7": "CENTRO", "DISTRITO8": "IPAPORANGA", "MUNICIPI9": "IPAPORANGA", "CEP10": "62215-000", "REGIAO_D11": "SERTÃO DOS CRATEÚS", "SETOR_IB12": "URBANA", "DATA_DE_13": "2023-09-25", "TIPO_DE_14": "CAGECE - COMPANHIA DE ÁGUA E ESGOTO DO ESTADO DO CEARÁ", "DESIGNAC15": "SINDICATO", "LATITUDE16": "-4.898779", "LONGITUD17": "-40.760022", "OBS18": "COORDENADAS APROXIMADAS", "CONTAGEM19": "1" }, "geometry": { "type": "Point", "coordinates": [ -40.760022, -4.898779 ] } },
{ "type": "Feature", "properties": { "ID0": "648", "NOME_USP1": "SINDICATO DOS TRABALHADORES RURAIS AGRICULTORES E AGRICULTORAS FAMILIARES DE NOVO ORIENTE-CE", "NOME_UG2": "CARITAS DIOCESANA DE CRATÉUS - CDC", "TIPO3": "FORMAL", "LOTE4": "LOTE 36", "ENDERECO5": "RUA PEDRO CARVALHEDO", "NUMERO6": "41", "BAIRRO_L7": "NOVO ORIENTE", "DISTRITO8": "NOVO ORIENTE", "MUNICIPI9": "NOVO ORIENTE", "CEP10": "63740-000", "REGIAO_D11": "SERTÃO DOS CRATEÚS", "SETOR_IB12": "URBANA", "DATA_DE_13": "2023-09-25", "TIPO_DE_14": null, "DESIGNAC15": "SINDICATO", "LATITUDE16": "-5.534988", "LONGITUD17": "-40.774725", "OBS18": "COORDENADAS APROXIMADAS", "CONTAGEM19": "1" }, "geometry": { "type": "Point", "coordinates": [ -40.774725, -5.534988 ] } },
{ "type": "Feature", "properties": { "ID0": "649", "NOME_USP1": "BOM NOME", "NOME_UG2": "COOPERATIVA DE TRABALHO PRESTADORA DE SERVIÇOS DE ASSESSORIA TÉCNICA - COPASAT LTDA", "TIPO3": "INFORMAL", "LOTE4": "LOTE 38", "ENDERECO5": "HORACIO VIEIRA FORTALEZA", "NUMERO6": "0", "BAIRRO_L7": "AIUABA", "DISTRITO8": "NÃO SE APLICA", "MUNICIPI9": "AIUABA", "CEP10": "63575-000", "REGIAO_D11": "SERTÃO DOS INHAMUNS", "SETOR_IB12": "URBANA", "DATA_DE_13": "2023-10-27", "TIPO_DE_14": "CARRO PIPA", "DESIGNAC15": "OUTRAS", "LATITUDE16": "-6.572445", "LONGITUD17": "-40.123228", "OBS18": "COORDENADAS APROXIMADAS", "CONTAGEM19": "1" }, "geometry": { "type": "Point", "coordinates": [ -40.123228, -6.572445 ] } },
{ "type": "Feature", "properties": { "ID0": "650", "NOME_USP1": "COZINHA ALIMENTO SAUDAVEL", "NOME_UG2": "COOPERATIVA DE TRABALHO PRESTADORA DE SERVIÇOS DE ASSESSORIA TÉCNICA - COPASAT LTDA", "TIPO3": "INFORMAL", "LOTE4": "LOTE 38", "ENDERECO5": "VILA MIRANDA", "NUMERO6": "0", "BAIRRO_L7": "PARAMBU", "DISTRITO8": "NÃO SE APLICA", "MUNICIPI9": "PARAMBU", "CEP10": "63680-000", "REGIAO_D11": "SERTÃO DOS INHAMUNS", "SETOR_IB12": "URBANA", "DATA_DE_13": "2023-10-16", "TIPO_DE_14": "ADUTORA LOCAL - SISTEMA COMUNITÁRIO", "DESIGNAC15": "OUTRAS", "LATITUDE16": "-6.289194", "LONGITUD17": "-40.582191", "OBS18": "COORDENADAS APROXIMADAS", "CONTAGEM19": "1" }, "geometry": { "type": "Point", "coordinates": [ -40.582191, -6.289194 ] } },
{ "type": "Feature", "properties": { "ID0": "651", "NOME_USP1": "COZINHA SOLIDARIA DE CAMPO GRANDE", "NOME_UG2": "COOPERATIVA DE TRABALHO PRESTADORA DE SERVIÇOS DE ASSESSORIA TÉCNICA - COPASAT LTDA", "TIPO3": "INFORMAL", "LOTE4": "LOTE 38", "ENDERECO5": "VILA CAMPO GRANDE", "NUMERO6": "0", "BAIRRO_L7": "NOVO ASSIS", "DISTRITO8": "NOVO ASSIS", "MUNICIPI9": "PARAMBU", "CEP10": "63680-000", "REGIAO_D11": "SERTÃO DOS INHAMUNS", "SETOR_IB12": "URBANA", "DATA_DE_13": "2023-10-16", "TIPO_DE_14": "POÇO", "DESIGNAC15": "OUTRAS", "LATITUDE16": "-6.02709", "LONGITUD17": "-40.583347", "OBS18": "COORDENADAS APROXIMADAS", "CONTAGEM19": "1" }, "geometry": { "type": "Point", "coordinates": [ -40.583347, -6.02709 ] } },
{ "type": "Feature", "properties": { "ID0": "652", "NOME_USP1": "COZINHANDO COM AMOR", "NOME_UG2": "COOPERATIVA DE TRABALHO PRESTADORA DE SERVIÇOS DE ASSESSORIA TÉCNICA - COPASAT LTDA", "TIPO3": "INFORMAL", "LOTE4": "LOTE 38", "ENDERECO5": "VILA ISABEL/POV COVA DONGA", "NUMERO6": "0", "BAIRRO_L7": "COCOCI", "DISTRITO8": "NÃO SE APLICA", "MUNICIPI9": "PARAMBU", "CEP10": "63680-000", "REGIAO_D11": "SERTÃO DOS INHAMUNS", "SETOR_IB12": "URBANA", "DATA_DE_13": "2023-10-16", "TIPO_DE_14": "POÇO + CARRO PIPA", "DESIGNAC15": "OUTRAS", "LATITUDE16": "-6.521816", "LONGITUD17": "-40.786926", "OBS18": "COORDENADAS APROXIMADAS", "CONTAGEM19": "1" }, "geometry": { "type": "Point", "coordinates": [ -40.786926, -6.521816 ] } },
{ "type": "Feature", "properties": { "ID0": "653", "NOME_USP1": "COZINHA BOM PRATO", "NOME_UG2": "COOPERATIVA DE TRABALHO PRESTADORA DE SERVIÇOS DE ASSESSORIA TÉCNICA - COPASAT LTDA", "TIPO3": "INFORMAL", "LOTE4": "LOTE 38", "ENDERECO5": "ANTONIO JATAI SOBRINHO", "NUMERO6": "286", "BAIRRO_L7": "COLIBRIS", "DISTRITO8": "NÃO SE APLICA", "MUNICIPI9": "TAUÁ", "CEP10": "63660-000", "REGIAO_D11": "SERTÃO DOS INHAMUNS", "SETOR_IB12": "URBANA", "DATA_DE_13": "2023-10-25", "TIPO_DE_14": "CAGECE - COMPANHIA DE ÁGUA E ESGOTO DO ESTADO DO CEARÁ", "DESIGNAC15": "OUTRAS", "LATITUDE16": "-6.007673", "LONGITUD17": "-40.300373", "OBS18": "COORDENADAS APROXIMADAS", "CONTAGEM19": "1" }, "geometry": { "type": "Point", "coordinates": [ -40.300373, -6.007673 ] } },
{ "type": "Feature", "properties": { "ID0": "654", "NOME_USP1": "COZINHA SOLIDARIA TABAJARA", "NOME_UG2": "COOPERATIVA DE TRABALHO PRESTADORA DE SERVIÇOS DE ASSESSORIA TÉCNICA - COPASAT LTDA", "TIPO3": "INFORMAL", "LOTE4": "LOTE 38", "ENDERECO5": "ALDEIA FIDELIS", "NUMERO6": "0", "BAIRRO_L7": "SÃO FRANCISCO", "DISTRITO8": "SÃO FRANCISCO", "MUNICIPI9": "QUITERIANÓPOLIS", "CEP10": "63650-000", "REGIAO_D11": "SERTÃO DOS INHAMUNS", "SETOR_IB12": "URBANA", "DATA_DE_13": "2023-10-16", "TIPO_DE_14": "POÇO", "DESIGNAC15": "INDÍGENA", "LATITUDE16": "-5.72147", "LONGITUD17": "-40.746474", "OBS18": "COORDENADAS APROXIMADAS", "CONTAGEM19": "1" }, "geometry": { "type": "Point", "coordinates": [ -40.746474, -5.72147 ] } },
{ "type": "Feature", "properties": { "ID0": "655", "NOME_USP1": "GRUPO SOLIDARIO", "NOME_UG2": "COOPERATIVA DE TRABALHO PRESTADORA DE SERVIÇOS DE ASSESSORIA TÉCNICA - COPASAT LTDA", "TIPO3": "INFORMAL", "LOTE4": "LOTE 38", "ENDERECO5": "RUA OLGA FEITOSA", "NUMERO6": "118", "BAIRRO_L7": "AIUABA", "DISTRITO8": "NÃO SE APLICA", "MUNICIPI9": "AIUABA", "CEP10": "63575-000", "REGIAO_D11": "SERTÃO DOS INHAMUNS", "SETOR_IB12": "URBANA", "DATA_DE_13": "2023-10-30", "TIPO_DE_14": "CAGECE - COMPANHIA DE ÁGUA E ESGOTO DO ESTADO DO CEARÁ", "DESIGNAC15": "OUTRAS", "LATITUDE16": "-6.572728", "LONGITUD17": "-40.121923", "OBS18": "COORDENADAS APROXIMADAS", "CONTAGEM19": "1" }, "geometry": { "type": "Point", "coordinates": [ -40.121923, -6.572728 ] } },
{ "type": "Feature", "properties": { "ID0": "656", "NOME_USP1": "LAR DOCE LAR", "NOME_UG2": "COOPERATIVA DE TRABALHO PRESTADORA DE SERVIÇOS DE ASSESSORIA TÉCNICA - COPASAT LTDA", "TIPO3": "INFORMAL", "LOTE4": "LOTE 38", "ENDERECO5": "RUA FELIPE AGAPITO MONTEIRO", "NUMERO6": "189", "BAIRRO_L7": "ALTO SANTO ANTONIO", "DISTRITO8": "ARNEIROZ", "MUNICIPI9": "ARNEIROZ", "CEP10": "63670-000", "REGIAO_D11": "SERTÃO DOS INHAMUNS", "SETOR_IB12": "URBANA", "DATA_DE_13": "2023-10-25", "TIPO_DE_14": "CAGECE - COMPANHIA DE ÁGUA E ESGOTO DO ESTADO DO CEARÁ", "DESIGNAC15": "OUTRAS", "LATITUDE16": "-6.327515", "LONGITUD17": "-40.153967", "OBS18": "COORDENADAS APROXIMADAS", "CONTAGEM19": "1" }, "geometry": { "type": "Point", "coordinates": [ -40.153967, -6.327515 ] } },
{ "type": "Feature", "properties": { "ID0": "657", "NOME_USP1": "MÃOS DADA NO COMBATE A FOME", "NOME_UG2": "COOPERATIVA DE TRABALHO PRESTADORA DE SERVIÇOS DE ASSESSORIA TÉCNICA - COPASAT LTDA", "TIPO3": "INFORMAL", "LOTE4": "LOTE 38", "ENDERECO5": "RUA RAIMUNDO NONATO FILHO", "NUMERO6": "0", "BAIRRO_L7": "SANTA TEREZA", "DISTRITO8": "SANTA TEREZA", "MUNICIPI9": "TAUÁ", "CEP10": "63668-000", "REGIAO_D11": "SERTÃO DOS INHAMUNS", "SETOR_IB12": "URBANA", "DATA_DE_13": "2023-10-26", "TIPO_DE_14": "POÇO", "DESIGNAC15": "OUTRAS", "LATITUDE16": "-5.867121", "LONGITUD17": "-40.573596", "OBS18": "COORDENADAS APROXIMADAS", "CONTAGEM19": "1" }, "geometry": { "type": "Point", "coordinates": [ -40.573596, -5.867121 ] } },
{ "type": "Feature", "properties": { "ID0": "658", "NOME_USP1": "MÃOS QUE CONSTROEM", "NOME_UG2": "COOPERATIVA DE TRABALHO PRESTADORA DE SERVIÇOS DE ASSESSORIA TÉCNICA - COPASAT LTDA", "TIPO3": "INFORMAL", "LOTE4": "LOTE 38", "ENDERECO5": "RUA ALEXANDRINO MELO", "NUMERO6": "751", "BAIRRO_L7": "QUITERIANÓPOLIS", "DISTRITO8": "QUITERIANÓPOLIS", "MUNICIPI9": "QUITERIANÓPOLIS", "CEP10": "63650-000", "REGIAO_D11": "SERTÃO DOS INHAMUNS", "SETOR_IB12": "URBANA", "DATA_DE_13": "2023-10-16", "TIPO_DE_14": "CAGECE - COMPANHIA DE ÁGUA E ESGOTO DO ESTADO DO CEARÁ", "DESIGNAC15": "OUTRAS", "LATITUDE16": "-5.845692", "LONGITUD17": "-40.705407", "OBS18": "COORDENADAS APROXIMADAS", "CONTAGEM19": "1" }, "geometry": { "type": "Point", "coordinates": [ -40.705407, -5.845692 ] } },
{ "type": "Feature", "properties": { "ID0": "659", "NOME_USP1": "MÃOS QUILOMBOLAS", "NOME_UG2": "COOPERATIVA DE TRABALHO PRESTADORA DE SERVIÇOS DE ASSESSORIA TÉCNICA - COPASAT LTDA", "TIPO3": "INFORMAL", "LOTE4": "LOTE 38", "ENDERECO5": "RUA TORQUATO RODRIGUES DA SILVA", "NUMERO6": "0", "BAIRRO_L7": "ALDEOTA", "DISTRITO8": "TAUÁ", "MUNICIPI9": "TAUÁ", "CEP10": "63660-000", "REGIAO_D11": "SERTÃO DOS INHAMUNS", "SETOR_IB12": "URBANA", "DATA_DE_13": "2023-10-30", "TIPO_DE_14": "CAGECE - COMPANHIA DE ÁGUA E ESGOTO DO ESTADO DO CEARÁ", "DESIGNAC15": "QUILOMBOLA", "LATITUDE16": "-5.987814", "LONGITUD17": "-40.293732", "OBS18": "COORDENADAS APROXIMADAS", "CONTAGEM19": "1" }, "geometry": { "type": "Point", "coordinates": [ -40.293732, -5.987814 ] } },
{ "type": "Feature", "properties": { "ID0": "660", "NOME_USP1": "CUIDANDO DE TODOS", "NOME_UG2": "COOPERATIVA DE TRABALHO PRESTADORA DE SERVIÇOS DE ASSESSORIA TÉCNICA - COPASAT LTDA", "TIPO3": "INFORMAL", "LOTE4": "LOTE 38", "ENDERECO5": "RUA DAS ACACIAS", "NUMERO6": "0", "BAIRRO_L7": "QUITERIANÓPOLIS", "DISTRITO8": "QUITERIANÓPOLIS", "MUNICIPI9": "QUITERIANÓPOLIS", "CEP10": "63650-000", "REGIAO_D11": "SERTÃO DOS INHAMUNS", "SETOR_IB12": "URBANA", "DATA_DE_13": "2023-10-18", "TIPO_DE_14": null, "DESIGNAC15": "OUTRAS", "LATITUDE16": "-5.845566", "LONGITUD17": "-40.705462", "OBS18": "COORDENADAS APROXIMADAS", "CONTAGEM19": "1" }, "geometry": { "type": "Point", "coordinates": [ -40.705462, -5.845566 ] } },
{ "type": "Feature", "properties": { "ID0": "661", "NOME_USP1": "RAIZES DA TERRA", "NOME_UG2": "COOPERATIVA DE TRABALHO PRESTADORA DE SERVIÇOS DE ASSESSORIA TÉCNICA - COPASAT LTDA", "TIPO3": "INFORMAL", "LOTE4": "LOTE 38", "ENDERECO5": "RUA SEBASTIÃO FERREIRA FIRMO", "NUMERO6": "223", "BAIRRO_L7": "ALDEOTA", "DISTRITO8": "NÃO SE APLICA", "MUNICIPI9": "TAUÁ", "CEP10": "63660-000", "REGIAO_D11": "SERTÃO DOS INHAMUNS", "SETOR_IB12": "URBANA", "DATA_DE_13": "2023-10-27", "TIPO_DE_14": "CAGECE - COMPANHIA DE ÁGUA E ESGOTO DO ESTADO DO CEARÁ", "DESIGNAC15": "QUILOMBOLA", "LATITUDE16": "-5.987528", "LONGITUD17": "-40.291364", "OBS18": "COORDENADAS APROXIMADAS", "CONTAGEM19": "1" }, "geometry": { "type": "Point", "coordinates": [ -40.291364, -5.987528 ] } },
{ "type": "Feature", "properties": { "ID0": "662", "NOME_USP1": "SEGURANÇA ALIMENTAR", "NOME_UG2": "COOPERATIVA DE TRABALHO PRESTADORA DE SERVIÇOS DE ASSESSORIA TÉCNICA - COPASAT LTDA", "TIPO3": "INFORMAL", "LOTE4": "LOTE 38", "ENDERECO5": "RUA HIDELBRANDO ALVES CABRAL", "NUMERO6": "0", "BAIRRO_L7": "PARAMBU", "DISTRITO8": "NÃO SE APLICA", "MUNICIPI9": "PARAMBU", "CEP10": "63680-000", "REGIAO_D11": "SERTÃO DOS INHAMUNS", "SETOR_IB12": "URBANA", "DATA_DE_13": "2023-10-16", "TIPO_DE_14": "CAGECE - COMPANHIA DE ÁGUA E ESGOTO DO ESTADO DO CEARÁ", "DESIGNAC15": "SINDICATO", "LATITUDE16": "-6.213239", "LONGITUD17": "-40.693284", "OBS18": "COORDENADAS APROXIMADAS", "CONTAGEM19": "1" }, "geometry": { "type": "Point", "coordinates": [ -40.693284, -6.213239 ] } },
{ "type": "Feature", "properties": { "ID0": "663", "NOME_USP1": "COZINHA SOLIDARIA SERRAS", "NOME_UG2": "COOPERATIVA DE TRABALHO PRESTADORA DE SERVIÇOS DE ASSESSORIA TÉCNICA - COPASAT LTDA", "TIPO3": "INFORMAL", "LOTE4": "LOTE 38", "ENDERECO5": "SERRA DO CIPO", "NUMERO6": "0", "BAIRRO_L7": "MONTE SION", "DISTRITO8": "NÃO SE APLICA", "MUNICIPI9": "PARAMBU", "CEP10": "63680-000", "REGIAO_D11": "SERTÃO DOS INHAMUNS", "SETOR_IB12": "URBANA", "DATA_DE_13": "2023-10-16", "TIPO_DE_14": "POÇO + CARRO PIPA", "DESIGNAC15": "OUTRAS", "LATITUDE16": "-6.261728", "LONGITUD17": "-40.733691", "OBS18": "COORDENADAS APROXIMADAS", "CONTAGEM19": "1" }, "geometry": { "type": "Point", "coordinates": [ -40.733691, -6.261728 ] } },
{ "type": "Feature", "properties": { "ID0": "664", "NOME_USP1": "DEUS É FIEL", "NOME_UG2": "COOPERATIVA DE TRABALHO PRESTADORA DE SERVIÇOS DE ASSESSORIA TÉCNICA - COPASAT LTDA", "TIPO3": "INFORMAL", "LOTE4": "LOTE 38", "ENDERECO5": "VILA CHATINHO", "NUMERO6": "252", "BAIRRO_L7": "ZONA RURAL", "DISTRITO8": "ARNEIROZ", "MUNICIPI9": "ARNEIROZ", "CEP10": "63670-000", "REGIAO_D11": "SERTÃO DOS INHAMUNS", "SETOR_IB12": "RURAL", "DATA_DE_13": "2023-10-25", "TIPO_DE_14": "POÇO + CISTERNA + CARRO PIPA", "DESIGNAC15": "OUTRAS", "LATITUDE16": "-6.120736", "LONGITUD17": "-39.943737", "OBS18": "COORDENADAS APROXIMADAS", "CONTAGEM19": "1" }, "geometry": { "type": "Point", "coordinates": [ -39.943737, -6.120736 ] } },
{ "type": "Feature", "properties": { "ID0": "717", "NOME_USP1": "INSTITUTO ARTE VIDA", "NOME_UG2": "INTITUTO FLOR DO PIIQUÍ", "TIPO3": "FORMAL", "LOTE4": "LOTE 23", "ENDERECO5": "RUA SÃO PAULO", "NUMERO6": "296", "BAIRRO_L7": "MURITI", "DISTRITO8": "CRATO", "MUNICIPI9": "CRATO", "CEP10": "63132-175", "REGIAO_D11": "CARIRI", "SETOR_IB12": "URBANA", "DATA_DE_13": "2023-10-02", "TIPO_DE_14": "SAAE - SERVIÇO AUTÔNOMO DE ÁGUA E ESGOTO", "DESIGNAC15": "INSTITUTO", "LATITUDE16": "-7.224902", "LONGITUD17": "-39.376398", "OBS18": "COORDENADAS APROXIMADAS", "CONTAGEM19": "1" }, "geometry": { "type": "Point", "coordinates": [ -39.376398, -7.224902 ] } },
{ "type": "Feature", "properties": { "ID0": "665", "NOME_USP1": "ASSOCIAÇÃO ASSENTADOS DA CHARNECA", "NOME_UG2": "ASSOCIAÇÃO DOS EDUCADORES POPULARES DO CEARÁ", "TIPO3": "FORMAL", "LOTE4": "LOTE 39", "ENDERECO5": "ASSENTAMENTO CHARNECA", "NUMERO6": "0", "BAIRRO_L7": "SÃO JOÃO DO JAGUARIBE", "DISTRITO8": "SÃO JOÃO DO JAGUARIBE", "MUNICIPI9": "SÃO JOÃO DO JAGUARIBE", "CEP10": "62960-000", "REGIAO_D11": "VALE DO JAGUARIBE", "SETOR_IB12": "RURAL", "DATA_DE_13": "2023-10-16", "TIPO_DE_14": "CAGECE - COMPANHIA DE ÁGUA E ESGOTO DO ESTADO DO CEARÁ", "DESIGNAC15": "MOVIMENTO", "LATITUDE16": "-5.370951", "LONGITUD17": "-38.207677", "OBS18": "COORDENADAS APROXIMADAS", "CONTAGEM19": "1" }, "geometry": { "type": "Point", "coordinates": [ -38.207677, -5.370951 ] } },
{ "type": "Feature", "properties": { "ID0": "666", "NOME_USP1": "ASSOCIAÇÃO COMUNITARIA CORAÇÃO DE JESUS DE SERRA DO VIEIRA", "NOME_UG2": "ASSOCIAÇÃO DOS EDUCADORES POPULARES DO CEARÁ", "TIPO3": "FORMAL", "LOTE4": "LOTE 39", "ENDERECO5": "SERRA DO VIEIRA", "NUMERO6": "0", "BAIRRO_L7": "SERRA DO VIEIRA", "DISTRITO8": "RUSSAS", "MUNICIPI9": "RUSSAS", "CEP10": "62900-000", "REGIAO_D11": "VALE DO JAGUARIBE", "SETOR_IB12": "URBANA", "DATA_DE_13": "2023-10-17", "TIPO_DE_14": "SISAR - SISTEMA INTEGRADO DE SANEAMENTO RURAL", "DESIGNAC15": "ASSOCIAÇÃO", "LATITUDE16": "-4.941409", "LONGITUD17": "-37.976287", "OBS18": "COORDENADAS APROXIMADAS", "CONTAGEM19": "1" }, "geometry": { "type": "Point", "coordinates": [ -37.976287, -4.941409 ] } },
{ "type": "Feature", "properties": { "ID0": "669", "NOME_USP1": "ASSOCIAÇÃO COMUNITARIA DOS AGRICULTORES DE JUREMA", "NOME_UG2": "ASSOCIAÇÃO DOS EDUCADORES POPULARES DO CEARÁ", "TIPO3": "FORMAL", "LOTE4": "LOTE 39", "ENDERECO5": "LAGOAS DA PEDRA BRANCA", "NUMERO6": "0", "BAIRRO_L7": "LAGOA DA PEDRA", "DISTRITO8": "PALHANO", "MUNICIPI9": "PALHANO", "CEP10": "62910-000", "REGIAO_D11": "VALE DO JAGUARIBE", "SETOR_IB12": "RURAL", "DATA_DE_13": "2023-10-19", "TIPO_DE_14": "SISAR - SISTEMA INTEGRADO DE SANEAMENTO RURAL", "DESIGNAC15": "ASSOCIAÇÃO", "LATITUDE16": "-4.648163", "LONGITUD17": "-38.018425", "OBS18": "COORDENADAS APROXIMADAS", "CONTAGEM19": "1" }, "geometry": { "type": "Point", "coordinates": [ -38.018425, -4.648163 ] } },
{ "type": "Feature", "properties": { "ID0": "670", "NOME_USP1": "ASSOCIAÇÃO COMUNITARIA DO SITIO TAPERA", "NOME_UG2": "ASSOCIAÇÃO DOS EDUCADORES POPULARES DO CEARÁ", "TIPO3": "FORMAL", "LOTE4": "LOTE 39", "ENDERECO5": "SITIO TAPERA", "NUMERO6": "0", "BAIRRO_L7": "TAPERA", "DISTRITO8": "TABULEIRO DO NORTE", "MUNICIPI9": "TABULEIRO DO NORTE", "CEP10": "62900-000", "REGIAO_D11": "VALE DO JAGUARIBE", "SETOR_IB12": "RURAL", "DATA_DE_13": "2023-10-16", "TIPO_DE_14": "POÇO", "DESIGNAC15": "ASSOCIAÇÃO", "LATITUDE16": "-5.238659", "LONGITUD17": "-38.207164", "OBS18": "COORDENADAS APROXIMADAS", "CONTAGEM19": "1" }, "geometry": { "type": "Point", "coordinates": [ -38.207164, -5.238659 ] } },
{ "type": "Feature", "properties": { "ID0": "671", "NOME_USP1": "ASSOCIAÇÃO COMUNITARIA JOAQUIM NOGUEIRA DA SILVA GUERREIRO", "NOME_UG2": "ASSOCIAÇÃO DOS EDUCADORES POPULARES DO CEARÁ", "TIPO3": "FORMAL", "LOTE4": "LOTE 39", "ENDERECO5": "SITIO POCINHOS", "NUMERO6": "0", "BAIRRO_L7": "QUIXERÉ", "DISTRITO8": "QUIXERÉ", "MUNICIPI9": "QUIXERÉ", "CEP10": "62920-000", "REGIAO_D11": "VALE DO JAGUARIBE", "SETOR_IB12": "RURAL", "DATA_DE_13": "2023-10-17", "TIPO_DE_14": "POÇO", "DESIGNAC15": "ASSOCIAÇÃO", "LATITUDE16": "-5.073634", "LONGITUD17": "-38.038853", "OBS18": "COORDENADAS APROXIMADAS", "CONTAGEM19": "1" }, "geometry": { "type": "Point", "coordinates": [ -38.038853, -5.073634 ] } },
{ "type": "Feature", "properties": { "ID0": "672", "NOME_USP1": "ASSOCIACAO DE PAIS, AMIGOS E COLABORADORES DO AUTISTA (TEA) E OUTROS TRANSTORNOS DA EDUCACAO", "NOME_UG2": "ASSOCIAÇÃO DOS EDUCADORES POPULARES DO CEARÁ", "TIPO3": "FORMAL", "LOTE4": "LOTE 39", "ENDERECO5": "RUA SOUSA GIRÃO", "NUMERO6": "20", "BAIRRO_L7": "MORADA NOVA", "DISTRITO8": "MORADA NOVA", "MUNICIPI9": "MORADA NOVA", "CEP10": "62940-000", "REGIAO_D11": "VALE DO JAGUARIBE", "SETOR_IB12": "URBANA", "DATA_DE_13": "2023-10-16", "TIPO_DE_14": "SAAE - SERVIÇO  AUTÔNOMO DE ÁGUA E ESGOTO", "DESIGNAC15": "ASSOCIAÇÃO", "LATITUDE16": "-5.105538", "LONGITUD17": "-38.377454", "OBS18": "COORDENADAS APROXIMADAS", "CONTAGEM19": "1" }, "geometry": { "type": "Point", "coordinates": [ -38.377454, -5.105538 ] } },
{ "type": "Feature", "properties": { "ID0": "674", "NOME_USP1": "ASSOCIAÇÃO DOS PRODUTORES DE LAGOA DAS BESTAS E ADJACENCIAS", "NOME_UG2": "ASSOCIAÇÃO DOS EDUCADORES POPULARES DO CEARÁ", "TIPO3": "FORMAL", "LOTE4": "LOTE 39", "ENDERECO5": "LAGOA DAS BESTAS", "NUMERO6": "0", "BAIRRO_L7": "LAGOA DAS BESTAS", "DISTRITO8": "PEDRAS", "MUNICIPI9": "MORADA NOVA", "CEP10": "62940-000", "REGIAO_D11": "VALE DO JAGUARIBE", "SETOR_IB12": "RURAL", "DATA_DE_13": "2023-10-16", "TIPO_DE_14": "POÇO", "DESIGNAC15": "ASSOCIAÇÃO", "LATITUDE16": "-5.037257", "LONGITUD17": "-38.28281", "OBS18": "COORDENADAS APROXIMADAS", "CONTAGEM19": "1" }, "geometry": { "type": "Point", "coordinates": [ -38.28281, -5.037257 ] } },
{ "type": "Feature", "properties": { "ID0": "675", "NOME_USP1": "ASSOCIAÇÃO GERARDO NUNES MALVEIRA", "NOME_UG2": "ASSOCIAÇÃO DOS EDUCADORES POPULARES DO CEARÁ", "TIPO3": "FORMAL", "LOTE4": "LOTE 39", "ENDERECO5": "RUA MIGUEL VIANA", "NUMERO6": "0", "BAIRRO_L7": "OLHO-D'ÁGUA DA BICA", "DISTRITO8": "OLHO D'ÁGUA DA BICA", "MUNICIPI9": "TABULEIRO DO NORTE", "CEP10": "62960-000", "REGIAO_D11": "VALE DO JAGUARIBE", "SETOR_IB12": "URBANA", "DATA_DE_13": "2023-10-16", "TIPO_DE_14": "POÇO", "DESIGNAC15": "ASSOCIAÇÃO", "LATITUDE16": "-5.390441", "LONGITUD17": "-38.015014", "OBS18": "COORDENADAS APROXIMADAS", "CONTAGEM19": "1" }, "geometry": { "type": "Point", "coordinates": [ -38.015014, -5.390441 ] } },
{ "type": "Feature", "properties": { "ID0": "676", "NOME_USP1": "ASSOCIACAO JAGUARIBANA DE APOIO A LESBICAS GAYS BISSEXUAIS TRAVESTIS TRANSEXUAIS QUEER INTERSEXUAIS", "NOME_UG2": "ASSOCIAÇÃO DOS EDUCADORES POPULARES DO CEARÁ", "TIPO3": "FORMAL", "LOTE4": "LOTE 39", "ENDERECO5": "SITIO BOM FIM", "NUMERO6": "12", "BAIRRO_L7": "CENTRO", "DISTRITO8": "LIMOEIRO DO NORTE", "MUNICIPI9": "LIMOEIRO DO NORTE", "CEP10": "62930-000", "REGIAO_D11": "VALE DO JAGUARIBE", "SETOR_IB12": "RURAL", "DATA_DE_13": "2023-10-18", "TIPO_DE_14": "SAAE - SERVIÇO  AUTÔNOMO DE ÁGUA E ESGOTO", "DESIGNAC15": "ASSOCIAÇÃO - LGBTQIAP+", "LATITUDE16": "-5.184374", "LONGITUD17": "-38.088999", "OBS18": "COORDENADAS APROXIMADAS", "CONTAGEM19": "1" }, "geometry": { "type": "Point", "coordinates": [ -38.088999, -5.184374 ] } },
{ "type": "Feature", "properties": { "ID0": "677", "NOME_USP1": "ASSOCIAÇÃO PARA O PROGRESSO INFANTIL", "NOME_UG2": "ASSOCIAÇÃO DOS EDUCADORES POPULARES DO CEARÁ", "TIPO3": "FORMAL", "LOTE4": "LOTE 39", "ENDERECO5": "SITIO TAPERA", "NUMERO6": "0", "BAIRRO_L7": "TAPERA", "DISTRITO8": "LAGOA GRANDE", "MUNICIPI9": "MORADA NOVA", "CEP10": "62940-000", "REGIAO_D11": "VALE DO JAGUARIBE", "SETOR_IB12": "RURAL", "DATA_DE_13": "2023-10-16", "TIPO_DE_14": "SAAE - SERVIÇO  AUTÔNOMO DE ÁGUA E ESGOTO", "DESIGNAC15": "ASSOCIAÇÃO", "LATITUDE16": "-5.220143", "LONGITUD17": "-38.281829", "OBS18": "COORDENADAS APROXIMADAS", "CONTAGEM19": "1" }, "geometry": { "type": "Point", "coordinates": [ -38.281829, -5.220143 ] } },
{ "type": "Feature", "properties": { "ID0": "678", "NOME_USP1": "ASSOCIAÇÃO PROJETO PAZ E UNIÃO", "NOME_UG2": "ASSOCIAÇÃO DOS EDUCADORES POPULARES DO CEARÁ", "TIPO3": "FORMAL", "LOTE4": "LOTE 39", "ENDERECO5": "RUA MARIA JOSÉ CHAVES", "NUMERO6": "2580", "BAIRRO_L7": "CENTRO", "DISTRITO8": "LIMOEIRO DO NORTE", "MUNICIPI9": "LIMOEIRO DO NORTE", "CEP10": "62930-000", "REGIAO_D11": "VALE DO JAGUARIBE", "SETOR_IB12": "URBANA", "DATA_DE_13": "2023-10-17", "TIPO_DE_14": "SAAE - SERVIÇO  AUTÔNOMO DE ÁGUA E ESGOTO", "DESIGNAC15": "ASSOCIAÇÃO", "LATITUDE16": "-5.14965", "LONGITUD17": "-38.144031", "OBS18": "COORDENADAS APROXIMADAS", "CONTAGEM19": "1" }, "geometry": { "type": "Point", "coordinates": [ -38.144031, -5.14965 ] } },
{ "type": "Feature", "properties": { "ID0": "679", "NOME_USP1": "ASSOCIAÇÃO UNIDOS PARA O PROGRESSO", "NOME_UG2": "ASSOCIAÇÃO DOS EDUCADORES POPULARES DO CEARÁ", "TIPO3": "FORMAL", "LOTE4": "LOTE 39", "ENDERECO5": "RUA SEBASTIÃO NUNES MAIA", "NUMERO6": "87", "BAIRRO_L7": "ESPINHO", "DISTRITO8": "LIMOEIRO DO NORTE", "MUNICIPI9": "LIMOEIRO DO NORTE", "CEP10": "62930-000", "REGIAO_D11": "VALE DO JAGUARIBE", "SETOR_IB12": "URBANA", "DATA_DE_13": "2023-10-16", "TIPO_DE_14": "SAAE - SERVIÇO  AUTÔNOMO DE ÁGUA E ESGOTO", "DESIGNAC15": "ASSOCIAÇÃO", "LATITUDE16": "-5.118678", "LONGITUD17": "-38.134977", "OBS18": "COORDENADAS APROXIMADAS", "CONTAGEM19": "1" }, "geometry": { "type": "Point", "coordinates": [ -38.134977, -5.118678 ] } },
{ "type": "Feature", "properties": { "ID0": "681", "NOME_USP1": "CENTRO SÃO BENTO", "NOME_UG2": "ASSOCIAÇÃO DOS EDUCADORES POPULARES DO CEARÁ", "TIPO3": "INFORMAL", "LOTE4": "LOTE 39", "ENDERECO5": "TRAVESSA JOSÉ RODRIGUES", "NUMERO6": "0", "BAIRRO_L7": "RUSSAS", "DISTRITO8": "RUSSAS", "MUNICIPI9": "RUSSAS", "CEP10": "62900-000", "REGIAO_D11": "VALE DO JAGUARIBE", "SETOR_IB12": "URBANA", "DATA_DE_13": "2023-10-16", "TIPO_DE_14": "CAGECE - COMPANHIA DE ÁGUA E ESGOTO DO ESTADO DO CEARÁ", "DESIGNAC15": "OUTRAS", "LATITUDE16": "-4.933758", "LONGITUD17": "-37.987665", "OBS18": "COORDENADAS APROXIMADAS", "CONTAGEM19": "1" }, "geometry": { "type": "Point", "coordinates": [ -37.987665, -4.933758 ] } },
{ "type": "Feature", "properties": { "ID0": "682", "NOME_USP1": "COZINHA SOLIDÁRIA DO DISTRITO DE FLORES", "NOME_UG2": "ASSOCIAÇÃO DOS EDUCADORES POPULARES DO CEARÁ", "TIPO3": "INFORMAL", "LOTE4": "LOTE 39", "ENDERECO5": "TRAVESSA JOAQUIM NOGUEIRA", "NUMERO6": "640", "BAIRRO_L7": "FLORES", "DISTRITO8": "FLORES", "MUNICIPI9": "RUSSAS", "CEP10": "62908-500", "REGIAO_D11": "VALE DO JAGUARIBE", "SETOR_IB12": "URBANA", "DATA_DE_13": "2024-04-08", "TIPO_DE_14": null, "DESIGNAC15": null, "LATITUDE16": "-4.935444", "LONGITUD17": "-37.972698", "OBS18": "COORDENADAS APROXIMADAS", "CONTAGEM19": "1" }, "geometry": { "type": "Point", "coordinates": [ -37.972698, -4.935444 ] } },
{ "type": "Feature", "properties": { "ID0": "685", "NOME_USP1": "IGREJA EVANGELICA ASSEMBLEIA DE DEUS BOM RETIRO EM RUSSAS-CE", "NOME_UG2": "ASSOCIAÇÃO DOS EDUCADORES POPULARES DO CEARÁ", "TIPO3": "FORMAL", "LOTE4": "LOTE 39", "ENDERECO5": "RUA CONEGO AGOSTINHO", "NUMERO6": "1277", "BAIRRO_L7": "RUSSAS", "DISTRITO8": "RUSSAS", "MUNICIPI9": "RUSSAS", "CEP10": "62900-000", "REGIAO_D11": "VALE DO JAGUARIBE", "SETOR_IB12": "URBANA", "DATA_DE_13": "2023-10-16", "TIPO_DE_14": "CAGECE - COMPANHIA DE ÁGUA E ESGOTO DO ESTADO DO CEARÁ", "DESIGNAC15": "RELIGIOSA - EVANGÉLICA", "LATITUDE16": "-4.93867", "LONGITUD17": "-37.975795", "OBS18": "COORDENADAS APROXIMADAS", "CONTAGEM19": "1" }, "geometry": { "type": "Point", "coordinates": [ -37.975795, -4.93867 ] } },
{ "type": "Feature", "properties": { "ID0": "686", "NOME_USP1": "MULHERES GIRASSOIS", "NOME_UG2": "ASSOCIAÇÃO DOS EDUCADORES POPULARES DO CEARÁ", "TIPO3": "INFORMAL", "LOTE4": "LOTE 39", "ENDERECO5": "RUA FRANCISCO ANGELO", "NUMERO6": "886", "BAIRRO_L7": "ARUARU", "DISTRITO8": "ARUARU", "MUNICIPI9": "MORADA NOVA", "CEP10": "62910-000", "REGIAO_D11": "VALE DO JAGUARIBE", "SETOR_IB12": "URBANA", "DATA_DE_13": "2023-10-16", "TIPO_DE_14": "POÇO", "DESIGNAC15": "OUTRAS", "LATITUDE16": "-4.580454", "LONGITUD17": "-38.366826", "OBS18": "COORDENADAS APROXIMADAS", "CONTAGEM19": "1" }, "geometry": { "type": "Point", "coordinates": [ -38.366826, -4.580454 ] } },
{ "type": "Feature", "properties": { "ID0": "687", "NOME_USP1": "PASTORAL DA CRIANÇA", "NOME_UG2": "ASSOCIAÇÃO DOS EDUCADORES POPULARES DO CEARÁ", "TIPO3": "INFORMAL", "LOTE4": "LOTE 39", "ENDERECO5": "RUA SOUSA GIRÃO", "NUMERO6": "0", "BAIRRO_L7": "MORADA NOVA", "DISTRITO8": "MORADA NOVA", "MUNICIPI9": "MORADA NOVA", "CEP10": "62940-000", "REGIAO_D11": "VALE DO JAGUARIBE", "SETOR_IB12": "URBANA", "DATA_DE_13": "2023-10-16", "TIPO_DE_14": "SAAE - SERVIÇO  AUTÔNOMO DE ÁGUA E ESGOTO", "DESIGNAC15": "RELIGIOSA", "LATITUDE16": "-5.105724", "LONGITUD17": "-38.377555", "OBS18": "COORDENADAS APROXIMADAS", "CONTAGEM19": "1" }, "geometry": { "type": "Point", "coordinates": [ -38.3775548310036, -5.10572442605532 ] } },
{ "type": "Feature", "properties": { "ID0": "688", "NOME_USP1": "SANTO EXPEDITO", "NOME_UG2": "ASSOCIAÇÃO DOS EDUCADORES POPULARES DO CEARÁ", "TIPO3": "INFORMAL", "LOTE4": "LOTE 39", "ENDERECO5": "RAIMUNDO OLIVEIRA LIMA", "NUMERO6": "0", "BAIRRO_L7": "VELOSA", "DISTRITO8": "SÃO JOÃO DO JAGUARIBE", "MUNICIPI9": "SÃO JOÃO DO JAGUARIBE", "CEP10": "62965-000", "REGIAO_D11": "VALE DO JAGUARIBE", "SETOR_IB12": "RURAL", "DATA_DE_13": "2023-10-16", "TIPO_DE_14": "SAAE - SERVIÇO  AUTÔNOMO DE ÁGUA E ESGOTO", "DESIGNAC15": "OUTRAS", "LATITUDE16": "-5.274148", "LONGITUD17": "-38.265009", "OBS18": "COORDENADAS APROXIMADAS", "CONTAGEM19": "1" }, "geometry": { "type": "Point", "coordinates": [ -38.265009, -5.274148 ] } },
{ "type": "Feature", "properties": { "ID0": "689", "NOME_USP1": "SEDE PALHANO", "NOME_UG2": "ASSOCIAÇÃO DOS EDUCADORES POPULARES DO CEARÁ", "TIPO3": "INFORMAL", "LOTE4": "LOTE 39", "ENDERECO5": "AVENIDA POSSIDONIO BARRETO", "NUMERO6": "523", "BAIRRO_L7": "PALHANO", "DISTRITO8": "PALHANO", "MUNICIPI9": "PALHANO", "CEP10": "62910-000", "REGIAO_D11": "VALE DO JAGUARIBE", "SETOR_IB12": "URBANA", "DATA_DE_13": "2023-10-19", "TIPO_DE_14": "CAGECE - COMPANHIA DE ÁGUA E ESGOTO DO ESTADO DO CEARÁ", "DESIGNAC15": "OUTRAS", "LATITUDE16": "-4.746528", "LONGITUD17": "-37.960641", "OBS18": "COORDENADAS APROXIMADAS", "CONTAGEM19": "1" }, "geometry": { "type": "Point", "coordinates": [ -37.960641, -4.746528 ] } },
{ "type": "Feature", "properties": { "ID0": "690", "NOME_USP1": "SÍTIO BIXOPÁ", "NOME_UG2": "ASSOCIAÇÃO DOS EDUCADORES POPULARES DO CEARÁ", "TIPO3": "INFORMAL", "LOTE4": "LOTE 39", "ENDERECO5": "SÍTIO BIXOPÁ", "NUMERO6": "0", "BAIRRO_L7": "BIXOPÁ", "DISTRITO8": "BIXOPÁ", "MUNICIPI9": "LIMOEIRO DO NORTE", "CEP10": "62930-000", "REGIAO_D11": "VALE DO JAGUARIBE", "SETOR_IB12": "RURAL", "DATA_DE_13": "2023-10-16", "TIPO_DE_14": "SAAE - SERVIÇO  AUTÔNOMO DE ÁGUA E ESGOTO", "DESIGNAC15": "OUTRAS", "LATITUDE16": "-4.995944", "LONGITUD17": "-38.199048", "OBS18": "COORDENADAS APROXIMADAS", "CONTAGEM19": "1" }, "geometry": { "type": "Point", "coordinates": [ -38.199048, -4.995944 ] } },
{ "type": "Feature", "properties": { "ID0": "691", "NOME_USP1": "UNIÃO DOS MORADORES MANOEL LOPINHO FLAMENGA AÇUDE NOVO", "NOME_UG2": "ASSOCIAÇÃO DOS EDUCADORES POPULARES DO CEARÁ", "TIPO3": "FORMAL", "LOTE4": "LOTE 39", "ENDERECO5": "RUA CORONEL JOSÉ PAULO GIRÃO", "NUMERO6": "0", "BAIRRO_L7": "MORADA NOVA", "DISTRITO8": "MORADA NOVA", "MUNICIPI9": "MORADA NOVA", "CEP10": "62940-000", "REGIAO_D11": "VALE DO JAGUARIBE", "SETOR_IB12": "URBANA", "DATA_DE_13": "2023-10-16", "TIPO_DE_14": "SAAE - SERVIÇO  AUTÔNOMO DE ÁGUA E ESGOTO", "DESIGNAC15": "OUTRAS", "LATITUDE16": "-5.103834", "LONGITUD17": "-38.387071", "OBS18": "COORDENADAS APROXIMADAS", "CONTAGEM19": "1" }, "geometry": { "type": "Point", "coordinates": [ -38.387071, -5.103834 ] } },
{ "type": "Feature", "properties": { "ID0": "692", "NOME_USP1": "UNIÃO DOS MORADORES MANOEL LOPINHO FLAMENGA AÇUDE NOVO MAÇONARIA", "NOME_UG2": "ASSOCIAÇÃO DOS EDUCADORES POPULARES DO CEARÁ", "TIPO3": "FORMAL", "LOTE4": "LOTE 39", "ENDERECO5": "SATURMINO MATOS", "NUMERO6": "45", "BAIRRO_L7": "MORADA NOVA", "DISTRITO8": "MORADA NOVA", "MUNICIPI9": "MORADA NOVA", "CEP10": "62940-000", "REGIAO_D11": "VALE DO JAGUARIBE", "SETOR_IB12": "URBANA", "DATA_DE_13": "2023-10-16", "TIPO_DE_14": null, "DESIGNAC15": "OUTRAS", "LATITUDE16": "-5.106771", "LONGITUD17": "-38.37181", "OBS18": "COORDENADAS APROXIMADAS", "CONTAGEM19": "1" }, "geometry": { "type": "Point", "coordinates": [ -38.37181, -5.106771 ] } },
{ "type": "Feature", "properties": { "ID0": "693", "NOME_USP1": "ASSOCIAÇÃO DOS PRODUTORES RURAIS DO ASSENTAMENTO 10 DE ABRIL", "NOME_UG2": "INTITUTO FLOR DO PIIQUÍ", "TIPO3": "FORMAL", "LOTE4": "LOTE 23", "ENDERECO5": "ST ASSENTAMENTO 10 DE ABRIL", "NUMERO6": "39", "BAIRRO_L7": "MONTE ALVERNE", "DISTRITO8": "MONTE ALVERNE", "MUNICIPI9": "CRATO", "CEP10": "63136-500", "REGIAO_D11": "CARIRI", "SETOR_IB12": "RURAL", "DATA_DE_13": "2023-11-09", "TIPO_DE_14": "SISAR - SISTEMA INTEGRADO DE SANEAMENTO RURAL", "DESIGNAC15": "ASSENTAMENTO", "LATITUDE16": "-7.098041", "LONGITUD17": "-39.522885", "OBS18": "COORDENADAS APROXIMADAS", "CONTAGEM19": "1" }, "geometry": { "type": "Point", "coordinates": [ -39.522885, -7.098041 ] } },
{ "type": "Feature", "properties": { "ID0": "694", "NOME_USP1": "ASSOCIAÇÃO COMUNITÁRIA DO SITIO BAIXA DO MARACUJÁ", "NOME_UG2": "INTITUTO FLOR DO PIIQUÍ", "TIPO3": "FORMAL", "LOTE4": "LOTE 23", "ENDERECO5": "SITIO BAIXA DO MARACUJÁ", "NUMERO6": "0", "BAIRRO_L7": "ZONA RURAL", "DISTRITO8": "CRATO", "MUNICIPI9": "CRATO", "CEP10": "63136-000", "REGIAO_D11": "CARIRI", "SETOR_IB12": "RURAL", "DATA_DE_13": "2023-10-26", "TIPO_DE_14": "AMBIENTAL CRATO SANEAMENTO SPE S.A", "DESIGNAC15": "ASSOCIAÇÃO", "LATITUDE16": "-7.213351", "LONGITUD17": "-39.525193", "OBS18": "COORDENADAS APROXIMADAS", "CONTAGEM19": "1" }, "geometry": { "type": "Point", "coordinates": [ -39.525193, -7.213351 ] } },
{ "type": "Feature", "properties": { "ID0": "695", "NOME_USP1": "ASSOCIAÇÃO COMUNITÁRIA IRMÃ LUIZA MARIA", "NOME_UG2": "INTITUTO FLOR DO PIIQUÍ", "TIPO3": "FORMAL", "LOTE4": "LOTE 23", "ENDERECO5": "SITIO AROEIRAS", "NUMERO6": "120", "BAIRRO_L7": "ZONA RURAL", "DISTRITO8": "MISSÃO VELHA", "MUNICIPI9": "MISSÃO VELHA", "CEP10": "63540-000", "REGIAO_D11": "CARIRI", "SETOR_IB12": "RURAL", "DATA_DE_13": "2023-11-07", "TIPO_DE_14": "POÇO", "DESIGNAC15": "ASSOCIAÇÃO", "LATITUDE16": "-7.144777", "LONGITUD17": "-39.125591", "OBS18": "COORDENADAS APROXIMADAS", "CONTAGEM19": "1" }, "geometry": { "type": "Point", "coordinates": [ -39.125591, -7.144777 ] } },
{ "type": "Feature", "properties": { "ID0": "696", "NOME_USP1": "ASSOCIAÇÃO DAS MULHERES RURAIS DO SITIO MACAÚBA", "NOME_UG2": "INTITUTO FLOR DO PIIQUÍ", "TIPO3": "FORMAL", "LOTE4": "LOTE 23", "ENDERECO5": "SITIO MACAÚBA", "NUMERO6": "468", "BAIRRO_L7": "ZONA RURAL", "DISTRITO8": "ARAJARA", "MUNICIPI9": "BARBALHA", "CEP10": "63180-000", "REGIAO_D11": "CARIRI", "SETOR_IB12": "RURAL", "DATA_DE_13": "2023-10-31", "TIPO_DE_14": "NASCENTE", "DESIGNAC15": "ASSOCIAÇÃO", "LATITUDE16": "-7.361394", "LONGITUD17": "-39.405828", "OBS18": "COORDENADAS APROXIMADAS", "CONTAGEM19": "1" }, "geometry": { "type": "Point", "coordinates": [ -39.405828, -7.361394 ] } },
{ "type": "Feature", "properties": { "ID0": "697", "NOME_USP1": "ASSOCIAÇÃO DE DESENVOLVIMENTO COMUNITÁRIO, CULTURA, DESPORTO E LAZER DE DOM QUINTINO", "NOME_UG2": "INTITUTO FLOR DO PIIQUÍ", "TIPO3": "FORMAL", "LOTE4": "LOTE 23", "ENDERECO5": "RUA MARIA LIU DE SOUSA", "NUMERO6": "0", "BAIRRO_L7": "DOM QUINTINO", "DISTRITO8": "DOM QUINTINO", "MUNICIPI9": "CRATO", "CEP10": "63137-000", "REGIAO_D11": "CARIRI", "SETOR_IB12": "URBANA", "DATA_DE_13": "2023-10-19", "TIPO_DE_14": "AMBIENTAL CRATO SANEAMENTO SPE S.A", "DESIGNAC15": "ASSOCIAÇÃO", "LATITUDE16": "-7.042325", "LONGITUD17": "-39.470651", "OBS18": "COORDENADAS APROXIMADAS", "CONTAGEM19": "1" }, "geometry": { "type": "Point", "coordinates": [ -39.470651, -7.042325 ] } },
{ "type": "Feature", "properties": { "ID0": "698", "NOME_USP1": "ASSOCIAÇÃO DE MORADORES ARTISTAS E COMERCIANTES DO BAIRRO ALTO DO ROSÁRIO", "NOME_UG2": "INTITUTO FLOR DO PIIQUÍ", "TIPO3": "FORMAL", "LOTE4": "LOTE 23", "ENDERECO5": "RUA ANTONIO FIDELES ARAUJO SUNDARIO", "NUMERO6": "0", "BAIRRO_L7": "ALTO DO ROSÁRIO", "DISTRITO8": "BARBALHA", "MUNICIPI9": "BARBALHA", "CEP10": "63180-000", "REGIAO_D11": "CARIRI", "SETOR_IB12": "URBANA", "DATA_DE_13": "2023-11-09", "TIPO_DE_14": "CAGECE - COMPANHIA DE ÁGUA E ESGOTO DO ESTADO DO CEARÁ", "DESIGNAC15": "ASSOCIAÇÃO", "LATITUDE16": "-7.31579", "LONGITUD17": "-39.30879", "OBS18": "COORDENADAS APROXIMADAS", "CONTAGEM19": "1" }, "geometry": { "type": "Point", "coordinates": [ -39.30879, -7.31579 ] } },
{ "type": "Feature", "properties": { "ID0": "699", "NOME_USP1": "ASSOCIAÇÃO DE MORADORES DO BAIRRO GISÉLIA PINHEIRO", "NOME_UG2": "INTITUTO FLOR DO PIIQUÍ", "TIPO3": "FORMAL", "LOTE4": "LOTE 23", "ENDERECO5": "RUA SANTA LUZIA", "NUMERO6": "135", "BAIRRO_L7": "GIZELE PINHEIRO", "DISTRITO8": "CRATO", "MUNICIPI9": "CRATO", "CEP10": "63105-000", "REGIAO_D11": "CARIRI", "SETOR_IB12": "URBANA", "DATA_DE_13": "2023-09-28", "TIPO_DE_14": "SAAE - SERVIÇO AUTÔNOMO DE ÁGUA E ESGOTO", "DESIGNAC15": "ASSOCIAÇÃO", "LATITUDE16": "-7.222522", "LONGITUD17": "-39.429673", "OBS18": "COORDENADAS APROXIMADAS", "CONTAGEM19": "1" }, "geometry": { "type": "Point", "coordinates": [ -39.429673, -7.222522 ] } },
{ "type": "Feature", "properties": { "ID0": "700", "NOME_USP1": "ASSOCIAÇÃO DE MORADORES DO CONJUNTO HABITACIONAL FILEMON LIMAVERDE", "NOME_UG2": "INTITUTO FLOR DO PIIQUÍ", "TIPO3": "FORMAL", "LOTE4": "LOTE 23", "ENDERECO5": "RUA PAULINHO AMARELINHO", "NUMERO6": "1", "BAIRRO_L7": "NOSSA SENHORA DE FÁTIMA", "DISTRITO8": "CRATO", "MUNICIPI9": "CRATO", "CEP10": "63130-450", "REGIAO_D11": "CARIRI", "SETOR_IB12": "URBANA", "DATA_DE_13": "2023-10-02", "TIPO_DE_14": "AMBIENTAL CRATO SANEAMENTO SPE S.A", "DESIGNAC15": "ASSOCIAÇÃO", "LATITUDE16": "-7.250717", "LONGITUD17": "-39.383226", "OBS18": "COORDENADAS APROXIMADAS", "CONTAGEM19": "1" }, "geometry": { "type": "Point", "coordinates": [ -39.383226, -7.250717 ] } },
{ "type": "Feature", "properties": { "ID0": "701", "NOME_USP1": "ASSOCIAÇÃO DE MORADORES DO DISTRITO HORIZONTE", "NOME_UG2": "INTITUTO FLOR DO PIIQUÍ", "TIPO3": "FORMAL", "LOTE4": "LOTE 23", "ENDERECO5": "PV CACIMBA", "NUMERO6": "57", "BAIRRO_L7": "SERRA HORIZONTE", "DISTRITO8": "JARDIM", "MUNICIPI9": "JARDIM", "CEP10": "63290-000", "REGIAO_D11": "CARIRI", "SETOR_IB12": "RURAL", "DATA_DE_13": "2023-10-18", "TIPO_DE_14": "POÇO", "DESIGNAC15": "ASSOCIAÇÃO", "LATITUDE16": "-7.493928", "LONGITUD17": "-39.36745", "OBS18": "COORDENADAS APROXIMADAS", "CONTAGEM19": "1" }, "geometry": { "type": "Point", "coordinates": [ -39.36745, -7.493928 ] } },
{ "type": "Feature", "properties": { "ID0": "702", "NOME_USP1": "ASSOCIAÇÃO DE SUSTENTAÇÃO COMUNITÁRIA - ASSUC", "NOME_UG2": "INTITUTO FLOR DO PIIQUÍ", "TIPO3": "FORMAL", "LOTE4": "LOTE 23", "ENDERECO5": "RUA JOSE ELIAS NEPOMUCENO", "NUMERO6": "262", "BAIRRO_L7": "CASEMIRO FARIAS", "DISTRITO8": "MISSÃO VELHA", "MUNICIPI9": "MISSÃO VELHA", "CEP10": "63200-000", "REGIAO_D11": "CARIRI", "SETOR_IB12": "URBANA", "DATA_DE_13": "2023-11-09", "TIPO_DE_14": "CAGECE - COMPANHIA DE ÁGUA E ESGOTO DO ESTADO DO CEARÁ", "DESIGNAC15": "ASSOCIAÇÃO", "LATITUDE16": "-7.258654", "LONGITUD17": "-39.144194", "OBS18": "COORDENADAS APROXIMADAS", "CONTAGEM19": "1" }, "geometry": { "type": "Point", "coordinates": [ -39.144194, -7.258654 ] } },
{ "type": "Feature", "properties": { "ID0": "703", "NOME_USP1": "ASSOCIAÇÃO DOS MORADORES DO CONJUNTO HABITACIONAL MADRE FEITOSA", "NOME_UG2": "INTITUTO FLOR DO PIIQUÍ", "TIPO3": "FORMAL", "LOTE4": "LOTE 23", "ENDERECO5": "RUA PROJETADA - 07", "NUMERO6": "321", "BAIRRO_L7": "CONJUNTO MCMV 3", "DISTRITO8": "BELA VISTA", "MUNICIPI9": "CRATO", "CEP10": "63139-500", "REGIAO_D11": "CARIRI", "SETOR_IB12": "URBANA", "DATA_DE_13": "2023-10-24", "TIPO_DE_14": "AMBIENTAL CRATO SANEAMENTO SPE S.A", "DESIGNAC15": "ASSOCIAÇÃO", "LATITUDE16": "-7.241174", "LONGITUD17": "-39.379328", "OBS18": "COORDENADAS APROXIMADAS", "CONTAGEM19": "1" }, "geometry": { "type": "Point", "coordinates": [ -39.379328, -7.241174 ] } },
{ "type": "Feature", "properties": { "ID0": "704", "NOME_USP1": "ASSOCIAÇÃO DOS MORADORES DO CONJUNTO MONSENHOR MONTENEGRO", "NOME_UG2": "INTITUTO FLOR DO PIIQUÍ", "TIPO3": "FORMAL", "LOTE4": "LOTE 23", "ENDERECO5": "RUA FRANCINILDO ALEXANDRINO PEREIRA", "NUMERO6": "34", "BAIRRO_L7": "NOSSA SENHORA DE FÁTIMA", "DISTRITO8": "CRATO", "MUNICIPI9": "CRATO", "CEP10": "63130-126", "REGIAO_D11": "CARIRI", "SETOR_IB12": "URBANA", "DATA_DE_13": "2023-11-06", "TIPO_DE_14": "AMBIENTAL CRATO SANEAMENTO SPE S.A", "DESIGNAC15": "ASSOCIAÇÃO", "LATITUDE16": "-7.238032", "LONGITUD17": "-39.378875", "OBS18": "COORDENADAS APROXIMADAS", "CONTAGEM19": "1" }, "geometry": { "type": "Point", "coordinates": [ -39.378875, -7.238032 ] } },
{ "type": "Feature", "properties": { "ID0": "706", "NOME_USP1": "ASSOCIAÇÃO DOS MORADORES DO SITIO RODEADOR", "NOME_UG2": "INTITUTO FLOR DO PIIQUÍ", "TIPO3": "FORMAL", "LOTE4": "LOTE 23", "ENDERECO5": "SITIO RODEADOR", "NUMERO6": "0", "BAIRRO_L7": "PONTA DA SERRA", "DISTRITO8": "PONTA DA SERRA", "MUNICIPI9": "CRATO", "CEP10": "63105-000", "REGIAO_D11": "CARIRI", "SETOR_IB12": "RURAL", "DATA_DE_13": "2023-10-19", "TIPO_DE_14": "SISAR - SISTEMA INTEGRADO DE SANEAMENTO RURAL", "DESIGNAC15": "ASSOCIAÇÃO", "LATITUDE16": "-7.114777", "LONGITUD17": "-39.428504", "OBS18": "COORDENADAS APROXIMADAS", "CONTAGEM19": "1" }, "geometry": { "type": "Point", "coordinates": [ -39.428504, -7.114777 ] } },
{ "type": "Feature", "properties": { "ID0": "707", "NOME_USP1": "ASSOCIAÇÃO DOS MORADORES E AGRICULTORES DO SITIO BARRO BRANCO E SANTANA III", "NOME_UG2": "INTITUTO FLOR DO PIIQUÍ", "TIPO3": "FORMAL", "LOTE4": "LOTE 23", "ENDERECO5": "RUA PROJETADA B 3", "NUMERO6": "463", "BAIRRO_L7": "BARRO BRANCO", "DISTRITO8": "BARBALHA", "MUNICIPI9": "BARBALHA", "CEP10": "63180-000", "REGIAO_D11": "CARIRI", "SETOR_IB12": "RURAL", "DATA_DE_13": "2023-11-09", "TIPO_DE_14": "CAGECE - COMPANHIA DE ÁGUA E ESGOTO DO ESTADO DO CEARÁ", "DESIGNAC15": "ASSOCIAÇÃO", "LATITUDE16": "-7.31568", "LONGITUD17": "-39.252184", "OBS18": "COORDENADAS APROXIMADAS", "CONTAGEM19": "1" }, "geometry": { "type": "Point", "coordinates": [ -39.252184, -7.31568 ] } },
{ "type": "Feature", "properties": { "ID0": "708", "NOME_USP1": "ASSOCIAÇÃO DOS MORADORES RURAIS DO SITIO SERRINHA", "NOME_UG2": "INTITUTO FLOR DO PIIQUÍ", "TIPO3": "FORMAL", "LOTE4": "LOTE 23", "ENDERECO5": "JOSE NEUTON PARENTE", "NUMERO6": "0", "BAIRRO_L7": "ZONA RURAL", "DISTRITO8": "SANTA FÉ", "MUNICIPI9": "CRATO", "CEP10": "63138-500", "REGIAO_D11": "CARIRI", "SETOR_IB12": "RURAL", "DATA_DE_13": "2023-09-27", "TIPO_DE_14": "SISAR - SISTEMA INTEGRADO DE SANEAMENTO RURAL", "DESIGNAC15": "ASSOCIAÇÃO", "LATITUDE16": "-7.190666", "LONGITUD17": "-39.431402", "OBS18": "COORDENADAS APROXIMADAS", "CONTAGEM19": "1" }, "geometry": { "type": "Point", "coordinates": [ -39.431402, -7.190666 ] } },
{ "type": "Feature", "properties": { "ID0": "709", "NOME_USP1": "ASSOCIAÇÃO FILHOS AMADOS DO CEU", "NOME_UG2": "INTITUTO FLOR DO PIIQUÍ", "TIPO3": "FORMAL", "LOTE4": "LOTE 23", "ENDERECO5": "SITIO BURITI", "NUMERO6": "3856", "BAIRRO_L7": "BURITI", "DISTRITO8": "BARBALHA", "MUNICIPI9": "BARBALHA", "CEP10": "63180-000", "REGIAO_D11": "CARIRI", "SETOR_IB12": "URBANA", "DATA_DE_13": "2023-10-06", "TIPO_DE_14": "POÇO", "DESIGNAC15": "ASSOCIAÇÃO", "LATITUDE16": "-7.233324", "LONGITUD17": "-39.364632", "OBS18": "COORDENADAS APROXIMADAS", "CONTAGEM19": "1" }, "geometry": { "type": "Point", "coordinates": [ -39.364632, -7.233324 ] } },
{ "type": "Feature", "properties": { "ID0": "710", "NOME_USP1": "ASSOCIAÇÃO MÃOS ENSANGUENTADAS DE JESUS", "NOME_UG2": "INTITUTO FLOR DO PIIQUÍ", "TIPO3": "FORMAL", "LOTE4": "LOTE 23", "ENDERECO5": "RUA FRANCISCO RORIZ", "NUMERO6": "166", "BAIRRO_L7": "NORTE", "DISTRITO8": "JARDIM", "MUNICIPI9": "JARDIM", "CEP10": "63290-000", "REGIAO_D11": "CARIRI", "SETOR_IB12": "URBANA", "DATA_DE_13": "2023-10-18", "TIPO_DE_14": "SAAE - SERVIÇO AUTÔNOMO DE ÁGUA E ESGOTO", "DESIGNAC15": "ASSOCIAÇÃO", "LATITUDE16": "-7.58172", "LONGITUD17": "-39.28351", "OBS18": "COORDENADAS APROXIMADAS", "CONTAGEM19": "1" }, "geometry": { "type": "Point", "coordinates": [ -39.28351, -7.58172 ] } },
{ "type": "Feature", "properties": { "ID0": "711", "NOME_USP1": "ASSOCIAÇÃO NOVA JERUSALEM", "NOME_UG2": "INTITUTO FLOR DO PIIQUÍ", "TIPO3": "FORMAL", "LOTE4": "LOTE 23", "ENDERECO5": "RUA ZUCA SAMPAIO", "NUMERO6": "1265", "BAIRRO_L7": "BELA VISTA", "DISTRITO8": "BARBALHA", "MUNICIPI9": "BARBALHA", "CEP10": "63180-000", "REGIAO_D11": "CARIRI", "SETOR_IB12": "URBANA", "DATA_DE_13": "2023-10-06", "TIPO_DE_14": "CAGECE - COMPANHIA DE ÁGUA E ESGOTO DO ESTADO DO CEARÁ", "DESIGNAC15": "ASSOCIAÇÃO", "LATITUDE16": "-7.324547", "LONGITUD17": "-39.299612", "OBS18": "COORDENADAS APROXIMADAS", "CONTAGEM19": "1" }, "geometry": { "type": "Point", "coordinates": [ -39.299612, -7.324547 ] } },
{ "type": "Feature", "properties": { "ID0": "712", "NOME_USP1": "ASSOCIAÇÃO PROL DESENVOLVIMENTO RURAL DE GUARIBAS - APDRG", "NOME_UG2": "INTITUTO FLOR DO PIIQUÍ", "TIPO3": "FORMAL", "LOTE4": "LOTE 23", "ENDERECO5": "SITIO GUARIBAS", "NUMERO6": "1194", "BAIRRO_L7": "CAMPO ALEGRE", "DISTRITO8": "CAMPO ALEGRE", "MUNICIPI9": "CRATO", "CEP10": "63105-000", "REGIAO_D11": "CARIRI", "SETOR_IB12": "RURAL", "DATA_DE_13": "2023-09-27", "TIPO_DE_14": "AMBIENTAL CRATO SANEAMENTO SPE S.A", "DESIGNAC15": "ASSOCIAÇÃO", "LATITUDE16": "-7.219944", "LONGITUD17": "-39.468687", "OBS18": "COORDENADAS APROXIMADAS", "CONTAGEM19": "1" }, "geometry": { "type": "Point", "coordinates": [ -39.468687, -7.219944 ] } },
{ "type": "Feature", "properties": { "ID0": "713", "NOME_USP1": "ASSOCIAÇÃO RURAL DO CARIRI", "NOME_UG2": "INTITUTO FLOR DO PIIQUÍ", "TIPO3": "FORMAL", "LOTE4": "LOTE 23", "ENDERECO5": "RUA MOACIR GONDIM LÓSSIO", "NUMERO6": "0", "BAIRRO_L7": "SÃO JOSÉ", "DISTRITO8": "CRATO", "MUNICIPI9": "CRATO", "CEP10": "63133-450", "REGIAO_D11": "CARIRI", "SETOR_IB12": "URBANA", "DATA_DE_13": "2023-10-17", "TIPO_DE_14": "AMBIENTAL CRATO SANEAMENTO SPE S.A", "DESIGNAC15": "ASSOCIAÇÃO", "LATITUDE16": "-7.238238", "LONGITUD17": "-39.363634", "OBS18": "COORDENADAS APROXIMADAS", "CONTAGEM19": "1" }, "geometry": { "type": "Point", "coordinates": [ -39.363634, -7.238238 ] } },
{ "type": "Feature", "properties": { "ID0": "714", "NOME_USP1": "COZINHA ALTO DA PENHA", "NOME_UG2": "INTITUTO FLOR DO PIIQUÍ", "TIPO3": "INFORMAL", "LOTE4": "LOTE 23", "ENDERECO5": "RUA PADRE IBIAPINA", "NUMERO6": "895", "BAIRRO_L7": "ALTO DA PENHA", "DISTRITO8": "CRATO", "MUNICIPI9": "CRATO", "CEP10": "63104-130", "REGIAO_D11": "CARIRI", "SETOR_IB12": "URBANA", "DATA_DE_13": "2023-11-06", "TIPO_DE_14": "AMBIENTAL CRATO SANEAMENTO SPE S.A", "DESIGNAC15": "OUTRAS", "LATITUDE16": "-7.239529", "LONGITUD17": "-39.408941", "OBS18": "COORDENADAS APROXIMADAS", "CONTAGEM19": "1" }, "geometry": { "type": "Point", "coordinates": [ -39.408941, -7.239529 ] } },
{ "type": "Feature", "properties": { "ID0": "715", "NOME_USP1": "COZINHA SANTA LUZIA - PANTANAL", "NOME_UG2": "INTITUTO FLOR DO PIIQUÍ", "TIPO3": "INFORMAL", "LOTE4": "LOTE 23", "ENDERECO5": "TRAVESSA SÃO SEBASTIÃO", "NUMERO6": "0", "BAIRRO_L7": "CRATO", "DISTRITO8": "CRATO", "MUNICIPI9": "CRATO", "CEP10": "63103-015", "REGIAO_D11": "CARIRI", "SETOR_IB12": "URBANA", "DATA_DE_13": "2023-11-11", "TIPO_DE_14": "AMBIENTAL CRATO SANEAMENTO SPE S.A", "DESIGNAC15": "OUTRAS", "LATITUDE16": "-7.24495", "LONGITUD17": "-39.419542", "OBS18": "COORDENADAS APROXIMADAS", "CONTAGEM19": "1" }, "geometry": { "type": "Point", "coordinates": [ -39.419542, -7.24495 ] } },
{ "type": "Feature", "properties": { "ID0": "718", "NOME_USP1": "MOVIMENTO PRO DESENVOLVIMENTO DE ABAIARA", "NOME_UG2": "INTITUTO FLOR DO PIIQUÍ", "TIPO3": "FORMAL", "LOTE4": "LOTE 23", "ENDERECO5": "SITIO CAMPESTRE", "NUMERO6": "0", "BAIRRO_L7": "SERRA DA MAOZINHA", "DISTRITO8": "SÃO JOSÉ", "MUNICIPI9": "ABAIARA", "CEP10": "63240-000", "REGIAO_D11": "CARIRI", "SETOR_IB12": "URBANA", "DATA_DE_13": "2023-11-07", "TIPO_DE_14": "CAGECE - COMPANHIA DE ÁGUA E ESGOTO DO ESTADO DO CEARÁ", "DESIGNAC15": "MOVIMENTO", "LATITUDE16": "-7.350858", "LONGITUD17": "-39.034592", "OBS18": "COORDENADAS APROXIMADAS", "CONTAGEM19": "1" }, "geometry": { "type": "Point", "coordinates": [ -39.034592, -7.350858 ] } },
{ "type": "Feature", "properties": { "ID0": "719", "NOME_USP1": "ASSOCIAÇÃO COMUNITARIA IRENE CRUZ - ACIC", "NOME_UG2": "INTITUTO FLOR DO PIIQUÍ", "TIPO3": "FORMAL", "LOTE4": "LOTE 23", "ENDERECO5": "RUA DO COMERCIO GAMELEIRA", "NUMERO6": "1100", "BAIRRO_L7": "GAMELEIRA", "DISTRITO8": "MISSÃO NOVA", "MUNICIPI9": "MISSÃO VELHA", "CEP10": "63200-000", "REGIAO_D11": "CARIRI", "SETOR_IB12": "RURAL", "DATA_DE_13": "2023-11-07", "TIPO_DE_14": "NASCENTE", "DESIGNAC15": "RELIGIOSA", "LATITUDE16": "-7.403344", "LONGITUD17": "-39.180572", "OBS18": "COORDENADAS APROXIMADAS", "CONTAGEM19": "1" }, "geometry": { "type": "Point", "coordinates": [ -39.180572, -7.403344 ] } },
{ "type": "Feature", "properties": { "ID0": "720", "NOME_USP1": "SOCIEDADE DE ASSISTÊNCIA AS FAMILIAS ABAIARENSES - SOAFAB", "NOME_UG2": "INTITUTO FLOR DO PIIQUÍ", "TIPO3": "FORMAL", "LOTE4": "LOTE 23", "ENDERECO5": "AV. CORONEL HUMBERTO BEZERRA,", "NUMERO6": "579", "BAIRRO_L7": "CENTRO", "DISTRITO8": "ABAIARA", "MUNICIPI9": "ABAIARA", "CEP10": "63540-000", "REGIAO_D11": "CARIRI", "SETOR_IB12": "URBANA", "DATA_DE_13": "2023-11-07", "TIPO_DE_14": "CAGECE - COMPANHIA DE ÁGUA E ESGOTO DO ESTADO DO CEARÁ", "DESIGNAC15": "SOCIEDADE", "LATITUDE16": "-7.363654", "LONGITUD17": "-39.048511", "OBS18": "COORDENADAS APROXIMADAS", "CONTAGEM19": "1" }, "geometry": { "type": "Point", "coordinates": [ -39.048511, -7.363654 ] } },
{ "type": "Feature", "properties": { "ID0": "721", "NOME_USP1": "SOCIEDADE EM BENEFICIO A FAMILIA - SOBEF", "NOME_UG2": "INTITUTO FLOR DO PIIQUÍ", "TIPO3": "FORMAL", "LOTE4": "LOTE 23", "ENDERECO5": "AV. JOÃO EVANGELISTA SAMPAIO", "NUMERO6": "250", "BAIRRO_L7": "DISTRITO ESTRELA", "DISTRITO8": "ESTRELA", "MUNICIPI9": "BARBALHA", "CEP10": "63180-000", "REGIAO_D11": "CARIRI", "SETOR_IB12": "RURAL", "DATA_DE_13": "2023-10-27", "TIPO_DE_14": "POÇO", "DESIGNAC15": "SOCIEDADE", "LATITUDE16": "-7.28196", "LONGITUD17": "-39.278103", "OBS18": "COORDENADAS APROXIMADAS", "CONTAGEM19": "1" }, "geometry": { "type": "Point", "coordinates": [ -39.278103, -7.28196 ] } },
{ "type": "Feature", "properties": { "ID0": "722", "NOME_USP1": "SOCIEDADE PRO MELHORAMENTO DO BAIRRO SEMINÁRIO", "NOME_UG2": "INTITUTO FLOR DO PIIQUÍ", "TIPO3": "FORMAL", "LOTE4": "LOTE 23", "ENDERECO5": "TRAVESSA SANTANA DO CARIRI", "NUMERO6": "287", "BAIRRO_L7": "SEMINARIO", "DISTRITO8": "CRATO", "MUNICIPI9": "CRATO", "CEP10": "63105-000", "REGIAO_D11": "CARIRI", "SETOR_IB12": "URBANA", "DATA_DE_13": "2023-10-17", "TIPO_DE_14": "AMBIENTAL CRATO SANEAMENTO SPE S.A", "DESIGNAC15": "SOCIEDADE", "LATITUDE16": "-7.227549", "LONGITUD17": "-39.418261", "OBS18": "COORDENADAS APROXIMADAS", "CONTAGEM19": "1" }, "geometry": { "type": "Point", "coordinates": [ -39.418261, -7.227549 ] } },
{ "type": "Feature", "properties": { "ID0": "723", "NOME_USP1": "ABAF ASSOCIAÇÃO BREJOSANTENSE DE APOIO A FAMÍLIA", "NOME_UG2": "INSTITUTO SEMENTES DA SUSTENTABILIDADE - ISS", "TIPO3": "FORMAL", "LOTE4": "LOTE 24", "ENDERECO5": "RUA LUIZ PINHEIRO TORRES", "NUMERO6": "4", "BAIRRO_L7": "CENTRO", "DISTRITO8": "BREJO SANTO", "MUNICIPI9": "BREJO SANTO", "CEP10": "63260-000", "REGIAO_D11": "CARIRI", "SETOR_IB12": "URBANA", "DATA_DE_13": "2023-10-05", "TIPO_DE_14": "SAAE - SERVIÇO AUTÔNOMO DE ÁGUA E ESGOTO", "DESIGNAC15": "ASSOCIAÇÃO", "LATITUDE16": "-7.472903", "LONGITUD17": "-38.976628", "OBS18": "COORDENADAS APROXIMADAS", "CONTAGEM19": "1" }, "geometry": { "type": "Point", "coordinates": [ -38.976628, -7.472903 ] } },
{ "type": "Feature", "properties": { "ID0": "724", "NOME_USP1": "ABAF - RENÊ LUCENA I", "NOME_UG2": "INSTITUTO SEMENTES DA SUSTENTABILIDADE - ISS", "TIPO3": "INFORMAL", "LOTE4": "LOTE 24", "ENDERECO5": "RUA SOLDADO WILSON GABRIEL", "NUMERO6": "684", "BAIRRO_L7": "RENE LUCENA 1", "DISTRITO8": "BREJO SANTO", "MUNICIPI9": "BREJO SANTO", "CEP10": "63260-000", "REGIAO_D11": "CARIRI", "SETOR_IB12": "URBANA", "DATA_DE_13": "2023-10-05", "TIPO_DE_14": "SAAE - SERVIÇO AUTÔNOMO DE ÁGUA E ESGOTO", "DESIGNAC15": "ASSOCIAÇÃO", "LATITUDE16": "-7.484573", "LONGITUD17": "-39.003731", "OBS18": "COORDENADAS APROXIMADAS", "CONTAGEM19": "1" }, "geometry": { "type": "Point", "coordinates": [ -39.003731, -7.484573 ] } },
{ "type": "Feature", "properties": { "ID0": "725", "NOME_USP1": "A MISTURA PERFEITA", "NOME_UG2": "INSTITUTO SEMENTES DA SUSTENTABILIDADE - ISS", "TIPO3": "INFORMAL", "LOTE4": "LOTE 24", "ENDERECO5": "SITIO BREJO GRANDE", "NUMERO6": "0", "BAIRRO_L7": "COITÉ", "DISTRITO8": "MAURITI", "MUNICIPI9": "MAURITI", "CEP10": "63210-000", "REGIAO_D11": "CARIRI", "SETOR_IB12": "RURAL", "DATA_DE_13": "2023-10-16", "TIPO_DE_14": "SISAR - SISTEMA INTEGRADO DE SANEAMENTO RURAL", "DESIGNAC15": "OUTRAS", "LATITUDE16": "-7.376895", "LONGITUD17": "-38.716655", "OBS18": "COORDENADAS APROXIMADAS", "CONTAGEM19": "1" }, "geometry": { "type": "Point", "coordinates": [ -38.716655, -7.376895 ] } },
{ "type": "Feature", "properties": { "ID0": "726", "NOME_USP1": "ASSOCIAÇÃO BENEFICENTE CASA LAR E ESPERANÇA - ABRARCEN", "NOME_UG2": "INSTITUTO SEMENTES DA SUSTENTABILIDADE - ISS", "TIPO3": "FORMAL", "LOTE4": "LOTE 24", "ENDERECO5": "RUA MAJOR JOSE FRANCISCO", "NUMERO6": "476", "BAIRRO_L7": "CENTRO", "DISTRITO8": "MAURITI", "MUNICIPI9": "MAURITI", "CEP10": "63210-000", "REGIAO_D11": "CARIRI", "SETOR_IB12": "URBANA", "DATA_DE_13": "2023-10-16", "TIPO_DE_14": "CAGECE - COMPANHIA DE ÁGUA E ESGOTO DO ESTADO DO CEARÁ", "DESIGNAC15": "ASSOCIAÇÃO", "LATITUDE16": "-7.385109", "LONGITUD17": "-38.770205", "OBS18": "COORDENADAS APROXIMADAS", "CONTAGEM19": "1" }, "geometry": { "type": "Point", "coordinates": [ -38.770205, -7.385109 ] } },
{ "type": "Feature", "properties": { "ID0": "727", "NOME_USP1": "ASSOCIAÇÃO CASA DA SOLIDARIEDADE LAVRENSE SANTA DULCE DOS POBRES", "NOME_UG2": "INSTITUTO SEMENTES DA SUSTENTABILIDADE - ISS", "TIPO3": "FORMAL", "LOTE4": "LOTE 24", "ENDERECO5": "RUA CUNEGUNDES FERNANDES", "NUMERO6": "20", "BAIRRO_L7": "LAVRAS DA MANGABEIRA", "DISTRITO8": "NÃO SE APLICA", "MUNICIPI9": "LAVRAS DA MANGABEIRA", "CEP10": "63300-000", "REGIAO_D11": "CARIRI", "SETOR_IB12": "URBANA", "DATA_DE_13": "2023-10-27", "TIPO_DE_14": "CAGECE - COMPANHIA DE ÁGUA E ESGOTO DO ESTADO DO CEARÁ", "DESIGNAC15": "ASSOCIAÇÃO", "LATITUDE16": "-6.748615", "LONGITUD17": "-38.969268", "OBS18": "COORDENADAS APROXIMADAS", "CONTAGEM19": "1" }, "geometry": { "type": "Point", "coordinates": [ -38.969268, -6.748615 ] } },
{ "type": "Feature", "properties": { "ID0": "728", "NOME_USP1": "ASSOCIAÇÃO COMUNIITÁRIA DOS PRODUTORES RURAIS DE PENAFORTE", "NOME_UG2": "INSTITUTO SEMENTES DA SUSTENTABILIDADE - ISS", "TIPO3": "FORMAL", "LOTE4": "LOTE 24", "ENDERECO5": "SITIO BOM HAVER", "NUMERO6": "0", "BAIRRO_L7": "JUÁ", "DISTRITO8": "PENAFORTE", "MUNICIPI9": "PENAFORTE", "CEP10": "63280-000", "REGIAO_D11": "CARIRI", "SETOR_IB12": "RURAL", "DATA_DE_13": "2023-10-20", "TIPO_DE_14": "POÇO", "DESIGNAC15": "ASSOCIAÇÃO", "LATITUDE16": "-7.732714", "LONGITUD17": "-39.070939", "OBS18": "COORDENADAS APROXIMADAS", "CONTAGEM19": "1" }, "geometry": { "type": "Point", "coordinates": [ -39.070939, -7.732714 ] } },
{ "type": "Feature", "properties": { "ID0": "729", "NOME_USP1": "ASSOCIACAO COMUNITARIA DOS AGRICULTORES FAMILIARES DO DISTRITO SIMAO E DOS SITIOS BARRO", "NOME_UG2": "INSTITUTO SEMENTES DA SUSTENTABILIDADE - ISS", "TIPO3": "FORMAL", "LOTE4": "LOTE 24", "ENDERECO5": "NOSSA SENHORA DO PERPETUO SOCORRO", "NUMERO6": "198", "BAIRRO_L7": "SIMÃO", "DISTRITO8": "PORTEIRAS", "MUNICIPI9": "PORTEIRAS", "CEP10": "63270-000", "REGIAO_D11": "CARIRI", "SETOR_IB12": "URBANA", "DATA_DE_13": "2023-10-18", "TIPO_DE_14": "SISAR - SISTEMA INTEGRADO DE SANEAMENTO RURAL", "DESIGNAC15": "ASSOCIAÇÃO", "LATITUDE16": "-7.494721", "LONGITUD17": "-39.097057", "OBS18": "COORDENADAS APROXIMADAS", "CONTAGEM19": "1" }, "geometry": { "type": "Point", "coordinates": [ -39.097057, -7.494721 ] } },
{ "type": "Feature", "properties": { "ID0": "730", "NOME_USP1": "SITIO MARCELA", "NOME_UG2": "INSTITUTO SEMENTES DA SUSTENTABILIDADE - ISS", "TIPO3": "INFORMAL", "LOTE4": "LOTE 24", "ENDERECO5": "SITIO MARCELA", "NUMERO6": "0", "BAIRRO_L7": "COITÉ", "DISTRITO8": "COITÉ", "MUNICIPI9": "MAURITI", "CEP10": "63210-000", "REGIAO_D11": "CARIRI", "SETOR_IB12": "RURAL", "DATA_DE_13": "2023-10-16", "TIPO_DE_14": "SISAR - SISTEMA INTEGRADO DE SANEAMENTO RURAL", "DESIGNAC15": "ASSOCIAÇÃO", "LATITUDE16": "-7.360689", "LONGITUD17": "-38.700579", "OBS18": "COORDENADAS APROXIMADAS", "CONTAGEM19": "1" }, "geometry": { "type": "Point", "coordinates": [ -38.700579, -7.360689 ] } },
{ "type": "Feature", "properties": { "ID0": "731", "NOME_USP1": "ASSOCIAÇÃO COMUNITÁRIA DOS PEQUENOS PRODUTORES DO SÍTIO LAGOA DO MATO NOBILINOS", "NOME_UG2": "INSTITUTO SEMENTES DA SUSTENTABILIDADE - ISS", "TIPO3": "FORMAL", "LOTE4": "LOTE 24", "ENDERECO5": "SITIO LAGOA DO MATO II", "NUMERO6": "0", "BAIRRO_L7": "ZONA RURAL", "DISTRITO8": "BREJO SANTO", "MUNICIPI9": "BREJO SANTO", "CEP10": "63260-000", "REGIAO_D11": "CARIRI", "SETOR_IB12": "RURAL", "DATA_DE_13": "2023-09-28", "TIPO_DE_14": "SAAE - SERVIÇO AUTÔNOMO DE ÁGUA E ESGOTO", "DESIGNAC15": "ASSOCIAÇÃO", "LATITUDE16": "-7.549304", "LONGITUD17": "-39.019058", "OBS18": "COORDENADAS APROXIMADAS", "CONTAGEM19": "1" }, "geometry": { "type": "Point", "coordinates": [ -39.019058, -7.549304 ] } },
{ "type": "Feature", "properties": { "ID0": "732", "NOME_USP1": "ASSOCIAÇÃO COMUNITÁRIA DOS PRODUTORES AGRÍCOLAS ANTÔNIO NEVES DO SÍTIO BAIXA GRANDE", "NOME_UG2": "INSTITUTO SEMENTES DA SUSTENTABILIDADE - ISS", "TIPO3": "FORMAL", "LOTE4": "LOTE 24", "ENDERECO5": "ASSENTAMENTO BAIXA GRANDE 1 NORTE", "NUMERO6": "0", "BAIRRO_L7": "VILA I", "DISTRITO8": "JATI", "MUNICIPI9": "JATI", "CEP10": "63275-000", "REGIAO_D11": "CARIRI", "SETOR_IB12": "URBANA", "DATA_DE_13": "2023-10-18", "TIPO_DE_14": "CHAFARIZ + CISTENA", "DESIGNAC15": "ASSOCIAÇÃO", "LATITUDE16": "-7.737938", "LONGITUD17": "-38.910893", "OBS18": "COORDENADAS APROXIMADAS", "CONTAGEM19": "1" }, "geometry": { "type": "Point", "coordinates": [ -38.910893, -7.737938 ] } },
{ "type": "Feature", "properties": { "ID0": "733", "NOME_USP1": "ASSOCIAÇÃO COMUNITÁRIA SÃO FRANCISCO", "NOME_UG2": "INSTITUTO SEMENTES DA SUSTENTABILIDADE - ISS", "TIPO3": "FORMAL", "LOTE4": "LOTE 24", "ENDERECO5": "RUA RAIMUNDO FERREIRA", "NUMERO6": "131", "BAIRRO_L7": "ARAÇA", "DISTRITO8": "AURORA", "MUNICIPI9": "AURORA", "CEP10": "63360-000", "REGIAO_D11": "CARIRI", "SETOR_IB12": "URBANA", "DATA_DE_13": "2023-10-26", "TIPO_DE_14": "POÇO", "DESIGNAC15": "ASSOCIAÇÃO", "LATITUDE16": "-6.942119", "LONGITUD17": "-38.973816", "OBS18": "COORDENADAS APROXIMADAS", "CONTAGEM19": "1" }, "geometry": { "type": "Point", "coordinates": [ -38.973816, -6.942119 ] } },
{ "type": "Feature", "properties": { "ID0": "734", "NOME_USP1": "ASSOCIAÇÃO DA COMUNIDADE DOS QUILOMBOLA DE SOUZA DA CHAPADA DO ARARIPE", "NOME_UG2": "INSTITUTO SEMENTES DA SUSTENTABILIDADE - ISS", "TIPO3": "FORMAL", "LOTE4": "LOTE 24", "ENDERECO5": "SETOR MALHA REDONDA", "NUMERO6": "35", "BAIRRO_L7": "SITIO SERRA DA MATA", "DISTRITO8": "PORTEIRAS", "MUNICIPI9": "PORTEIRAS", "CEP10": "63270-000", "REGIAO_D11": "CARIRI", "SETOR_IB12": "RURAL", "DATA_DE_13": "2023-10-27", "TIPO_DE_14": "SISAR - SISTEMA INTEGRADO DE SANEAMENTO RURAL", "DESIGNAC15": "QUILOMBOLA", "LATITUDE16": "-7.484368", "LONGITUD17": "-39.135179", "OBS18": "COORDENADAS APROXIMADAS", "CONTAGEM19": "1" }, "geometry": { "type": "Point", "coordinates": [ -39.135179, -7.484368 ] } },
{ "type": "Feature", "properties": { "ID0": "735", "NOME_USP1": "ASSOCIAÇÃO DAS MULHERES AGROPECUARISTAS DO OURO PRETO", "NOME_UG2": "INSTITUTO SEMENTES DA SUSTENTABILIDADE - ISS", "TIPO3": "FORMAL", "LOTE4": "LOTE 24", "ENDERECO5": "ST OURO PRETO PENAFORTE", "NUMERO6": "23", "BAIRRO_L7": "PENAFORTE", "DISTRITO8": "PENAFORTE", "MUNICIPI9": "PENAFORTE", "CEP10": "63280-000", "REGIAO_D11": "CARIRI", "SETOR_IB12": "RURAL", "DATA_DE_13": "2023-10-18", "TIPO_DE_14": "POÇO + CISTERNA", "DESIGNAC15": "ASSOCIAÇÃO", "LATITUDE16": "-7.793436", "LONGITUD17": "-39.004335", "OBS18": "COORDENADAS APROXIMADAS", "CONTAGEM19": "1" }, "geometry": { "type": "Point", "coordinates": [ -39.004335, -7.793436 ] } },
{ "type": "Feature", "properties": { "ID0": "736", "NOME_USP1": "ASSOCIAÇÃO DOS APICULTORES DA COMUNIDADE RIACHÃO", "NOME_UG2": "INSTITUTO SEMENTES DA SUSTENTABILIDADE - ISS", "TIPO3": "FORMAL", "LOTE4": "LOTE 24", "ENDERECO5": "RUA ATAOPA TAVARES", "NUMERO6": "127", "BAIRRO_L7": "RIACHÃO", "DISTRITO8": "BARRO", "MUNICIPI9": "BARRO", "CEP10": "63380-000", "REGIAO_D11": "CARIRI", "SETOR_IB12": "URBANA", "DATA_DE_13": "2023-10-20", "TIPO_DE_14": "CAGECE - COMPANHIA DE ÁGUA E ESGOTO DO ESTADO DO CEARÁ", "DESIGNAC15": "ASSOCIAÇÃO", "LATITUDE16": "-7.17938", "LONGITUD17": "-38.779205", "OBS18": "COORDENADAS APROXIMADAS", "CONTAGEM19": "1" }, "geometry": { "type": "Point", "coordinates": [ -38.779205, -7.17938 ] } },
{ "type": "Feature", "properties": { "ID0": "737", "NOME_USP1": "ASSOCIAÇÃO DOS PEQUENOS AGRICULTORES DE QUITAIUS - ASPAC", "NOME_UG2": "INSTITUTO SEMENTES DA SUSTENTABILIDADE - ISS", "TIPO3": "FORMAL", "LOTE4": "LOTE 24", "ENDERECO5": "RUA CEL. JOAQUIM LEITE TEIXEIRA", "NUMERO6": "0", "BAIRRO_L7": "QUITAIÚS", "DISTRITO8": "QUITAIÚS", "MUNICIPI9": "LAVRAS DA MANGABEIRA", "CEP10": "63300-000", "REGIAO_D11": "CARIRI", "SETOR_IB12": "URBANA", "DATA_DE_13": "2023-10-27", "TIPO_DE_14": "CAGECE - COMPANHIA DE ÁGUA E ESGOTO DO ESTADO DO CEARÁ", "DESIGNAC15": "ASSOCIAÇÃO", "LATITUDE16": "-6.874218", "LONGITUD17": "-39.090116", "OBS18": "COORDENADAS APROXIMADAS", "CONTAGEM19": "1" }, "geometry": { "type": "Point", "coordinates": [ -39.090116, -6.874218 ] } },
{ "type": "Feature", "properties": { "ID0": "738", "NOME_USP1": "ASSOCIAÇÃO DOS PRODUTORES RURAIS DO VALE DO SERROTA", "NOME_UG2": "INSTITUTO SEMENTES DA SUSTENTABILIDADE - ISS", "TIPO3": "FORMAL", "LOTE4": "LOTE 24", "ENDERECO5": "SITIOS NOVOS", "NUMERO6": "0", "BAIRRO_L7": "SERROTA", "DISTRITO8": "SERROTA", "MUNICIPI9": "BARRO", "CEP10": "63380-000", "REGIAO_D11": "CARIRI", "SETOR_IB12": "RURAL", "DATA_DE_13": "2023-10-20", "TIPO_DE_14": "POÇO", "DESIGNAC15": "ASSOCIAÇÃO", "LATITUDE16": "-7.060871", "LONGITUD17": "-38.827699", "OBS18": "COORDENADAS APROXIMADAS", "CONTAGEM19": "1" }, "geometry": { "type": "Point", "coordinates": [ -38.827699, -7.060871 ] } },
{ "type": "Feature", "properties": { "ID0": "739", "NOME_USP1": "ASSOCIAÇÃO HORTIFRUTI GRANJEIRO DO VALE CUNCAS", "NOME_UG2": "INSTITUTO SEMENTES DA SUSTENTABILIDADE - ISS", "TIPO3": "FORMAL", "LOTE4": "LOTE 24", "ENDERECO5": "SITIO PRAZERES - ZONA RURAL DO DISTRITO DE CUNCAS", "NUMERO6": "0", "BAIRRO_L7": "PRAZERES", "DISTRITO8": "CUNCAS", "MUNICIPI9": "BARRO", "CEP10": "63380-000", "REGIAO_D11": "CARIRI", "SETOR_IB12": "RURAL", "DATA_DE_13": "2023-10-20", "TIPO_DE_14": "POÇO", "DESIGNAC15": "ASSOCIAÇÃO", "LATITUDE16": "-7.098409", "LONGITUD17": "-38.692865", "OBS18": "COORDENADAS APROXIMADAS", "CONTAGEM19": "1" }, "geometry": { "type": "Point", "coordinates": [ -38.692865, -7.098409 ] } },
{ "type": "Feature", "properties": { "ID0": "740", "NOME_USP1": "ASSOCIAÇÃO IARENSE DOS AMIGOS DA INFÂNCIA", "NOME_UG2": "INSTITUTO SEMENTES DA SUSTENTABILIDADE - ISS", "TIPO3": "FORMAL", "LOTE4": "LOTE 24", "ENDERECO5": "AV. MANOEL CARDOSO DOS SANTOS", "NUMERO6": "0", "BAIRRO_L7": "IARA", "DISTRITO8": "IARA", "MUNICIPI9": "BARRO", "CEP10": "63380-000", "REGIAO_D11": "CARIRI", "SETOR_IB12": "URBANA", "DATA_DE_13": "2023-10-20", "TIPO_DE_14": "CAGECE - COMPANHIA DE ÁGUA E ESGOTO DO ESTADO DO CEARÁ", "DESIGNAC15": "ASSOCIAÇÃO", "LATITUDE16": "-7.050991", "LONGITUD17": "-38.782154", "OBS18": "COORDENADAS APROXIMADAS", "CONTAGEM19": "1" }, "geometry": { "type": "Point", "coordinates": [ -38.782154, -7.050991 ] } },
{ "type": "Feature", "properties": { "ID0": "741", "NOME_USP1": "ASSOCIACAO PESTALOZZI DE MAURITI", "NOME_UG2": "INSTITUTO SEMENTES DA SUSTENTABILIDADE - ISS", "TIPO3": "FORMAL", "LOTE4": "LOTE 24", "ENDERECO5": "RUA BENJAMIM CONSTANT", "NUMERO6": "908", "BAIRRO_L7": "CENTRO", "DISTRITO8": "MAURITI", "MUNICIPI9": "MAURITI", "CEP10": "63210-000", "REGIAO_D11": "CARIRI", "SETOR_IB12": "URBANA", "DATA_DE_13": "2023-10-16", "TIPO_DE_14": "CAGECE - COMPANHIA DE ÁGUA E ESGOTO DO ESTADO DO CEARÁ", "DESIGNAC15": "ASSOCIAÇÃO", "LATITUDE16": "-7.384849", "LONGITUD17": "-38.774605", "OBS18": "COORDENADAS APROXIMADAS", "CONTAGEM19": "1" }, "geometry": { "type": "Point", "coordinates": [ -38.774605, -7.384849 ] } },
{ "type": "Feature", "properties": { "ID0": "742", "NOME_USP1": "CASA DA PROVIDÊNCIA", "NOME_UG2": "INSTITUTO SEMENTES DA SUSTENTABILIDADE - ISS", "TIPO3": "FORMAL", "LOTE4": "LOTE 24", "ENDERECO5": "RUA BENJAMIM CONSTANTE", "NUMERO6": "143", "BAIRRO_L7": "CENTRO", "DISTRITO8": "MAURITI", "MUNICIPI9": "MAURITI", "CEP10": "63210-000", "REGIAO_D11": "CARIRI", "SETOR_IB12": "URBANA", "DATA_DE_13": "2023-10-16", "TIPO_DE_14": "CAGECE - COMPANHIA DE ÁGUA E ESGOTO DO ESTADO DO CEARÁ", "DESIGNAC15": "RELIGIOSA", "LATITUDE16": "-7.388577", "LONGITUD17": "-38.77373", "OBS18": "COORDENADAS APROXIMADAS", "CONTAGEM19": "1" }, "geometry": { "type": "Point", "coordinates": [ -38.77373, -7.388577 ] } },
{ "type": "Feature", "properties": { "ID0": "743", "NOME_USP1": "COLONIA DE PESCADORES PROFISSIONAIS ARTESANAIS E AQUICULTORES Z-80 DE JATI", "NOME_UG2": "INSTITUTO SEMENTES DA SUSTENTABILIDADE - ISS", "TIPO3": "FORMAL", "LOTE4": "LOTE 24", "ENDERECO5": "SITIO BALANÇAS", "NUMERO6": "420", "BAIRRO_L7": "JATI", "DISTRITO8": "JATI", "MUNICIPI9": "JATI", "CEP10": "63275-000", "REGIAO_D11": "CARIRI", "SETOR_IB12": "URBANA", "DATA_DE_13": "2023-10-18", "TIPO_DE_14": "SISAR - SISTEMA INTEGRADO DE SANEAMENTO RURAL", "DESIGNAC15": "POVO DO MAR", "LATITUDE16": "-7.73389", "LONGITUD17": "-39.047287", "OBS18": "COORDENADAS APROXIMADAS", "CONTAGEM19": "1" }, "geometry": { "type": "Point", "coordinates": [ -39.047287, -7.73389 ] } },
{ "type": "Feature", "properties": { "ID0": "744", "NOME_USP1": "COLONIA DE PESCADORES PROFISSIONAIS ARTESANAIS E AQUICULTORES Z83 DE MAURITI", "NOME_UG2": "INSTITUTO SEMENTES DA SUSTENTABILIDADE - ISS", "TIPO3": "FORMAL", "LOTE4": "LOTE 24", "ENDERECO5": "SITIO BREJO GRANDE", "NUMERO6": "39", "BAIRRO_L7": "CRÔA", "DISTRITO8": "PALESTINA DO CARIRI", "MUNICIPI9": "MAURITI", "CEP10": "63210-000", "REGIAO_D11": "CARIRI", "SETOR_IB12": "RURAL", "DATA_DE_13": "2023-10-16", "TIPO_DE_14": "CAGECE - COMPANHIA DE ÁGUA E ESGOTO DO ESTADO DO CEARÁ", "DESIGNAC15": "POVO DO MAR", "LATITUDE16": "-7.376895", "LONGITUD17": "-38.716655", "OBS18": "COORDENADAS APROXIMADAS", "CONTAGEM19": "1" }, "geometry": { "type": "Point", "coordinates": [ -38.716655, -7.376895 ] } },
{ "type": "Feature", "properties": { "ID0": "746", "NOME_USP1": "COZINHA IBOREPI", "NOME_UG2": "INSTITUTO SEMENTES DA SUSTENTABILIDADE - ISS", "TIPO3": "INFORMAL", "LOTE4": "LOTE 24", "ENDERECO5": "RUA BERNARDINO LUCENA", "NUMERO6": "0", "BAIRRO_L7": "IBOREPI", "DISTRITO8": "NÃO SE APLICA", "MUNICIPI9": "LAVRAS DA MANGABEIRA", "CEP10": "63300-000", "REGIAO_D11": "CARIRI", "SETOR_IB12": "URBANA", "DATA_DE_13": "2023-10-27", "TIPO_DE_14": "POÇO", "DESIGNAC15": "OUTRAS", "LATITUDE16": "-6.841457", "LONGITUD17": "-38.975188", "OBS18": "COORDENADAS APROXIMADAS", "CONTAGEM19": "1" }, "geometry": { "type": "Point", "coordinates": [ -38.975188, -6.841457 ] } },
{ "type": "Feature", "properties": { "ID0": "747", "NOME_USP1": "COZINHA MANGABEIRA LAVRAS", "NOME_UG2": "INSTITUTO SEMENTES DA SUSTENTABILIDADE - ISS", "TIPO3": "INFORMAL", "LOTE4": "LOTE 24", "ENDERECO5": "RUA OTÁVIO VIEIRA", "NUMERO6": "79", "BAIRRO_L7": "MANGABEIRA", "DISTRITO8": "MANGABEIRA", "MUNICIPI9": "LAVRAS DA MANGABEIRA", "CEP10": "63300-000", "REGIAO_D11": "CARIRI", "SETOR_IB12": "URBANA", "DATA_DE_13": "2023-10-27", "TIPO_DE_14": "CAGECE - COMPANHIA DE ÁGUA E ESGOTO DO ESTADO DO CEARÁ", "DESIGNAC15": "OUTRAS", "LATITUDE16": "-6.760164", "LONGITUD17": "-39.124387", "OBS18": "COORDENADAS APROXIMADAS", "CONTAGEM19": "1" }, "geometry": { "type": "Point", "coordinates": [ -39.124387, -6.760164 ] } },
{ "type": "Feature", "properties": { "ID0": "748", "NOME_USP1": "COZINHA PARA O POVO DE CARNAÚBA", "NOME_UG2": "INSTITUTO SEMENTES DA SUSTENTABILIDADE - ISS", "TIPO3": "INFORMAL", "LOTE4": "LOTE 24", "ENDERECO5": "RUA SAO SEBASTIAO", "NUMERO6": "135", "BAIRRO_L7": "CARNAÚBA", "DISTRITO8": "CARNAÚBA", "MUNICIPI9": "JATI", "CEP10": "63275-000", "REGIAO_D11": "CARIRI", "SETOR_IB12": "URBANA", "DATA_DE_13": "2023-10-18", "TIPO_DE_14": "SISAR - SISTEMA INTEGRADO DE SANEAMENTO RURAL", "DESIGNAC15": "OUTRAS", "LATITUDE16": "-7.693867", "LONGITUD17": "-39.072969", "OBS18": "COORDENADAS APROXIMADAS", "CONTAGEM19": "1" }, "geometry": { "type": "Point", "coordinates": [ -39.072969, -7.693867 ] } },
{ "type": "Feature", "properties": { "ID0": "749", "NOME_USP1": "COZINHA TABULEIRO ALEGRE", "NOME_UG2": "INSTITUTO SEMENTES DA SUSTENTABILIDADE - ISS", "TIPO3": "INFORMAL", "LOTE4": "LOTE 24", "ENDERECO5": "SÍTIO TABULEIRO ALEGRE", "NUMERO6": "0", "BAIRRO_L7": "LAVRAS DA MANGABEIRA", "DISTRITO8": "LAVRAS DA MANGABEIRA", "MUNICIPI9": "LAVRAS DA MANGABEIRA", "CEP10": "63300-000", "REGIAO_D11": "CARIRI", "SETOR_IB12": "RURAL", "DATA_DE_13": "2023-10-27", "TIPO_DE_14": "POÇO", "DESIGNAC15": "OUTRAS", "LATITUDE16": "-6.81538", "LONGITUD17": "-39.075078", "OBS18": "COORDENADAS APROXIMADAS", "CONTAGEM19": "1" }, "geometry": { "type": "Point", "coordinates": [ -39.075078, -6.81538 ] } },
{ "type": "Feature", "properties": { "ID0": "750", "NOME_USP1": "INSTITUTO SEMENTE DE PROMOÇÃO DA CIDADANIA E INCLUSÃO SOCIAL - SEDE", "NOME_UG2": "INSTITUTO SEMENTES DA SUSTENTABILIDADE - ISS", "TIPO3": "FORMAL", "LOTE4": "LOTE 24", "ENDERECO5": "RUA NOSSA SENHORA DOS MILAGRES", "NUMERO6": "980", "BAIRRO_L7": "FRANCISCA DO SOCORRO", "DISTRITO8": "MILAGRES", "MUNICIPI9": "MILAGRES", "CEP10": "63250-000", "REGIAO_D11": "CARIRI", "SETOR_IB12": "URBANA", "DATA_DE_13": "2023-10-05", "TIPO_DE_14": "CAGECE - COMPANHIA DE ÁGUA E ESGOTO DO ESTADO DO CEARÁ", "DESIGNAC15": "INSTITUTO", "LATITUDE16": "-7.307789", "LONGITUD17": "-38.94626", "OBS18": "COORDENADAS APROXIMADAS", "CONTAGEM19": "1" }, "geometry": { "type": "Point", "coordinates": [ -38.94626, -7.307789 ] } },
{ "type": "Feature", "properties": { "ID0": "751", "NOME_USP1": "MUQUEM DOS GABRIEL", "NOME_UG2": "INSTITUTO SEMENTES DA SUSTENTABILIDADE - ISS", "TIPO3": "INFORMAL", "LOTE4": "LOTE 24", "ENDERECO5": "SITIO BARREIRO BRANCO", "NUMERO6": "2000", "BAIRRO_L7": "BREJO SANTO", "DISTRITO8": "BREJO SANTO", "MUNICIPI9": "BREJO SANTO", "CEP10": "63260-000", "REGIAO_D11": "CARIRI", "SETOR_IB12": "RURAL", "DATA_DE_13": "2023-10-11", "TIPO_DE_14": "SISAR - SISTEMA INTEGRADO DE SANEAMENTO RURAL", "DESIGNAC15": "OUTRAS", "LATITUDE16": "-7.435036", "LONGITUD17": "-38.928205", "OBS18": "COORDENADAS APROXIMADAS", "CONTAGEM19": "1" }, "geometry": { "type": "Point", "coordinates": [ -38.928205, -7.435036 ] } },
{ "type": "Feature", "properties": { "ID0": "752", "NOME_USP1": "ASSOCIACAO DE BENEFICENCIA A DEPENDENTES QUIMICOS SAO JOSE - ABDEQUI", "NOME_UG2": "INSTITUTO SEMENTES DA SUSTENTABILIDADE - ISS", "TIPO3": "FORMAL", "LOTE4": "LOTE 24", "ENDERECO5": "SÍTIO CAJAZEIRINHA", "NUMERO6": "0", "BAIRRO_L7": "SUL", "DISTRITO8": "MILAGRES", "MUNICIPI9": "MILAGRES", "CEP10": "63250-000", "REGIAO_D11": "CARIRI", "SETOR_IB12": "RURAL", "DATA_DE_13": "2023-10-05", "TIPO_DE_14": "POÇO", "DESIGNAC15": "OUTRAS", "LATITUDE16": "-7.324835", "LONGITUD17": "-38.871895", "OBS18": "COORDENADAS APROXIMADAS", "CONTAGEM19": "1" }, "geometry": { "type": "Point", "coordinates": [ -38.871895, -7.324835 ] } },
{ "type": "Feature", "properties": { "ID0": "753", "NOME_USP1": "NOSSA SENHORA PERPETUO SOCORRO - TIPI", "NOME_UG2": "INSTITUTO SEMENTES DA SUSTENTABILIDADE - ISS", "TIPO3": "INFORMAL", "LOTE4": "LOTE 24", "ENDERECO5": "RUA SÃO JOSÉ", "NUMERO6": "0", "BAIRRO_L7": "TIPI", "DISTRITO8": "TIPI", "MUNICIPI9": "AURORA", "CEP10": "63380-000", "REGIAO_D11": "CARIRI", "SETOR_IB12": "URBANA", "DATA_DE_13": "2023-10-26", "TIPO_DE_14": "POÇO", "DESIGNAC15": "RELIGIOSA", "LATITUDE16": "-6.968598", "LONGITUD17": "-38.826397", "OBS18": "COORDENADAS APROXIMADAS", "CONTAGEM19": "1" }, "geometry": { "type": "Point", "coordinates": [ -38.826397, -6.968598 ] } },
{ "type": "Feature", "properties": { "ID0": "754", "NOME_USP1": "OBRA SOCIAL NOSSA SENHORA DA GLÓRIA – FAZENDA BOA ESPERANÇA", "NOME_UG2": "INSTITUTO SEMENTES DA SUSTENTABILIDADE - ISS", "TIPO3": "FORMAL", "LOTE4": "LOTE 24", "ENDERECO5": "RUA CORONEL NAZARIA", "NUMERO6": "0", "BAIRRO_L7": "COITÉ", "DISTRITO8": "COITÉ", "MUNICIPI9": "MAURITI", "CEP10": "63210-000", "REGIAO_D11": "CARIRI", "SETOR_IB12": "URBANA", "DATA_DE_13": "2023-10-16", "TIPO_DE_14": "SISAR - SISTEMA INTEGRADO DE SANEAMENTO RURAL", "DESIGNAC15": "RELIGIOSA", "LATITUDE16": "-7.389632", "LONGITUD17": "-38.723726", "OBS18": "COORDENADAS APROXIMADAS", "CONTAGEM19": "1" }, "geometry": { "type": "Point", "coordinates": [ -38.723726, -7.389632 ] } },
{ "type": "Feature", "properties": { "ID0": "755", "NOME_USP1": "PAROQUIA PENAFORTE", "NOME_UG2": "INSTITUTO SEMENTES DA SUSTENTABILIDADE - ISS", "TIPO3": "INFORMAL", "LOTE4": "LOTE 24", "ENDERECO5": "RUA MANOEL ANTONIO PEREIRA", "NUMERO6": "153", "BAIRRO_L7": "CENTRO", "DISTRITO8": "PENAFORTE", "MUNICIPI9": "PENAFORTE", "CEP10": "63280-000", "REGIAO_D11": "CARIRI", "SETOR_IB12": "URBANA", "DATA_DE_13": "2023-10-19", "TIPO_DE_14": "CAGECE - COMPANHIA DE ÁGUA E ESGOTO DO ESTADO DO CEARÁ", "DESIGNAC15": "RELIGIOSA", "LATITUDE16": "-7.829614", "LONGITUD17": "-39.07525", "OBS18": "COORDENADAS APROXIMADAS", "CONTAGEM19": "1" }, "geometry": { "type": "Point", "coordinates": [ -39.07525, -7.829614 ] } },
{ "type": "Feature", "properties": { "ID0": "756", "NOME_USP1": "PASTORAL DA CRIANÇA (MAURITI)", "NOME_UG2": "INSTITUTO SEMENTES DA SUSTENTABILIDADE - ISS", "TIPO3": "INFORMAL", "LOTE4": "LOTE 24", "ENDERECO5": "SITIO PITOMBEIRA", "NUMERO6": "0", "BAIRRO_L7": "PALESTINA DO CARIRI", "DISTRITO8": "PALESTINA DO CARIRI", "MUNICIPI9": "MAURITI", "CEP10": "63210-000", "REGIAO_D11": "CARIRI", "SETOR_IB12": "RURAL", "DATA_DE_13": "2023-10-16", "TIPO_DE_14": "SISAR - SISTEMA INTEGRADO DE SANEAMENTO RURAL", "DESIGNAC15": "RELIGIOSA", "LATITUDE16": "-7.423627", "LONGITUD17": "-38.837033", "OBS18": "COORDENADAS APROXIMADAS", "CONTAGEM19": "1" }, "geometry": { "type": "Point", "coordinates": [ -38.837033, -7.423627 ] } },
{ "type": "Feature", "properties": { "ID0": "757", "NOME_USP1": "SINDICATO DOS TRABALHADORES RURAIS AGRICULTORES E AGRICULTORAS FAMILIARES DE PORTEIRAS", "NOME_UG2": "INSTITUTO SEMENTES DA SUSTENTABILIDADE - ISS", "TIPO3": "FORMAL", "LOTE4": "LOTE 24", "ENDERECO5": "RUA PADRE CICERO", "NUMERO6": "30", "BAIRRO_L7": "CENTRO", "DISTRITO8": "PORTEIRAS", "MUNICIPI9": "PORTEIRAS", "CEP10": "63270-000", "REGIAO_D11": "CARIRI", "SETOR_IB12": "URBANA", "DATA_DE_13": "2023-10-18", "TIPO_DE_14": "CAGECE - COMPANHIA DE ÁGUA E ESGOTO DO ESTADO DO CEARÁ", "DESIGNAC15": "SINDICATO", "LATITUDE16": "-7.533984", "LONGITUD17": "-39.118233", "OBS18": "COORDENADAS APROXIMADAS", "CONTAGEM19": "1" }, "geometry": { "type": "Point", "coordinates": [ -39.118233, -7.533984 ] } },
{ "type": "Feature", "properties": { "ID0": "758", "NOME_USP1": "SOCIEDADE DOS MORADORES E AMIGOS RURALISTA DO DISTRITO DE SANTO ANTONIO", "NOME_UG2": "INSTITUTO SEMENTES DA SUSTENTABILIDADE - ISS", "TIPO3": "FORMAL", "LOTE4": "LOTE 24", "ENDERECO5": "RUA JOAQUIM ALVES PEREIRA", "NUMERO6": "0", "BAIRRO_L7": "SANTO ANTÔNIO", "DISTRITO8": "SANTO ANTÔNIO", "MUNICIPI9": "BARRO", "CEP10": "63380-000", "REGIAO_D11": "CARIRI", "SETOR_IB12": "URBANA", "DATA_DE_13": "2023-10-20", "TIPO_DE_14": null, "DESIGNAC15": "ASSOCIAÇÃO", "LATITUDE16": "-7.165468", "LONGITUD17": "-38.884829", "OBS18": "COORDENADAS APROXIMADAS", "CONTAGEM19": "1" }, "geometry": { "type": "Point", "coordinates": [ -38.884829, -7.165468 ] } },
{ "type": "Feature", "properties": { "ID0": "759", "NOME_USP1": "VILA DA CONCEIÇÃO", "NOME_UG2": "INSTITUTO SEMENTES DA SUSTENTABILIDADE - ISS", "TIPO3": "INFORMAL", "LOTE4": "LOTE 24", "ENDERECO5": "SITIO GIRAU", "NUMERO6": "0", "BAIRRO_L7": "ZONA RURAL", "DISTRITO8": "BREJO SANTO", "MUNICIPI9": "BREJO SANTO", "CEP10": "63260-000", "REGIAO_D11": "CARIRI", "SETOR_IB12": "RURAL", "DATA_DE_13": "2023-10-26", "TIPO_DE_14": null, "DESIGNAC15": "OUTRAS", "LATITUDE16": "-7.426155", "LONGITUD17": "-39.002303", "OBS18": "COORDENADAS APROXIMADAS", "CONTAGEM19": "1" }, "geometry": { "type": "Point", "coordinates": [ -39.002303, -7.426155 ] } },
{ "type": "Feature", "properties": { "ID0": "760", "NOME_USP1": "ASSEMBLEIA DE DEUS – RESTAURANDO VIDA", "NOME_UG2": "VALE DO SALGADO INSTITUTO DE GESTAO PUBLICA AMBIENTAL E DE ASSISTENCIA SOCIAL", "TIPO3": "INFORMAL", "LOTE4": "LOTE 25", "ENDERECO5": "RUA JOÃO ROMÃO", "NUMERO6": "114", "BAIRRO_L7": "CAMPOS SALES", "DISTRITO8": "CAMPOS SALES", "MUNICIPI9": "CAMPOS SALES", "CEP10": "63150-000", "REGIAO_D11": "CARIRI", "SETOR_IB12": "URBANA", "DATA_DE_13": "2023-10-27", "TIPO_DE_14": "CAGECE - COMPANHIA DE ÁGUA E ESGOTO DO ESTADO DO CEARÁ", "DESIGNAC15": "RELIGIOSA", "LATITUDE16": "-7.080152", "LONGITUD17": "-40.375246", "OBS18": "COORDENADAS APROXIMADAS", "CONTAGEM19": "1" }, "geometry": { "type": "Point", "coordinates": [ -40.375246, -7.080152 ] } },
{ "type": "Feature", "properties": { "ID0": "761", "NOME_USP1": "ASSOCIAÇÃO COMUNITÁRIA DA QUILOMBOLA SERRA DOS CHAGAS", "NOME_UG2": "VALE DO SALGADO INSTITUTO DE GESTAO PUBLICA AMBIENTAL E DE ASSISTENCIA SOCIAL", "TIPO3": "FORMAL", "LOTE4": "LOTE 25", "ENDERECO5": "SÍTIO SERRA DAS CHAGAS", "NUMERO6": "0", "BAIRRO_L7": "ZONA RURAL", "DISTRITO8": "SALITRE", "MUNICIPI9": "SALITRE", "CEP10": "63155-000", "REGIAO_D11": "CARIRI", "SETOR_IB12": "RURAL", "DATA_DE_13": "2023-10-30", "TIPO_DE_14": "CARRO PIPA + CISTERNA", "DESIGNAC15": "QUILOMBOLA", "LATITUDE16": "-7.272563", "LONGITUD17": "-40.364082", "OBS18": "COORDENADAS APROXIMADAS", "CONTAGEM19": "1" }, "geometry": { "type": "Point", "coordinates": [ -40.364082, -7.272563 ] } },
{ "type": "Feature", "properties": { "ID0": "762", "NOME_USP1": "COZINHA SOLIDÁRIA DO ASSENTAMENTO ACOCI", "NOME_UG2": "VALE DO SALGADO INSTITUTO DE GESTAO PUBLICA AMBIENTAL E DE ASSISTENCIA SOCIAL", "TIPO3": "INFORMAL", "LOTE4": "LOTE 25", "ENDERECO5": "JORGE AMADO", "NUMERO6": "182", "BAIRRO_L7": "AGROVILA SÃO JOSÉ", "DISTRITO8": "CAMPOS SALES", "MUNICIPI9": "CAMPOS SALES", "CEP10": "63150-000", "REGIAO_D11": "CARIRI", "SETOR_IB12": "RURAL", "DATA_DE_13": "2023-10-27", "TIPO_DE_14": "SISAR - SISTEMA INTEGRADO DE SANEAMENTO RURAL", "DESIGNAC15": "ASSENTAMENTO", "LATITUDE16": "-6.974154", "LONGITUD17": "-40.176272", "OBS18": "COORDENADAS APROXIMADAS", "CONTAGEM19": "1" }, "geometry": { "type": "Point", "coordinates": [ -40.176272, -6.974154 ] } },
{ "type": "Feature", "properties": { "ID0": "763", "NOME_USP1": "ASSOCIACAO COMUNITARIA DOS AGRICULTORES DE LAGEIRO GRANDE DOS BELOS E ADJACENCIAS - ASSARE CEARA", "NOME_UG2": "VALE DO SALGADO INSTITUTO DE GESTAO PUBLICA AMBIENTAL E DE ASSISTENCIA SOCIAL", "TIPO3": "FORMAL", "LOTE4": "LOTE 25", "ENDERECO5": "SÍTIO CATOLÉ SERRA DE SANTANA", "NUMERO6": "0", "BAIRRO_L7": "ASSARÉ", "DISTRITO8": "ASSARÉ", "MUNICIPI9": "ASSARÉ", "CEP10": "63140-000", "REGIAO_D11": "CARIRI", "SETOR_IB12": "RURAL", "DATA_DE_13": "2023-10-27", "TIPO_DE_14": "POÇO", "DESIGNAC15": "ASSOCIAÇÃO", "LATITUDE16": "-6.900767", "LONGITUD17": "-39.776917", "OBS18": "COORDENADAS APROXIMADAS", "CONTAGEM19": "1" }, "geometry": { "type": "Point", "coordinates": [ -39.776917, -6.900767 ] } },
{ "type": "Feature", "properties": { "ID0": "764", "NOME_USP1": "ASSOCIAÇÃO COMUNITÁRIA DOS PEQUENOS PRODUTORES RURAIS DE GORDIANA", "NOME_UG2": "VALE DO SALGADO INSTITUTO DE GESTAO PUBLICA AMBIENTAL E DE ASSISTENCIA SOCIAL", "TIPO3": "FORMAL", "LOTE4": "LOTE 25", "ENDERECO5": "SÍTIO GORDIANA", "NUMERO6": "445", "BAIRRO_L7": "GORDIANA", "DISTRITO8": "ASSARÉ", "MUNICIPI9": "ASSARÉ", "CEP10": "63140-000", "REGIAO_D11": "CARIRI", "SETOR_IB12": "RURAL", "DATA_DE_13": "2023-10-27", "TIPO_DE_14": "POÇO", "DESIGNAC15": "ASSOCIAÇÃO", "LATITUDE16": "-6.851686", "LONGITUD17": "-39.974471", "OBS18": "COORDENADAS APROXIMADAS", "CONTAGEM19": "1" }, "geometry": { "type": "Point", "coordinates": [ -39.974471, -6.851686 ] } },
{ "type": "Feature", "properties": { "ID0": "765", "NOME_USP1": "ASSOCIAÇÃO COMUNITÁRIA E DE COMUNICAÇÃO SOCIAL NOSSA SENHORA DE FÁTIMA", "NOME_UG2": "VALE DO SALGADO INSTITUTO DE GESTAO PUBLICA AMBIENTAL E DE ASSISTENCIA SOCIAL", "TIPO3": "FORMAL", "LOTE4": "LOTE 25", "ENDERECO5": "RUA SANTO ANTÔNIO", "NUMERO6": "579", "BAIRRO_L7": "SALITRE", "DISTRITO8": "SALITRE", "MUNICIPI9": "SALITRE", "CEP10": "63155-000", "REGIAO_D11": "CARIRI", "SETOR_IB12": "URBANA", "DATA_DE_13": "2023-10-26", "TIPO_DE_14": "CAGECE - COMPANHIA DE ÁGUA E ESGOTO DO ESTADO DO CEARÁ", "DESIGNAC15": "ASSOCIAÇÃO", "LATITUDE16": "-7.285516", "LONGITUD17": "-40.455856", "OBS18": "COORDENADAS APROXIMADAS", "CONTAGEM19": "1" }, "geometry": { "type": "Point", "coordinates": [ -40.455856, -7.285516 ] } },
{ "type": "Feature", "properties": { "ID0": "767", "NOME_USP1": "ASSOCIACAO DA BAIXA DO MEIO", "NOME_UG2": "VALE DO SALGADO INSTITUTO DE GESTAO PUBLICA AMBIENTAL E DE ASSISTENCIA SOCIAL", "TIPO3": "FORMAL", "LOTE4": "LOTE 25", "ENDERECO5": "SITIO BAIXA DO MEIO", "NUMERO6": "0", "BAIRRO_L7": "ZONA RURAL", "DISTRITO8": "SALITRE", "MUNICIPI9": "SALITRE", "CEP10": "63155-000", "REGIAO_D11": "CARIRI", "SETOR_IB12": "RURAL", "DATA_DE_13": "2023-10-30", "TIPO_DE_14": "CISTERNA", "DESIGNAC15": "ASSOCIAÇÃO", "LATITUDE16": "-7.174674", "LONGITUD17": "-40.385607", "OBS18": "COORDENADAS APROXIMADAS", "CONTAGEM19": "1" }, "geometry": { "type": "Point", "coordinates": [ -40.385607, -7.174674 ] } },
{ "type": "Feature", "properties": { "ID0": "768", "NOME_USP1": "ASSOCIAÇÃO DE DESENVOLVIMENTO COMUNITÁRIA DO SITIO NOVO", "NOME_UG2": "VALE DO SALGADO INSTITUTO DE GESTAO PUBLICA AMBIENTAL E DE ASSISTENCIA SOCIAL", "TIPO3": "FORMAL", "LOTE4": "LOTE 25", "ENDERECO5": "SITIO NOVO", "NUMERO6": "0", "BAIRRO_L7": "ARARIPE", "DISTRITO8": "ARARIPE", "MUNICIPI9": "ARARIPE", "CEP10": "63170-000", "REGIAO_D11": "CARIRI", "SETOR_IB12": "RURAL", "DATA_DE_13": "2023-10-27", "TIPO_DE_14": "CARRO PIPA", "DESIGNAC15": "ASSOCIAÇÃO", "LATITUDE16": "-7.194207", "LONGITUD17": "-40.192091", "OBS18": "COORDENADAS APROXIMADAS", "CONTAGEM19": "1" }, "geometry": { "type": "Point", "coordinates": [ -40.192091, -7.194207 ] } },
{ "type": "Feature", "properties": { "ID0": "770", "NOME_USP1": "ASSOCIACAO DOS APICULTORES DE ANTONINA DO NORTE", "NOME_UG2": "VALE DO SALGADO INSTITUTO DE GESTAO PUBLICA AMBIENTAL E DE ASSISTENCIA SOCIAL", "TIPO3": "FORMAL", "LOTE4": "LOTE 25", "ENDERECO5": "SÍTIO SERRA DOS ALMEIDAS", "NUMERO6": "52", "BAIRRO_L7": "ANTONINA DO NORTE", "DISTRITO8": "ANTONINA DO NORTE", "MUNICIPI9": "ANTONINA DO NORTE", "CEP10": "63570-000", "REGIAO_D11": "CARIRI", "SETOR_IB12": "RURAL", "DATA_DE_13": "2023-10-27", "TIPO_DE_14": "CISTERNA", "DESIGNAC15": "ASSOCIAÇÃO", "LATITUDE16": "-6.815269", "LONGITUD17": "-40.038083", "OBS18": "COORDENADAS APROXIMADAS", "CONTAGEM19": "1" }, "geometry": { "type": "Point", "coordinates": [ -40.038083, -6.815269 ] } },
{ "type": "Feature", "properties": { "ID0": "771", "NOME_USP1": "ASSOCIACAO DOS PEQUENOS PRODUTORES RURAIS DO SITIO SERRA DO VALERIO E ACUDINHO", "NOME_UG2": "VALE DO SALGADO INSTITUTO DE GESTAO PUBLICA AMBIENTAL E DE ASSISTENCIA SOCIAL", "TIPO3": "FORMAL", "LOTE4": "LOTE 25", "ENDERECO5": "SERRA DO VALERIO", "NUMERO6": "0", "BAIRRO_L7": "ALTANEIRA", "DISTRITO8": "ALTANEIRA", "MUNICIPI9": "ALTANEIRA", "CEP10": "63195-000", "REGIAO_D11": "CARIRI", "SETOR_IB12": "RURAL", "DATA_DE_13": "2024-03-05", "TIPO_DE_14": null, "DESIGNAC15": null, "LATITUDE16": "-6.976428", "LONGITUD17": "-39.71812", "OBS18": "COORDENADAS APROXIMADAS", "CONTAGEM19": "1" }, "geometry": { "type": "Point", "coordinates": [ -39.71812, -6.976428 ] } },
{ "type": "Feature", "properties": { "ID0": "772", "NOME_USP1": "ASSOCIACAO DOS PRODUTORES RURAIS DO OLHO DAGUA,BARAO, ESTEVAM, MUNDURI", "NOME_UG2": "VALE DO SALGADO INSTITUTO DE GESTAO PUBLICA AMBIENTAL E DE ASSISTENCIA SOCIAL", "TIPO3": "FORMAL", "LOTE4": "LOTE 25", "ENDERECO5": "SÍTIO MUNDURI", "NUMERO6": "0", "BAIRRO_L7": "ALTANEIRA", "DISTRITO8": "ALTANEIRA", "MUNICIPI9": "ALTANEIRA", "CEP10": "63195-000", "REGIAO_D11": "CARIRI", "SETOR_IB12": "RURAL", "DATA_DE_13": "2023-02-08", "TIPO_DE_14": "POÇO", "DESIGNAC15": "ASSOCIAÇÃO", "LATITUDE16": "-6.982646", "LONGITUD17": "-39.762546", "OBS18": "COORDENADAS APROXIMADAS", "CONTAGEM19": "1" }, "geometry": { "type": "Point", "coordinates": [ -39.762546, -6.982646 ] } },
{ "type": "Feature", "properties": { "ID0": "773", "NOME_USP1": "ASSOCIACAO DOS PRODUTORES RURAIS DO SITIO VARZINHA", "NOME_UG2": "VALE DO SALGADO INSTITUTO DE GESTAO PUBLICA AMBIENTAL E DE ASSISTENCIA SOCIAL", "TIPO3": "FORMAL", "LOTE4": "LOTE 25", "ENDERECO5": "SÍTIO VARZINHA", "NUMERO6": "0", "BAIRRO_L7": "TARRAFAS", "DISTRITO8": "TARRAFAS", "MUNICIPI9": "TARRAFAS", "CEP10": "63145-000", "REGIAO_D11": "CARIRI", "SETOR_IB12": "RURAL", "DATA_DE_13": "2023-10-27", "TIPO_DE_14": "CISTERNA", "DESIGNAC15": "ASSOCIAÇÃO", "LATITUDE16": "-6.630501", "LONGITUD17": "-39.740764", "OBS18": "COORDENADAS APROXIMADAS", "CONTAGEM19": "1" }, "geometry": { "type": "Point", "coordinates": [ -39.740764, -6.630501 ] } },
{ "type": "Feature", "properties": { "ID0": "774", "NOME_USP1": "ASSOCIAÇÃO DOS REMANESCENTES DE QUILOMBOLAS DA COMUNIDADE DE CATOLÉ", "NOME_UG2": "VALE DO SALGADO INSTITUTO DE GESTAO PUBLICA AMBIENTAL E DE ASSISTENCIA SOCIAL", "TIPO3": "FORMAL", "LOTE4": "LOTE 25", "ENDERECO5": "SÍTIO BELA VISTA", "NUMERO6": "590", "BAIRRO_L7": "BELA VISTA", "DISTRITO8": "POTENGI", "MUNICIPI9": "POTENGI", "CEP10": "63160-000", "REGIAO_D11": "CARIRI", "SETOR_IB12": "URBANA", "DATA_DE_13": "2023-10-27", "TIPO_DE_14": "POÇO", "DESIGNAC15": "QUILOMBOLA", "LATITUDE16": "-7.090772", "LONGITUD17": "-40.027307", "OBS18": "COORDENADAS APROXIMADAS", "CONTAGEM19": "1" }, "geometry": { "type": "Point", "coordinates": [ -40.027307, -7.090772 ] } },
{ "type": "Feature", "properties": { "ID0": "775", "NOME_USP1": "ASSOCIACAO FILHOS AMADOS DO CEU (NOVA OLINDA)", "NOME_UG2": "VALE DO SALGADO INSTITUTO DE GESTAO PUBLICA AMBIENTAL E DE ASSISTENCIA SOCIAL", "TIPO3": "FORMAL", "LOTE4": "LOTE 25", "ENDERECO5": "SERRA DO ZABELÊ", "NUMERO6": "495", "BAIRRO_L7": "SÃO JOSÉ", "DISTRITO8": "NOVA OLINDA", "MUNICIPI9": "NOVA OLINDA", "CEP10": "63165-000", "REGIAO_D11": "CARIRI", "SETOR_IB12": "RURAL", "DATA_DE_13": "2023-10-06", "TIPO_DE_14": null, "DESIGNAC15": "RELIGIOSA", "LATITUDE16": "-7.17402", "LONGITUD17": "-39.6371", "OBS18": "COORDENADAS APROXIMADAS", "CONTAGEM19": "1" }, "geometry": { "type": "Point", "coordinates": [ -39.6371, -7.17402 ] } },
{ "type": "Feature", "properties": { "ID0": "776", "NOME_USP1": "CONSELHO DE PAIS DE CAMPOS SALES", "NOME_UG2": "VALE DO SALGADO INSTITUTO DE GESTAO PUBLICA AMBIENTAL E DE ASSISTENCIA SOCIAL", "TIPO3": "FORMAL", "LOTE4": "LOTE 25", "ENDERECO5": "RUA JOSE ALVES DE OLIVEIRA", "NUMERO6": "150", "BAIRRO_L7": "CAMPOS SALES", "DISTRITO8": "CAMPOS SALES", "MUNICIPI9": "CAMPOS SALES", "CEP10": "63150-000", "REGIAO_D11": "CARIRI", "SETOR_IB12": "URBANA", "DATA_DE_13": "2023-10-26", "TIPO_DE_14": "CAGECE - COMPANHIA DE ÁGUA E ESGOTO DO ESTADO DO CEARÁ", "DESIGNAC15": "ASSOCIAÇÃO", "LATITUDE16": "-7.069817", "LONGITUD17": "-40.374179", "OBS18": "COORDENADAS APROXIMADAS", "CONTAGEM19": "1" }, "geometry": { "type": "Point", "coordinates": [ -40.374179, -7.069817 ] } },
{ "type": "Feature", "properties": { "ID0": "777", "NOME_USP1": "GRUPO DOM LEME", "NOME_UG2": "VALE DO SALGADO INSTITUTO DE GESTAO PUBLICA AMBIENTAL E DE ASSISTENCIA SOCIAL", "TIPO3": "INFORMAL", "LOTE4": "LOTE 25", "ENDERECO5": "SITIO SANTO ANTONIO", "NUMERO6": "480", "BAIRRO_L7": "DOM LEME", "DISTRITO8": "DOM LEME", "MUNICIPI9": "SANTANA DO CARIRI", "CEP10": "63190-000", "REGIAO_D11": "CARIRI", "SETOR_IB12": "URBANA", "DATA_DE_13": "2023-10-27", "TIPO_DE_14": "POÇO", "DESIGNAC15": "OUTRAS", "LATITUDE16": "-7.308262", "LONGITUD17": "-39.771351", "OBS18": "COORDENADAS APROXIMADAS", "CONTAGEM19": "1" }, "geometry": { "type": "Point", "coordinates": [ -39.771351, -7.308262 ] } },
{ "type": "Feature", "properties": { "ID0": "778", "NOME_USP1": "GRUPO INHUMAS", "NOME_UG2": "VALE DO SALGADO INSTITUTO DE GESTAO PUBLICA AMBIENTAL E DE ASSISTENCIA SOCIAL", "TIPO3": "INFORMAL", "LOTE4": "LOTE 25", "ENDERECO5": "RUA MOISES XENOFONTE", "NUMERO6": "421", "BAIRRO_L7": "INHUMAS", "DISTRITO8": "INHUMAS", "MUNICIPI9": "SANTANA DO CARIRI", "CEP10": "63190-000", "REGIAO_D11": "CARIRI", "SETOR_IB12": "RURAL", "DATA_DE_13": "2023-10-25", "TIPO_DE_14": "CAGECE - COMPANHIA DE ÁGUA E ESGOTO DO ESTADO DO CEARÁ", "DESIGNAC15": "OUTRAS", "LATITUDE16": "-7.175906", "LONGITUD17": "-39.755619", "OBS18": "COORDENADAS APROXIMADAS", "CONTAGEM19": "1" }, "geometry": { "type": "Point", "coordinates": [ -39.755619, -7.175906 ] } },
{ "type": "Feature", "properties": { "ID0": "779", "NOME_USP1": "GRUPO SEDE SANTANA", "NOME_UG2": "VALE DO SALGADO INSTITUTO DE GESTAO PUBLICA AMBIENTAL E DE ASSISTENCIA SOCIAL", "TIPO3": "INFORMAL", "LOTE4": "LOTE 25", "ENDERECO5": "RUA 11 DE JANEIRO", "NUMERO6": "20", "BAIRRO_L7": "SANTANA DO CARIRI", "DISTRITO8": "SANTANA DO CARIRI", "MUNICIPI9": "SANTANA DO CARIRI", "CEP10": "63190-000", "REGIAO_D11": "CARIRI", "SETOR_IB12": "URBANA", "DATA_DE_13": "2023-10-27", "TIPO_DE_14": "CAGECE - COMPANHIA DE ÁGUA E ESGOTO DO ESTADO DO CEARÁ", "DESIGNAC15": "OUTRAS", "LATITUDE16": "-7.186698", "LONGITUD17": "-39.735298", "OBS18": "COORDENADAS APROXIMADAS", "CONTAGEM19": "1" }, "geometry": { "type": "Point", "coordinates": [ -39.735298, -7.186698 ] } },
{ "type": "Feature", "properties": { "ID0": "780", "NOME_USP1": "CONSELHO PARTICULAR DA SOCIEDADE SAO VICENTE DE PAULO", "NOME_UG2": "VALE DO SALGADO INSTITUTO DE GESTAO PUBLICA AMBIENTAL E DE ASSISTENCIA SOCIAL", "TIPO3": "FORMAL", "LOTE4": "LOTE 25", "ENDERECO5": "RUA PADRE AGAMENON COELHO", "NUMERO6": "156", "BAIRRO_L7": "ASSARÉ", "DISTRITO8": "ASSARÉ", "MUNICIPI9": "ASSARÉ", "CEP10": "63140-000", "REGIAO_D11": "CARIRI", "SETOR_IB12": "URBANA", "DATA_DE_13": "2023-10-27", "TIPO_DE_14": "CAGECE - COMPANHIA DE ÁGUA E ESGOTO DO ESTADO DO CEARÁ", "DESIGNAC15": "RELIGIOSA", "LATITUDE16": "-6.874018", "LONGITUD17": "-39.87423", "OBS18": "COORDENADAS APROXIMADAS", "CONTAGEM19": "1" }, "geometry": { "type": "Point", "coordinates": [ -39.87423, -6.874018 ] } },
{ "type": "Feature", "properties": { "ID0": "782", "NOME_USP1": "SEMEAR - ASSOCIAÇÃO DE EDUCAÇÃO AMBIENTAL E ECOLOGICA: ARTE DE RECICLAR", "NOME_UG2": "VALE DO SALGADO INSTITUTO DE GESTAO PUBLICA AMBIENTAL E DE ASSISTENCIA SOCIAL", "TIPO3": "FORMAL", "LOTE4": "LOTE 25", "ENDERECO5": "AV FRANCISCO DAS CHAGAS ARRAIS", "NUMERO6": "1123", "BAIRRO_L7": "CENTRO", "DISTRITO8": "CAMPOS SALES", "MUNICIPI9": "CAMPOS SALES", "CEP10": "63150-000", "REGIAO_D11": "CARIRI", "SETOR_IB12": "URBANA", "DATA_DE_13": "2023-10-26", "TIPO_DE_14": "CAGECE - COMPANHIA DE ÁGUA E ESGOTO DO ESTADO DO CEARÁ", "DESIGNAC15": "ASSOCIAÇÃO", "LATITUDE16": "-7.074322", "LONGITUD17": "-40.37156", "OBS18": "COORDENADAS APROXIMADAS", "CONTAGEM19": "1" }, "geometry": { "type": "Point", "coordinates": [ -40.37156, -7.074322 ] } },
{ "type": "Feature", "properties": { "ID0": "783", "NOME_USP1": "SINDICATO DOS TRABALHADORES RURAIS AGRICULTORES E AGRICULTORAS FAMILIARES DE NOVA OLINDA", "NOME_UG2": "VALE DO SALGADO INSTITUTO DE GESTAO PUBLICA AMBIENTAL E DE ASSISTENCIA SOCIAL", "TIPO3": "FORMAL", "LOTE4": "LOTE 25", "ENDERECO5": "RUA PEDRO ANTÔNIO", "NUMERO6": "25", "BAIRRO_L7": "NOVA OLINDA", "DISTRITO8": "NOVA OLINDA", "MUNICIPI9": "NOVA OLINDA", "CEP10": "63165-000", "REGIAO_D11": "CARIRI", "SETOR_IB12": "URBANA", "DATA_DE_13": "2023-10-20", "TIPO_DE_14": "CAGECE - COMPANHIA DE ÁGUA E ESGOTO DO ESTADO DO CEARÁ", "DESIGNAC15": "SINDICATO", "LATITUDE16": "-7.091699", "LONGITUD17": "-39.681897", "OBS18": "COORDENADAS APROXIMADAS", "CONTAGEM19": "1" }, "geometry": { "type": "Point", "coordinates": [ -39.681897, -7.091699 ] } },
{ "type": "Feature", "properties": { "ID0": "784", "NOME_USP1": "SINDICATO DOS TRABALHADORES RURAIS AGRICULTORES E AGRICULTORAS FAMILIARES DE SANTANA DO CARIRI", "NOME_UG2": "VALE DO SALGADO INSTITUTO DE GESTAO PUBLICA AMBIENTAL E DE ASSISTENCIA SOCIAL", "TIPO3": "FORMAL", "LOTE4": "LOTE 25", "ENDERECO5": "RUA ULISSES COELHO", "NUMERO6": "142", "BAIRRO_L7": "SANTANA DO CARIRI", "DISTRITO8": "SANTANA DO CARIRI", "MUNICIPI9": "SANTANA DO CARIRI", "CEP10": "63190-000", "REGIAO_D11": "CARIRI", "SETOR_IB12": "URBANA", "DATA_DE_13": "2023-10-25", "TIPO_DE_14": "CAGECE - COMPANHIA DE ÁGUA E ESGOTO DO ESTADO DO CEARÁ", "DESIGNAC15": "SINDICATO", "LATITUDE16": "-7.185171", "LONGITUD17": "-39.7367", "OBS18": "COORDENADAS APROXIMADAS", "CONTAGEM19": "1" }, "geometry": { "type": "Point", "coordinates": [ -39.7367, -7.185171 ] } },
{ "type": "Feature", "properties": { "ID0": "785", "NOME_USP1": "SINDICATO DOS TRABALHADORES RURAIS AGRICULTORES E AGRICULTORAS FAMILIARES DE TARRAFAS CEARA", "NOME_UG2": "VALE DO SALGADO INSTITUTO DE GESTAO PUBLICA AMBIENTAL E DE ASSISTENCIA SOCIAL", "TIPO3": "FORMAL", "LOTE4": "LOTE 25", "ENDERECO5": "RUA SÃO JOSE", "NUMERO6": "261", "BAIRRO_L7": "TARRAFAS", "DISTRITO8": "TARRAFAS", "MUNICIPI9": "TARRAFAS", "CEP10": "63145-000", "REGIAO_D11": "CARIRI", "SETOR_IB12": "URBANA", "DATA_DE_13": "2023-10-27", "TIPO_DE_14": "CAGECE - COMPANHIA DE ÁGUA E ESGOTO DO ESTADO DO CEARÁ", "DESIGNAC15": "SINDICATO", "LATITUDE16": "-6.682446", "LONGITUD17": "-39.7586", "OBS18": "COORDENADAS APROXIMADAS", "CONTAGEM19": "1" }, "geometry": { "type": "Point", "coordinates": [ -39.7586, -6.682446 ] } },
{ "type": "Feature", "properties": { "ID0": "786", "NOME_USP1": "ABELHAS SOLIDÁRIAS DO MEL", "NOME_UG2": "ORGANIZACAO BARREIRA AMIGOS SOLIDARIOS", "TIPO3": "INFORMAL", "LOTE4": "LOTE 27", "ENDERECO5": "RUA JOSÉ DE MELO SANTOS", "NUMERO6": "130", "BAIRRO_L7": "JUCÁS", "DISTRITO8": "MEL", "MUNICIPI9": "JUCÁS", "CEP10": "63580-000", "REGIAO_D11": "CENTRO SUL", "SETOR_IB12": "URBANA", "DATA_DE_13": "2023-10-13", "TIPO_DE_14": "SAAE - SERVIÇO  AUTÔNOMO DE ÁGUA E ESGOTO", "DESIGNAC15": "OUTRAS", "LATITUDE16": "-6.399454", "LONGITUD17": "-39.579792", "OBS18": "COORDENADAS APROXIMADAS", "CONTAGEM19": "1" }, "geometry": { "type": "Point", "coordinates": [ -39.579792, -6.399454 ] } },
{ "type": "Feature", "properties": { "ID0": "787", "NOME_USP1": "ASSOC COMUNIT PARA O DESENV RURAL DO SITIO BELAMARTE", "NOME_UG2": "ORGANIZACAO BARREIRA AMIGOS SOLIDARIOS", "TIPO3": "FORMAL", "LOTE4": "LOTE 27", "ENDERECO5": "SÍTIO BELAMARTE", "NUMERO6": "485", "BAIRRO_L7": "ICÓ", "DISTRITO8": "ICÓ", "MUNICIPI9": "ICÓ", "CEP10": "63430-000", "REGIAO_D11": "CENTRO SUL", "SETOR_IB12": "RURAL", "DATA_DE_13": "2023-10-16", "TIPO_DE_14": "POÇO", "DESIGNAC15": "ASSOCIAÇÃO", "LATITUDE16": "-6.368974", "LONGITUD17": "-38.789757", "OBS18": "COORDENADAS APROXIMADAS", "CONTAGEM19": "1" }, "geometry": { "type": "Point", "coordinates": [ -38.789757, -6.368974 ] } },
{ "type": "Feature", "properties": { "ID0": "788", "NOME_USP1": "ASSOCIACAO COMUNITARIA COM ACOES PARTICIPANTES - SEDE", "NOME_UG2": "ORGANIZACAO BARREIRA AMIGOS SOLIDARIOS", "TIPO3": "FORMAL", "LOTE4": "LOTE 27", "ENDERECO5": "RUA MANOEL VENANCIO LEITE", "NUMERO6": "158", "BAIRRO_L7": "NOSSA SENHORA DE FÁTIMA", "DISTRITO8": "JUCÁS", "MUNICIPI9": "JUCÁS", "CEP10": "63580-000", "REGIAO_D11": "CENTRO SUL", "SETOR_IB12": "URBANA", "DATA_DE_13": "2023-10-13", "TIPO_DE_14": "SAAE - SERVIÇO  AUTÔNOMO DE ÁGUA E ESGOTO", "DESIGNAC15": "ASSOCIAÇÃO", "LATITUDE16": "-6.521174", "LONGITUD17": "-39.524229", "OBS18": "COORDENADAS APROXIMADAS", "CONTAGEM19": "1" }, "geometry": { "type": "Point", "coordinates": [ -39.524229, -6.521174 ] } },
{ "type": "Feature", "properties": { "ID0": "789", "NOME_USP1": "ASSOCIACAO COMUNITARIA COM ACOES PARTICIPANTES - ALTO DO THOR", "NOME_UG2": "ORGANIZACAO BARREIRA AMIGOS SOLIDARIOS", "TIPO3": "FORMAL", "LOTE4": "LOTE 27", "ENDERECO5": "RUA PADRE MANOEL LEMOS BRAGA", "NUMERO6": "0", "BAIRRO_L7": "JUCÁS", "DISTRITO8": "JUCÁS", "MUNICIPI9": "JUCÁS", "CEP10": "63580-000", "REGIAO_D11": "CENTRO SUL", "SETOR_IB12": "URBANA", "DATA_DE_13": "2023-10-13", "TIPO_DE_14": "SAAE - SERVIÇO  AUTÔNOMO DE ÁGUA E ESGOTO", "DESIGNAC15": "ASSOCIAÇÃO", "LATITUDE16": "-6.525872", "LONGITUD17": "-39.536855", "OBS18": "COORDENADAS APROXIMADAS", "CONTAGEM19": "1" }, "geometry": { "type": "Point", "coordinates": [ -39.536855, -6.525872 ] } },
{ "type": "Feature", "properties": { "ID0": "791", "NOME_USP1": "MUCAMBIM SEDE", "NOME_UG2": "ORGANIZACAO BARREIRA AMIGOS SOLIDARIOS", "TIPO3": "INFORMAL", "LOTE4": "LOTE 27", "ENDERECO5": "RUA ELIZEU HERBSTE", "NUMERO6": "37", "BAIRRO_L7": "SABOEIRO", "DISTRITO8": "SABOEIRO", "MUNICIPI9": "SABOEIRO", "CEP10": "63590-000", "REGIAO_D11": "CENTRO SUL", "SETOR_IB12": "URBANA", "DATA_DE_13": "2023-10-16", "TIPO_DE_14": "CAGECE - COMPANHIA DE ÁGUA E ESGOTO DO ESTADO DO CEARÁ", "DESIGNAC15": "ASSOCIAÇÃO", "LATITUDE16": "-6.538603", "LONGITUD17": "-39.901985", "OBS18": "COORDENADAS APROXIMADAS", "CONTAGEM19": "1" }, "geometry": { "type": "Point", "coordinates": [ -39.901985, -6.538603 ] } },
{ "type": "Feature", "properties": { "ID0": "792", "NOME_USP1": "ASSOCIAÇÃO COMUNITARIA JOAQUIM FERREIRA DE ARAUJO", "NOME_UG2": "ORGANIZACAO BARREIRA AMIGOS SOLIDARIOS", "TIPO3": "FORMAL", "LOTE4": "LOTE 27", "ENDERECO5": "SITIO CACHOEIRA DOS ARAÚJOS", "NUMERO6": "0", "BAIRRO_L7": "CEDRO", "DISTRITO8": "CEDRO", "MUNICIPI9": "CEDRO", "CEP10": "63400-000", "REGIAO_D11": "CENTRO SUL", "SETOR_IB12": "RURAL", "DATA_DE_13": "2023-10-18", "TIPO_DE_14": "SISAR - SISTEMA INTEGRADO DE SANEAMENTO RURAL", "DESIGNAC15": "ASSOCIAÇÃO", "LATITUDE16": "-6.454457", "LONGITUD17": "-39.090777", "OBS18": "COORDENADAS APROXIMADAS", "CONTAGEM19": "1" }, "geometry": { "type": "Point", "coordinates": [ -39.090777, -6.454457 ] } },
{ "type": "Feature", "properties": { "ID0": "793", "NOME_USP1": "ASSOCIACAO PROJETO AJUDADOR", "NOME_UG2": "ORGANIZACAO BARREIRA AMIGOS SOLIDARIOS", "TIPO3": "FORMAL", "LOTE4": "LOTE 27", "ENDERECO5": "RUA 48", "NUMERO6": "171", "BAIRRO_L7": "CONJUNTO DELTA", "DISTRITO8": "ICÓ", "MUNICIPI9": "ICÓ", "CEP10": "63430-000", "REGIAO_D11": "CENTRO SUL", "SETOR_IB12": "URBANA", "DATA_DE_13": "2023-10-16", "TIPO_DE_14": "SAAE - SERVIÇO  AUTÔNOMO DE ÁGUA E ESGOTO", "DESIGNAC15": "ASSOCIAÇÃO", "LATITUDE16": "-6.41038", "LONGITUD17": "-38.902471", "OBS18": "COORDENADAS APROXIMADAS", "CONTAGEM19": "1" }, "geometry": { "type": "Point", "coordinates": [ -38.902471, -6.41038 ] } },
{ "type": "Feature", "properties": { "ID0": "794", "NOME_USP1": "CENTRO DE PRESERVACAO DA HISTORIA E CULTURA POPULAR REALEZA NORDESTINA", "NOME_UG2": "ORGANIZACAO BARREIRA AMIGOS SOLIDARIOS", "TIPO3": "FORMAL", "LOTE4": "LOTE 27", "ENDERECO5": "TRAVESSA DO TELECEARÁ", "NUMERO6": "0", "BAIRRO_L7": "SANTARÉM", "DISTRITO8": "ORÓS", "MUNICIPI9": "ORÓS", "CEP10": "63520-000", "REGIAO_D11": "CENTRO SUL", "SETOR_IB12": "URBANA", "DATA_DE_13": "2023-10-16", "TIPO_DE_14": "SISAR - SISTEMA INTEGRADO DE SANEAMENTO RURAL", "DESIGNAC15": "ASSOCIAÇÃO", "LATITUDE16": "-6.134974", "LONGITUD17": "-38.946176", "OBS18": "COORDENADAS APROXIMADAS", "CONTAGEM19": "1" }, "geometry": { "type": "Point", "coordinates": [ -38.946176, -6.134974 ] } },
{ "type": "Feature", "properties": { "ID0": "795", "NOME_USP1": "CENTRO SOCIAL DE OROS", "NOME_UG2": "ORGANIZACAO BARREIRA AMIGOS SOLIDARIOS", "TIPO3": "FORMAL", "LOTE4": "LOTE 27", "ENDERECO5": "AVENIDA JOSÉ FARES LOPES", "NUMERO6": "430", "BAIRRO_L7": "ORÓS", "DISTRITO8": "ORÓS", "MUNICIPI9": "ORÓS", "CEP10": "63520-000", "REGIAO_D11": "CENTRO SUL", "SETOR_IB12": "URBANA", "DATA_DE_13": "2023-10-16", "TIPO_DE_14": "CAGECE - COMPANHIA DE ÁGUA E ESGOTO DO ESTADO DO CEARÁ", "DESIGNAC15": "ASSOCIAÇÃO", "LATITUDE16": "-6.252589", "LONGITUD17": "-38.914408", "OBS18": "COORDENADAS APROXIMADAS", "CONTAGEM19": "1" }, "geometry": { "type": "Point", "coordinates": [ -38.914408, -6.252589 ] } },
{ "type": "Feature", "properties": { "ID0": "797", "NOME_USP1": "COMPANHEIROS DO BEM", "NOME_UG2": "ORGANIZACAO BARREIRA AMIGOS SOLIDARIOS", "TIPO3": "INFORMAL", "LOTE4": "LOTE 27", "ENDERECO5": "RUA 48", "NUMERO6": "151", "BAIRRO_L7": "ICÓ", "DISTRITO8": "ICÓ", "MUNICIPI9": "ICÓ", "CEP10": "63430-000", "REGIAO_D11": "CENTRO SUL", "SETOR_IB12": "URBANA", "DATA_DE_13": "2023-10-16", "TIPO_DE_14": "SAAE - SERVIÇO  AUTÔNOMO DE ÁGUA E ESGOTO", "DESIGNAC15": "OUTRAS", "LATITUDE16": "-6.410286", "LONGITUD17": "-38.902801", "OBS18": "COORDENADAS APROXIMADAS", "CONTAGEM19": "1" }, "geometry": { "type": "Point", "coordinates": [ -38.902801, -6.410286 ] } },
{ "type": "Feature", "properties": { "ID0": "798", "NOME_USP1": "COZINHA DA FAMILIA", "NOME_UG2": "ORGANIZACAO BARREIRA AMIGOS SOLIDARIOS", "TIPO3": "INFORMAL", "LOTE4": "LOTE 27", "ENDERECO5": "SITIO SACO DOS BOIS", "NUMERO6": "47", "BAIRRO_L7": "SACO DOS BOIS", "DISTRITO8": "BAIXIO", "MUNICIPI9": "BAIXIO", "CEP10": "63320-000", "REGIAO_D11": "CENTRO SUL", "SETOR_IB12": "RURAL", "DATA_DE_13": "2023-10-24", "TIPO_DE_14": "SISAR - SISTEMA INTEGRADO DE SANEAMENTO RURAL", "DESIGNAC15": "OUTRAS", "LATITUDE16": "-6.70406", "LONGITUD17": "-38.764062", "OBS18": "COORDENADAS APROXIMADAS", "CONTAGEM19": "1" }, "geometry": { "type": "Point", "coordinates": [ -38.764062, -6.70406 ] } },
{ "type": "Feature", "properties": { "ID0": "799", "NOME_USP1": "COZINHA DE UMARI", "NOME_UG2": "ORGANIZACAO BARREIRA AMIGOS SOLIDARIOS", "TIPO3": "INFORMAL", "LOTE4": "LOTE 27", "ENDERECO5": "CEL ANTONIO MALHEIROS", "NUMERO6": "2", "BAIRRO_L7": "UMARI", "DISTRITO8": "UMARI", "MUNICIPI9": "UMARI", "CEP10": "63310-000", "REGIAO_D11": "CENTRO SUL", "SETOR_IB12": "URBANA", "DATA_DE_13": "2023-10-23", "TIPO_DE_14": "CAGECE - COMPANHIA DE ÁGUA E ESGOTO DO ESTADO DO CEARÁ", "DESIGNAC15": "OUTRAS", "LATITUDE16": "-6.642829", "LONGITUD17": "-38.699072", "OBS18": "COORDENADAS APROXIMADAS", "CONTAGEM19": "1" }, "geometry": { "type": "Point", "coordinates": [ -38.699072, -6.642829 ] } },
{ "type": "Feature", "properties": { "ID0": "800", "NOME_USP1": "COZINHA VILA SÃO JOSÉ", "NOME_UG2": "ORGANIZACAO BARREIRA AMIGOS SOLIDARIOS", "TIPO3": "INFORMAL", "LOTE4": "LOTE 27", "ENDERECO5": "VILA SÃO JOSÉ", "NUMERO6": "0", "BAIRRO_L7": "VILA SÃO JOSÉ", "DISTRITO8": "IPAUMIRIM", "MUNICIPI9": "IPAUMIRIM", "CEP10": "63340-000", "REGIAO_D11": "CENTRO SUL", "SETOR_IB12": "URBANA", "DATA_DE_13": "2023-10-23", "TIPO_DE_14": "CAGECE - COMPANHIA DE ÁGUA E ESGOTO DO ESTADO DO CEARÁ", "DESIGNAC15": "OUTRAS", "LATITUDE16": "-6.789028", "LONGITUD17": "-38.72504", "OBS18": "COORDENADAS APROXIMADAS", "CONTAGEM19": "1" }, "geometry": { "type": "Point", "coordinates": [ -38.72504, -6.789028 ] } },
{ "type": "Feature", "properties": { "ID0": "801", "NOME_USP1": "INSTITUTO EDSON CARIUS", "NOME_UG2": "ORGANIZACAO BARREIRA AMIGOS SOLIDARIOS", "TIPO3": "FORMAL", "LOTE4": "LOTE 27", "ENDERECO5": "RUA PROJETADA", "NUMERO6": "0", "BAIRRO_L7": "VILA NOVA", "DISTRITO8": "CARIÚS", "MUNICIPI9": "CARIÚS", "CEP10": "63530-000", "REGIAO_D11": "CENTRO SUL", "SETOR_IB12": "URBANA", "DATA_DE_13": "2023-10-17", "TIPO_DE_14": "CAGECE - COMPANHIA DE ÁGUA E ESGOTO DO ESTADO DO CEARÁ", "DESIGNAC15": "INSTITUTO", "LATITUDE16": "-6.528634", "LONGITUD17": "-39.490725", "OBS18": "COORDENADAS APROXIMADAS", "CONTAGEM19": "1" }, "geometry": { "type": "Point", "coordinates": [ -39.490725, -6.528634 ] } },
{ "type": "Feature", "properties": { "ID0": "802", "NOME_USP1": "MESA SAUDAVEL", "NOME_UG2": "ORGANIZACAO BARREIRA AMIGOS SOLIDARIOS", "TIPO3": "INFORMAL", "LOTE4": "LOTE 27", "ENDERECO5": "RUA JOSÉ BARBOSA", "NUMERO6": "25", "BAIRRO_L7": "ALTO BANDEIRANTE", "DISTRITO8": "IPAUMIRIM", "MUNICIPI9": "IPAUMIRIM", "CEP10": "63340-000", "REGIAO_D11": "CENTRO SUL", "SETOR_IB12": "URBANA", "DATA_DE_13": "2024-12-02", "TIPO_DE_14": "CAGECE - COMPANHIA DE ÁGUA E ESGOTO DO ESTADO DO CEARÁ", "DESIGNAC15": "OUTRAS", "LATITUDE16": "-6.791794", "LONGITUD17": "-38.711571", "OBS18": "COORDENADAS APROXIMADAS", "CONTAGEM19": "1" }, "geometry": { "type": "Point", "coordinates": [ -38.711571, -6.791794 ] } },
{ "type": "Feature", "properties": { "ID0": "803", "NOME_USP1": "MORADORES DA FAZENDINHA", "NOME_UG2": "ORGANIZACAO BARREIRA AMIGOS SOLIDARIOS", "TIPO3": "INFORMAL", "LOTE4": "LOTE 27", "ENDERECO5": "CICERO BENTO", "NUMERO6": "451", "BAIRRO_L7": "FAZENDINHA", "DISTRITO8": "IPAUMIRIM", "MUNICIPI9": "IPAUMIRIM", "CEP10": "63340-000", "REGIAO_D11": "CENTRO SUL", "SETOR_IB12": "RURAL", "DATA_DE_13": "2023-10-20", "TIPO_DE_14": "CAGECE - COMPANHIA DE ÁGUA E ESGOTO DO ESTADO DO CEARÁ", "DESIGNAC15": "OUTRAS", "LATITUDE16": "-6.782438", "LONGITUD17": "-38.711992", "OBS18": "COORDENADAS APROXIMADAS", "CONTAGEM19": "1" }, "geometry": { "type": "Point", "coordinates": [ -38.711992, -6.782438 ] } },
{ "type": "Feature", "properties": { "ID0": "804", "NOME_USP1": "PAROQUIA SÃO JOÃO", "NOME_UG2": "ORGANIZACAO BARREIRA AMIGOS SOLIDARIOS", "TIPO3": "INFORMAL", "LOTE4": "LOTE 27", "ENDERECO5": "RUA 21 DE OUTUBRO", "NUMERO6": "0", "BAIRRO_L7": "CEDRO", "DISTRITO8": "CEDRO", "MUNICIPI9": "CEDRO", "CEP10": "63400-000", "REGIAO_D11": "CENTRO SUL", "SETOR_IB12": "URBANA", "DATA_DE_13": "2023-10-18", "TIPO_DE_14": "CAGECE - COMPANHIA DE ÁGUA E ESGOTO DO ESTADO DO CEARÁ", "DESIGNAC15": "RELIGIOSA", "LATITUDE16": "-6.608532", "LONGITUD17": "-39.058968", "OBS18": "COORDENADAS APROXIMADAS", "CONTAGEM19": "1" }, "geometry": { "type": "Point", "coordinates": [ -39.058968, -6.608532 ] } },
{ "type": "Feature", "properties": { "ID0": "805", "NOME_USP1": "PAROQUIA SAO PEDRO APOSTOLO", "NOME_UG2": "ORGANIZACAO BARREIRA AMIGOS SOLIDARIOS", "TIPO3": "FORMAL", "LOTE4": "LOTE 27", "ENDERECO5": "RUA VICENTE ADORAL", "NUMERO6": "0", "BAIRRO_L7": "SÃO PEDRO DO NORTE", "DISTRITO8": "SÃO PEDRO DO NORTE", "MUNICIPI9": "JUCÁS", "CEP10": "63585-000", "REGIAO_D11": "CENTRO SUL", "SETOR_IB12": "URBANA", "DATA_DE_13": "2023-10-13", "TIPO_DE_14": "SAAE - SERVIÇO  AUTÔNOMO DE ÁGUA E ESGOTO", "DESIGNAC15": "RELIGIOSA", "LATITUDE16": "-6.449819", "LONGITUD17": "-39.449879", "OBS18": "COORDENADAS APROXIMADAS", "CONTAGEM19": "1" }, "geometry": { "type": "Point", "coordinates": [ -39.449879, -6.449819 ] } },
{ "type": "Feature", "properties": { "ID0": "806", "NOME_USP1": "PASTORAL DA CRIANÇA-CARIUS", "NOME_UG2": "ORGANIZACAO BARREIRA AMIGOS SOLIDARIOS", "TIPO3": "INFORMAL", "LOTE4": "LOTE 27", "ENDERECO5": "RUA PRAÇA DA REPUBLICA", "NUMERO6": "0", "BAIRRO_L7": "CARIÚS", "DISTRITO8": "CARIÚS", "MUNICIPI9": "CARIÚS", "CEP10": "63530-000", "REGIAO_D11": "CENTRO SUL", "SETOR_IB12": "URBANA", "DATA_DE_13": "2023-10-17", "TIPO_DE_14": "CAGECE - COMPANHIA DE ÁGUA E ESGOTO DO ESTADO DO CEARÁ", "DESIGNAC15": "RELIGIOSA", "LATITUDE16": "-6.535903", "LONGITUD17": "-39.498292", "OBS18": "COORDENADAS APROXIMADAS", "CONTAGEM19": "1" }, "geometry": { "type": "Point", "coordinates": [ -39.498292, -6.535903 ] } },
{ "type": "Feature", "properties": { "ID0": "807", "NOME_USP1": "UNIÃO BETEL LAGOA DE DENTRO", "NOME_UG2": "ORGANIZACAO BARREIRA AMIGOS SOLIDARIOS", "TIPO3": "INFORMAL", "LOTE4": "LOTE 27", "ENDERECO5": "SÍTIO BETEL", "NUMERO6": "0", "BAIRRO_L7": "FLAMENGO", "DISTRITO8": "SABOEIRO", "MUNICIPI9": "SABOEIRO", "CEP10": "63590-000", "REGIAO_D11": "CENTRO SUL", "SETOR_IB12": "URBANA", "DATA_DE_13": "2023-10-16", "TIPO_DE_14": "POÇO", "DESIGNAC15": "ASSOCIAÇÃO", "LATITUDE16": "-6.261011", "LONGITUD17": "-39.762192", "OBS18": "COORDENADAS APROXIMADAS", "CONTAGEM19": "1" }, "geometry": { "type": "Point", "coordinates": [ -39.762192, -6.261011 ] } },
{ "type": "Feature", "properties": { "ID0": "809", "NOME_USP1": "ASSOCIAÇÃO ASSISTENCIAL SOL DO AMOR AO PRÓXIMO", "NOME_UG2": "INSTITUTO INDACE", "TIPO3": "FORMAL", "LOTE4": "LOTE 12", "ENDERECO5": "RUA OLAVO BILAC", "NUMERO6": "2685", "BAIRRO_L7": "PARQUE ALBANO", "DISTRITO8": "JUREMA", "MUNICIPI9": "CAUCAIA", "CEP10": "61645-340", "REGIAO_D11": "GRANDE FORTALEZA", "SETOR_IB12": "URBANA", "DATA_DE_13": "2023-10-13", "TIPO_DE_14": "CAGECE - COMPANHIA DE ÁGUA E ESGOTO DO ESTADO DO CEARÁ", "DESIGNAC15": "ASSOCIAÇÃO", "LATITUDE16": "-3.753287", "LONGITUD17": "-38.612193", "OBS18": "COORDENADAS APROXIMADAS", "CONTAGEM19": "1" }, "geometry": { "type": "Point", "coordinates": [ -38.612193, -3.753287 ] } },
{ "type": "Feature", "properties": { "ID0": "810", "NOME_USP1": "ASSOCIAÇÃO BENEFICENTE CASA DA UNIÃO CORAÇÃO DE MARIA", "NOME_UG2": "INSTITUTO INDACE", "TIPO3": "FORMAL", "LOTE4": "LOTE 12", "ENDERECO5": "RUA B", "NUMERO6": "34", "BAIRRO_L7": "ICARAI", "DISTRITO8": "CAUCAIA", "MUNICIPI9": "CAUCAIA", "CEP10": "61624-185", "REGIAO_D11": "GRANDE FORTALEZA", "SETOR_IB12": "URBANA", "DATA_DE_13": "2023-10-13", "TIPO_DE_14": "POÇO", "DESIGNAC15": "ASSOCIAÇÃO", "LATITUDE16": "-3.691034", "LONGITUD17": "-38.6686", "OBS18": "COORDENADAS APROXIMADAS", "CONTAGEM19": "1" }, "geometry": { "type": "Point", "coordinates": [ -38.6686, -3.691034 ] } },
{ "type": "Feature", "properties": { "ID0": "811", "NOME_USP1": "ASSOCIAÇÃO COMUNITÁRIA DE CAPUAN", "NOME_UG2": "INSTITUTO INDACE", "TIPO3": "FORMAL", "LOTE4": "LOTE 12", "ENDERECO5": "RUA GENERAL MOURÃO FILHO", "NUMERO6": "470", "BAIRRO_L7": "CAPUAN", "DISTRITO8": "CAUCAIA", "MUNICIPI9": "CAUCAIA", "CEP10": "61615-370", "REGIAO_D11": "GRANDE FORTALEZA", "SETOR_IB12": "URBANA", "DATA_DE_13": "2023-10-13", "TIPO_DE_14": "CAGECE - COMPANHIA DE ÁGUA E ESGOTO DO ESTADO DO CEARÁ", "DESIGNAC15": "ASSOCIAÇÃO", "LATITUDE16": "-3.732334", "LONGITUD17": "-38.703122", "OBS18": "COORDENADAS APROXIMADAS", "CONTAGEM19": "1" }, "geometry": { "type": "Point", "coordinates": [ -38.703122, -3.732334 ] } },
{ "type": "Feature", "properties": { "ID0": "812", "NOME_USP1": "ASSOCIAÇÃO DE EVANGELIZAÇÃO DIVINA MISERICÓRDIA", "NOME_UG2": "INSTITUTO INDACE", "TIPO3": "FORMAL", "LOTE4": "LOTE 12", "ENDERECO5": "RUA CHORÓ", "NUMERO6": "264", "BAIRRO_L7": "MARECHAL RONDON (JUREMA)", "DISTRITO8": "CAUCAIA", "MUNICIPI9": "CAUCAIA", "CEP10": "61652-320", "REGIAO_D11": "GRANDE FORTALEZA", "SETOR_IB12": "URBANA", "DATA_DE_13": "2023-10-13", "TIPO_DE_14": "CAGECE - COMPANHIA DE ÁGUA E ESGOTO DO ESTADO DO CEARÁ", "DESIGNAC15": "ASSOCIAÇÃO", "LATITUDE16": "-3.774426", "LONGITUD17": "-38.622486", "OBS18": "COORDENADAS APROXIMADAS", "CONTAGEM19": "1" }, "geometry": { "type": "Point", "coordinates": [ -38.622486, -3.774426 ] } },
{ "type": "Feature", "properties": { "ID0": "813", "NOME_USP1": "ASSOCIACAO DE PAIS E AMIGOS DO AUTISTA DE CAUCAIA CE", "NOME_UG2": "INSTITUTO INDACE", "TIPO3": "FORMAL", "LOTE4": "LOTE 12", "ENDERECO5": "RUA 1", "NUMERO6": "233", "BAIRRO_L7": "PADRE ROMUALDO", "DISTRITO8": "CAUCAIA", "MUNICIPI9": "CAUCAIA", "CEP10": "61601-311", "REGIAO_D11": "GRANDE FORTALEZA", "SETOR_IB12": "URBANA", "DATA_DE_13": "2023-10-13", "TIPO_DE_14": "CAGECE - COMPANHIA DE ÁGUA E ESGOTO DO ESTADO DO CEARÁ", "DESIGNAC15": "ASSOCIAÇÃO", "LATITUDE16": "-3.7224", "LONGITUD17": "-38.65719", "OBS18": "COORDENADAS APROXIMADAS", "CONTAGEM19": "1" }, "geometry": { "type": "Point", "coordinates": [ -38.65719, -3.7224 ] } },
{ "type": "Feature", "properties": { "ID0": "814", "NOME_USP1": "ASSOCIAÇÃO DOS MORADORES DO PARQUE ALBANO- AMPA", "NOME_UG2": "INSTITUTO INDACE", "TIPO3": "FORMAL", "LOTE4": "LOTE 12", "ENDERECO5": "RUA OLAVO BILAC", "NUMERO6": "611", "BAIRRO_L7": "PARQUE ALBANO", "DISTRITO8": "JUREMA", "MUNICIPI9": "CAUCAIA", "CEP10": "61645-340", "REGIAO_D11": "GRANDE FORTALEZA", "SETOR_IB12": "URBANA", "DATA_DE_13": "2023-09-22", "TIPO_DE_14": "CAGECE - COMPANHIA DE ÁGUA E ESGOTO DO ESTADO DO CEARÁ", "DESIGNAC15": "ASSOCIAÇÃO", "LATITUDE16": "-3.755608", "LONGITUD17": "-38.612418", "OBS18": "COORDENADAS APROXIMADAS", "CONTAGEM19": "1" }, "geometry": { "type": "Point", "coordinates": [ -38.612418, -3.755608 ] } },
{ "type": "Feature", "properties": { "ID0": "815", "NOME_USP1": "ASSOCIAÇAO DOS REMANESCENTES DO QUILOMBO DO DESERTO EM CAUCAIA", "NOME_UG2": "INSTITUTO INDACE", "TIPO3": "FORMAL", "LOTE4": "LOTE 12", "ENDERECO5": "61.616-992", "NUMERO6": "47", "BAIRRO_L7": "POVOADO DESERTO", "DISTRITO8": "CATUANA", "MUNICIPI9": "CAUCAIA", "CEP10": "61616-992", "REGIAO_D11": "GRANDE FORTALEZA", "SETOR_IB12": "RURAL", "DATA_DE_13": "2023-10-20", "TIPO_DE_14": "CISTERNA", "DESIGNAC15": "QUILOMBOLA", "LATITUDE16": "-3.785192", "LONGITUD17": "-38.80457", "OBS18": "COORDENADAS APROXIMADAS", "CONTAGEM19": "1" }, "geometry": { "type": "Point", "coordinates": [ -38.80457, -3.785192 ] } },
{ "type": "Feature", "properties": { "ID0": "816", "NOME_USP1": "ASSOCIAÇÃO MISSIONARIA DE AÇÃO SOCIAL - AMAS", "NOME_UG2": "INSTITUTO INDACE", "TIPO3": "FORMAL", "LOTE4": "LOTE 12", "ENDERECO5": "AVENIDA DE CONTORNO OESTE NORTE", "NUMERO6": "223", "BAIRRO_L7": "ARATURI", "DISTRITO8": "CAUCAIA", "MUNICIPI9": "CAUCAIA", "CEP10": "61655-010", "REGIAO_D11": "GRANDE FORTALEZA", "SETOR_IB12": "URBANA", "DATA_DE_13": "2023-10-13", "TIPO_DE_14": "CAGECE - COMPANHIA DE ÁGUA E ESGOTO DO ESTADO DO CEARÁ", "DESIGNAC15": "ASSOCIAÇÃO", "LATITUDE16": "-3.762869", "LONGITUD17": "-38.639822", "OBS18": "COORDENADAS APROXIMADAS", "CONTAGEM19": "1" }, "geometry": { "type": "Point", "coordinates": [ -38.639822, -3.762869 ] } },
{ "type": "Feature", "properties": { "ID0": "817", "NOME_USP1": "ASSOCIAÇÃO MULTICOMUNITÁRIA DE MORADORES DE CAUCAIA - SEMEAR", "NOME_UG2": "INSTITUTO INDACE", "TIPO3": "FORMAL", "LOTE4": "LOTE 12", "ENDERECO5": "RUA SANTA MARTA 35", "NUMERO6": "35", "BAIRRO_L7": "ARATURI", "DISTRITO8": "JUREMA", "MUNICIPI9": "CAUCAIA", "CEP10": "06165-500", "REGIAO_D11": "GRANDE FORTALEZA", "SETOR_IB12": "URBANA", "DATA_DE_13": "2023-10-13", "TIPO_DE_14": "POÇO", "DESIGNAC15": "ASSOCIAÇÃO", "LATITUDE16": "-3.77203", "LONGITUD17": "-38.65572", "OBS18": "COORDENADAS APROXIMADAS", "CONTAGEM19": "1" }, "geometry": { "type": "Point", "coordinates": [ -38.65572, -3.77203 ] } },
{ "type": "Feature", "properties": { "ID0": "818", "NOME_USP1": "ASSOCIAÇÃO  RECUPERANDO VIDAS", "NOME_UG2": "INSTITUTO INDACE", "TIPO3": "FORMAL", "LOTE4": "LOTE 12", "ENDERECO5": "ESTRADA LAGOA DOS CAETANOS", "NUMERO6": "0", "BAIRRO_L7": "TUCUNDUBA", "DISTRITO8": "TUCUNDUBA", "MUNICIPI9": "CAUCAIA", "CEP10": "61680-000", "REGIAO_D11": "GRANDE FORTALEZA", "SETOR_IB12": "RURAL", "DATA_DE_13": "2023-10-20", "TIPO_DE_14": "POÇO", "DESIGNAC15": "ASSOCIAÇÃO", "LATITUDE16": "-3.823726", "LONGITUD17": "-38.812616", "OBS18": "COORDENADAS APROXIMADAS", "CONTAGEM19": "1" }, "geometry": { "type": "Point", "coordinates": [ -38.812616, -3.823726 ] } },
{ "type": "Feature", "properties": { "ID0": "819", "NOME_USP1": "ASSOCIAÇÃO REMANESCENTE DE QUILOMBO CERCADÃO DOS DICETAS", "NOME_UG2": "INSTITUTO INDACE", "TIPO3": "FORMAL", "LOTE4": "LOTE 12", "ENDERECO5": "RUA RAQUEL DE QUEIROZ", "NUMERO6": "64", "BAIRRO_L7": "ICARAÍ", "DISTRITO8": "CAUCAIA", "MUNICIPI9": "CAUCAIA", "CEP10": "61624-370", "REGIAO_D11": "GRANDE FORTALEZA", "SETOR_IB12": "URBANA", "DATA_DE_13": "2023-10-20", "TIPO_DE_14": "CAGECE - COMPANHIA DE ÁGUA E ESGOTO DO ESTADO DO CEARÁ", "DESIGNAC15": "QUILOMBOLA", "LATITUDE16": "-3.682538", "LONGITUD17": "-38.666828", "OBS18": "COORDENADAS APROXIMADAS", "CONTAGEM19": "1" }, "geometry": { "type": "Point", "coordinates": [ -38.666828, -3.682538 ] } },
{ "type": "Feature", "properties": { "ID0": "820", "NOME_USP1": "ASSOCIÇÃO EDUCACIONAL PARA CRIANÇAS, ADOLECENTES E IDOSOS - AECADI", "NOME_UG2": "INSTITUTO INDACE", "TIPO3": "FORMAL", "LOTE4": "LOTE 12", "ENDERECO5": "RUA LAGO DOURADO", "NUMERO6": "166", "BAIRRO_L7": "PARQUE ALBANO", "DISTRITO8": "JUREMA", "MUNICIPI9": "CAUCAIA", "CEP10": "61645-410", "REGIAO_D11": "GRANDE FORTALEZA", "SETOR_IB12": "URBANA", "DATA_DE_13": "2023-12-15", "TIPO_DE_14": "CAGECE - COMPANHIA DE ÁGUA E ESGOTO DO ESTADO DO CEARÁ", "DESIGNAC15": "ASSOCIAÇÃO", "LATITUDE16": "-3.759066", "LONGITUD17": "-38.615021", "OBS18": "COORDENADAS APROXIMADAS", "CONTAGEM19": "1" }, "geometry": { "type": "Point", "coordinates": [ -38.615021, -3.759066 ] } },
{ "type": "Feature", "properties": { "ID0": "821", "NOME_USP1": "CASA DE APOIO E REINSERÇÃO SOCIAL BOM SAMARITANO", "NOME_UG2": "INSTITUTO INDACE", "TIPO3": "FORMAL", "LOTE4": "LOTE 12", "ENDERECO5": "RUA BARRACA DO MARCELO", "NUMERO6": "451", "BAIRRO_L7": "TABUBA", "DISTRITO8": "CAUCAIA", "MUNICIPI9": "CAUCAIA", "CEP10": "61618-140", "REGIAO_D11": "GRANDE FORTALEZA", "SETOR_IB12": "URBANA", "DATA_DE_13": "2023-10-20", "TIPO_DE_14": "POÇO", "DESIGNAC15": "RELIGIOSA", "LATITUDE16": "-3.65617", "LONGITUD17": "-38.69129", "OBS18": "COORDENADAS APROXIMADAS", "CONTAGEM19": "1" }, "geometry": { "type": "Point", "coordinates": [ -38.69129, -3.65617 ] } },
{ "type": "Feature", "properties": { "ID0": "822", "NOME_USP1": "CAUCAIA ESPORTE CLUBE", "NOME_UG2": "INSTITUTO INDACE", "TIPO3": "FORMAL", "LOTE4": "LOTE 12", "ENDERECO5": "RUA 2", "NUMERO6": "81", "BAIRRO_L7": "ITAMBÉ", "DISTRITO8": "CAUCAIA", "MUNICIPI9": "CAUCAIA", "CEP10": "61602-120", "REGIAO_D11": "GRANDE FORTALEZA", "SETOR_IB12": "URBANA", "DATA_DE_13": "2023-10-13", "TIPO_DE_14": "CAGECE - COMPANHIA DE ÁGUA E ESGOTO DO ESTADO DO CEARÁ", "DESIGNAC15": "OUTRAS", "LATITUDE16": "-3.730929", "LONGITUD17": "-38.650981", "OBS18": "COORDENADAS APROXIMADAS", "CONTAGEM19": "1" }, "geometry": { "type": "Point", "coordinates": [ -38.650981, -3.730929 ] } },
{ "type": "Feature", "properties": { "ID0": "823", "NOME_USP1": "CAUIPE SOLIDARIO", "NOME_UG2": "INSTITUTO INDACE", "TIPO3": "INFORMAL", "LOTE4": "LOTE 12", "ENDERECO5": "POVOADO DA BARRA DO CAUIPE - LUZ DO CAMPO", "NUMERO6": "30", "BAIRRO_L7": "SEM BAIRRO", "DISTRITO8": "CAUCAIA", "MUNICIPI9": "CAUCAIA", "CEP10": "61600-004", "REGIAO_D11": "GRANDE FORTALEZA", "SETOR_IB12": "RURAL", "DATA_DE_13": "2023-10-20", "TIPO_DE_14": "POÇO", "DESIGNAC15": "OUTRAS", "LATITUDE16": "-3.638758", "LONGITUD17": "-38.813301", "OBS18": "COORDENADAS APROXIMADAS", "CONTAGEM19": "1" }, "geometry": { "type": "Point", "coordinates": [ -38.813301, -3.638758 ] } },
{ "type": "Feature", "properties": { "ID0": "826", "NOME_USP1": "COMIDA D'HORA", "NOME_UG2": "INSTITUTO INDACE", "TIPO3": "INFORMAL", "LOTE4": "LOTE 12", "ENDERECO5": "RUA 8", "NUMERO6": "160", "BAIRRO_L7": "JANDAIGUABINHA", "DISTRITO8": "CAUCAIA", "MUNICIPI9": "CAUCAIA", "CEP10": "61615-724", "REGIAO_D11": "GRANDE FORTALEZA", "SETOR_IB12": "URBANA", "DATA_DE_13": "2023-10-20", "TIPO_DE_14": "CAGECE - COMPANHIA DE ÁGUA E ESGOTO DO ESTADO DO CEARÁ", "DESIGNAC15": "OUTRAS", "LATITUDE16": "-3.724229", "LONGITUD17": "-38.699834", "OBS18": "COORDENADAS APROXIMADAS", "CONTAGEM19": "1" }, "geometry": { "type": "Point", "coordinates": [ -38.699834, -3.724229 ] } },
{ "type": "Feature", "properties": { "ID0": "827", "NOME_USP1": "COMUNIDADE TERAPÊUTICA ATOS", "NOME_UG2": "INSTITUTO INDACE", "TIPO3": "FORMAL", "LOTE4": "LOTE 12", "ENDERECO5": "RUA JUACI SAMPAIO PONTES", "NUMERO6": "936", "BAIRRO_L7": "JARDIM ICARAI", "DISTRITO8": "CAUCAIA", "MUNICIPI9": "CAUCAIA", "CEP10": "61620-302", "REGIAO_D11": "GRANDE FORTALEZA", "SETOR_IB12": "URBANA", "DATA_DE_13": "2023-10-13", "TIPO_DE_14": "POÇO", "DESIGNAC15": "OUTRAS", "LATITUDE16": "-3.724153", "LONGITUD17": "-38.659664", "OBS18": "COORDENADAS APROXIMADAS", "CONTAGEM19": "1" }, "geometry": { "type": "Point", "coordinates": [ -38.659664, -3.724153 ] } },
{ "type": "Feature", "properties": { "ID0": "828", "NOME_USP1": "CONSELHO COMUNITÁRIO DO PARQUE TABAPUÁ", "NOME_UG2": "INSTITUTO INDACE", "TIPO3": "FORMAL", "LOTE4": "LOTE 12", "ENDERECO5": "RUA 11", "NUMERO6": "30", "BAIRRO_L7": "TABAPUA", "DISTRITO8": "CAUCAIA", "MUNICIPI9": "CAUCAIA", "CEP10": "61635-340", "REGIAO_D11": "GRANDE FORTALEZA", "SETOR_IB12": "URBANA", "DATA_DE_13": "2023-10-13", "TIPO_DE_14": "POÇO", "DESIGNAC15": "CONSELHO", "LATITUDE16": "-3.741577", "LONGITUD17": "-38.61329", "OBS18": "COORDENADAS APROXIMADAS", "CONTAGEM19": "1" }, "geometry": { "type": "Point", "coordinates": [ -38.61329, -3.741577 ] } },
{ "type": "Feature", "properties": { "ID0": "829", "NOME_USP1": "COZINHA NOVA ALVORADA", "NOME_UG2": "INSTITUTO INDACE", "TIPO3": "INFORMAL", "LOTE4": "LOTE 12", "ENDERECO5": "RUA BAITAPORÃ", "NUMERO6": "80", "BAIRRO_L7": "CONJUNTO MARECHAL RONDON", "DISTRITO8": "JUREMA", "MUNICIPI9": "CAUCAIA", "CEP10": "61652-220", "REGIAO_D11": "GRANDE FORTALEZA", "SETOR_IB12": "URBANA", "DATA_DE_13": "2023-10-13", "TIPO_DE_14": "CAGECE - COMPANHIA DE ÁGUA E ESGOTO DO ESTADO DO CEARÁ", "DESIGNAC15": "OUTRAS", "LATITUDE16": "-3.77062", "LONGITUD17": "-38.618617", "OBS18": "COORDENADAS APROXIMADAS", "CONTAGEM19": "1" }, "geometry": { "type": "Point", "coordinates": [ -38.618617, -3.77062 ] } },
{ "type": "Feature", "properties": { "ID0": "830", "NOME_USP1": "COZINHA SOCIAL VILA NOVA", "NOME_UG2": "INSTITUTO INDACE", "TIPO3": "INFORMAL", "LOTE4": "LOTE 12", "ENDERECO5": "RUA VILA NOVA", "NUMERO6": "1008", "BAIRRO_L7": "TABAPUÁ BRASÍLIA", "DISTRITO8": "CAUCAIA", "MUNICIPI9": "CAUCAIA", "CEP10": "61634-020", "REGIAO_D11": "GRANDE FORTALEZA", "SETOR_IB12": "URBANA", "DATA_DE_13": "2023-09-25", "TIPO_DE_14": "CAGECE - COMPANHIA DE ÁGUA E ESGOTO DO ESTADO DO CEARÁ", "DESIGNAC15": "OUTRAS", "LATITUDE16": "-3.743235", "LONGITUD17": "-38.625537", "OBS18": "COORDENADAS APROXIMADAS", "CONTAGEM19": "1" }, "geometry": { "type": "Point", "coordinates": [ -38.625537, -3.743235 ] } },
{ "type": "Feature", "properties": { "ID0": "831", "NOME_USP1": "COZINHA SOLIDÁRIA NOVA CIGANA", "NOME_UG2": "INSTITUTO INDACE", "TIPO3": "INFORMAL", "LOTE4": "LOTE 12", "ENDERECO5": "RUA DAS FLORES", "NUMERO6": "351", "BAIRRO_L7": "NOVA CIGANA", "DISTRITO8": "CAUCAIA", "MUNICIPI9": "CAUCAIA", "CEP10": "61605-725", "REGIAO_D11": "GRANDE FORTALEZA", "SETOR_IB12": "URBANA", "DATA_DE_13": "2023-10-13", "TIPO_DE_14": "CAGECE - COMPANHIA DE ÁGUA E ESGOTO DO ESTADO DO CEARÁ", "DESIGNAC15": "OUTRAS", "LATITUDE16": "-3.746475", "LONGITUD17": "-38.659067", "OBS18": "COORDENADAS APROXIMADAS", "CONTAGEM19": "1" }, "geometry": { "type": "Point", "coordinates": [ -38.659067, -3.746475 ] } },
{ "type": "Feature", "properties": { "ID0": "832", "NOME_USP1": "COZINHA UNIDAS PARA O BEM", "NOME_UG2": "INSTITUTO INDACE", "TIPO3": "INFORMAL", "LOTE4": "LOTE 12", "ENDERECO5": "RUA IPU", "NUMERO6": "2011", "BAIRRO_L7": "TABAPUA", "DISTRITO8": "CAUCAIA", "MUNICIPI9": "CAUCAIA", "CEP10": "61634-210", "REGIAO_D11": "GRANDE FORTALEZA", "SETOR_IB12": "URBANA", "DATA_DE_13": "2023-09-15", "TIPO_DE_14": "POÇO", "DESIGNAC15": "OUTRAS", "LATITUDE16": "-3.738755", "LONGITUD17": "-38.61839", "OBS18": "COORDENADAS APROXIMADAS", "CONTAGEM19": "1" }, "geometry": { "type": "Point", "coordinates": [ -38.61839, -3.738755 ] } },
{ "type": "Feature", "properties": { "ID0": "833", "NOME_USP1": "FÊNIX CIDADÃO", "NOME_UG2": "INSTITUTO INDACE", "TIPO3": "INFORMAL", "LOTE4": "LOTE 12", "ENDERECO5": "RUA MANOEL MARIANO", "NUMERO6": "0", "BAIRRO_L7": "GUAJIRU", "DISTRITO8": "CAUCAIA", "MUNICIPI9": "CAUCAIA", "CEP10": "61629-150", "REGIAO_D11": "GRANDE FORTALEZA", "SETOR_IB12": "URBANA", "DATA_DE_13": "2023-10-13", "TIPO_DE_14": "CAGECE - COMPANHIA DE ÁGUA E ESGOTO DO ESTADO DO CEARÁ", "DESIGNAC15": "OUTRAS", "LATITUDE16": "-3.7017", "LONGITUD17": "-38.64772", "OBS18": "COORDENADAS APROXIMADAS", "CONTAGEM19": "1" }, "geometry": { "type": "Point", "coordinates": [ -38.64772, -3.7017 ] } },
{ "type": "Feature", "properties": { "ID0": "835", "NOME_USP1": "FUNDAÇÃO CULTURAL FRANCISCA DE SOUSA LIMA", "NOME_UG2": "INSTITUTO INDACE", "TIPO3": "FORMAL", "LOTE4": "LOTE 12", "ENDERECO5": "AVENIDA DOM ALMEIDA LUSTOSA", "NUMERO6": "4589", "BAIRRO_L7": "PARQUE ALBANO (JUREMA)", "DISTRITO8": "CAUCAIA", "MUNICIPI9": "CAUCAIA", "CEP10": "61645-000", "REGIAO_D11": "GRANDE FORTALEZA", "SETOR_IB12": "URBANA", "DATA_DE_13": "2023-10-13", "TIPO_DE_14": "CAGECE - COMPANHIA DE ÁGUA E ESGOTO DO ESTADO DO CEARÁ", "DESIGNAC15": "FUNDAÇÃO", "LATITUDE16": "-3.778333", "LONGITUD17": "-38.631091", "OBS18": "COORDENADAS APROXIMADAS", "CONTAGEM19": "1" }, "geometry": { "type": "Point", "coordinates": [ -38.631091, -3.778333 ] } },
{ "type": "Feature", "properties": { "ID0": "836", "NOME_USP1": "INSTITUTO PINHEIRO PENIEL", "NOME_UG2": "INSTITUTO INDACE", "TIPO3": "FORMAL", "LOTE4": "LOTE 12", "ENDERECO5": "RUA JOSÉ DO PATROCÍNIO", "NUMERO6": "543", "BAIRRO_L7": "CAUCAIA", "DISTRITO8": "CAUCAIA", "MUNICIPI9": "CAUCAIA", "CEP10": "61680-290", "REGIAO_D11": "GRANDE FORTALEZA", "SETOR_IB12": "URBANA", "DATA_DE_13": "2023-09-22", "TIPO_DE_14": "CAGECE - COMPANHIA DE ÁGUA E ESGOTO DO ESTADO DO CEARÁ", "DESIGNAC15": "INSTITUTO", "LATITUDE16": "-3.746313", "LONGITUD17": "-38.600982", "OBS18": "COORDENADAS APROXIMADAS", "CONTAGEM19": "1" }, "geometry": { "type": "Point", "coordinates": [ -38.600982, -3.746313 ] } },
{ "type": "Feature", "properties": { "ID0": "837", "NOME_USP1": "INSTITUTO SOCIOCULTURAL OMOSEREIGBO", "NOME_UG2": "INSTITUTO INDACE", "TIPO3": "FORMAL", "LOTE4": "LOTE 12", "ENDERECO5": "RUA FRANCISCO DOMINGOS", "NUMERO6": "61", "BAIRRO_L7": "BARRA NOVA", "DISTRITO8": "CAUCAIA", "MUNICIPI9": "CAUCAIA", "CEP10": "61624-195", "REGIAO_D11": "GRANDE FORTALEZA", "SETOR_IB12": "URBANA", "DATA_DE_13": "2023-10-13", "TIPO_DE_14": "POÇO", "DESIGNAC15": "POVO DE TERREIRO", "LATITUDE16": "-3.692497", "LONGITUD17": "-38.665578", "OBS18": "COORDENADAS APROXIMADAS", "CONTAGEM19": "1" }, "geometry": { "type": "Point", "coordinates": [ -38.665578, -3.692497 ] } },
{ "type": "Feature", "properties": { "ID0": "838", "NOME_USP1": "MAF PAROQUIA SAO GERALDO MAJELLA", "NOME_UG2": "INSTITUTO INDACE", "TIPO3": "FORMAL", "LOTE4": "LOTE 12", "ENDERECO5": "RUA 100", "NUMERO6": "0", "BAIRRO_L7": "CAUCAIA", "DISTRITO8": "CAUCAIA", "MUNICIPI9": "CAUCAIA", "CEP10": "61605-680", "REGIAO_D11": "GRANDE FORTALEZA", "SETOR_IB12": "URBANA", "DATA_DE_13": "2023-10-20", "TIPO_DE_14": "CAGECE - COMPANHIA DE ÁGUA E ESGOTO DO ESTADO DO CEARÁ", "DESIGNAC15": "RELIGIOSA", "LATITUDE16": "-3.742577", "LONGITUD17": "-38.665032", "OBS18": "COORDENADAS APROXIMADAS", "CONTAGEM19": "1" }, "geometry": { "type": "Point", "coordinates": [ -38.665032, -3.742577 ] } },
{ "type": "Feature", "properties": { "ID0": "840", "NOME_USP1": "ORGANIZAÇÃO DOS VELHOS TRONCOS DO POVO ANACÉ DA JAPUARA", "NOME_UG2": "INSTITUTO INDACE", "TIPO3": "FORMAL", "LOTE4": "LOTE 12", "ENDERECO5": "AV. RAPOSO TAVARES", "NUMERO6": "31", "BAIRRO_L7": "JAPUARA", "DISTRITO8": "CAUCAIA", "MUNICIPI9": "CAUCAIA", "CEP10": "61600-004", "REGIAO_D11": "GRANDE FORTALEZA", "SETOR_IB12": "RURAL", "DATA_DE_13": "2023-09-15", "TIPO_DE_14": "POÇO", "DESIGNAC15": "INDÍGENA", "LATITUDE16": "-3.683076", "LONGITUD17": "-38.746217", "OBS18": "COORDENADAS APROXIMADAS", "CONTAGEM19": "1" }, "geometry": { "type": "Point", "coordinates": [ -38.746217, -3.683076 ] } },
{ "type": "Feature", "properties": { "ID0": "841", "NOME_USP1": "PASTORAL DA CRIANÇA ( PARÓQUIA SÃO JOSÉ OPERÁRIO)", "NOME_UG2": "INSTITUTO INDACE", "TIPO3": "INFORMAL", "LOTE4": "LOTE 12", "ENDERECO5": "AV: CENTRAL OESTE", "NUMERO6": "155", "BAIRRO_L7": "ARATURI", "DISTRITO8": "JUREMA", "MUNICIPI9": "CAUCAIA", "CEP10": "61655-050", "REGIAO_D11": "GRANDE FORTALEZA", "SETOR_IB12": "URBANA", "DATA_DE_13": "2023-10-13", "TIPO_DE_14": "CAGECE - COMPANHIA DE ÁGUA E ESGOTO DO ESTADO DO CEARÁ", "DESIGNAC15": "RELIGIOSA", "LATITUDE16": "-3.766576", "LONGITUD17": "-38.635655", "OBS18": "COORDENADAS APROXIMADAS", "CONTAGEM19": "1" }, "geometry": { "type": "Point", "coordinates": [ -38.635655, -3.766576 ] } },
{ "type": "Feature", "properties": { "ID0": "842", "NOME_USP1": "PEQUENO COTOLENGO DOM ORIONE", "NOME_UG2": "INSTITUTO INDACE", "TIPO3": "FORMAL", "LOTE4": "LOTE 12", "ENDERECO5": "RUA PADRE JOSE MARIA MOURA", "NUMERO6": "284", "BAIRRO_L7": "ARIANÓPOLES", "DISTRITO8": "JUREMA", "MUNICIPI9": "CAUCAIA", "CEP10": "61656-160", "REGIAO_D11": "GRANDE FORTALEZA", "SETOR_IB12": "URBANA", "DATA_DE_13": "2023-09-15", "TIPO_DE_14": "POÇO", "DESIGNAC15": "RELIGIOSA", "LATITUDE16": "-3.766081", "LONGITUD17": "-38.646768", "OBS18": "COORDENADAS APROXIMADAS", "CONTAGEM19": "1" }, "geometry": { "type": "Point", "coordinates": [ -38.646768, -3.766081 ] } },
{ "type": "Feature", "properties": { "ID0": "843", "NOME_USP1": "PROJETO A FORÇA DO QUERER", "NOME_UG2": "INSTITUTO INDACE", "TIPO3": "INFORMAL", "LOTE4": "LOTE 12", "ENDERECO5": "RUA JUACI SAMPAIO PONTES", "NUMERO6": "357", "BAIRRO_L7": "JARDIM ICARAÍ", "DISTRITO8": "CAUCAIA", "MUNICIPI9": "CAUCAIA", "CEP10": "61621-015", "REGIAO_D11": "GRANDE FORTALEZA", "SETOR_IB12": "URBANA", "DATA_DE_13": "2023-09-13", "TIPO_DE_14": "CAGECE - COMPANHIA DE ÁGUA E ESGOTO DO ESTADO DO CEARÁ", "DESIGNAC15": "RELIGIOSA - CATÓLICA", "LATITUDE16": "-3.719363", "LONGITUD17": "-38.658908", "OBS18": "COORDENADAS APROXIMADAS", "CONTAGEM19": "1" }, "geometry": { "type": "Point", "coordinates": [ -38.658908, -3.719363 ] } },
{ "type": "Feature", "properties": { "ID0": "845", "NOME_USP1": "PROJETO VIVER", "NOME_UG2": "INSTITUTO INDACE", "TIPO3": "FORMAL", "LOTE4": "LOTE 12", "ENDERECO5": "AVENIDA RAPOSO TAVARES", "NUMERO6": "1422", "BAIRRO_L7": "GARROTE", "DISTRITO8": "CAUCAIA", "MUNICIPI9": "CAUCAIA", "CEP10": "61637-973", "REGIAO_D11": "GRANDE FORTALEZA", "SETOR_IB12": "RURAL", "DATA_DE_13": "2023-10-20", "TIPO_DE_14": "POÇO", "DESIGNAC15": "OUTRAS", "LATITUDE16": "-3.68313", "LONGITUD17": "-38.745687", "OBS18": "COORDENADAS APROXIMADAS", "CONTAGEM19": "1" }, "geometry": { "type": "Point", "coordinates": [ -38.745687, -3.68313 ] } },
{ "type": "Feature", "properties": { "ID0": "846", "NOME_USP1": "PROJETO VIVER CRIANÇA", "NOME_UG2": "INSTITUTO INDACE", "TIPO3": "FORMAL", "LOTE4": "LOTE 12", "ENDERECO5": "RUA RAIMUNDO MARCELINO", "NUMERO6": "311", "BAIRRO_L7": "GUAGIRU", "DISTRITO8": "CAUCAIA", "MUNICIPI9": "CAUCAIA", "CEP10": "61629-195", "REGIAO_D11": "GRANDE FORTALEZA", "SETOR_IB12": "URBANA", "DATA_DE_13": "2023-10-13", "TIPO_DE_14": "POÇO", "DESIGNAC15": "OUTRAS", "LATITUDE16": "-3.70508", "LONGITUD17": "-38.6461", "OBS18": "COORDENADAS APROXIMADAS", "CONTAGEM19": "1" }, "geometry": { "type": "Point", "coordinates": [ -38.6461, -3.70508 ] } },
{ "type": "Feature", "properties": { "ID0": "849", "NOME_USP1": "UM FUTURO MELHOR", "NOME_UG2": "INSTITUTO INDACE", "TIPO3": "INFORMAL", "LOTE4": "LOTE 12", "ENDERECO5": "RUA PEDESTRE D", "NUMERO6": "149", "BAIRRO_L7": "PARQUE GUADALAJARA", "DISTRITO8": "JUREMA", "MUNICIPI9": "CAUCAIA", "CEP10": "61648-040", "REGIAO_D11": "GRANDE FORTALEZA", "SETOR_IB12": "URBANA", "DATA_DE_13": "2023-09-22", "TIPO_DE_14": "CAGECE - COMPANHIA DE ÁGUA E ESGOTO DO ESTADO DO CEARÁ", "DESIGNAC15": "OUTRAS", "LATITUDE16": "-3.758319", "LONGITUD17": "-38.61867", "OBS18": "COORDENADAS APROXIMADAS", "CONTAGEM19": "1" }, "geometry": { "type": "Point", "coordinates": [ -38.61867, -3.758319 ] } },
{ "type": "Feature", "properties": { "ID0": "850", "NOME_USP1": "VIDA E LUZ", "NOME_UG2": "INSTITUTO INDACE", "TIPO3": "INFORMAL", "LOTE4": "LOTE 12", "ENDERECO5": "RUA TAMPICO", "NUMERO6": "2080", "BAIRRO_L7": "PARQUE GUADALAJARA (JUREMA)", "DISTRITO8": "CAUCAIA", "MUNICIPI9": "CAUCAIA", "CEP10": "61650-210", "REGIAO_D11": "GRANDE FORTALEZA", "SETOR_IB12": "URBANA", "DATA_DE_13": "2023-10-13", "TIPO_DE_14": "CAGECE - COMPANHIA DE ÁGUA E ESGOTO DO ESTADO DO CEARÁ", "DESIGNAC15": "RELIGIOSA", "LATITUDE16": "-3.756239", "LONGITUD17": "-38.631189", "OBS18": "COORDENADAS APROXIMADAS", "CONTAGEM19": "1" }, "geometry": { "type": "Point", "coordinates": [ -38.631189, -3.756239 ] } },
{ "type": "Feature", "properties": { "ID0": "851", "NOME_USP1": "ALDEIA HORTO POVO PITAGUARY", "NOME_UG2": "ASSOCIAÇÃO DOS MORADORES DO CONJUNTO ACARACUZINHO", "TIPO3": "INFORMAL", "LOTE4": "LOTE 13", "ENDERECO5": "CACIQUE DANIEL", "NUMERO6": "13", "BAIRRO_L7": "HORTO FLORESTAL", "DISTRITO8": "MARACANAÚ", "MUNICIPI9": "MARACANAÚ", "CEP10": "61908-703", "REGIAO_D11": "GRANDE FORTALEZA", "SETOR_IB12": "URBANA", "DATA_DE_13": "2023-10-02", "TIPO_DE_14": "POÇO", "DESIGNAC15": "INDÍGENA", "LATITUDE16": "-3.860842", "LONGITUD17": "-38.647413", "OBS18": "COORDENADAS APROXIMADAS", "CONTAGEM19": "1" }, "geometry": { "type": "Point", "coordinates": [ -38.647413, -3.860842 ] } },
{ "type": "Feature", "properties": { "ID0": "852", "NOME_USP1": "AMIGOS DO JARI", "NOME_UG2": "ASSOCIAÇÃO DOS MORADORES DO CONJUNTO ACARACUZINHO", "TIPO3": "INFORMAL", "LOTE4": "LOTE 13", "ENDERECO5": "RUA PAULO AFONSO", "NUMERO6": "5049", "BAIRRO_L7": "MARACANAÚ", "DISTRITO8": "MARACANAÚ", "MUNICIPI9": "MARACANAÚ", "CEP10": "61916-570", "REGIAO_D11": "GRANDE FORTALEZA", "SETOR_IB12": "URBANA", "DATA_DE_13": "2023-11-13", "TIPO_DE_14": "CAGECE - COMPANHIA DE ÁGUA E ESGOTO DO ESTADO DO CEARÁ", "DESIGNAC15": null, "LATITUDE16": "-3.814119", "LONGITUD17": "-38.63611", "OBS18": "COORDENADAS APROXIMADAS", "CONTAGEM19": "1" }, "geometry": { "type": "Point", "coordinates": [ -38.63611, -3.814119 ] } },
{ "type": "Feature", "properties": { "ID0": "853", "NOME_USP1": "AMJJ - ASSOCIAÇÃO DOS MORADORES DO JARDIM JATOBÁ", "NOME_UG2": "ASSOCIAÇÃO DOS MORADORES DO CONJUNTO ACARACUZINHO", "TIPO3": "FORMAL", "LOTE4": "LOTE 13", "ENDERECO5": "RUA PADRE FIALHO", "NUMERO6": "1623", "BAIRRO_L7": "JATOBÁ", "DISTRITO8": "MARACANAÚ", "MUNICIPI9": "MARACANAÚ", "CEP10": "60732-160", "REGIAO_D11": "GRANDE FORTALEZA", "SETOR_IB12": "URBANA", "DATA_DE_13": "2023-09-27", "TIPO_DE_14": "CAGECE - COMPANHIA DE ÁGUA E ESGOTO DO ESTADO DO CEARÁ", "DESIGNAC15": "ASSOCIAÇÃO", "LATITUDE16": "-3.810623", "LONGITUD17": "-38.630378", "OBS18": "COORDENADAS APROXIMADAS", "CONTAGEM19": "1" }, "geometry": { "type": "Point", "coordinates": [ -38.630378, -3.810623 ] } },
{ "type": "Feature", "properties": { "ID0": "855", "NOME_USP1": "ASSOCIAÇÃO COMUNITÁRIA DOS MORADORES DO BAIXIO", "NOME_UG2": "ASSOCIAÇÃO DOS MORADORES DO CONJUNTO ACARACUZINHO", "TIPO3": "FORMAL", "LOTE4": "LOTE 13", "ENDERECO5": "RUA HAMILTON OLIVEIRA", "NUMERO6": "70", "BAIRRO_L7": "PAJUÇARA", "DISTRITO8": "MARACANAÚ", "MUNICIPI9": "MARACANAÚ", "CEP10": "61932-840", "REGIAO_D11": "GRANDE FORTALEZA", "SETOR_IB12": "URBANA", "DATA_DE_13": "2023-10-24", "TIPO_DE_14": "CAGECE - COMPANHIA DE ÁGUA E ESGOTO DO ESTADO DO CEARÁ", "DESIGNAC15": "RELIGIOSA", "LATITUDE16": "-3.868237", "LONGITUD17": "-38.582842", "OBS18": "COORDENADAS APROXIMADAS", "CONTAGEM19": "1" }, "geometry": { "type": "Point", "coordinates": [ -38.582842, -3.868237 ] } },
{ "type": "Feature", "properties": { "ID0": "856", "NOME_USP1": "ASSOCIAÇÃO COMUNITÁRIA MENINO JESUS DE PRAGA", "NOME_UG2": "ASSOCIAÇÃO DOS MORADORES DO CONJUNTO ACARACUZINHO", "TIPO3": "FORMAL", "LOTE4": "LOTE 13", "ENDERECO5": "RUA ANTÔNIO COSMO BRASIL", "NUMERO6": "1151", "BAIRRO_L7": "PAJUÇARA", "DISTRITO8": "PAJUÇARA", "MUNICIPI9": "MARACANAÚ", "CEP10": "61915-072", "REGIAO_D11": "GRANDE FORTALEZA", "SETOR_IB12": "URBANA", "DATA_DE_13": "2023-11-14", "TIPO_DE_14": "POÇO", "DESIGNAC15": "ASSOCIAÇÃO", "LATITUDE16": "-3.841283", "LONGITUD17": "-38.656978", "OBS18": "COORDENADAS APROXIMADAS", "CONTAGEM19": "1" }, "geometry": { "type": "Point", "coordinates": [ -38.656978, -3.841283 ] } },
{ "type": "Feature", "properties": { "ID0": "857", "NOME_USP1": "ASSOCIAÇÃO DAS MULHERES EMPREENDEDORAS DE MARACANAÚ", "NOME_UG2": "ASSOCIAÇÃO DOS MORADORES DO CONJUNTO ACARACUZINHO", "TIPO3": "FORMAL", "LOTE4": "LOTE 13", "ENDERECO5": "TRAVESSA ANTÔNIO DE ALENCAR", "NUMERO6": "880", "BAIRRO_L7": "COQUEIRAL", "DISTRITO8": "MARACANAÚ", "MUNICIPI9": "MARACANAÚ", "CEP10": "61902-085", "REGIAO_D11": "GRANDE FORTALEZA", "SETOR_IB12": "URBANA", "DATA_DE_13": "2023-10-09", "TIPO_DE_14": "CAGECE - COMPANHIA DE ÁGUA E ESGOTO DO ESTADO DO CEARÁ", "DESIGNAC15": "ASSOCIAÇÃO", "LATITUDE16": "-3.87196", "LONGITUD17": "-38.622736", "OBS18": "COORDENADAS APROXIMADAS", "CONTAGEM19": "1" }, "geometry": { "type": "Point", "coordinates": [ -38.622736, -3.87196 ] } },
{ "type": "Feature", "properties": { "ID0": "858", "NOME_USP1": "ASSOCIAÇÃO DOS MORADORES DO CONJUNTO NOVO MARACANAÚ", "NOME_UG2": "ASSOCIAÇÃO DOS MORADORES DO CONJUNTO ACARACUZINHO", "TIPO3": "INFORMAL", "LOTE4": "LOTE 13", "ENDERECO5": "RUA 10", "NUMERO6": "237", "BAIRRO_L7": "MARACANAÚ", "DISTRITO8": "MARACANAÚ", "MUNICIPI9": "MARACANAÚ", "CEP10": "61905-530", "REGIAO_D11": "GRANDE FORTALEZA", "SETOR_IB12": "URBANA", "DATA_DE_13": "2023-10-09", "TIPO_DE_14": "CAGECE - COMPANHIA DE ÁGUA E ESGOTO DO ESTADO DO CEARÁ", "DESIGNAC15": "ASSOCIAÇÃO", "LATITUDE16": "-3.864363", "LONGITUD17": "-38.623322", "OBS18": "COORDENADAS APROXIMADAS", "CONTAGEM19": "1" }, "geometry": { "type": "Point", "coordinates": [ -38.623322, -3.864363 ] } },
{ "type": "Feature", "properties": { "ID0": "859", "NOME_USP1": "ASSOCIAÇÃO DOS MORADORES DO FLAMEGUINHO", "NOME_UG2": "ASSOCIAÇÃO DOS MORADORES DO CONJUNTO ACARACUZINHO", "TIPO3": "FORMAL", "LOTE4": "LOTE 13", "ENDERECO5": "RUA GERALDO BILAC", "NUMERO6": "102", "BAIRRO_L7": "PAJUÇARA", "DISTRITO8": "PAJUÇARA", "MUNICIPI9": "MARACANAÚ", "CEP10": "61932-690", "REGIAO_D11": "GRANDE FORTALEZA", "SETOR_IB12": "URBANA", "DATA_DE_13": "2023-10-13", "TIPO_DE_14": "CAGECE - COMPANHIA DE ÁGUA E ESGOTO DO ESTADO DO CEARÁ", "DESIGNAC15": "ASSOCIAÇÃO", "LATITUDE16": "-3.859443", "LONGITUD17": "-38.574269", "OBS18": "COORDENADAS APROXIMADAS", "CONTAGEM19": "1" }, "geometry": { "type": "Point", "coordinates": [ -38.574269, -3.859443 ] } },
{ "type": "Feature", "properties": { "ID0": "860", "NOME_USP1": "COZINHA COMUNITARIA PITAGUARY", "NOME_UG2": "ASSOCIAÇÃO DOS MORADORES DO CONJUNTO ACARACUZINHO", "TIPO3": "INFORMAL", "LOTE4": "LOTE 13", "ENDERECO5": "RUA MANOEL PEREIRA", "NUMERO6": "0", "BAIRRO_L7": "SANTO ANTONIO DO PITAGUARY", "DISTRITO8": "MARACANAÚ", "MUNICIPI9": "MARACANAÚ", "CEP10": "61900-005", "REGIAO_D11": "GRANDE FORTALEZA", "SETOR_IB12": "URBANA", "DATA_DE_13": "2023-10-31", "TIPO_DE_14": "POÇO", "DESIGNAC15": "INDÍGENA", "LATITUDE16": "-3.916371", "LONGITUD17": "-38.624306", "OBS18": "COORDENADAS APROXIMADAS", "CONTAGEM19": "1" }, "geometry": { "type": "Point", "coordinates": [ -38.624306, -3.916371 ] } },
{ "type": "Feature", "properties": { "ID0": "861", "NOME_USP1": "COZINHA HELOÍSA CECÍLIA", "NOME_UG2": "ASSOCIAÇÃO DOS MORADORES DO CONJUNTO ACARACUZINHO", "TIPO3": "INFORMAL", "LOTE4": "LOTE 13", "ENDERECO5": "RUA 112", "NUMERO6": "210", "BAIRRO_L7": "MARACANAÚ", "DISTRITO8": "MARACANAÚ", "MUNICIPI9": "MARACANAÚ", "CEP10": "61936-120", "REGIAO_D11": "GRANDE FORTALEZA", "SETOR_IB12": "URBANA", "DATA_DE_13": "2023-10-20", "TIPO_DE_14": "CAGECE - COMPANHIA DE ÁGUA E ESGOTO DO ESTADO DO CEARÁ", "DESIGNAC15": null, "LATITUDE16": "-3.875873", "LONGITUD17": "-38.60874", "OBS18": "COORDENADAS APROXIMADAS", "CONTAGEM19": "1" }, "geometry": { "type": "Point", "coordinates": [ -38.60874, -3.875873 ] } },
{ "type": "Feature", "properties": { "ID0": "863", "NOME_USP1": "COZINHA PRATO SOLIDARIO", "NOME_UG2": "ASSOCIAÇÃO DOS MORADORES DO CONJUNTO ACARACUZINHO", "TIPO3": "INFORMAL", "LOTE4": "LOTE 13", "ENDERECO5": "RUA JAIRO FREIRE DE LIMA", "NUMERO6": "860", "BAIRRO_L7": "ALTO ALEGRE", "DISTRITO8": "MARACANAÚ", "MUNICIPI9": "MARACANAÚ", "CEP10": "61921-350", "REGIAO_D11": "GRANDE FORTALEZA", "SETOR_IB12": "URBANA", "DATA_DE_13": "2023-10-09", "TIPO_DE_14": "CAGECE - COMPANHIA DE ÁGUA E ESGOTO DO ESTADO DO CEARÁ", "DESIGNAC15": null, "LATITUDE16": "-3.83206", "LONGITUD17": "-38.601944", "OBS18": "COORDENADAS APROXIMADAS", "CONTAGEM19": "1" }, "geometry": { "type": "Point", "coordinates": [ -38.601944, -3.83206 ] } },
{ "type": "Feature", "properties": { "ID0": "865", "NOME_USP1": "INSTITUTO FLOR DO MANDACARU", "NOME_UG2": "ASSOCIAÇÃO DOS MORADORES DO CONJUNTO ACARACUZINHO", "TIPO3": "FORMAL", "LOTE4": "LOTE 13", "ENDERECO5": "RUA 130", "NUMERO6": "201", "BAIRRO_L7": "MARACANAÚ", "DISTRITO8": "MARACANAÚ", "MUNICIPI9": "MARACANAÚ", "CEP10": "61936-330", "REGIAO_D11": "GRANDE FORTALEZA", "SETOR_IB12": "URBANA", "DATA_DE_13": "2023-10-09", "TIPO_DE_14": "CAGECE - COMPANHIA DE ÁGUA E ESGOTO DO ESTADO DO CEARÁ", "DESIGNAC15": "INSTITUTO", "LATITUDE16": "-3.878078", "LONGITUD17": "-38.602891", "OBS18": "COORDENADAS APROXIMADAS", "CONTAGEM19": "1" }, "geometry": { "type": "Point", "coordinates": [ -38.602891, -3.878078 ] } },
{ "type": "Feature", "properties": { "ID0": "866", "NOME_USP1": "INSTITUTO IRENE PAULO DE PAJUÇARA", "NOME_UG2": "ASSOCIAÇÃO DOS MORADORES DO CONJUNTO ACARACUZINHO", "TIPO3": "FORMAL", "LOTE4": "LOTE 13", "ENDERECO5": "RUA SÃO SEBASTIÃO", "NUMERO6": "118", "BAIRRO_L7": "PAJUÇARA", "DISTRITO8": "PAJUÇARA", "MUNICIPI9": "MARACANAÚ", "CEP10": "61932-250", "REGIAO_D11": "GRANDE FORTALEZA", "SETOR_IB12": "URBANA", "DATA_DE_13": "2023-10-16", "TIPO_DE_14": "CAGECE - COMPANHIA DE ÁGUA E ESGOTO DO ESTADO DO CEARÁ", "DESIGNAC15": "INSTITUTO", "LATITUDE16": "-3.861029", "LONGITUD17": "-38.588581", "OBS18": "COORDENADAS APROXIMADAS", "CONTAGEM19": "1" }, "geometry": { "type": "Point", "coordinates": [ -38.588581, -3.861029 ] } },
{ "type": "Feature", "properties": { "ID0": "867", "NOME_USP1": "INSTITUTO PAJU DE DESENVOLVIMENTO E SOCIOECONOMIA SOLIDARIA", "NOME_UG2": "ASSOCIAÇÃO DOS MORADORES DO CONJUNTO ACARACUZINHO", "TIPO3": "FORMAL", "LOTE4": "LOTE 13", "ENDERECO5": "RUA ANTÔNIO ÂNGELO DE SOUSA", "NUMERO6": "9", "BAIRRO_L7": "PAJUÇARA", "DISTRITO8": "PAJUÇARA", "MUNICIPI9": "MARACANAÚ", "CEP10": "61932-380", "REGIAO_D11": "GRANDE FORTALEZA", "SETOR_IB12": "URBANA", "DATA_DE_13": "2023-10-16", "TIPO_DE_14": "CAGECE - COMPANHIA DE ÁGUA E ESGOTO DO ESTADO DO CEARÁ", "DESIGNAC15": "INSTITUTO", "LATITUDE16": "-3.864693", "LONGITUD17": "-38.584756", "OBS18": "COORDENADAS APROXIMADAS", "CONTAGEM19": "1" }, "geometry": { "type": "Point", "coordinates": [ -38.584756, -3.864693 ] } },
{ "type": "Feature", "properties": { "ID0": "869", "NOME_USP1": "MÃO AMIGA CEARÁ", "NOME_UG2": "ASSOCIAÇÃO DOS MORADORES DO CONJUNTO ACARACUZINHO", "TIPO3": "INFORMAL", "LOTE4": "LOTE 13", "ENDERECO5": "ESTRADA DO PAU SERRADO", "NUMERO6": "216", "BAIRRO_L7": "LUZARDO VIANA", "DISTRITO8": "MARACANAÚ", "MUNICIPI9": "MARACANAÚ", "CEP10": "61940-000", "REGIAO_D11": "GRANDE FORTALEZA", "SETOR_IB12": "URBANA", "DATA_DE_13": "2023-10-24", "TIPO_DE_14": "CAGECE - COMPANHIA DE ÁGUA E ESGOTO DO ESTADO DO CEARÁ", "DESIGNAC15": null, "LATITUDE16": "-3.865896", "LONGITUD17": "-38.647106", "OBS18": "COORDENADAS APROXIMADAS", "CONTAGEM19": "1" }, "geometry": { "type": "Point", "coordinates": [ -38.647106, -3.865896 ] } },
{ "type": "Feature", "properties": { "ID0": "871", "NOME_USP1": "PROJETO BOM SAMARITANO", "NOME_UG2": "ASSOCIAÇÃO DOS MORADORES DO CONJUNTO ACARACUZINHO", "TIPO3": "INFORMAL", "LOTE4": "LOTE 13", "ENDERECO5": "RUA DEZESSEIS DE AGOSTO", "NUMERO6": "100", "BAIRRO_L7": "LUZARDO VIANA", "DISTRITO8": "MARACANAÚ", "MUNICIPI9": "MARACANAÚ", "CEP10": "61912-045", "REGIAO_D11": "GRANDE FORTALEZA", "SETOR_IB12": "URBANA", "DATA_DE_13": "2023-10-10", "TIPO_DE_14": "CAGECE - COMPANHIA DE ÁGUA E ESGOTO DO ESTADO DO CEARÁ", "DESIGNAC15": null, "LATITUDE16": "-3.863857", "LONGITUD17": "-38.652262", "OBS18": "COORDENADAS APROXIMADAS", "CONTAGEM19": "1" }, "geometry": { "type": "Point", "coordinates": [ -38.652262, -3.863857 ] } },
{ "type": "Feature", "properties": { "ID0": "872", "NOME_USP1": "PROJETO RENASCER TIA GADELHA", "NOME_UG2": "ASSOCIAÇÃO DOS MORADORES DO CONJUNTO ACARACUZINHO", "TIPO3": "INFORMAL", "LOTE4": "LOTE 13", "ENDERECO5": "RUA ESMAEL A. DA SILVA", "NUMERO6": "8", "BAIRRO_L7": "ALTO DA MANGUEIRA", "DISTRITO8": "MARACANAÚ", "MUNICIPI9": "MARACANAÚ", "CEP10": "61905-115", "REGIAO_D11": "GRANDE FORTALEZA", "SETOR_IB12": "URBANA", "DATA_DE_13": "2023-10-09", "TIPO_DE_14": "CAGECE - COMPANHIA DE ÁGUA E ESGOTO DO ESTADO DO CEARÁ", "DESIGNAC15": null, "LATITUDE16": "-3.88648", "LONGITUD17": "-38.630825", "OBS18": "COORDENADAS APROXIMADAS", "CONTAGEM19": "1" }, "geometry": { "type": "Point", "coordinates": [ -38.630825, -3.88648 ] } },
{ "type": "Feature", "properties": { "ID0": "873", "NOME_USP1": "PROJETO VIDA NOVA", "NOME_UG2": "ASSOCIAÇÃO DOS MORADORES DO CONJUNTO TANCREDO NEVES", "TIPO3": "FORMAL", "LOTE4": "LOTE 8", "ENDERECO5": "RUA DO SOL UM", "NUMERO6": "176", "BAIRRO_L7": "PLANALTO AYRTON SENNA", "DISTRITO8": "MARACANAÚ", "MUNICIPI9": "MARACANAÚ", "CEP10": "60766-655", "REGIAO_D11": "GRANDE FORTALEZA", "SETOR_IB12": "URBANA", "DATA_DE_13": "2023-10-30", "TIPO_DE_14": "CAGECE - COMPANHIA DE ÁGUA E ESGOTO DO ESTADO DO CEARÁ", "DESIGNAC15": null, "LATITUDE16": "-3.836184", "LONGITUD17": "-38.575026", "OBS18": "COORDENADAS APROXIMADAS", "CONTAGEM19": "1" }, "geometry": { "type": "Point", "coordinates": [ -38.575026, -3.836184 ] } },
{ "type": "Feature", "properties": { "ID0": "874", "NOME_USP1": "SOCIEDADE PARA O BEM-ESTAR DA FAMÍLIA - SOBEF", "NOME_UG2": "ASSOCIAÇÃO DOS MORADORES DO CONJUNTO ACARACUZINHO", "TIPO3": "FORMAL", "LOTE4": "LOTE 13", "ENDERECO5": "RUA JOAQUIM BERNARDES", "NUMERO6": "300", "BAIRRO_L7": "MUCUNÃ", "DISTRITO8": "MARACANAÚ", "MUNICIPI9": "MARACANAÚ", "CEP10": "61914-115", "REGIAO_D11": "GRANDE FORTALEZA", "SETOR_IB12": "RURAL", "DATA_DE_13": "2023-10-24", "TIPO_DE_14": "CAGECE - COMPANHIA DE ÁGUA E ESGOTO DO ESTADO DO CEARÁ", "DESIGNAC15": null, "LATITUDE16": "-3.851867", "LONGITUD17": "-38.656122", "OBS18": "COORDENADAS APROXIMADAS", "CONTAGEM19": "1" }, "geometry": { "type": "Point", "coordinates": [ -38.656122, -3.851867 ] } },
{ "type": "Feature", "properties": { "ID0": "875", "NOME_USP1": "AICC - ASSOCIAÇAO INTEGRADO E CONSTRUINDO O CONHECIMENTO", "NOME_UG2": "ASSOCIAÇÃO CURUMINS", "TIPO3": "FORMAL", "LOTE4": "LOTE 15", "ENDERECO5": "RUA EDMILSON BEZERRA DE MENONÇA", "NUMERO6": "558", "BAIRRO_L7": "ALDEIA", "DISTRITO8": "PACAJUS", "MUNICIPI9": "PACAJUS", "CEP10": "62870-000", "REGIAO_D11": "GRANDE FORTALEZA", "SETOR_IB12": "URBANA", "DATA_DE_13": "2023-10-11", "TIPO_DE_14": "CAGECE - COMPANHIA DE ÁGUA E ESGOTO DO ESTADO DO CEARÁ", "DESIGNAC15": "ASSOCIAÇÃO", "LATITUDE16": "-4.180116", "LONGITUD17": "-38.459514", "OBS18": "COORDENADAS APROXIMADAS", "CONTAGEM19": "1" }, "geometry": { "type": "Point", "coordinates": [ -38.459514, -4.180116 ] } },
{ "type": "Feature", "properties": { "ID0": "876", "NOME_USP1": "ALDEIA JENIPAPO KANINDÉ", "NOME_UG2": "ASSOCIAÇÃO CURUMINS", "TIPO3": "FORMAL", "LOTE4": "LOTE 15", "ENDERECO5": "LAGOA ENCANTADA", "NUMERO6": "0", "BAIRRO_L7": "IGUAPE", "DISTRITO8": "AQUIRAZ", "MUNICIPI9": "AQUIRAZ", "CEP10": "61700-000", "REGIAO_D11": "GRANDE FORTALEZA", "SETOR_IB12": "RURAL", "DATA_DE_13": "2023-10-17", "TIPO_DE_14": "POÇO", "DESIGNAC15": "INDÍGENA", "LATITUDE16": "-3.970566", "LONGITUD17": "-38.280674", "OBS18": "COORDENADAS APROXIMADAS", "CONTAGEM19": "1" }, "geometry": { "type": "Point", "coordinates": [ -38.280674, -3.970566 ] } },
{ "type": "Feature", "properties": { "ID0": "877", "NOME_USP1": "AREA VERDE CAMARA (TIA TOTY)", "NOME_UG2": "ASSOCIAÇÃO CURUMINS", "TIPO3": "INFORMAL", "LOTE4": "LOTE 15", "ENDERECO5": "RUA CAMPO DO FALCAO", "NUMERO6": "18", "BAIRRO_L7": "CAMARÁ", "DISTRITO8": "CAMARÁ", "MUNICIPI9": "AQUIRAZ", "CEP10": "61700-000", "REGIAO_D11": "GRANDE FORTALEZA", "SETOR_IB12": "URBANA", "DATA_DE_13": "2023-10-17", "TIPO_DE_14": "POÇO", "DESIGNAC15": "OUTRAS", "LATITUDE16": "-3.950874", "LONGITUD17": "-38.315498", "OBS18": "COORDENADAS APROXIMADAS", "CONTAGEM19": "1" }, "geometry": { "type": "Point", "coordinates": [ -38.315498, -3.950874 ] } },
{ "type": "Feature", "properties": { "ID0": "878", "NOME_USP1": "ASSOCIAÇÃO BENEFICENTE COMUNIDADE ALDEIA E ADJACÊNCIAS", "NOME_UG2": "ASSOCIAÇÃO CURUMINS", "TIPO3": "FORMAL", "LOTE4": "LOTE 15", "ENDERECO5": "JOAO FONSECA", "NUMERO6": "628", "BAIRRO_L7": "ALDEIA", "DISTRITO8": "PACAJUS", "MUNICIPI9": "PACAJUS", "CEP10": "62870-000", "REGIAO_D11": "GRANDE FORTALEZA", "SETOR_IB12": "URBANA", "DATA_DE_13": "2023-10-11", "TIPO_DE_14": "POÇO", "DESIGNAC15": "ASSOCIAÇÃO", "LATITUDE16": "-4.175447", "LONGITUD17": "-38.44451", "OBS18": "COORDENADAS APROXIMADAS", "CONTAGEM19": "1" }, "geometry": { "type": "Point", "coordinates": [ -38.44451, -4.175447 ] } },
{ "type": "Feature", "properties": { "ID0": "879", "NOME_USP1": "ASSOCIAÇAO BENEFICENTE DE APOIO MEDICO E SOCIO CULTURAL ( ABEMAS )", "NOME_UG2": "ASSOCIAÇÃO CURUMINS", "TIPO3": "FORMAL", "LOTE4": "LOTE 15", "ENDERECO5": "RUA MANOEL PAULINO", "NUMERO6": "1250", "BAIRRO_L7": "PINDORETAMA", "DISTRITO8": "PINDORETAMA", "MUNICIPI9": "PINDORETAMA", "CEP10": "62860-000", "REGIAO_D11": "GRANDE FORTALEZA", "SETOR_IB12": "URBANA", "DATA_DE_13": "2023-10-20", "TIPO_DE_14": "POÇO", "DESIGNAC15": "ASSOCIAÇÃO", "LATITUDE16": "-4.029322", "LONGITUD17": "-38.305294", "OBS18": "COORDENADAS APROXIMADAS", "CONTAGEM19": "1" }, "geometry": { "type": "Point", "coordinates": [ -38.305294, -4.029322 ] } },
{ "type": "Feature", "properties": { "ID0": "880", "NOME_USP1": "ASSOCIAÇAO BENEFICENTE LUZIA LOPES GADELHA", "NOME_UG2": "ASSOCIAÇÃO CURUMINS", "TIPO3": "FORMAL", "LOTE4": "LOTE 15", "ENDERECO5": "RUA LUIZA HONORATO", "NUMERO6": "344", "BAIRRO_L7": "MANGUEIRAL", "DISTRITO8": "HORIZONTE", "MUNICIPI9": "HORIZONTE", "CEP10": "62888-486", "REGIAO_D11": "GRANDE FORTALEZA", "SETOR_IB12": "URBANA", "DATA_DE_13": "2023-10-10", "TIPO_DE_14": "CAGECE - COMPANHIA DE ÁGUA E ESGOTO DO ESTADO DO CEARÁ", "DESIGNAC15": "ASSOCIAÇÃO", "LATITUDE16": "-4.095904", "LONGITUD17": "-38.488401", "OBS18": "COORDENADAS APROXIMADAS", "CONTAGEM19": "1" }, "geometry": { "type": "Point", "coordinates": [ -38.488401, -4.095904 ] } },
{ "type": "Feature", "properties": { "ID0": "881", "NOME_USP1": "ASSOCIACAO BENEFICIENTE COMUNITARIA DA CANAVIEIRA", "NOME_UG2": "ASSOCIAÇÃO CURUMINS", "TIPO3": "FORMAL", "LOTE4": "LOTE 15", "ENDERECO5": "RUA PEDRO FELICIO", "NUMERO6": "1200", "BAIRRO_L7": "DOURADO", "DISTRITO8": "HORIZONTE", "MUNICIPI9": "HORIZONTE", "CEP10": "62898-000", "REGIAO_D11": "GRANDE FORTALEZA", "SETOR_IB12": "URBANA", "DATA_DE_13": "2023-10-10", "TIPO_DE_14": "POÇO", "DESIGNAC15": "ASSOCIAÇÃO", "LATITUDE16": "-4.10477", "LONGITUD17": "-38.4512", "OBS18": "COORDENADAS APROXIMADAS", "CONTAGEM19": "1" }, "geometry": { "type": "Point", "coordinates": [ -38.4512, -4.10477 ] } },
{ "type": "Feature", "properties": { "ID0": "882", "NOME_USP1": "ASSOCIACAO BENEFICIENTE DA CRIANÇA DO ADOLESCENTE E DO IDOSO DO BAIRRO BURUTI E ADJACÊNCIAS", "NOME_UG2": "ASSOCIAÇÃO CURUMINS", "TIPO3": "FORMAL", "LOTE4": "LOTE 15", "ENDERECO5": "RUA DOS EXPEDICIONÁRIO", "NUMERO6": "757", "BAIRRO_L7": "BURITI", "DISTRITO8": "PACAJUS", "MUNICIPI9": "PACAJUS", "CEP10": "62870-000", "REGIAO_D11": "GRANDE FORTALEZA", "SETOR_IB12": "URBANA", "DATA_DE_13": "2023-10-11", "TIPO_DE_14": "POÇO", "DESIGNAC15": "ASSOCIAÇÃO", "LATITUDE16": "-4.176976", "LONGITUD17": "-38.472107", "OBS18": "COORDENADAS APROXIMADAS", "CONTAGEM19": "1" }, "geometry": { "type": "Point", "coordinates": [ -38.472107, -4.176976 ] } },
{ "type": "Feature", "properties": { "ID0": "883", "NOME_USP1": "ASSOCIAÇÃO COMUNITÁRIA CATOLICA - SANTO EXPEDITO", "NOME_UG2": "ASSOCIAÇÃO CURUMINS", "TIPO3": "INFORMAL", "LOTE4": "LOTE 15", "ENDERECO5": "RUA JOÃO DE SOUSA FALCÃO", "NUMERO6": "659", "BAIRRO_L7": "CATOLÉ", "DISTRITO8": "HORIZONTE", "MUNICIPI9": "HORIZONTE", "CEP10": "62887-375", "REGIAO_D11": "GRANDE FORTALEZA", "SETOR_IB12": "URBANA", "DATA_DE_13": "2023-10-10", "TIPO_DE_14": "POÇO", "DESIGNAC15": "RELIGIOSA", "LATITUDE16": "-4.066359", "LONGITUD17": "-38.507932", "OBS18": "COORDENADAS APROXIMADAS", "CONTAGEM19": "1" }, "geometry": { "type": "Point", "coordinates": [ -38.507932, -4.066359 ] } },
{ "type": "Feature", "properties": { "ID0": "885", "NOME_USP1": "ASSOCIAÇÃO COMUNITÁRIA DO LOTEAMENTO NOVO MILÊNIO", "NOME_UG2": "ASSOCIAÇÃO CURUMINS", "TIPO3": "FORMAL", "LOTE4": "LOTE 15", "ENDERECO5": "RUA VALDEVINO MACIEL DE OLIVEIRA", "NUMERO6": "55", "BAIRRO_L7": "HORIZONTE", "DISTRITO8": "HORIZONTE", "MUNICIPI9": "HORIZONTE", "CEP10": "62880-360", "REGIAO_D11": "GRANDE FORTALEZA", "SETOR_IB12": "URBANA", "DATA_DE_13": "2023-10-10", "TIPO_DE_14": "CAGECE - COMPANHIA DE ÁGUA E ESGOTO DO ESTADO DO CEARÁ", "DESIGNAC15": "ASSOCIAÇÃO", "LATITUDE16": "-4.091926", "LONGITUD17": "-38.494822", "OBS18": "COORDENADAS APROXIMADAS", "CONTAGEM19": "1" }, "geometry": { "type": "Point", "coordinates": [ -38.494822, -4.091926 ] } },
{ "type": "Feature", "properties": { "ID0": "886", "NOME_USP1": "ASSOCIAÇAO COMUNITARIA DOS MORADORES DA CAPONGA DA BERNARDA", "NOME_UG2": "ASSOCIAÇÃO CURUMINS", "TIPO3": "FORMAL", "LOTE4": "LOTE 15", "ENDERECO5": "AV CAPONGA DA BERNARDA", "NUMERO6": "999", "BAIRRO_L7": "AQUIRAZ", "DISTRITO8": "AQUIRAZ", "MUNICIPI9": "AQUIRAZ", "CEP10": "61700-000", "REGIAO_D11": "GRANDE FORTALEZA", "SETOR_IB12": "RURAL", "DATA_DE_13": "2023-10-17", "TIPO_DE_14": null, "DESIGNAC15": "ASSOCIAÇÃO", "LATITUDE16": "-4.035354", "LONGITUD17": "-38.339145", "OBS18": "COORDENADAS APROXIMADAS", "CONTAGEM19": "1" }, "geometry": { "type": "Point", "coordinates": [ -38.339145, -4.035354 ] } },
{ "type": "Feature", "properties": { "ID0": "887", "NOME_USP1": "ASSOCIAÇAO COMUNITARIA DOS MORADORES DE ANINGAS", "NOME_UG2": "ASSOCIAÇÃO CURUMINS", "TIPO3": "FORMAL", "LOTE4": "LOTE 15", "ENDERECO5": "RUA RAIMUNDO PEREIRA LIMA", "NUMERO6": "23", "BAIRRO_L7": "HORIZONTE", "DISTRITO8": "HORIZONTE", "MUNICIPI9": "HORIZONTE", "CEP10": "62882-000", "REGIAO_D11": "GRANDE FORTALEZA", "SETOR_IB12": "URBANA", "DATA_DE_13": "2023-10-10", "TIPO_DE_14": "POÇO", "DESIGNAC15": "ASSOCIAÇÃO", "LATITUDE16": "-4.077083", "LONGITUD17": "-38.459315", "OBS18": "COORDENADAS APROXIMADAS", "CONTAGEM19": "1" }, "geometry": { "type": "Point", "coordinates": [ -38.459315, -4.077083 ] } },
{ "type": "Feature", "properties": { "ID0": "889", "NOME_USP1": "ASSOCIACAO CRISTÃ FEMININA DE PACAJUS", "NOME_UG2": "ASSOCIAÇÃO CURUMINS", "TIPO3": "FORMAL", "LOTE4": "LOTE 15", "ENDERECO5": "RUA TEODORICO MENEZES", "NUMERO6": "242", "BAIRRO_L7": "PACAJUS", "DISTRITO8": "PACAJUS", "MUNICIPI9": "PACAJUS", "CEP10": "62870-000", "REGIAO_D11": "GRANDE FORTALEZA", "SETOR_IB12": "URBANA", "DATA_DE_13": "2023-10-11", "TIPO_DE_14": "POÇO", "DESIGNAC15": "RELIGIOSA", "LATITUDE16": "-4.172774", "LONGITUD17": "-38.461806", "OBS18": "COORDENADAS APROXIMADAS", "CONTAGEM19": "1" }, "geometry": { "type": "Point", "coordinates": [ -38.461806, -4.172774 ] } },
{ "type": "Feature", "properties": { "ID0": "890", "NOME_USP1": "ASSOCIAÇAO DA JUVENTUDE MARIANA VICENTINA DE CASCAVEL", "NOME_UG2": "ASSOCIAÇÃO CURUMINS", "TIPO3": "FORMAL", "LOTE4": "LOTE 15", "ENDERECO5": "RUA TABELIAO JOSE MARCOS DE CASTRO", "NUMERO6": "1960", "BAIRRO_L7": "CASCAVEL", "DISTRITO8": "CASCAVEL", "MUNICIPI9": "CASCAVEL", "CEP10": "62850-000", "REGIAO_D11": "GRANDE FORTALEZA", "SETOR_IB12": "URBANA", "DATA_DE_13": "2023-10-18", "TIPO_DE_14": "CAGECE - COMPANHIA DE ÁGUA E ESGOTO DO ESTADO DO CEARÁ", "DESIGNAC15": "RELIGIOSA", "LATITUDE16": "-4.129782", "LONGITUD17": "-38.235851", "OBS18": "COORDENADAS APROXIMADAS", "CONTAGEM19": "1" }, "geometry": { "type": "Point", "coordinates": [ -38.235851, -4.129782 ] } },
{ "type": "Feature", "properties": { "ID0": "891", "NOME_USP1": "ASSOCIAÇAO DAS MULHERES DA AGRICULTURA FAMILIAR DA URUANAN", "NOME_UG2": "ASSOCIAÇÃO CURUMINS", "TIPO3": "FORMAL", "LOTE4": "LOTE 15", "ENDERECO5": "AV JUSCELINO KUBITSCHEK", "NUMERO6": "64", "BAIRRO_L7": "TRIÂNGULO", "DISTRITO8": "TRIÂNGULO", "MUNICIPI9": "CHOROZINHO", "CEP10": "62875-000", "REGIAO_D11": "GRANDE FORTALEZA", "SETOR_IB12": "RURAL", "DATA_DE_13": "2023-10-13", "TIPO_DE_14": "POÇO", "DESIGNAC15": "ASSOCIAÇÃO", "LATITUDE16": "-4.371133", "LONGITUD17": "-38.488397", "OBS18": "COORDENADAS APROXIMADAS", "CONTAGEM19": "1" }, "geometry": { "type": "Point", "coordinates": [ -38.488397, -4.371133 ] } },
{ "type": "Feature", "properties": { "ID0": "892", "NOME_USP1": "ASSOCIACAO DA UNIDADE PRODUTIVA PAZ E AMOR", "NOME_UG2": "ASSOCIAÇÃO CURUMINS", "TIPO3": "FORMAL", "LOTE4": "LOTE 15", "ENDERECO5": "FAZENDA URUANAN - RUA JOSE PEDRO DE SOUSA", "NUMERO6": "105", "BAIRRO_L7": "CHOROZINHO", "DISTRITO8": "CHOROZINHO", "MUNICIPI9": "CHOROZINHO", "CEP10": "62875-000", "REGIAO_D11": "GRANDE FORTALEZA", "SETOR_IB12": "RURAL", "DATA_DE_13": "2023-10-13", "TIPO_DE_14": "CAGECE - COMPANHIA DE ÁGUA E ESGOTO DO ESTADO DO CEARÁ", "DESIGNAC15": "ASSOCIAÇÃO", "LATITUDE16": "-4.358624", "LONGITUD17": "-38.460207", "OBS18": "COORDENADAS APROXIMADAS", "CONTAGEM19": "1" }, "geometry": { "type": "Point", "coordinates": [ -38.460207, -4.358624 ] } },
{ "type": "Feature", "properties": { "ID0": "893", "NOME_USP1": "ASSOCIAÇÃO DE ASSISTÊNCIA AOS MORADORES DA COMUNIDADE DE CARAÚBAS", "NOME_UG2": "ASSOCIAÇÃO CURUMINS", "TIPO3": "FORMAL", "LOTE4": "LOTE 15", "ENDERECO5": "AV PROFESSORA LAURA NOGUEIRA", "NUMERO6": "0", "BAIRRO_L7": "ITAIPABA", "DISTRITO8": "ITAIPABA", "MUNICIPI9": "PACAJUS", "CEP10": "62870-000", "REGIAO_D11": "GRANDE FORTALEZA", "SETOR_IB12": "URBANA", "DATA_DE_13": "2023-10-11", "TIPO_DE_14": "POÇO", "DESIGNAC15": "ASSOCIAÇÃO", "LATITUDE16": "-4.184561", "LONGITUD17": "-38.584642", "OBS18": "COORDENADAS APROXIMADAS", "CONTAGEM19": "1" }, "geometry": { "type": "Point", "coordinates": [ -38.584642, -4.184561 ] } },
{ "type": "Feature", "properties": { "ID0": "894", "NOME_USP1": "ASSOCIAÇÃO DO ASSENTAMENTO CROATA VIDA NOVA", "NOME_UG2": "ASSOCIAÇÃO CURUMINS", "TIPO3": "FORMAL", "LOTE4": "LOTE 15", "ENDERECO5": "RUA ASSENTAMENTO CROATA VIDA NOVA", "NUMERO6": "0", "BAIRRO_L7": "CEDRO", "DISTRITO8": "CEDRO", "MUNICIPI9": "CHOROZINHO", "CEP10": "62875-000", "REGIAO_D11": "GRANDE FORTALEZA", "SETOR_IB12": "RURAL", "DATA_DE_13": "2023-10-13", "TIPO_DE_14": "CARRO PIPA", "DESIGNAC15": "ASSENTAMENTO", "LATITUDE16": "-4.275979", "LONGITUD17": "-38.435602", "OBS18": "COORDENADAS APROXIMADAS", "CONTAGEM19": "1" }, "geometry": { "type": "Point", "coordinates": [ -38.435602, -4.275979 ] } },
{ "type": "Feature", "properties": { "ID0": "895", "NOME_USP1": "ASSOCIACAO DO CONJUNTO GERALDO MAGELA E ADJACÊNCIAS", "NOME_UG2": "ASSOCIAÇÃO CURUMINS", "TIPO3": "FORMAL", "LOTE4": "LOTE 15", "ENDERECO5": "RUA DOCA NOGUEIRA", "NUMERO6": "1387", "BAIRRO_L7": "PEDRA BRANCA", "DISTRITO8": "PACAJUS", "MUNICIPI9": "PACAJUS", "CEP10": "62870-000", "REGIAO_D11": "GRANDE FORTALEZA", "SETOR_IB12": "URBANA", "DATA_DE_13": "2023-10-11", "TIPO_DE_14": "CAGECE - COMPANHIA DE ÁGUA E ESGOTO DO ESTADO DO CEARÁ", "DESIGNAC15": "ASSOCIAÇÃO", "LATITUDE16": "-4.170078", "LONGITUD17": "-38.470308", "OBS18": "COORDENADAS APROXIMADAS", "CONTAGEM19": "1" }, "geometry": { "type": "Point", "coordinates": [ -38.470308, -4.170078 ] } },
{ "type": "Feature", "properties": { "ID0": "896", "NOME_USP1": "ASSOCIAÇÃO DOS AGENTES DE SAÚDE DE CASCAVEL", "NOME_UG2": "ASSOCIAÇÃO CURUMINS", "TIPO3": "FORMAL", "LOTE4": "LOTE 15", "ENDERECO5": "RUA MARIA DAS DORES", "NUMERO6": "938", "BAIRRO_L7": "CASCAVEL", "DISTRITO8": "CASCAVEL", "MUNICIPI9": "CASCAVEL", "CEP10": "62850-000", "REGIAO_D11": "GRANDE FORTALEZA", "SETOR_IB12": "RURAL", "DATA_DE_13": "2023-10-18", "TIPO_DE_14": "CAGECE - COMPANHIA DE ÁGUA E ESGOTO DO ESTADO DO CEARÁ", "DESIGNAC15": "ASSOCIAÇÃO", "LATITUDE16": "-4.142816", "LONGITUD17": "-38.233205", "OBS18": "COORDENADAS APROXIMADAS", "CONTAGEM19": "1" }, "geometry": { "type": "Point", "coordinates": [ -38.233205, -4.142816 ] } },
{ "type": "Feature", "properties": { "ID0": "897", "NOME_USP1": "ASSOCIAÇAO DOS PESCADORES E MARISQUEIROS DA RESERVA EXTRATIVISTA DO BATOQUE", "NOME_UG2": "ASSOCIAÇÃO CURUMINS", "TIPO3": "FORMAL", "LOTE4": "LOTE 15", "ENDERECO5": "PRAIA DO BATOQUE", "NUMERO6": "0", "BAIRRO_L7": "BATOQUE", "DISTRITO8": "JACAÚNA", "MUNICIPI9": "AQUIRAZ", "CEP10": "61700-100", "REGIAO_D11": "GRANDE FORTALEZA", "SETOR_IB12": "URBANA", "DATA_DE_13": "2023-10-17", "TIPO_DE_14": "POÇO", "DESIGNAC15": "POVO DO MAR", "LATITUDE16": "-3.945121", "LONGITUD17": "-38.284521", "OBS18": "COORDENADAS APROXIMADAS", "CONTAGEM19": "1" }, "geometry": { "type": "Point", "coordinates": [ -38.284521, -3.945121 ] } },
{ "type": "Feature", "properties": { "ID0": "898", "NOME_USP1": "ASSOCIACAO E ESCOLA ARTES E CULTURA ÁGUIA DOURADA", "NOME_UG2": "ASSOCIAÇÃO CURUMINS", "TIPO3": "FORMAL", "LOTE4": "LOTE 15", "ENDERECO5": "RUA SEBASTIAO ALBINO", "NUMERO6": "97", "BAIRRO_L7": "TRIÂNGULO", "DISTRITO8": "TRIÂNGULO", "MUNICIPI9": "CHOROZINHO", "CEP10": "62875-000", "REGIAO_D11": "GRANDE FORTALEZA", "SETOR_IB12": "URBANA", "DATA_DE_13": "2023-10-13", "TIPO_DE_14": "CAGECE - COMPANHIA DE ÁGUA E ESGOTO DO ESTADO DO CEARÁ", "DESIGNAC15": "ASSOCIAÇÃO", "LATITUDE16": "-4.335435", "LONGITUD17": "-38.477454", "OBS18": "COORDENADAS APROXIMADAS", "CONTAGEM19": "1" }, "geometry": { "type": "Point", "coordinates": [ -38.477454, -4.335435 ] } },
{ "type": "Feature", "properties": { "ID0": "899", "NOME_USP1": "ASSOCIAÇAO ESPORTES RADICAIS DE AQUIRAZ - AERA", "NOME_UG2": "ASSOCIAÇÃO CURUMINS", "TIPO3": "FORMAL", "LOTE4": "LOTE 15", "ENDERECO5": "RUA FERNANDA DE BRITO", "NUMERO6": "0", "BAIRRO_L7": "PRAINHA", "DISTRITO8": "AQUIRAZ", "MUNICIPI9": "AQUIRAZ", "CEP10": "61700-000", "REGIAO_D11": "GRANDE FORTALEZA", "SETOR_IB12": "URBANA", "DATA_DE_13": "2023-10-17", "TIPO_DE_14": "POÇO", "DESIGNAC15": "ASSOCIAÇÃO", "LATITUDE16": "-3.903181", "LONGITUD17": "-38.346725", "OBS18": "COORDENADAS APROXIMADAS", "CONTAGEM19": "1" }, "geometry": { "type": "Point", "coordinates": [ -38.346725, -3.903181 ] } },
{ "type": "Feature", "properties": { "ID0": "900", "NOME_USP1": "ASSOCIACAO FILANTRÓPICA EDUCACIONAL NOSSA SENHORA DAS GRAÇAS", "NOME_UG2": "ASSOCIAÇÃO CURUMINS", "TIPO3": "FORMAL", "LOTE4": "LOTE 15", "ENDERECO5": "RUA MARIA BARGADO", "NUMERO6": "128", "BAIRRO_L7": "COAÇU", "DISTRITO8": "PACAJUS", "MUNICIPI9": "PACAJUS", "CEP10": "62870-000", "REGIAO_D11": "GRANDE FORTALEZA", "SETOR_IB12": "URBANA", "DATA_DE_13": "2023-10-11", "TIPO_DE_14": "CAGECE - COMPANHIA DE ÁGUA E ESGOTO DO ESTADO DO CEARÁ", "DESIGNAC15": "RELIGIOSA", "LATITUDE16": "-4.167986", "LONGITUD17": "-38.471173", "OBS18": "COORDENADAS APROXIMADAS", "CONTAGEM19": "1" }, "geometry": { "type": "Point", "coordinates": [ -38.471173, -4.167986 ] } },
{ "type": "Feature", "properties": { "ID0": "901", "NOME_USP1": "ASSOCIAÇAO MISSIONARIA DO HORIZONTE", "NOME_UG2": "ASSOCIAÇÃO CURUMINS", "TIPO3": "FORMAL", "LOTE4": "LOTE 15", "ENDERECO5": "RUA BATURITE", "NUMERO6": "1660", "BAIRRO_L7": "ZUMBI", "DISTRITO8": "HORIZONTE", "MUNICIPI9": "HORIZONTE", "CEP10": "62880-000", "REGIAO_D11": "GRANDE FORTALEZA", "SETOR_IB12": "URBANA", "DATA_DE_13": "2023-10-10", "TIPO_DE_14": "CAGECE - COMPANHIA DE ÁGUA E ESGOTO DO ESTADO DO CEARÁ", "DESIGNAC15": "ASSOCIAÇÃO", "LATITUDE16": "-4.096274", "LONGITUD17": "-38.487097", "OBS18": "COORDENADAS APROXIMADAS", "CONTAGEM19": "1" }, "geometry": { "type": "Point", "coordinates": [ -38.487097, -4.096274 ] } },
{ "type": "Feature", "properties": { "ID0": "902", "NOME_USP1": "ASSOCIAÇAO PRO - CRIANÇA E ADOLESCENTE DE HORIZONTE", "NOME_UG2": "ASSOCIAÇÃO CURUMINS", "TIPO3": "FORMAL", "LOTE4": "LOTE 15", "ENDERECO5": "RUA FRANCISCO RAIMUNDO DE SOUSA", "NUMERO6": "245", "BAIRRO_L7": "HORIZONTE", "DISTRITO8": "HORIZONTE", "MUNICIPI9": "HORIZONTE", "CEP10": "62880-144", "REGIAO_D11": "GRANDE FORTALEZA", "SETOR_IB12": "URBANA", "DATA_DE_13": "2023-10-10", "TIPO_DE_14": "CAGECE - COMPANHIA DE ÁGUA E ESGOTO DO ESTADO DO CEARÁ", "DESIGNAC15": "ASSOCIAÇÃO", "LATITUDE16": "-4.099458", "LONGITUD17": "-38.497154", "OBS18": "COORDENADAS APROXIMADAS", "CONTAGEM19": "1" }, "geometry": { "type": "Point", "coordinates": [ -38.497154, -4.099458 ] } },
{ "type": "Feature", "properties": { "ID0": "903", "NOME_USP1": "COLONIA DOS TRABALHADORES DA PESCA E AGRICULTORES DE AQUIRAZ - CTPA", "NOME_UG2": "ASSOCIAÇÃO CURUMINS", "TIPO3": "FORMAL", "LOTE4": "LOTE 15", "ENDERECO5": "RUA VIRGILIO COELHO", "NUMERO6": "250", "BAIRRO_L7": "PRAINHA", "DISTRITO8": "AQUIRAZ", "MUNICIPI9": "AQUIRAZ", "CEP10": "61700-000", "REGIAO_D11": "GRANDE FORTALEZA", "SETOR_IB12": "URBANA", "DATA_DE_13": "2023-10-17", "TIPO_DE_14": "POÇO", "DESIGNAC15": "POVO DO MAR", "LATITUDE16": "-3.902046", "LONGITUD17": "-38.391592", "OBS18": "COORDENADAS APROXIMADAS", "CONTAGEM19": "1" }, "geometry": { "type": "Point", "coordinates": [ -38.391592, -3.902046 ] } },
{ "type": "Feature", "properties": { "ID0": "904", "NOME_USP1": "COMUNIDADE ARAUJO ESPERANÇA VIVA", "NOME_UG2": "ASSOCIAÇÃO CURUMINS", "TIPO3": "INFORMAL", "LOTE4": "LOTE 15", "ENDERECO5": "SITIO ARAUJO", "NUMERO6": "9", "BAIRRO_L7": "EMA", "DISTRITO8": "EMA", "MUNICIPI9": "PINDORETAMA", "CEP10": "62860-000", "REGIAO_D11": "GRANDE FORTALEZA", "SETOR_IB12": "RURAL", "DATA_DE_13": "2023-10-20", "TIPO_DE_14": "POÇO", "DESIGNAC15": "OUTRAS", "LATITUDE16": "-4.06212", "LONGITUD17": "-38.306058", "OBS18": "COORDENADAS APROXIMADAS", "CONTAGEM19": "1" }, "geometry": { "type": "Point", "coordinates": [ -38.306058, -4.06212 ] } },
{ "type": "Feature", "properties": { "ID0": "905", "NOME_USP1": "COZINHA DA ALEGRIA - CAPIM DE ROÇA", "NOME_UG2": "ASSOCIAÇÃO CURUMINS", "TIPO3": "INFORMAL", "LOTE4": "LOTE 15", "ENDERECO5": "CAPIM DE ROÇA", "NUMERO6": "6020", "BAIRRO_L7": "CASCAVEL", "DISTRITO8": "CASCAVEL", "MUNICIPI9": "CASCAVEL", "CEP10": "62850-000", "REGIAO_D11": "GRANDE FORTALEZA", "SETOR_IB12": "URBANA", "DATA_DE_13": "2023-10-18", "TIPO_DE_14": "POÇO", "DESIGNAC15": "OUTRAS", "LATITUDE16": "-4.096333", "LONGITUD17": "-38.297799", "OBS18": "COORDENADAS APROXIMADAS", "CONTAGEM19": "1" }, "geometry": { "type": "Point", "coordinates": [ -38.297799, -4.096333 ] } },
{ "type": "Feature", "properties": { "ID0": "906", "NOME_USP1": "ESPERANÇA CHOROZINHO", "NOME_UG2": "ASSOCIAÇÃO CURUMINS", "TIPO3": "INFORMAL", "LOTE4": "LOTE 15", "ENDERECO5": "RUA LUIZ FELIX PEREIRA", "NUMERO6": "0", "BAIRRO_L7": "CHOROZINHO", "DISTRITO8": "CHOROZINHO", "MUNICIPI9": "CHOROZINHO", "CEP10": "62875-000", "REGIAO_D11": "GRANDE FORTALEZA", "SETOR_IB12": "URBANA", "DATA_DE_13": "2023-10-13", "TIPO_DE_14": "CAGECE - COMPANHIA DE ÁGUA E ESGOTO DO ESTADO DO CEARÁ", "DESIGNAC15": "ASSOCIAÇÃO", "LATITUDE16": "-4.302062", "LONGITUD17": "-38.494374", "OBS18": "COORDENADAS APROXIMADAS", "CONTAGEM19": "1" }, "geometry": { "type": "Point", "coordinates": [ -38.494374, -4.302062 ] } },
{ "type": "Feature", "properties": { "ID0": "907", "NOME_USP1": "GRUPO ESPÍRITA CASA DE JOÃO IRMÃO FRANCISCO", "NOME_UG2": "ASSOCIAÇÃO CURUMINS", "TIPO3": "FORMAL", "LOTE4": "LOTE 15", "ENDERECO5": "RUA FRANCISCO DAS CHAGAS DE ARAUJO", "NUMERO6": "281", "BAIRRO_L7": "EUSÉBIO", "DISTRITO8": "EUSÉBIO", "MUNICIPI9": "EUSÉBIO", "CEP10": "61777-260", "REGIAO_D11": "GRANDE FORTALEZA", "SETOR_IB12": "URBANA", "DATA_DE_13": "2023-10-19", "TIPO_DE_14": "POÇO", "DESIGNAC15": "RELIGIOSA", "LATITUDE16": "-3.868779", "LONGITUD17": "-38.438084", "OBS18": "COORDENADAS APROXIMADAS", "CONTAGEM19": "1" }, "geometry": { "type": "Point", "coordinates": [ -38.438084, -3.868779 ] } },
{ "type": "Feature", "properties": { "ID0": "909", "NOME_USP1": "GRUPO MORADA LESTE", "NOME_UG2": "ASSOCIAÇÃO CURUMINS", "TIPO3": "INFORMAL", "LOTE4": "LOTE 15", "ENDERECO5": "AV JUCELINO KUBITSCHEK", "NUMERO6": "714", "BAIRRO_L7": "CASCAVEL", "DISTRITO8": "CASCAVEL", "MUNICIPI9": "CASCAVEL", "CEP10": "62850-000", "REGIAO_D11": "GRANDE FORTALEZA", "SETOR_IB12": "URBANA", "DATA_DE_13": "2023-10-18", "TIPO_DE_14": "POÇO", "DESIGNAC15": "OUTRAS", "LATITUDE16": "-4.116154", "LONGITUD17": "-38.22518", "OBS18": "COORDENADAS APROXIMADAS", "CONTAGEM19": "1" }, "geometry": { "type": "Point", "coordinates": [ -38.22518, -4.116154 ] } },
{ "type": "Feature", "properties": { "ID0": "910", "NOME_USP1": "GUANACÉS SEM FOME", "NOME_UG2": "ASSOCIAÇÃO CURUMINS", "TIPO3": "INFORMAL", "LOTE4": "LOTE 15", "ENDERECO5": "RUA VITORIANO DANTAS", "NUMERO6": "606", "BAIRRO_L7": "GUANACÉS", "DISTRITO8": "GUANACÉS", "MUNICIPI9": "CASCAVEL", "CEP10": "62850-000", "REGIAO_D11": "GRANDE FORTALEZA", "SETOR_IB12": "URBANA", "DATA_DE_13": "2023-10-18", "TIPO_DE_14": "POÇO", "DESIGNAC15": "OUTRAS", "LATITUDE16": "-4.145202", "LONGITUD17": "-38.328655", "OBS18": "COORDENADAS APROXIMADAS", "CONTAGEM19": "1" }, "geometry": { "type": "Point", "coordinates": [ -38.328655, -4.145202 ] } },
{ "type": "Feature", "properties": { "ID0": "911", "NOME_USP1": "INSTITUTO FILHOS E AMIGOS DE PITOMBEIRAS", "NOME_UG2": "ASSOCIAÇÃO CURUMINS", "TIPO3": "FORMAL", "LOTE4": "LOTE 15", "ENDERECO5": "RUA RAIMUNDO SAMPAIO", "NUMERO6": "0", "BAIRRO_L7": "PITOMBEIRAS", "DISTRITO8": "PITOMBEIRAS", "MUNICIPI9": "CASCAVEL", "CEP10": "62850-000", "REGIAO_D11": "GRANDE FORTALEZA", "SETOR_IB12": "URBANA", "DATA_DE_13": "2023-10-18", "TIPO_DE_14": "SISAR - SISTEMA INTEGRADO DE SANEAMENTO RURAL", "DESIGNAC15": "INSTITUTO", "LATITUDE16": "-4.448936", "LONGITUD17": "-38.338793", "OBS18": "COORDENADAS APROXIMADAS", "CONTAGEM19": "1" }, "geometry": { "type": "Point", "coordinates": [ -38.338793, -4.448936 ] } },
{ "type": "Feature", "properties": { "ID0": "913", "NOME_USP1": "MESA FARTA", "NOME_UG2": "ASSOCIAÇÃO CURUMINS", "TIPO3": "INFORMAL", "LOTE4": "LOTE 15", "ENDERECO5": "RUA IRINEU C DE ARAÚJO", "NUMERO6": "1388", "BAIRRO_L7": "CAPONGA", "DISTRITO8": "CAPONGA", "MUNICIPI9": "CASCAVEL", "CEP10": "62850-000", "REGIAO_D11": "GRANDE FORTALEZA", "SETOR_IB12": "URBANA", "DATA_DE_13": "2023-10-18", "TIPO_DE_14": "CAGECE - COMPANHIA DE ÁGUA E ESGOTO DO ESTADO DO CEARÁ", "DESIGNAC15": "POVO DO MAR", "LATITUDE16": "-4.041009", "LONGITUD17": "-38.201818", "OBS18": "COORDENADAS APROXIMADAS", "CONTAGEM19": "1" }, "geometry": { "type": "Point", "coordinates": [ -38.201818, -4.041009 ] } },
{ "type": "Feature", "properties": { "ID0": "914", "NOME_USP1": "MULHERES EMPREENDEDORAS DA CHACARA DA PRAINHA", "NOME_UG2": "ASSOCIAÇÃO CURUMINS", "TIPO3": "INFORMAL", "LOTE4": "LOTE 15", "ENDERECO5": "RUA FERREIRA SILVA", "NUMERO6": "153", "BAIRRO_L7": "CHACARA DA PRAINHA", "DISTRITO8": "AQUIRAZ", "MUNICIPI9": "AQUIRAZ", "CEP10": "61700-000", "REGIAO_D11": "GRANDE FORTALEZA", "SETOR_IB12": "URBANA", "DATA_DE_13": "2023-10-17", "TIPO_DE_14": "CAGECE - COMPANHIA DE ÁGUA E ESGOTO DO ESTADO DO CEARÁ", "DESIGNAC15": "QUILOMBOLA", "LATITUDE16": "-3.905619", "LONGITUD17": "-38.379072", "OBS18": "COORDENADAS APROXIMADAS", "CONTAGEM19": "1" }, "geometry": { "type": "Point", "coordinates": [ -38.379072, -3.905619 ] } },
{ "type": "Feature", "properties": { "ID0": "915", "NOME_USP1": "NOVA VIDA HAVAI", "NOME_UG2": "ASSOCIAÇÃO CURUMINS", "TIPO3": "INFORMAL", "LOTE4": "LOTE 15", "ENDERECO5": "RUA AUGUSTO SÁ", "NUMERO6": "457", "BAIRRO_L7": "EUSÉBIO", "DISTRITO8": "EUSÉBIO", "MUNICIPI9": "EUSÉBIO", "CEP10": "61761-490", "REGIAO_D11": "GRANDE FORTALEZA", "SETOR_IB12": "URBANA", "DATA_DE_13": "2024-01-19", "TIPO_DE_14": "CAGECE - COMPANHIA DE ÁGUA E ESGOTO DO ESTADO DO CEARÁ", "DESIGNAC15": null, "LATITUDE16": "-3.902559", "LONGITUD17": "-38.445917", "OBS18": "COORDENADAS APROXIMADAS", "CONTAGEM19": "1" }, "geometry": { "type": "Point", "coordinates": [ -38.445917, -3.902559 ] } },
{ "type": "Feature", "properties": { "ID0": "916", "NOME_USP1": "NOVO AQUIRAZ", "NOME_UG2": "ASSOCIAÇÃO CURUMINS", "TIPO3": "INFORMAL", "LOTE4": "LOTE 15", "ENDERECO5": "RUA NOSSA SENHORA APARECIDA", "NUMERO6": "0", "BAIRRO_L7": "AQUIRAZ", "DISTRITO8": "AQUIRAZ", "MUNICIPI9": "AQUIRAZ", "CEP10": "61700-000", "REGIAO_D11": "GRANDE FORTALEZA", "SETOR_IB12": "URBANA", "DATA_DE_13": "2023-10-17", "TIPO_DE_14": "POÇO", "DESIGNAC15": "OUTRAS", "LATITUDE16": "-3.927096", "LONGITUD17": "-38.387677", "OBS18": "COORDENADAS APROXIMADAS", "CONTAGEM19": "1" }, "geometry": { "type": "Point", "coordinates": [ -38.387677, -3.927096 ] } },
{ "type": "Feature", "properties": { "ID0": "917", "NOME_USP1": "POVOADO LAGOA DAS CANAS", "NOME_UG2": "ASSOCIAÇÃO CURUMINS", "TIPO3": "INFORMAL", "LOTE4": "LOTE 15", "ENDERECO5": "POVOADO LAGOA DAS CANAS", "NUMERO6": "0", "BAIRRO_L7": "JENIPAPEIRO", "DISTRITO8": "AQUIRAZ", "MUNICIPI9": "AQUIRAZ", "CEP10": "61700-000", "REGIAO_D11": "GRANDE FORTALEZA", "SETOR_IB12": "RURAL", "DATA_DE_13": "2023-10-17", "TIPO_DE_14": "POÇO", "DESIGNAC15": "INDÍGENA", "LATITUDE16": "-3.975678", "LONGITUD17": "-38.415305", "OBS18": "COORDENADAS APROXIMADAS", "CONTAGEM19": "1" }, "geometry": { "type": "Point", "coordinates": [ -38.415305, -3.975678 ] } },
{ "type": "Feature", "properties": { "ID0": "918", "NOME_USP1": "P.V EMA", "NOME_UG2": "ASSOCIAÇÃO CURUMINS", "TIPO3": "INFORMAL", "LOTE4": "LOTE 15", "ENDERECO5": "SITIO EMA", "NUMERO6": "0", "BAIRRO_L7": "EMA", "DISTRITO8": "PINDORETAMA", "MUNICIPI9": "PINDORETAMA", "CEP10": "62860-000", "REGIAO_D11": "GRANDE FORTALEZA", "SETOR_IB12": "RURAL", "DATA_DE_13": "2023-10-20", "TIPO_DE_14": "POÇO", "DESIGNAC15": "INDÍGENA", "LATITUDE16": "-4.059615", "LONGITUD17": "-38.304529", "OBS18": "COORDENADAS APROXIMADAS", "CONTAGEM19": "1" }, "geometry": { "type": "Point", "coordinates": [ -38.304529, -4.059615 ] } },
{ "type": "Feature", "properties": { "ID0": "921", "NOME_USP1": "AMET ASSOCIAÇAO DE MULHERES EMPREENDEDORAS DE TRAIRI", "NOME_UG2": "ASSOCIAÇÃO BENEFICENTE DE APOIO A COMUNIDADE DO CEARÁ", "TIPO3": "FORMAL", "LOTE4": "LOTE 16", "ENDERECO5": "RUA DO FOGO", "NUMERO6": "9", "BAIRRO_L7": "CAMPESTRE", "DISTRITO8": "TRAIRI", "MUNICIPI9": "TRAIRI", "CEP10": "62690-000", "REGIAO_D11": "GRANDE FORTALEZA", "SETOR_IB12": "URBANA", "DATA_DE_13": "2023-10-03", "TIPO_DE_14": "POÇO", "DESIGNAC15": "ASSOCIAÇÃO", "LATITUDE16": "-3.182183", "LONGITUD17": "-39.369723", "OBS18": "COORDENADAS APROXIMADAS", "CONTAGEM19": "1" }, "geometry": { "type": "Point", "coordinates": [ -39.369723, -3.182183 ] } },
{ "type": "Feature", "properties": { "ID0": "922", "NOME_USP1": "ASSOCIAÇÃO CRISTÃ NOVA ESPERANÇA", "NOME_UG2": "ASSOCIAÇÃO BENEFICENTE DE APOIO A COMUNIDADE DO CEARÁ", "TIPO3": "FORMAL", "LOTE4": "LOTE 16", "ENDERECO5": "RUA JOSÉ WALMIR MARTINS", "NUMERO6": "466", "BAIRRO_L7": "PARACURU", "DISTRITO8": "PARACURU", "MUNICIPI9": "PARACURU", "CEP10": "62680-000", "REGIAO_D11": "GRANDE FORTALEZA", "SETOR_IB12": "URBANA", "DATA_DE_13": "2023-10-10", "TIPO_DE_14": "CAGECE - COMPANHIA DE ÁGUA E ESGOTO DO ESTADO DO CEARÁ", "DESIGNAC15": "RELIGIOSA - EVANGÉLICA", "LATITUDE16": "-3.418363", "LONGITUD17": "-39.041966", "OBS18": "COORDENADAS APROXIMADAS", "CONTAGEM19": "1" }, "geometry": { "type": "Point", "coordinates": [ -39.041966, -3.418363 ] } },
{ "type": "Feature", "properties": { "ID0": "924", "NOME_USP1": "ASSOCIAÇÃO DAS MULHERES AGRICULTORAS FAMILIARES DE PARAIPABA", "NOME_UG2": "ASSOCIAÇÃO BENEFICENTE DE APOIO A COMUNIDADE DO CEARÁ", "TIPO3": "FORMAL", "LOTE4": "LOTE 16", "ENDERECO5": "RUA SETORD2", "NUMERO6": "0", "BAIRRO_L7": "SETOR D-2", "DISTRITO8": "PARAIPABA", "MUNICIPI9": "PARAIPABA", "CEP10": "62685-000", "REGIAO_D11": "GRANDE FORTALEZA", "SETOR_IB12": "RURAL", "DATA_DE_13": "2023-10-06", "TIPO_DE_14": "POÇO", "DESIGNAC15": "ASSOCIAÇÃO", "LATITUDE16": "-3.465057", "LONGITUD17": "-39.149165", "OBS18": "COORDENADAS APROXIMADAS", "CONTAGEM19": "1" }, "geometry": { "type": "Point", "coordinates": [ -39.149165, -3.465057 ] } },
{ "type": "Feature", "properties": { "ID0": "925", "NOME_USP1": "ASSOCIAÇAO DAS PESSOAS COM DEFICIENCIA BOM VIVER", "NOME_UG2": "ASSOCIAÇÃO BENEFICENTE DE APOIO A COMUNIDADE DO CEARÁ", "TIPO3": "FORMAL", "LOTE4": "LOTE 16", "ENDERECO5": "RUA ASSUCENA", "NUMERO6": "5", "BAIRRO_L7": "CANAAN", "DISTRITO8": "TRAIRI", "MUNICIPI9": "TRAIRI", "CEP10": "62690-000", "REGIAO_D11": "GRANDE FORTALEZA", "SETOR_IB12": "URBANA", "DATA_DE_13": "2023-10-04", "TIPO_DE_14": "POÇO", "DESIGNAC15": "ASSOCIAÇÃO", "LATITUDE16": "-3.213534", "LONGITUD17": "-39.369447", "OBS18": "COORDENADAS APROXIMADAS", "CONTAGEM19": "1" }, "geometry": { "type": "Point", "coordinates": [ -39.369447, -3.213534 ] } },
{ "type": "Feature", "properties": { "ID0": "927", "NOME_USP1": "ASSOCIAÇÃO DOS MORADORES DE ALAGADIÇO", "NOME_UG2": "ASSOCIAÇÃO BENEFICENTE DE APOIO A COMUNIDADE DO CEARÁ", "TIPO3": "INFORMAL", "LOTE4": "LOTE 16", "ENDERECO5": "RUA RITA MARIA DE JESUS", "NUMERO6": "0", "BAIRRO_L7": "ALAGADIÇO", "DISTRITO8": "PARACURU", "MUNICIPI9": "PARACURU", "CEP10": "62680-000", "REGIAO_D11": "GRANDE FORTALEZA", "SETOR_IB12": "URBANA", "DATA_DE_13": "2023-10-24", "TIPO_DE_14": "POÇO", "DESIGNAC15": "ASSOCIAÇÃO", "LATITUDE16": "-3.425031", "LONGITUD17": "-39.021024", "OBS18": "COORDENADAS APROXIMADAS", "CONTAGEM19": "1" }, "geometry": { "type": "Point", "coordinates": [ -39.021024, -3.425031 ] } },
{ "type": "Feature", "properties": { "ID0": "928", "NOME_USP1": "ASSOCIAÇAO DOS MORADORES DE SANTA LUZIA", "NOME_UG2": "ASSOCIAÇÃO BENEFICENTE DE APOIO A COMUNIDADE DO CEARÁ", "TIPO3": "FORMAL", "LOTE4": "LOTE 16", "ENDERECO5": "RUA MARIA ESTELA DE AZEVEDO", "NUMERO6": "0", "BAIRRO_L7": "LAGOINHA", "DISTRITO8": "LAGOINHA", "MUNICIPI9": "PARAIPABA", "CEP10": "62685-000", "REGIAO_D11": "GRANDE FORTALEZA", "SETOR_IB12": "URBANA", "DATA_DE_13": "2023-10-05", "TIPO_DE_14": "CAGECE - COMPANHIA DE ÁGUA E ESGOTO DO ESTADO DO CEARÁ", "DESIGNAC15": null, "LATITUDE16": "-3.351645", "LONGITUD17": "-39.132973", "OBS18": "COORDENADAS APROXIMADAS", "CONTAGEM19": "1" }, "geometry": { "type": "Point", "coordinates": [ -39.132973, -3.351645 ] } },
{ "type": "Feature", "properties": { "ID0": "929", "NOME_USP1": "ASSOCIAÇAO DOS MORADORES DO CROATA", "NOME_UG2": "ASSOCIAÇÃO BENEFICENTE DE APOIO A COMUNIDADE DO CEARÁ", "TIPO3": "INFORMAL", "LOTE4": "LOTE 16", "ENDERECO5": "RUA ANTONIO BARBOSA DE ARAUJO", "NUMERO6": "0", "BAIRRO_L7": "CROATÁ", "DISTRITO8": "CROATÁ", "MUNICIPI9": "SÃO GONÇALO DO AMARANTE", "CEP10": "62670-000", "REGIAO_D11": "GRANDE FORTALEZA", "SETOR_IB12": "URBANA", "DATA_DE_13": "2023-10-02", "TIPO_DE_14": "INFORMAÇÃO NÃO COLETADA", "DESIGNAC15": "ASSOCIAÇÃO", "LATITUDE16": "-3.672255", "LONGITUD17": "-39.084722", "OBS18": "COORDENADAS APROXIMADAS", "CONTAGEM19": "1" }, "geometry": { "type": "Point", "coordinates": [ -39.084722, -3.672255 ] } },
{ "type": "Feature", "properties": { "ID0": "930", "NOME_USP1": "ASSOCIAÇÃO RENASCER DAS ARTES", "NOME_UG2": "ASSOCIAÇÃO BENEFICENTE DE APOIO A COMUNIDADE DO CEARÁ", "TIPO3": "FORMAL", "LOTE4": "LOTE 16", "ENDERECO5": "CACIMBÃO SANTA TEREZA", "NUMERO6": "34195", "BAIRRO_L7": "CACIMBÃO DOS TEREZA", "DISTRITO8": "PARAIPABA", "MUNICIPI9": "PARAIPABA", "CEP10": "62685-000", "REGIAO_D11": "GRANDE FORTALEZA", "SETOR_IB12": "URBANA", "DATA_DE_13": "2023-10-06", "TIPO_DE_14": "POÇO", "DESIGNAC15": null, "LATITUDE16": "-3.427355", "LONGITUD17": "-39.166046", "OBS18": "COORDENADAS APROXIMADAS", "CONTAGEM19": "1" }, "geometry": { "type": "Point", "coordinates": [ -39.166046, -3.427355 ] } },
{ "type": "Feature", "properties": { "ID0": "931", "NOME_USP1": "ASSOCIAÇÃO VILA ESPERANÇA", "NOME_UG2": "ASSOCIAÇÃO BENEFICENTE DE APOIO A COMUNIDADE DO CEARÁ", "TIPO3": "FORMAL", "LOTE4": "LOTE 16", "ENDERECO5": "RUA DR ADELINO", "NUMERO6": "0", "BAIRRO_L7": "ALTO DO BOM JESUS", "DISTRITO8": "SÃO GONÇALO DO AMARANTE", "MUNICIPI9": "SÃO GONÇALO DO AMARANTE", "CEP10": "62670-000", "REGIAO_D11": "GRANDE FORTALEZA", "SETOR_IB12": "URBANA", "DATA_DE_13": "2024-04-29", "TIPO_DE_14": "CAGECE - COMPANHAI DE ÁGUA E ESGOTO DO ESTADO DO CEARÁ", "DESIGNAC15": null, "LATITUDE16": "-3.607327", "LONGITUD17": "-38.968137", "OBS18": "COORDENADAS APROXIMADAS", "CONTAGEM19": "1" }, "geometry": { "type": "Point", "coordinates": [ -38.968137, -3.607327 ] } },
{ "type": "Feature", "properties": { "ID0": "932", "NOME_USP1": "ASSOCIAÇÃO VIVER E BRILHAR", "NOME_UG2": "ASSOCIAÇÃO BENEFICENTE DE APOIO A COMUNIDADE DO CEARÁ", "TIPO3": "FORMAL", "LOTE4": "LOTE 16", "ENDERECO5": "RUA JOSE LUCIANO NUNES", "NUMERO6": "18", "BAIRRO_L7": "NOSSA SENHORA DA SAÚDE", "DISTRITO8": "PARAIPABA", "MUNICIPI9": "PARAIPABA", "CEP10": "62685-000", "REGIAO_D11": "GRANDE FORTALEZA", "SETOR_IB12": "RURAL", "DATA_DE_13": "2023-10-05", "TIPO_DE_14": "CAGECE - COMPANHIA DE ÁGUA E ESGOTO DO ESTADO DO CEARÁ", "DESIGNAC15": "ASSOCIAÇÃO", "LATITUDE16": "-3.48472", "LONGITUD17": "-39.148414", "OBS18": "COORDENADAS APROXIMADAS", "CONTAGEM19": "1" }, "geometry": { "type": "Point", "coordinates": [ -39.148414, -3.48472 ] } },
{ "type": "Feature", "properties": { "ID0": "933", "NOME_USP1": "CONSELHO COMUNITARIO DA TAIBA", "NOME_UG2": "ASSOCIAÇÃO BENEFICENTE DE APOIO A COMUNIDADE DO CEARÁ", "TIPO3": "FORMAL", "LOTE4": "LOTE 16", "ENDERECO5": "AV ANTONIO MARQUES", "NUMERO6": "0", "BAIRRO_L7": "TAIBA", "DISTRITO8": "TAIBA", "MUNICIPI9": "SÃO GONÇALO DO AMARANTE", "CEP10": "62670-000", "REGIAO_D11": "GRANDE FORTALEZA", "SETOR_IB12": "URBANA", "DATA_DE_13": "2023-09-27", "TIPO_DE_14": "POÇO", "DESIGNAC15": "CONSELHO", "LATITUDE16": "-3.506733", "LONGITUD17": "-38.893133", "OBS18": "COORDENADAS APROXIMADAS", "CONTAGEM19": "1" }, "geometry": { "type": "Point", "coordinates": [ -38.893133, -3.506733 ] } },
{ "type": "Feature", "properties": { "ID0": "934", "NOME_USP1": "COZINHA SOCIAL EFATAH", "NOME_UG2": "ASSOCIAÇÃO BENEFICENTE DE APOIO A COMUNIDADE DO CEARÁ", "TIPO3": "FORMAL", "LOTE4": "LOTE 16", "ENDERECO5": "RUA IV", "NUMERO6": "80", "BAIRRO_L7": "LAGOINHA", "DISTRITO8": "SÃO GONÇALO DO AMARANTE", "MUNICIPI9": "SÃO GONÇALO DO AMARANTE", "CEP10": "62670-000", "REGIAO_D11": "GRANDE FORTALEZA", "SETOR_IB12": "URBANA", "DATA_DE_13": "2024-04-29", "TIPO_DE_14": "CAGECE - COMPANHIA DE ÁGUA E ESGOTO DO ESTADO DO CEARÁ", "DESIGNAC15": null, "LATITUDE16": "-3.595551", "LONGITUD17": "-38.961263", "OBS18": "COORDENADAS APROXIMADAS", "CONTAGEM19": "1" }, "geometry": { "type": "Point", "coordinates": [ -38.961263, -3.595551 ] } },
{ "type": "Feature", "properties": { "ID0": "936", "NOME_USP1": "GRUPO DE ACAO COMUNITARIA DOS CORREGOS GACC", "NOME_UG2": "ASSOCIAÇÃO BENEFICENTE DE APOIO A COMUNIDADE DO CEARÁ", "TIPO3": "FORMAL", "LOTE4": "LOTE 16", "ENDERECO5": "RUA: ESTRADA MURITIÁ MARCO", "NUMERO6": "0", "BAIRRO_L7": "MUNGUBA", "DISTRITO8": "JARDIM", "MUNICIPI9": "PARACURU", "CEP10": "62680-000", "REGIAO_D11": "GRANDE FORTALEZA", "SETOR_IB12": "URBANA", "DATA_DE_13": "2024-04-29", "TIPO_DE_14": "POÇO", "DESIGNAC15": null, "LATITUDE16": "-3.410462", "LONGITUD17": "-39.030153", "OBS18": "COORDENADAS APROXIMADAS", "CONTAGEM19": "1" }, "geometry": { "type": "Point", "coordinates": [ -39.030153, -3.410462 ] } },
{ "type": "Feature", "properties": { "ID0": "938", "NOME_USP1": "INSTITUTO CIDADANIA PEQUENO GUERREIRO", "NOME_UG2": "ASSOCIAÇÃO BENEFICENTE DE APOIO A COMUNIDADE DO CEARÁ", "TIPO3": "FORMAL", "LOTE4": "LOTE 16", "ENDERECO5": "RUA HEITOR CAVALCANTE", "NUMERO6": "32", "BAIRRO_L7": "SÃO LUÍS DO CURU", "DISTRITO8": "SÃO LUÍS DO CURU", "MUNICIPI9": "SÃO LUÍS DO CURU", "CEP10": "62665-000", "REGIAO_D11": "GRANDE FORTALEZA", "SETOR_IB12": "URBANA", "DATA_DE_13": "2023-10-16", "TIPO_DE_14": "CAGECE - COMPANHIA DE ÁGUA E ESGOTO DO ESTADO DO CEARÁ", "DESIGNAC15": "INSTITUTO", "LATITUDE16": "-3.669874", "LONGITUD17": "-39.236169", "OBS18": "COORDENADAS APROXIMADAS", "CONTAGEM19": "1" }, "geometry": { "type": "Point", "coordinates": [ -39.236169, -3.669874 ] } },
{ "type": "Feature", "properties": { "ID0": "939", "NOME_USP1": "COZINHA SOCIAL IPIRANGA", "NOME_UG2": "ASSOCIAÇÃO BENEFICENTE DE APOIO A COMUNIDADE DO CEARÁ", "TIPO3": "INFORMAL", "LOTE4": "LOTE 16", "ENDERECO5": "COMUNIDADE IPIRANGA", "NUMERO6": "0", "BAIRRO_L7": "ZONA RURAL", "DISTRITO8": "SÃO GONÇALO DO AMARANTE", "MUNICIPI9": "SÃO GONÇALO DO AMARANTE", "CEP10": "62670-000", "REGIAO_D11": "GRANDE FORTALEZA", "SETOR_IB12": "RURAL", "DATA_DE_13": "2023-10-16", "TIPO_DE_14": "POÇO", "DESIGNAC15": null, "LATITUDE16": "-3.588059", "LONGITUD17": "-39.221269", "OBS18": "COORDENADAS APROXIMADAS", "CONTAGEM19": "1" }, "geometry": { "type": "Point", "coordinates": [ -39.221269, -3.588059 ] } },
{ "type": "Feature", "properties": { "ID0": "940", "NOME_USP1": "SINDICATO DOS TRABALHADORES RURAIS AGRICULTORES(AS) FAMILIARES DE TRAIRI", "NOME_UG2": "ASSOCIAÇÃO BENEFICENTE DE APOIO A COMUNIDADE DO CEARÁ", "TIPO3": "FORMAL", "LOTE4": "LOTE 16", "ENDERECO5": "RUA DOUTOR JOSE DA SILVEIRA", "NUMERO6": "129", "BAIRRO_L7": "TRAIRI", "DISTRITO8": "TRAIRI", "MUNICIPI9": "TRAIRI", "CEP10": "62690-000", "REGIAO_D11": "GRANDE FORTALEZA", "SETOR_IB12": "URBANA", "DATA_DE_13": "2023-10-03", "TIPO_DE_14": "CAGECE - COMPANHIA DE ÁGUA E ESGOTO DO ESTADO DO CEARÁ", "DESIGNAC15": "SINDICATO", "LATITUDE16": "-3.275924", "LONGITUD17": "-39.265855", "OBS18": "COORDENADAS APROXIMADAS", "CONTAGEM19": "1" }, "geometry": { "type": "Point", "coordinates": [ -39.265855, -3.275924 ] } },
{ "type": "Feature", "properties": { "ID0": "941", "NOME_USP1": "COZINHA SOCIAL DAS FREIXEIRAS", "NOME_UG2": "ASSOCIAÇÃO BENEFICENTE DE APOIO A COMUNIDADE DO CEARÁ", "TIPO3": "INFORMAL", "LOTE4": "LOTE 16", "ENDERECO5": "AVENIDA GERALDO CÍCERO", "NUMERO6": "0", "BAIRRO_L7": "PARACURU", "DISTRITO8": "PARACURU", "MUNICIPI9": "PARACURU", "CEP10": "62680-000", "REGIAO_D11": "GRANDE FORTALEZA", "SETOR_IB12": "URBANA", "DATA_DE_13": "2024-04-29", "TIPO_DE_14": "POÇO", "DESIGNAC15": null, "LATITUDE16": "-3.431937", "LONGITUD17": "-39.032457", "OBS18": "COORDENADAS APROXIMADAS", "CONTAGEM19": "1" }, "geometry": { "type": "Point", "coordinates": [ -39.032457, -3.431937 ] } },
{ "type": "Feature", "properties": { "ID0": "942", "NOME_USP1": "AD MONTE SIÃO MINISTÉRIO PENTECOSTE", "NOME_UG2": "INSTITUTO DE DESENVOLVIMENTO HUMANO", "TIPO3": "INFORMAL", "LOTE4": "LOTE 21", "ENDERECO5": "FRANCISCO PEREIRA DOS SANTOS", "NUMERO6": "34", "BAIRRO_L7": "PENTECOSTE", "DISTRITO8": "PENTECOSTE", "MUNICIPI9": "PENTECOSTE", "CEP10": "62640-000", "REGIAO_D11": "LITORAL OESTE / VALE DO CURU", "SETOR_IB12": "URBANA", "DATA_DE_13": "2023-10-27", "TIPO_DE_14": "CAGECE - COMPANHIA DE ÁGUA E ESGOTO DO ESTADO DO CEARÁ", "DESIGNAC15": "RELIGIOSA - EVANGÉLICA", "LATITUDE16": "-3.820228", "LONGITUD17": "-39.265093", "OBS18": "COORDENADAS APROXIMADAS", "CONTAGEM19": "1" }, "geometry": { "type": "Point", "coordinates": [ -39.265093, -3.820228 ] } },
{ "type": "Feature", "properties": { "ID0": "943", "NOME_USP1": "ASSIM DE DEUS MONTESE CONGREGAÇÃO SANTA INÊS", "NOME_UG2": "INSTITUTO DE DESENVOLVIMENTO HUMANO", "TIPO3": "INFORMAL", "LOTE4": "LOTE 21", "ENDERECO5": "AMARO REBOLÇAS", "NUMERO6": "162", "BAIRRO_L7": "PENTECOSTE", "DISTRITO8": "PENTECOSTE", "MUNICIPI9": "PENTECOSTE", "CEP10": "62640-000", "REGIAO_D11": "LITORAL OESTE / VALE DO CURU", "SETOR_IB12": "URBANA", "DATA_DE_13": "2023-10-27", "TIPO_DE_14": "CAGECE - COMPANHIA DE ÁGUA E ESGOTO DO ESTADO DO CEARÁ", "DESIGNAC15": "RELIGIOSA - EVANGÉLICA", "LATITUDE16": "-3.787814", "LONGITUD17": "-39.272876", "OBS18": "COORDENADAS APROXIMADAS", "CONTAGEM19": "1" }, "geometry": { "type": "Point", "coordinates": [ -39.272876, -3.787814 ] } },
{ "type": "Feature", "properties": { "ID0": "944", "NOME_USP1": "ASSOCIAÇÃO BENEFICENTE MARIA BEZERRA LOPES", "NOME_UG2": "INSTITUTO DE DESENVOLVIMENTO HUMANO", "TIPO3": "FORMAL", "LOTE4": "LOTE 21", "ENDERECO5": "RUA MARIA JULIA", "NUMERO6": "38", "BAIRRO_L7": "APUIARÉS", "DISTRITO8": "APUIARÉS", "MUNICIPI9": "APUIARÉS", "CEP10": "62630-000", "REGIAO_D11": "LITORAL OESTE / VALE DO CURU", "SETOR_IB12": "URBANA", "DATA_DE_13": "2023-10-27", "TIPO_DE_14": "CAGECE - COMPANHIA DE ÁGUA E ESGOTO DO ESTADO DO CEARÁ", "DESIGNAC15": "ASSOCIAÇÃO", "LATITUDE16": "-3.949003", "LONGITUD17": "-39.430206", "OBS18": "COORDENADAS APROXIMADAS", "CONTAGEM19": "1" }, "geometry": { "type": "Point", "coordinates": [ -39.430206, -3.949003 ] } },
{ "type": "Feature", "properties": { "ID0": "945", "NOME_USP1": "ASSOCIAÇÃO COMUNITÁRIA DE PROVIDÊNCIA E ADJACÊNCIA", "NOME_UG2": "INSTITUTO DE DESENVOLVIMENTO HUMANO", "TIPO3": "FORMAL", "LOTE4": "LOTE 21", "ENDERECO5": "PROVIDÊNCIA", "NUMERO6": "0", "BAIRRO_L7": "MATIAS", "DISTRITO8": "MATIAS", "MUNICIPI9": "PENTECOSTE", "CEP10": "62640-000", "REGIAO_D11": "LITORAL OESTE / VALE DO CURU", "SETOR_IB12": "URBANA", "DATA_DE_13": "2023-10-27", "TIPO_DE_14": "SISAR - SISTEMA INTEGRADO DE SANEAMENTO RURAL", "DESIGNAC15": "ASSOCIAÇÃO", "LATITUDE16": "-3.969254", "LONGITUD17": "-39.13209", "OBS18": "COORDENADAS APROXIMADAS", "CONTAGEM19": "1" }, "geometry": { "type": "Point", "coordinates": [ -39.13209, -3.969254 ] } },
{ "type": "Feature", "properties": { "ID0": "946", "NOME_USP1": "ASSOCIAÇÃO CULTURAL E ESPORTIVA DOS MORADORES DE JUA E ARREDORES", "NOME_UG2": "INSTITUTO DE DESENVOLVIMENTO HUMANO", "TIPO3": "FORMAL", "LOTE4": "LOTE 21", "ENDERECO5": "RUA JOAQUIM PASSOS", "NUMERO6": "0", "BAIRRO_L7": "JUÁ", "DISTRITO8": "IRAUÇUBA", "MUNICIPI9": "IRAUÇUBA", "CEP10": "62620-000", "REGIAO_D11": "LITORAL OESTE / VALE DO CURU", "SETOR_IB12": "URBANA", "DATA_DE_13": "2023-09-29", "TIPO_DE_14": "SISAR - SISTEMA INTEGRADO DE SANEAMENTO RURAL", "DESIGNAC15": "ASSOCIAÇÃO", "LATITUDE16": "-3.892523", "LONGITUD17": "-39.866703", "OBS18": "COORDENADAS APROXIMADAS", "CONTAGEM19": "1" }, "geometry": { "type": "Point", "coordinates": [ -39.866703, -3.892523 ] } },
{ "type": "Feature", "properties": { "ID0": "947", "NOME_USP1": "ASSOCIAÇÃO COMUNITÁRIA JARDIM CAPIVARA", "NOME_UG2": "INSTITUTO DE DESENVOLVIMENTO HUMANO", "TIPO3": "FORMAL", "LOTE4": "LOTE 21", "ENDERECO5": "ACOJARA8@GMAIL.COM", "NUMERO6": "0", "BAIRRO_L7": "CAPIVARA", "DISTRITO8": "PENTECOSTE", "MUNICIPI9": "PENTECOSTE", "CEP10": "62640-000", "REGIAO_D11": "LITORAL OESTE / VALE DO CURU", "SETOR_IB12": "RURAL", "DATA_DE_13": "2023-10-27", "TIPO_DE_14": "SISAR - SISTEMA INTEGRADO DE SANEAMENTO RURAL", "DESIGNAC15": "ASSOCIAÇÃO", "LATITUDE16": "-3.89978", "LONGITUD17": "-39.230273", "OBS18": "COORDENADAS APROXIMADAS", "CONTAGEM19": "1" }, "geometry": { "type": "Point", "coordinates": [ -39.230273, -3.89978 ] } },
{ "type": "Feature", "properties": { "ID0": "948", "NOME_USP1": "ASSOCIAÇÃO COMUNITÁRIA SÃO JOAQUIM DO DOCE", "NOME_UG2": "INSTITUTO DE DESENVOLVIMENTO HUMANO", "TIPO3": "FORMAL", "LOTE4": "LOTE 21", "ENDERECO5": "FAZ. SÃO JOAQUIM DO DOCE", "NUMERO6": "0", "BAIRRO_L7": "IRAUÇUBA", "DISTRITO8": "IRAUÇUBA", "MUNICIPI9": "IRAUÇUBA", "CEP10": "62620-000", "REGIAO_D11": "LITORAL OESTE / VALE DO CURU", "SETOR_IB12": "URBANA", "DATA_DE_13": "2023-11-20", "TIPO_DE_14": "CARRO PIPA", "DESIGNAC15": "ASSOCIAÇÃO", "LATITUDE16": "-3.747574", "LONGITUD17": "-39.782705", "OBS18": "COORDENADAS APROXIMADAS", "CONTAGEM19": "1" }, "geometry": { "type": "Point", "coordinates": [ -39.782705, -3.747574 ] } },
{ "type": "Feature", "properties": { "ID0": "949", "NOME_USP1": "ASSOCIAÇÃO COMUNITÁRIA VIDA ABUNDANTE (ACVA)", "NOME_UG2": "INSTITUTO DE DESENVOLVIMENTO HUMANO", "TIPO3": "FORMAL", "LOTE4": "LOTE 21", "ENDERECO5": "AV. PRINCESA ISABEL", "NUMERO6": "0", "BAIRRO_L7": "ANGELIM", "DISTRITO8": "URUBURETAMA", "MUNICIPI9": "URUBURETAMA", "CEP10": "62650-000", "REGIAO_D11": "LITORAL OESTE / VALE DO CURU", "SETOR_IB12": "URBANA", "DATA_DE_13": "2023-10-20", "TIPO_DE_14": "CAGECE - COMPANHIA DE ÁGUA E ESGOTO DO ESTADO DO CEARÁ", "DESIGNAC15": "ASSOCIAÇÃO", "LATITUDE16": "-3.618225", "LONGITUD17": "-39.50035", "OBS18": "COORDENADAS APROXIMADAS", "CONTAGEM19": "1" }, "geometry": { "type": "Point", "coordinates": [ -39.50035, -3.618225 ] } },
{ "type": "Feature", "properties": { "ID0": "950", "NOME_USP1": "ASSOCIACAO DE ACAO E CIDADANIA ROQUE SILVA MOTA", "NOME_UG2": "INSTITUTO DE DESENVOLVIMENTO HUMANO", "TIPO3": "FORMAL", "LOTE4": "LOTE 21", "ENDERECO5": "RUA DA IGREJA", "NUMERO6": "0", "BAIRRO_L7": "RETIRO", "DISTRITO8": "CAXITORÉ", "MUNICIPI9": "TEJUÇUOCA", "CEP10": "62610-000", "REGIAO_D11": "LITORAL OESTE / VALE DO CURU", "SETOR_IB12": "URBANA", "DATA_DE_13": "2023-10-27", "TIPO_DE_14": "SISAR - SISTEMA INTEGRADO DE SANEAMENTO RURAL", "DESIGNAC15": "ASSOCIAÇÃO", "LATITUDE16": "-3.82141", "LONGITUD17": "-39.507947", "OBS18": "COORDENADAS APROXIMADAS", "CONTAGEM19": "1" }, "geometry": { "type": "Point", "coordinates": [ -39.507947, -3.82141 ] } },
{ "type": "Feature", "properties": { "ID0": "951", "NOME_USP1": "ASSOCIAÇÃO DOS MORADORES DE VILA NOVA", "NOME_UG2": "INSTITUTO DE DESENVOLVIMENTO HUMANO", "TIPO3": "FORMAL", "LOTE4": "LOTE 21", "ENDERECO5": "VILA NOVA SERROTA", "NUMERO6": "0", "BAIRRO_L7": "VILA NOVA SERROTA", "DISTRITO8": "PENTECOSTE", "MUNICIPI9": "PENTECOSTE", "CEP10": "62640-000", "REGIAO_D11": "LITORAL OESTE / VALE DO CURU", "SETOR_IB12": "RURAL", "DATA_DE_13": "2023-10-27", "TIPO_DE_14": "SISAR - SISTEMA INTEGRADO DE SANEAMENTO RURAL", "DESIGNAC15": "ASSOCIAÇÃO", "LATITUDE16": "-3.850262", "LONGITUD17": "-39.324771", "OBS18": "COORDENADAS APROXIMADAS", "CONTAGEM19": "1" }, "geometry": { "type": "Point", "coordinates": [ -39.324771, -3.850262 ] } },
{ "type": "Feature", "properties": { "ID0": "952", "NOME_USP1": "ASSOCIAÇÃO MORADORES DE SALGADO", "NOME_UG2": "INSTITUTO DE DESENVOLVIMENTO HUMANO", "TIPO3": "FORMAL", "LOTE4": "LOTE 21", "ENDERECO5": "COMUNIDADE DO SALGADO", "NUMERO6": "0", "BAIRRO_L7": "APUIARÉS", "DISTRITO8": "APUIARÉS", "MUNICIPI9": "APUIARÉS", "CEP10": "62630-000", "REGIAO_D11": "LITORAL OESTE / VALE DO CURU", "SETOR_IB12": "RURAL", "DATA_DE_13": "2023-10-27", "TIPO_DE_14": "CAGECE - COMPANHIA DE ÁGUA E ESGOTO DO ESTADO DO CEARÁ", "DESIGNAC15": "ASSOCIAÇÃO", "LATITUDE16": "-3.957234", "LONGITUD17": "-39.310923", "OBS18": "COORDENADAS APROXIMADAS", "CONTAGEM19": "1" }, "geometry": { "type": "Point", "coordinates": [ -39.310923, -3.957234 ] } },
{ "type": "Feature", "properties": { "ID0": "953", "NOME_USP1": "CEARAZINHO ESPORTE CLUBE", "NOME_UG2": "INSTITUTO DE DESENVOLVIMENTO HUMANO", "TIPO3": "FORMAL", "LOTE4": "LOTE 21", "ENDERECO5": "RUA ANTONIO GALDENCIO BRAGA BASTOS", "NUMERO6": "206", "BAIRRO_L7": "JUÁ", "DISTRITO8": "JUÁ", "MUNICIPI9": "IRAUÇUBA", "CEP10": "62620-000", "REGIAO_D11": "LITORAL OESTE / VALE DO CURU", "SETOR_IB12": "URBANA", "DATA_DE_13": "2023-09-29", "TIPO_DE_14": "CAGECE - COMPANHIA DE ÁGUA E ESGOTO DO ESTADO DO CEARÁ", "DESIGNAC15": null, "LATITUDE16": "-3.751447", "LONGITUD17": "-39.786772", "OBS18": "COORDENADAS APROXIMADAS", "CONTAGEM19": "1" }, "geometry": { "type": "Point", "coordinates": [ -39.786772, -3.751447 ] } },
{ "type": "Feature", "properties": { "ID0": "954", "NOME_USP1": "CENTRAL DAS ORGANIZAÇOES ASSOCIATIVAS DO MUNICIPIO DE PENTECOSTE", "NOME_UG2": "INSTITUTO DE DESENVOLVIMENTO HUMANO", "TIPO3": "FORMAL", "LOTE4": "LOTE 21", "ENDERECO5": "AV: GOMES DA SILVA", "NUMERO6": "281", "BAIRRO_L7": "PENTECOSTE", "DISTRITO8": "PENTECOSTE", "MUNICIPI9": "PENTECOSTE", "CEP10": "62640-000", "REGIAO_D11": "LITORAL OESTE / VALE DO CURU", "SETOR_IB12": "URBANA", "DATA_DE_13": "2023-10-27", "TIPO_DE_14": "CAGECE - COMPANHIA DE ÁGUA E ESGOTO DO ESTADO DO CEARÁ", "DESIGNAC15": "ASSOCIAÇÃO", "LATITUDE16": "-3.789871", "LONGITUD17": "-39.276645", "OBS18": "COORDENADAS APROXIMADAS", "CONTAGEM19": "1" }, "geometry": { "type": "Point", "coordinates": [ -39.276645, -3.789871 ] } },
{ "type": "Feature", "properties": { "ID0": "955", "NOME_USP1": "COOPERATIVA DA AGRICULTURA FAMILIAR DO VALE DO CURU", "NOME_UG2": "INSTITUTO DE DESENVOLVIMENTO HUMANO", "TIPO3": "FORMAL", "LOTE4": "LOTE 21", "ENDERECO5": "CRAS- SEDE RUA JOSÉ LOPES FILHO", "NUMERO6": "369", "BAIRRO_L7": "APUIARÉS", "DISTRITO8": "APUIARÉS", "MUNICIPI9": "APUIARÉS", "CEP10": "62630-000", "REGIAO_D11": "LITORAL OESTE / VALE DO CURU", "SETOR_IB12": "URBANA", "DATA_DE_13": "2023-10-27", "TIPO_DE_14": "CAGECE - COMPANHIA DE ÁGUA E ESGOTO DO ESTADO DO CEARÁ", "DESIGNAC15": "COOPERATIVA", "LATITUDE16": "-3.947517", "LONGITUD17": "-39.431277", "OBS18": "COORDENADAS APROXIMADAS", "CONTAGEM19": "1" }, "geometry": { "type": "Point", "coordinates": [ -39.431277, -3.947517 ] } },
{ "type": "Feature", "properties": { "ID0": "956", "NOME_USP1": "COZINHA AMOR E SABORES", "NOME_UG2": "INSTITUTO DE DESENVOLVIMENTO HUMANO", "TIPO3": "INFORMAL", "LOTE4": "LOTE 21", "ENDERECO5": "RUA/AV.: RUA RUFINO DE SOUSA", "NUMERO6": "0", "BAIRRO_L7": "UMIRIM", "DISTRITO8": "UMIRIM", "MUNICIPI9": "UMIRIM", "CEP10": "62660-000", "REGIAO_D11": "LITORAL OESTE / VALE DO CURU", "SETOR_IB12": "URBANA", "DATA_DE_13": "2023-10-20", "TIPO_DE_14": "CAGECE - COMPANHIA DE ÁGUA E ESGOTO DO ESTADO DO CEARÁ", "DESIGNAC15": null, "LATITUDE16": "-3.673298", "LONGITUD17": "-39.34635", "OBS18": "COORDENADAS APROXIMADAS", "CONTAGEM19": "1" }, "geometry": { "type": "Point", "coordinates": [ -39.34635, -3.673298 ] } },
{ "type": "Feature", "properties": { "ID0": "957", "NOME_USP1": "COZINHA CREAS", "NOME_UG2": "INSTITUTO DE DESENVOLVIMENTO HUMANO", "TIPO3": "INFORMAL", "LOTE4": "LOTE 21", "ENDERECO5": "CORONEL JOÃO ANTONIO", "NUMERO6": "1230", "BAIRRO_L7": "URUBURETAMA", "DISTRITO8": "URUBURETAMA", "MUNICIPI9": "URUBURETAMA", "CEP10": "62650-000", "REGIAO_D11": "LITORAL OESTE / VALE DO CURU", "SETOR_IB12": "URBANA", "DATA_DE_13": "2023-10-20", "TIPO_DE_14": "CAGECE - COMPANHIA DE ÁGUA E ESGOTO DO ESTADO DO CEARÁ", "DESIGNAC15": null, "LATITUDE16": "-3.624561", "LONGITUD17": "-39.507284", "OBS18": "COORDENADAS APROXIMADAS", "CONTAGEM19": "1" }, "geometry": { "type": "Point", "coordinates": [ -39.507284, -3.624561 ] } },
{ "type": "Feature", "properties": { "ID0": "958", "NOME_USP1": "COZINHA SOCIAL ANGELIM", "NOME_UG2": "INSTITUTO DE DESENVOLVIMENTO HUMANO", "TIPO3": "INFORMAL", "LOTE4": "LOTE 21", "ENDERECO5": "JOÃO DE PAULA FILHO", "NUMERO6": "224", "BAIRRO_L7": "ANGELIM", "DISTRITO8": "URUBURETAMA", "MUNICIPI9": "URUBURETAMA", "CEP10": "62650-000", "REGIAO_D11": "LITORAL OESTE / VALE DO CURU", "SETOR_IB12": "URBANA", "DATA_DE_13": "2023-10-20", "TIPO_DE_14": "CAGECE - COMPANHIA DE ÁGUA E ESGOTO DO ESTADO DO CEARÁ", "DESIGNAC15": null, "LATITUDE16": "-3.616147", "LONGITUD17": "-39.502053", "OBS18": "COORDENADAS APROXIMADAS", "CONTAGEM19": "1" }, "geometry": { "type": "Point", "coordinates": [ -39.502053, -3.616147 ] } },
{ "type": "Feature", "properties": { "ID0": "959", "NOME_USP1": "COZINHA SOCIAL CANTO ESCURO", "NOME_UG2": "INSTITUTO DE DESENVOLVIMENTO HUMANO", "TIPO3": "INFORMAL", "LOTE4": "LOTE 21", "ENDERECO5": "TRAVESSA VICENTE GAMA DE SOUSA", "NUMERO6": "229", "BAIRRO_L7": "URUBURETAMA", "DISTRITO8": "URUBURETAMA", "MUNICIPI9": "URUBURETAMA", "CEP10": "62650-000", "REGIAO_D11": "LITORAL OESTE / VALE DO CURU", "SETOR_IB12": "RURAL", "DATA_DE_13": "2023-10-20", "TIPO_DE_14": "CAGECE - COMPANHIA DE ÁGUA E ESGOTO DO ESTADO DO CEARÁ", "DESIGNAC15": null, "LATITUDE16": "-3.648385", "LONGITUD17": "-39.468259", "OBS18": "COORDENADAS APROXIMADAS", "CONTAGEM19": "1" }, "geometry": { "type": "Point", "coordinates": [ -39.468259, -3.648385 ] } },
{ "type": "Feature", "properties": { "ID0": "960", "NOME_USP1": "COZINHA SOCIAL CRAS", "NOME_UG2": "INSTITUTO DE DESENVOLVIMENTO HUMANO", "TIPO3": "INFORMAL", "LOTE4": "LOTE 21", "ENDERECO5": "RUA JOÃO SOUSA BONFIM", "NUMERO6": "471", "BAIRRO_L7": "ITAMARATI", "DISTRITO8": "URUBURETAMA", "MUNICIPI9": "URUBURETAMA", "CEP10": "62650-000", "REGIAO_D11": "LITORAL OESTE / VALE DO CURU", "SETOR_IB12": "URBANA", "DATA_DE_13": "2023-10-20", "TIPO_DE_14": "CAGECE - COMPANHIA DE ÁGUA E ESGOTO DO ESTADO DO CEARÁ", "DESIGNAC15": null, "LATITUDE16": "-3.626235", "LONGITUD17": "-39.498588", "OBS18": "COORDENADAS APROXIMADAS", "CONTAGEM19": "1" }, "geometry": { "type": "Point", "coordinates": [ -39.498588, -3.626235 ] } },
{ "type": "Feature", "properties": { "ID0": "961", "NOME_USP1": "COZINHA DE ASSISTÊNCIA SOCIAL", "NOME_UG2": "INSTITUTO DE DESENVOLVIMENTO HUMANO", "TIPO3": "INFORMAL", "LOTE4": "LOTE 21", "ENDERECO5": "NOSSA SENHORA DAS GRAÇAS", "NUMERO6": "81", "BAIRRO_L7": "URUBURETAMA", "DISTRITO8": "URUBURETAMA", "MUNICIPI9": "URUBURETAMA", "CEP10": "62650-000", "REGIAO_D11": "LITORAL OESTE / VALE DO CURU", "SETOR_IB12": "URBANA", "DATA_DE_13": "2023-10-20", "TIPO_DE_14": "CAGECE - COMPANHIA DE ÁGUA E ESGOTO DO ESTADO DO CEARÁ", "DESIGNAC15": null, "LATITUDE16": "-3.620817", "LONGITUD17": "-39.512343", "OBS18": "COORDENADAS APROXIMADAS", "CONTAGEM19": "1" }, "geometry": { "type": "Point", "coordinates": [ -39.512343, -3.620817 ] } },
{ "type": "Feature", "properties": { "ID0": "962", "NOME_USP1": "COZINHA STAS", "NOME_UG2": "INSTITUTO DE DESENVOLVIMENTO HUMANO", "TIPO3": "INFORMAL", "LOTE4": "LOTE 21", "ENDERECO5": "RUA ANTÔNIO EUSÉBIO BASTOS", "NUMERO6": "85", "BAIRRO_L7": "ITAPAGÉ", "DISTRITO8": "ITAPAJÉ", "MUNICIPI9": "ITAPAJÉ", "CEP10": "62600-000", "REGIAO_D11": "LITORAL OESTE / VALE DO CURU", "SETOR_IB12": "URBANA", "DATA_DE_13": "2023-10-20", "TIPO_DE_14": "SAAE - SERVIÇO AUTÔNOMO DE ÁGUA E ESGOTO", "DESIGNAC15": null, "LATITUDE16": "-3.68929", "LONGITUD17": "-39.586219", "OBS18": "COORDENADAS APROXIMADAS", "CONTAGEM19": "1" }, "geometry": { "type": "Point", "coordinates": [ -39.586219, -3.68929 ] } },
{ "type": "Feature", "properties": { "ID0": "963", "NOME_USP1": "COZINHA TEJUÇUOCA", "NOME_UG2": "INSTITUTO DE DESENVOLVIMENTO HUMANO", "TIPO3": "INFORMAL", "LOTE4": "LOTE 21", "ENDERECO5": "RUA MAMEDE RODRIGUES TEIXEIRA", "NUMERO6": "0", "BAIRRO_L7": "TEJUÇUOCA", "DISTRITO8": "TEJUÇUOCA", "MUNICIPI9": "TEJUÇUOCA", "CEP10": "62610-000", "REGIAO_D11": "LITORAL OESTE / VALE DO CURU", "SETOR_IB12": "URBANA", "DATA_DE_13": "2023-10-27", "TIPO_DE_14": "CAGECE - COMPANHIA DE ÁGUA E ESGOTO DO ESTADO DO CEARÁ", "DESIGNAC15": null, "LATITUDE16": "-3.989821", "LONGITUD17": "-39.578923", "OBS18": "COORDENADAS APROXIMADAS", "CONTAGEM19": "1" }, "geometry": { "type": "Point", "coordinates": [ -39.578923, -3.989821 ] } },
{ "type": "Feature", "properties": { "ID0": "964", "NOME_USP1": "INSTITUTO DE DESENVOLVIMENTO HUMANO", "NOME_UG2": "INSTITUTO DE DESENVOLVIMENTO HUMANO", "TIPO3": "FORMAL", "LOTE4": "LOTE 21", "ENDERECO5": "RUA LUÍS ANTONIO ARAÚJO LIMA", "NUMERO6": "0", "BAIRRO_L7": "IRAUÇUBA", "DISTRITO8": "IRAUÇUBA", "MUNICIPI9": "IRAUÇUBA", "CEP10": "62620-000", "REGIAO_D11": "LITORAL OESTE / VALE DO CURU", "SETOR_IB12": "URBANA", "DATA_DE_13": "2023-09-29", "TIPO_DE_14": "CAGECE - COMPANHIA DE ÁGUA E ESGOTO DO ESTADO DO CEARÁ", "DESIGNAC15": "INSTITUTO", "LATITUDE16": "-3.748379", "LONGITUD17": "-39.78791", "OBS18": "COORDENADAS APROXIMADAS", "CONTAGEM19": "1" }, "geometry": { "type": "Point", "coordinates": [ -39.78791, -3.748379 ] } },
{ "type": "Feature", "properties": { "ID0": "965", "NOME_USP1": "IRATINGA SOLIDÁRIA", "NOME_UG2": "INSTITUTO DE DESENVOLVIMENTO HUMANO", "TIPO3": "INFORMAL", "LOTE4": "LOTE 21", "ENDERECO5": "DEPUTADO RAIMUNDO VIEIRA FILHO", "NUMERO6": "358", "BAIRRO_L7": "IRATINGA", "DISTRITO8": "IRATINGA", "MUNICIPI9": "ITAPAJÉ", "CEP10": "62600-000", "REGIAO_D11": "LITORAL OESTE / VALE DO CURU", "SETOR_IB12": "URBANA", "DATA_DE_13": "2023-10-20", "TIPO_DE_14": "SAAE - SERVIÇO AUTÔNOMO DE ÁGUA E ESGOTO", "DESIGNAC15": null, "LATITUDE16": "-3.736132", "LONGITUD17": "-39.547398", "OBS18": "COORDENADAS APROXIMADAS", "CONTAGEM19": "1" }, "geometry": { "type": "Point", "coordinates": [ -39.547398, -3.736132 ] } },
{ "type": "Feature", "properties": { "ID0": "966", "NOME_USP1": "ITAPAJÉ SOLIDÁRIO", "NOME_UG2": "INSTITUTO DE DESENVOLVIMENTO HUMANO", "TIPO3": "INFORMAL", "LOTE4": "LOTE 21", "ENDERECO5": "RUA ALBA VALDEZ", "NUMERO6": "139", "BAIRRO_L7": "PADRE LIMA", "DISTRITO8": "ITAPAGÉ", "MUNICIPI9": "ITAPAJÉ", "CEP10": "62600-000", "REGIAO_D11": "LITORAL OESTE / VALE DO CURU", "SETOR_IB12": "URBANA", "DATA_DE_13": "2023-10-20", "TIPO_DE_14": "SAAE - SERVIÇO AUTÔNOMO DE ÁGUA E ESGOTO", "DESIGNAC15": null, "LATITUDE16": "-3.686405", "LONGITUD17": "-39.586702", "OBS18": "COORDENADAS APROXIMADAS", "CONTAGEM19": "1" }, "geometry": { "type": "Point", "coordinates": [ -39.586702, -3.686405 ] } },
{ "type": "Feature", "properties": { "ID0": "967", "NOME_USP1": "JAMILE GOMES MARTINS", "NOME_UG2": "INSTITUTO DE DESENVOLVIMENTO HUMANO", "TIPO3": "INFORMAL", "LOTE4": "LOTE 21", "ENDERECO5": "RUA PAULO VIERA MESQUITA", "NUMERO6": "10", "BAIRRO_L7": "IRATINGA", "DISTRITO8": "IRATINGA", "MUNICIPI9": "ITAPAJÉ", "CEP10": "62600-000", "REGIAO_D11": "LITORAL OESTE / VALE DO CURU", "SETOR_IB12": "URBANA", "DATA_DE_13": "2023-10-20", "TIPO_DE_14": "SAAE - SERVIÇO AUTÔNOMO DE ÁGUA E ESGOTO", "DESIGNAC15": null, "LATITUDE16": "-3.735421", "LONGITUD17": "-39.546775", "OBS18": "COORDENADAS APROXIMADAS", "CONTAGEM19": "1" }, "geometry": { "type": "Point", "coordinates": [ -39.546775, -3.735421 ] } },
{ "type": "Feature", "properties": { "ID0": "968", "NOME_USP1": "KI-DELÍCIAS", "NOME_UG2": "INSTITUTO DE DESENVOLVIMENTO HUMANO", "TIPO3": "INFORMAL", "LOTE4": "LOTE 21", "ENDERECO5": "RUA FELISBELA CAETANO", "NUMERO6": "114", "BAIRRO_L7": "SÃO JOAQUIM", "DISTRITO8": "SÃO JOAQUIM", "MUNICIPI9": "UMIRIM", "CEP10": "62660-000", "REGIAO_D11": "LITORAL OESTE / VALE DO CURU", "SETOR_IB12": "URBANA", "DATA_DE_13": "2023-10-20", "TIPO_DE_14": "CAGECE - COMPANHIA DE ÁGUA E ESGOTO DO ESTADO DO CEARÁ", "DESIGNAC15": null, "LATITUDE16": "-3.692003", "LONGITUD17": "-39.449829", "OBS18": "COORDENADAS APROXIMADAS", "CONTAGEM19": "1" }, "geometry": { "type": "Point", "coordinates": [ -39.449829, -3.692003 ] } },
{ "type": "Feature", "properties": { "ID0": "969", "NOME_USP1": "MÃOS SOLIDÁRIAS", "NOME_UG2": "INSTITUTO DE DESENVOLVIMENTO HUMANO", "TIPO3": "INFORMAL", "LOTE4": "LOTE 21", "ENDERECO5": "RUA/AV.: JOSÉ SEVERINO FILHO", "NUMERO6": "0", "BAIRRO_L7": "GENERAL SAMPAIO", "DISTRITO8": "GENERAL SAMPAIO", "MUNICIPI9": "GENERAL SAMPAIO", "CEP10": "62738-000", "REGIAO_D11": "LITORAL OESTE / VALE DO CURU", "SETOR_IB12": "URBANA", "DATA_DE_13": "2023-10-27", "TIPO_DE_14": "CAGECE - COMPANHIA DE ÁGUA E ESGOTO DO ESTADO DO CEARÁ", "DESIGNAC15": null, "LATITUDE16": "-4.052034", "LONGITUD17": "-39.451852", "OBS18": "COORDENADAS APROXIMADAS", "CONTAGEM19": "1" }, "geometry": { "type": "Point", "coordinates": [ -39.451852, -4.052034 ] } },
{ "type": "Feature", "properties": { "ID0": "970", "NOME_USP1": "MISSI SOLIDÁRIO", "NOME_UG2": "INSTITUTO DE DESENVOLVIMENTO HUMANO", "TIPO3": "INFORMAL", "LOTE4": "LOTE 21", "ENDERECO5": "RUA MIGUEL BARBOSA DO MISSI", "NUMERO6": "342", "BAIRRO_L7": "MISSI", "DISTRITO8": "MISSI", "MUNICIPI9": "IRAUÇUBA", "CEP10": "62620-000", "REGIAO_D11": "LITORAL OESTE / VALE DO CURU", "SETOR_IB12": "URBANA", "DATA_DE_13": "2023-09-29", "TIPO_DE_14": "SISAR - SISTEMA INTEGRADO DE SANEAMENTO RURAL", "DESIGNAC15": null, "LATITUDE16": "-3.622552", "LONGITUD17": "-39.818211", "OBS18": "COORDENADAS APROXIMADAS", "CONTAGEM19": "1" }, "geometry": { "type": "Point", "coordinates": [ -39.818211, -3.622552 ] } },
{ "type": "Feature", "properties": { "ID0": "971", "NOME_USP1": "SOLIDARIEDADE E VIDA", "NOME_UG2": "INSTITUTO DE DESENVOLVIMENTO HUMANO", "TIPO3": "INFORMAL", "LOTE4": "LOTE 21", "ENDERECO5": "RUA DELFINO FERREIRA GOMES", "NUMERO6": "0", "BAIRRO_L7": "GENERAL SAMPAIO", "DISTRITO8": "GENERAL SAMPAIO", "MUNICIPI9": "GENERAL SAMPAIO", "CEP10": "62738-000", "REGIAO_D11": "LITORAL OESTE / VALE DO CURU", "SETOR_IB12": "URBANA", "DATA_DE_13": "2023-10-27", "TIPO_DE_14": "CAGECE - COMPANHIA DE ÁGUA E ESGOTO DO ESTADO DO CEARÁ", "DESIGNAC15": null, "LATITUDE16": "-4.05004", "LONGITUD17": "-39.448268", "OBS18": "COORDENADAS APROXIMADAS", "CONTAGEM19": "1" }, "geometry": { "type": "Point", "coordinates": [ -39.448268, -4.05004 ] } },
{ "type": "Feature", "properties": { "ID0": "972", "NOME_USP1": "ALIMENTANDO VIDAS", "NOME_UG2": "INSTITUTO DE ARTE], CULTURA, LAZER E EDUCAÇÃO - IARTE", "TIPO3": "INFORMAL", "LOTE4": "LOTE 31", "ENDERECO5": "PEDRO JOSÉ DE OLIVEIRA", "NUMERO6": "0", "BAIRRO_L7": "MILHÃ", "DISTRITO8": "MILHÃ", "MUNICIPI9": "MILHÃ", "CEP10": "63635-000", "REGIAO_D11": "SERTÃO CENTRAL", "SETOR_IB12": "URBANA", "DATA_DE_13": "2023-11-22", "TIPO_DE_14": "SAAE - SERVIÇO AUTÔNOMO DE ÁGUA E ESGOTO", "DESIGNAC15": "OUTRAS", "LATITUDE16": "-5.680019", "LONGITUD17": "-39.194527", "OBS18": "COORDENADAS APROXIMADAS", "CONTAGEM19": "1" }, "geometry": { "type": "Point", "coordinates": [ -39.194527, -5.680019 ] } },
{ "type": "Feature", "properties": { "ID0": "973", "NOME_USP1": "AMIGOS DO BEM", "NOME_UG2": "INSTITUTO DE ARTE], CULTURA, LAZER E EDUCAÇÃO - IARTE", "TIPO3": "INFORMAL", "LOTE4": "LOTE 31", "ENDERECO5": "RUA SÃO FRANCISCO", "NUMERO6": "160", "BAIRRO_L7": "PAVÃOZINHO", "DISTRITO8": "SENADOR POMPEU", "MUNICIPI9": "SENADOR POMPEU", "CEP10": "63600-000", "REGIAO_D11": "SERTÃO CENTRAL", "SETOR_IB12": "URBANA", "DATA_DE_13": "2023-10-27", "TIPO_DE_14": "CAGECE - COMPANHIA DE ÁGUA E ESGOTO DO ESTADO DO CEARÁ", "DESIGNAC15": "OUTRAS", "LATITUDE16": "-5.590968", "LONGITUD17": "-39.381466", "OBS18": "COORDENADAS APROXIMADAS", "CONTAGEM19": "1" }, "geometry": { "type": "Point", "coordinates": [ -39.381466, -5.590968 ] } },
{ "type": "Feature", "properties": { "ID0": "974", "NOME_USP1": "CARNAUBINHA SOLIDARIA", "NOME_UG2": "INSTITUTO DE ARTE], CULTURA, LAZER E EDUCAÇÃO - IARTE", "TIPO3": "INFORMAL", "LOTE4": "LOTE 31", "ENDERECO5": "DISTRITO DE CARNAUBINHA", "NUMERO6": "0", "BAIRRO_L7": "MILHÃ", "DISTRITO8": "MILHÃ", "MUNICIPI9": "MILHÃ", "CEP10": "63635-000", "REGIAO_D11": "SERTÃO CENTRAL", "SETOR_IB12": "URBANA", "DATA_DE_13": "2023-11-22", "TIPO_DE_14": "SAAE - SERVIÇO AUTÔNOMO DE ÁGUA E ESGOTO", "DESIGNAC15": "OUTRAS", "LATITUDE16": "-5.560989", "LONGITUD17": "-39.16288", "OBS18": "COORDENADAS APROXIMADAS", "CONTAGEM19": "1" }, "geometry": { "type": "Point", "coordinates": [ -39.16288, -5.560989 ] } },
{ "type": "Feature", "properties": { "ID0": "975", "NOME_USP1": "COZINHA DO POVO", "NOME_UG2": "INSTITUTO DE ARTE], CULTURA, LAZER E EDUCAÇÃO - IARTE", "TIPO3": "INFORMAL", "LOTE4": "LOTE 31", "ENDERECO5": "CAPISTRANO DE ABREU", "NUMERO6": "122", "BAIRRO_L7": "SENADOR POMPEU", "DISTRITO8": "SENADOR POMPEU", "MUNICIPI9": "SENADOR POMPEU", "CEP10": "63600-000", "REGIAO_D11": "SERTÃO CENTRAL", "SETOR_IB12": "URBANA", "DATA_DE_13": "2023-10-27", "TIPO_DE_14": "CAGECE - COMPANHIA DE ÁGUA E ESGOTO DO ESTADO DO CEARÁ", "DESIGNAC15": "OUTRAS", "LATITUDE16": "-5.581911", "LONGITUD17": "-39.369802", "OBS18": "COORDENADAS APROXIMADAS", "CONTAGEM19": "1" }, "geometry": { "type": "Point", "coordinates": [ -39.369802, -5.581911 ] } },
{ "type": "Feature", "properties": { "ID0": "976", "NOME_USP1": "COZINHANDO COM AMOR", "NOME_UG2": "INSTITUTO DE ARTE], CULTURA, LAZER E EDUCAÇÃO - IARTE", "TIPO3": "INFORMAL", "LOTE4": "LOTE 31", "ENDERECO5": "RAIMUNDO ADERLO RODRIGUES PINHEIRO", "NUMERO6": "0", "BAIRRO_L7": "SOLONÓPOLE", "DISTRITO8": "SOLONÓPOLE", "MUNICIPI9": "SOLONÓPOLE", "CEP10": "63632-000", "REGIAO_D11": "SERTÃO CENTRAL", "SETOR_IB12": "URBANA", "DATA_DE_13": "2023-11-01", "TIPO_DE_14": "SAAE - SERVIÇO AUTÔNOMO DE ÁGUA E ESGOTO", "DESIGNAC15": "ONG", "LATITUDE16": "-5.735093", "LONGITUD17": "-39.003617", "OBS18": "COORDENADAS APROXIMADAS", "CONTAGEM19": "1" }, "geometry": { "type": "Point", "coordinates": [ -39.003617, -5.735093 ] } },
{ "type": "Feature", "properties": { "ID0": "977", "NOME_USP1": "COZINHA NOSSA SENHORA DE LOURDES", "NOME_UG2": "INSTITUTO DE ARTE], CULTURA, LAZER E EDUCAÇÃO - IARTE", "TIPO3": "INFORMAL", "LOTE4": "LOTE 31", "ENDERECO5": "JOÃO EPIFANIO", "NUMERO6": "155", "BAIRRO_L7": "PEDRA BRANCA", "DISTRITO8": "PEDRA BRANCA", "MUNICIPI9": "PEDRA BRANCA", "CEP10": "63630-000", "REGIAO_D11": "SERTÃO CENTRAL", "SETOR_IB12": "URBANA", "DATA_DE_13": "2023-11-08", "TIPO_DE_14": "SAAE - SERVIÇO AUTÔNOMO DE ÁGUA E ESGOTO", "DESIGNAC15": "OUTRAS", "LATITUDE16": "-5.451765", "LONGITUD17": "-39.713307", "OBS18": "COORDENADAS APROXIMADAS", "CONTAGEM19": "1" }, "geometry": { "type": "Point", "coordinates": [ -39.713307, -5.451765 ] } },
{ "type": "Feature", "properties": { "ID0": "978", "NOME_USP1": "COZINHA PAZ E BEM", "NOME_UG2": "INSTITUTO DE ARTE], CULTURA, LAZER E EDUCAÇÃO - IARTE", "TIPO3": "INFORMAL", "LOTE4": "LOTE 31", "ENDERECO5": "CANGATI DE SOLONOPOLE", "NUMERO6": "167", "BAIRRO_L7": "SOLONÓPOLE", "DISTRITO8": "SOLONÓPOLE", "MUNICIPI9": "SOLONÓPOLE", "CEP10": "63620-000", "REGIAO_D11": "SERTÃO CENTRAL", "SETOR_IB12": "URBANA", "DATA_DE_13": "2023-11-01", "TIPO_DE_14": "SAAE - SERVIÇO AUTÔNOMO DE ÁGUA E ESGOTO", "DESIGNAC15": "RELIGIOSA", "LATITUDE16": "-5.565794", "LONGITUD17": "-38.963625", "OBS18": "COORDENADAS APROXIMADAS", "CONTAGEM19": "1" }, "geometry": { "type": "Point", "coordinates": [ -38.963625, -5.565794 ] } },
{ "type": "Feature", "properties": { "ID0": "979", "NOME_USP1": "COZINHA PAZ E VIDA", "NOME_UG2": "INSTITUTO DE ARTE], CULTURA, LAZER E EDUCAÇÃO - IARTE", "TIPO3": "INFORMAL", "LOTE4": "LOTE 31", "ENDERECO5": "RUA JOSÉ GALDINO", "NUMERO6": "1", "BAIRRO_L7": "ALTO DO CRUZEIRO", "DISTRITO8": "SENADOR POMPEU", "MUNICIPI9": "SENADOR POMPEU", "CEP10": "63600-000", "REGIAO_D11": "SERTÃO CENTRAL", "SETOR_IB12": "URBANA", "DATA_DE_13": "2023-11-01", "TIPO_DE_14": "CAGECE - COMPANHIA DE ÁGUA E ESGOTO DO ESTADO DO CEARÁ", "DESIGNAC15": "OUTRAS", "LATITUDE16": "-5.587442", "LONGITUD17": "-39.373166", "OBS18": "COORDENADAS APROXIMADAS", "CONTAGEM19": "1" }, "geometry": { "type": "Point", "coordinates": [ -39.373166, -5.587442 ] } },
{ "type": "Feature", "properties": { "ID0": "980", "NOME_USP1": "COZINHA PRINCESA DO MEL", "NOME_UG2": "INSTITUTO DE ARTE], CULTURA, LAZER E EDUCAÇÃO - IARTE", "TIPO3": "INFORMAL", "LOTE4": "LOTE 31", "ENDERECO5": "RAIMUNDO BENANE ARAÚJO", "NUMERO6": "0", "BAIRRO_L7": "BETÂNIA", "DISTRITO8": "MOMBAÇA", "MUNICIPI9": "MOMBAÇA", "CEP10": "63610-000", "REGIAO_D11": "SERTÃO CENTRAL", "SETOR_IB12": "URBANA", "DATA_DE_13": "2023-11-08", "TIPO_DE_14": "CAGECE - COMPANHIA DE ÁGUA E ESGOTO DO ESTADO DO CEARÁ", "DESIGNAC15": "ONG", "LATITUDE16": "-5.742353", "LONGITUD17": "-39.621907", "OBS18": "COORDENADAS APROXIMADAS", "CONTAGEM19": "1" }, "geometry": { "type": "Point", "coordinates": [ -39.621907, -5.742353 ] } },
{ "type": "Feature", "properties": { "ID0": "981", "NOME_USP1": "COZINHA SABOR EM FAMILIA SOLIDARIA", "NOME_UG2": "INSTITUTO DE ARTE], CULTURA, LAZER E EDUCAÇÃO - IARTE", "TIPO3": "INFORMAL", "LOTE4": "LOTE 31", "ENDERECO5": "FILOMENA ALVES VIEIRA", "NUMERO6": "0", "BAIRRO_L7": "DEPUTADO IRAPUAN PINHEIRO", "DISTRITO8": "DEPUTADO IRAPUAN PINHEIRO", "MUNICIPI9": "DEPUTADO IRAPUAN PINHEIRO", "CEP10": "63645-000", "REGIAO_D11": "SERTÃO CENTRAL", "SETOR_IB12": "RURAL", "DATA_DE_13": "2023-11-01", "TIPO_DE_14": "SAAE - SERVIÇO AUTÔNOMO DE ÁGUA E ESGOTO", "DESIGNAC15": "OUTRAS", "LATITUDE16": "-5.921598", "LONGITUD17": "-39.26514", "OBS18": "COORDENADAS APROXIMADAS", "CONTAGEM19": "1" }, "geometry": { "type": "Point", "coordinates": [ -39.26514, -5.921598 ] } },
{ "type": "Feature", "properties": { "ID0": "982", "NOME_USP1": "COZINHA SOLIDARIA AGRICULTURA FAMILIAR", "NOME_UG2": "INSTITUTO DE ARTE], CULTURA, LAZER E EDUCAÇÃO - IARTE", "TIPO3": "INFORMAL", "LOTE4": "LOTE 31", "ENDERECO5": "RUA JOSÉ MARQUES SOBRINHO, ALTO DO BENTIVI", "NUMERO6": "3", "BAIRRO_L7": "CENTRO", "DISTRITO8": "PIQUET CARNEIRO", "MUNICIPI9": "PIQUET CARNEIRO", "CEP10": "63605-000", "REGIAO_D11": "SERTÃO CENTRAL", "SETOR_IB12": "URBANA", "DATA_DE_13": "2023-11-08", "TIPO_DE_14": "SAAE - SERVIÇO AUTÔNOMO DE ÁGUA E ESGOTO", "DESIGNAC15": "OUTRAS", "LATITUDE16": "-5.806096", "LONGITUD17": "-39.413626", "OBS18": "COORDENADAS APROXIMADAS", "CONTAGEM19": "1" }, "geometry": { "type": "Point", "coordinates": [ -39.413626, -5.806096 ] } },
{ "type": "Feature", "properties": { "ID0": "983", "NOME_USP1": "COZINHA SOLIDARIA BAIRRO SÃO JOSÉ", "NOME_UG2": "INSTITUTO DE ARTE], CULTURA, LAZER E EDUCAÇÃO - IARTE", "TIPO3": "INFORMAL", "LOTE4": "LOTE 31", "ENDERECO5": "RUA MARIA BATISTA DE ALMEIDA", "NUMERO6": "19", "BAIRRO_L7": "CENTRO", "DISTRITO8": "MOMBAÇA", "MUNICIPI9": "MOMBAÇA", "CEP10": "63610-000", "REGIAO_D11": "SERTÃO CENTRAL", "SETOR_IB12": "URBANA", "DATA_DE_13": "2023-11-08", "TIPO_DE_14": "SAAE - SERVIÇO AUTÔNOMO DE ÁGUA E ESGOTO", "DESIGNAC15": "OUTRAS", "LATITUDE16": "-5.740616", "LONGITUD17": "-39.631416", "OBS18": "COORDENADAS APROXIMADAS", "CONTAGEM19": "1" }, "geometry": { "type": "Point", "coordinates": [ -39.631416, -5.740616 ] } },
{ "type": "Feature", "properties": { "ID0": "984", "NOME_USP1": "COZINHA SOLIDARIA DE IBICUÃ", "NOME_UG2": "INSTITUTO DE ARTE], CULTURA, LAZER E EDUCAÇÃO - IARTE", "TIPO3": "INFORMAL", "LOTE4": "LOTE 31", "ENDERECO5": "ISARAEL HERIQUE -PIQUET CARNEIRO.", "NUMERO6": "12", "BAIRRO_L7": "PIQUET CARNEIRO", "DISTRITO8": "PIQUET CARNEIRO", "MUNICIPI9": "PIQUET CARNEIRO", "CEP10": "63605-000", "REGIAO_D11": "SERTÃO CENTRAL", "SETOR_IB12": "URBANA", "DATA_DE_13": "2023-11-08", "TIPO_DE_14": "SISAR - SISTEMA INTEGRADO DE SANEAMENTO RURAL", "DESIGNAC15": "OUTRAS", "LATITUDE16": "-5.927383", "LONGITUD17": "-39.430419", "OBS18": "COORDENADAS APROXIMADAS", "CONTAGEM19": "1" }, "geometry": { "type": "Point", "coordinates": [ -39.430419, -5.927383 ] } },
{ "type": "Feature", "properties": { "ID0": "985", "NOME_USP1": "COZINHA SOLIDARIA DE MINEIROLANDIA", "NOME_UG2": "INSTITUTO DE ARTE], CULTURA, LAZER E EDUCAÇÃO - IARTE", "TIPO3": "INFORMAL", "LOTE4": "LOTE 31", "ENDERECO5": "RESIDENCIAL JOSÉ MINEIRO", "NUMERO6": "0", "BAIRRO_L7": "PEDRA BRANCA", "DISTRITO8": "PEDRA BRANCA", "MUNICIPI9": "PEDRA BRANCA", "CEP10": "63632-000", "REGIAO_D11": "SERTÃO CENTRAL", "SETOR_IB12": "URBANA", "DATA_DE_13": "2023-11-08", "TIPO_DE_14": "SAAE - SERVIÇO AUTÔNOMO DE ÁGUA E ESGOTO", "DESIGNAC15": "OUTRAS", "LATITUDE16": "-5.52727", "LONGITUD17": "-39.591288", "OBS18": "COORDENADAS APROXIMADAS", "CONTAGEM19": "1" }, "geometry": { "type": "Point", "coordinates": [ -39.591288, -5.52727 ] } },
{ "type": "Feature", "properties": { "ID0": "986", "NOME_USP1": "COZINHA SOLIDARIA DO BAIRRO RECREIO", "NOME_UG2": "INSTITUTO DE ARTE], CULTURA, LAZER E EDUCAÇÃO - IARTE", "TIPO3": "INFORMAL", "LOTE4": "LOTE 31", "ENDERECO5": "RUA ALTO ALEGRE", "NUMERO6": "263", "BAIRRO_L7": "MOMBAÇA", "DISTRITO8": "MOMBAÇA", "MUNICIPI9": "MOMBAÇA", "CEP10": "63610-000", "REGIAO_D11": "SERTÃO CENTRAL", "SETOR_IB12": "URBANA", "DATA_DE_13": "2023-11-08", "TIPO_DE_14": "CAGECE - COMPANHIA DE ÁGUA E ESGOTO DO ESTADO DO CEARÁ", "DESIGNAC15": "ASSOCIAÇÃO", "LATITUDE16": "-5.738997", "LONGITUD17": "-39.622721", "OBS18": "COORDENADAS APROXIMADAS", "CONTAGEM19": "1" }, "geometry": { "type": "Point", "coordinates": [ -39.622721, -5.738997 ] } },
{ "type": "Feature", "properties": { "ID0": "987", "NOME_USP1": "COZINHA SOLIDARIA DOS AMIGOS", "NOME_UG2": "INSTITUTO DE ARTE], CULTURA, LAZER E EDUCAÇÃO - IARTE", "TIPO3": "INFORMAL", "LOTE4": "LOTE 31", "ENDERECO5": "DISTRITO DE BETANIA", "NUMERO6": "0", "BAIRRO_L7": "DEPUTADO IRAPUAN PINHEIRO", "DISTRITO8": "DEPUTADO IRAPUAN PINHEIRO", "MUNICIPI9": "DEPUTADO IRAPUAN PINHEIRO", "CEP10": "63645-000", "REGIAO_D11": "SERTÃO CENTRAL", "SETOR_IB12": "URBANA", "DATA_DE_13": "2023-11-01", "TIPO_DE_14": "SAAE - SERVIÇO AUTÔNOMO DE ÁGUA E ESGOTO", "DESIGNAC15": "OUTRAS", "LATITUDE16": "-5.802912", "LONGITUD17": "-39.24792", "OBS18": "COORDENADAS APROXIMADAS", "CONTAGEM19": "1" }, "geometry": { "type": "Point", "coordinates": [ -39.24792, -5.802912 ] } },
{ "type": "Feature", "properties": { "ID0": "988", "NOME_USP1": "COZINHA SOLIDARIA MAÇÔNICAS BENJAMIN", "NOME_UG2": "INSTITUTO DE ARTE], CULTURA, LAZER E EDUCAÇÃO - IARTE", "TIPO3": "INFORMAL", "LOTE4": "LOTE 31", "ENDERECO5": "D ANANIAS AMARAL", "NUMERO6": "0", "BAIRRO_L7": "MOMBAÇA", "DISTRITO8": "MOMBAÇA", "MUNICIPI9": "MOMBAÇA", "CEP10": "63610-000", "REGIAO_D11": "SERTÃO CENTRAL", "SETOR_IB12": "URBANA", "DATA_DE_13": "2023-11-08", "TIPO_DE_14": "CAGECE - COMPANHIA DE ÁGUA E ESGOTO DO ESTADO DO CEARÁ", "DESIGNAC15": "RELIGIOSA", "LATITUDE16": "-5.746979", "LONGITUD17": "-39.628066", "OBS18": "COORDENADAS APROXIMADAS", "CONTAGEM19": "1" }, "geometry": { "type": "Point", "coordinates": [ -39.628066, -5.746979 ] } },
{ "type": "Feature", "properties": { "ID0": "989", "NOME_USP1": "COZINHA SOLIDARIA RES.CHICO LEANDRO / BUGARI", "NOME_UG2": "INSTITUTO DE ARTE], CULTURA, LAZER E EDUCAÇÃO - IARTE", "TIPO3": "INFORMAL", "LOTE4": "LOTE 31", "ENDERECO5": "SENHOR CASIMIRO PEREIRA", "NUMERO6": "22", "BAIRRO_L7": "PEDRA BRANCA", "DISTRITO8": "PEDRA BRANCA", "MUNICIPI9": "PEDRA BRANCA", "CEP10": "63630-000", "REGIAO_D11": "SERTÃO CENTRAL", "SETOR_IB12": "URBANA", "DATA_DE_13": "2023-11-08", "TIPO_DE_14": "SAAE - SERVIÇO AUTÔNOMO DE ÁGUA E ESGOTO", "DESIGNAC15": "OUTRAS", "LATITUDE16": "-5.451584", "LONGITUD17": "-39.728531", "OBS18": "COORDENADAS APROXIMADAS", "CONTAGEM19": "1" }, "geometry": { "type": "Point", "coordinates": [ -39.728531, -5.451584 ] } },
{ "type": "Feature", "properties": { "ID0": "990", "NOME_USP1": "COZINHA SOLIDARIA SANTA CRUZ DO BANABUIU", "NOME_UG2": "INSTITUTO DE ARTE], CULTURA, LAZER E EDUCAÇÃO - IARTE", "TIPO3": "INFORMAL", "LOTE4": "LOTE 31", "ENDERECO5": "RUA MARIA ALVES DOS PRAZERES", "NUMERO6": "163", "BAIRRO_L7": "SANTA CRUZ DO BANABUIU", "DISTRITO8": "SANTA CRUZ DO BANABUIÚ", "MUNICIPI9": "PEDRA BRANCA", "CEP10": "63631-000", "REGIAO_D11": "SERTÃO CENTRAL", "SETOR_IB12": "URBANA", "DATA_DE_13": "2023-11-08", "TIPO_DE_14": "SAAE - SERVIÇO AUTÔNOMO DE ÁGUA E ESGOTO", "DESIGNAC15": "OUTRAS", "LATITUDE16": "-5.439303", "LONGITUD17": "-39.997554", "OBS18": "COORDENADAS APROXIMADAS", "CONTAGEM19": "1" }, "geometry": { "type": "Point", "coordinates": [ -39.997554, -5.439303 ] } },
{ "type": "Feature", "properties": { "ID0": "991", "NOME_USP1": "NOTA 10", "NOME_UG2": "INSTITUTO DE ARTE], CULTURA, LAZER E EDUCAÇÃO - IARTE", "TIPO3": "INFORMAL", "LOTE4": "LOTE 31", "ENDERECO5": "RUA .ORIENTE S/N", "NUMERO6": "0", "BAIRRO_L7": "SOLONÓPOLE", "DISTRITO8": "SOLONÓPOLE", "MUNICIPI9": "SOLONÓPOLE", "CEP10": "63632-000", "REGIAO_D11": "SERTÃO CENTRAL", "SETOR_IB12": "URBANA", "DATA_DE_13": "2023-11-01", "TIPO_DE_14": "SAAE - SERVIÇO AUTÔNOMO DE ÁGUA E ESGOTO", "DESIGNAC15": "RELIGIOSA", "LATITUDE16": "-5.799862", "LONGITUD17": "-39.15088", "OBS18": "COORDENADAS APROXIMADAS", "CONTAGEM19": "1" }, "geometry": { "type": "Point", "coordinates": [ -39.15088, -5.799862 ] } },
{ "type": "Feature", "properties": { "ID0": "992", "NOME_USP1": "NUTRIR BEM", "NOME_UG2": "INSTITUTO DE ARTE], CULTURA, LAZER E EDUCAÇÃO - IARTE", "TIPO3": "INFORMAL", "LOTE4": "LOTE 31", "ENDERECO5": "DISTRITO DE BONFIM", "NUMERO6": "0", "BAIRRO_L7": "BONFIM", "DISTRITO8": "BONFIM", "MUNICIPI9": "SENADOR POMPEU", "CEP10": "63600-000", "REGIAO_D11": "SERTÃO CENTRAL", "SETOR_IB12": "RURAL", "DATA_DE_13": "2023-11-01", "TIPO_DE_14": "SISAR - SISTEMA INTEGRADO DE SANEAMENTO RURAL", "DESIGNAC15": "OUTRAS", "LATITUDE16": "-5.524789", "LONGITUD17": "-39.550033", "OBS18": "COORDENADAS APROXIMADAS", "CONTAGEM19": "1" }, "geometry": { "type": "Point", "coordinates": [ -39.550033, -5.524789 ] } },
{ "type": "Feature", "properties": { "ID0": "993", "NOME_USP1": "SAÚDE EM FOCO", "NOME_UG2": "INSTITUTO DE ARTE], CULTURA, LAZER E EDUCAÇÃO - IARTE", "TIPO3": "INFORMAL", "LOTE4": "LOTE 31", "ENDERECO5": "DISTRITO DE CODIÁ", "NUMERO6": "210", "BAIRRO_L7": "CODIA", "DISTRITO8": "CODIA", "MUNICIPI9": "SENADOR POMPEU", "CEP10": "63600-000", "REGIAO_D11": "SERTÃO CENTRAL", "SETOR_IB12": "URBANA", "DATA_DE_13": "2023-11-01", "TIPO_DE_14": "SISAR - SISTEMA INTEGRADO DE SANEAMENTO RURAL", "DESIGNAC15": "OUTRAS", "LATITUDE16": "-5.689505", "LONGITUD17": "-39.318151", "OBS18": "COORDENADAS APROXIMADAS", "CONTAGEM19": "1" }, "geometry": { "type": "Point", "coordinates": [ -39.318151, -5.689505 ] } },
{ "type": "Feature", "properties": { "ID0": "994", "NOME_USP1": "SOLIDARIEDADE EM AÇÃO", "NOME_UG2": "INSTITUTO DE ARTE], CULTURA, LAZER E EDUCAÇÃO - IARTE", "TIPO3": "INFORMAL", "LOTE4": "LOTE 31", "ENDERECO5": "NOVO DESTINO- ZONA RURAL", "NUMERO6": "0", "BAIRRO_L7": "MILHÃ", "DISTRITO8": "MILHÃ", "MUNICIPI9": "MILHÃ", "CEP10": "63635-000", "REGIAO_D11": "SERTÃO CENTRAL", "SETOR_IB12": "RURAL", "DATA_DE_13": "2023-12-04", "TIPO_DE_14": "SAAE - SERVIÇO AUTÔNOMO DE ÁGUA E ESGOTO", "DESIGNAC15": "OUTRAS", "LATITUDE16": "-5.68727", "LONGITUD17": "-39.235402", "OBS18": "COORDENADAS APROXIMADAS", "CONTAGEM19": "1" }, "geometry": { "type": "Point", "coordinates": [ -39.235402, -5.68727 ] } },
{ "type": "Feature", "properties": { "ID0": "995", "NOME_USP1": "COZINHA SOLIDÁRIA DO BAIRRO PEDREIRAS", "NOME_UG2": "INSTITUTO ATHOS DE EDUCACAO, CULTURA, ESPORTES E CIDADANIA", "TIPO3": "INFORMAL", "LOTE4": "LOTE 34", "ENDERECO5": "RUA. DELMIRO GOUVEIA.", "NUMERO6": "317", "BAIRRO_L7": "CENTRO", "DISTRITO8": "VARJOTA", "MUNICIPI9": "VARJOTA", "CEP10": "62265-000", "REGIAO_D11": "SERTÃO DE SOBRAL", "SETOR_IB12": "URBANA", "DATA_DE_13": "2023-10-17", "TIPO_DE_14": "CAGECE - COMPANHIA DE ÁGUA E ESGOTO DO ESTADO DO CEARÁ", "DESIGNAC15": null, "LATITUDE16": "-4.195162", "LONGITUD17": "-40.480727", "OBS18": "COORDENADAS APROXIMADAS", "CONTAGEM19": "1" }, "geometry": { "type": "Point", "coordinates": [ -40.480727, -4.195162 ] } },
{ "type": "Feature", "properties": { "ID0": "996", "NOME_USP1": "COZINHA PANELA SOLIDÁRIA - PRIMEIRA VÁRZEA", "NOME_UG2": "INSTITUTO ATHOS DE EDUCACAO, CULTURA, ESPORTES E CIDADANIA", "TIPO3": "INFORMAL", "LOTE4": "LOTE 34", "ENDERECO5": "FAZENDA PRIMEIRA VÁRZEA", "NUMERO6": "0", "BAIRRO_L7": "PRIMEIRA VÁRZEA", "DISTRITO8": "RERIUTABA", "MUNICIPI9": "RERIUTABA", "CEP10": "62260-000", "REGIAO_D11": "SERTÃO DE SOBRAL", "SETOR_IB12": "RURAL", "DATA_DE_13": "2023-10-25", "TIPO_DE_14": "SISAR - SISTEMA INTEGRADO DE SANEAMENTO RURAL", "DESIGNAC15": null, "LATITUDE16": "-4.176423", "LONGITUD17": "-40.606195", "OBS18": "COORDENADAS APROXIMADAS", "CONTAGEM19": "1" }, "geometry": { "type": "Point", "coordinates": [ -40.606195, -4.176423 ] } },
{ "type": "Feature", "properties": { "ID0": "997", "NOME_USP1": "COZINHA SOLIDÁRIA ANTÔNIO ESTÁCIO DE SOUSA", "NOME_UG2": "INSTITUTO ATHOS DE EDUCACAO, CULTURA, ESPORTES E CIDADANIA", "TIPO3": "INFORMAL", "LOTE4": "LOTE 34", "ENDERECO5": "RUA MAJOR TAUMATURGO", "NUMERO6": "0", "BAIRRO_L7": "PIRES FERREIRA", "DISTRITO8": "PIRES FERREIRA", "MUNICIPI9": "PIRES FERREIRA", "CEP10": "62255-000", "REGIAO_D11": "SERTÃO DE SOBRAL", "SETOR_IB12": "URBANA", "DATA_DE_13": "2023-10-26", "TIPO_DE_14": "CAGECE - COMPANHIA DE ÁGUA E ESGOTO DO ESTADO DO CEARÁ", "DESIGNAC15": null, "LATITUDE16": "-4.245029", "LONGITUD17": "-40.645546", "OBS18": "COORDENADAS APROXIMADAS", "CONTAGEM19": "1" }, "geometry": { "type": "Point", "coordinates": [ -40.645546, -4.245029 ] } },
{ "type": "Feature", "properties": { "ID0": "998", "NOME_USP1": "COZINHA SOLIDÁRIA COZINHANDO COM AMOR", "NOME_UG2": "INSTITUTO ATHOS DE EDUCACAO, CULTURA, ESPORTES E CIDADANIA", "TIPO3": "INFORMAL", "LOTE4": "LOTE 34", "ENDERECO5": "RUA PE VICENTE JORGE", "NUMERO6": "0", "BAIRRO_L7": "PACUJÁ", "DISTRITO8": "PACUJÁ", "MUNICIPI9": "PACUJÁ", "CEP10": "62180-000", "REGIAO_D11": "SERTÃO DE SOBRAL", "SETOR_IB12": "URBANA", "DATA_DE_13": "2023-10-25", "TIPO_DE_14": "CAGECE - COMPANHIA DE ÁGUA E ESGOTO DO ESTADO DO CEARÁ", "DESIGNAC15": null, "LATITUDE16": "-3.980739", "LONGITUD17": "-40.698529", "OBS18": "COORDENADAS APROXIMADAS", "CONTAGEM19": "1" }, "geometry": { "type": "Point", "coordinates": [ -40.698529, -3.980739 ] } },
{ "type": "Feature", "properties": { "ID0": "999", "NOME_USP1": "COZINHA SOLIDÁRIA SÃO JOÃO BATISTA", "NOME_UG2": "INSTITUTO ATHOS DE EDUCACAO, CULTURA, ESPORTES E CIDADANIA", "TIPO3": "INFORMAL", "LOTE4": "LOTE 34", "ENDERECO5": "RUA FRANSQUINHA MACEDO", "NUMERO6": "81", "BAIRRO_L7": "PACUJÁ", "DISTRITO8": "PACUJÁ", "MUNICIPI9": "PACUJÁ", "CEP10": "62180-000", "REGIAO_D11": "SERTÃO DE SOBRAL", "SETOR_IB12": "URBANA", "DATA_DE_13": "2023-10-25", "TIPO_DE_14": "CAGECE - COMPANHIA DE ÁGUA E ESGOTO DO ESTADO DO CEARÁ", "DESIGNAC15": "INSTITUTO", "LATITUDE16": "-3.979652", "LONGITUD17": "-40.700481", "OBS18": "COORDENADAS APROXIMADAS", "CONTAGEM19": "1" }, "geometry": { "type": "Point", "coordinates": [ -40.700481, -3.979652 ] } },
{ "type": "Feature", "properties": { "ID0": "1000", "NOME_USP1": "COZINHA SOLIDÁRIA DE CARIRÉ", "NOME_UG2": "INSTITUTO ATHOS DE EDUCACAO, CULTURA, ESPORTES E CIDADANIA", "TIPO3": "INFORMAL", "LOTE4": "LOTE 34", "ENDERECO5": "RUA SEBASTIÃO PESSOA", "NUMERO6": "15", "BAIRRO_L7": "CAMPO DE AVIÃO", "DISTRITO8": "CARIRÉ", "MUNICIPI9": "CARIRÉ", "CEP10": "62184-000", "REGIAO_D11": "SERTÃO DE SOBRAL", "SETOR_IB12": "URBANA", "DATA_DE_13": "2024-04-22", "TIPO_DE_14": "CAGECE", "DESIGNAC15": null, "LATITUDE16": "-3.953092", "LONGITUD17": "-40.479853", "OBS18": "COORDENADAS APROXIMADAS", "CONTAGEM19": "1" }, "geometry": { "type": "Point", "coordinates": [ -40.479853, -3.953092 ] } },
{ "type": "Feature", "properties": { "ID0": "1002", "NOME_USP1": "COZINHA SOLIDÁRIA DO BAIRRO EMPRÉSTIMO", "NOME_UG2": "INSTITUTO ATHOS DE EDUCACAO, CULTURA, ESPORTES E CIDADANIA", "TIPO3": "INFORMAL", "LOTE4": "LOTE 34", "ENDERECO5": "RUA. JOAQUIM XIMENES DE PAULA", "NUMERO6": "419", "BAIRRO_L7": "EMPRÉSTIMO", "DISTRITO8": "VARJOTA", "MUNICIPI9": "VARJOTA", "CEP10": "62265-000", "REGIAO_D11": "SERTÃO DE SOBRAL", "SETOR_IB12": "URBANA", "DATA_DE_13": "2023-10-17", "TIPO_DE_14": "CAGECE - COMPANHIA DE ÁGUA E ESGOTO DO ESTADO DO CEARÁ", "DESIGNAC15": null, "LATITUDE16": "-4.185186", "LONGITUD17": "-40.494386", "OBS18": "COORDENADAS APROXIMADAS", "CONTAGEM19": "1" }, "geometry": { "type": "Point", "coordinates": [ -40.494386, -4.185186 ] } },
{ "type": "Feature", "properties": { "ID0": "1003", "NOME_USP1": "COZINHA SOLIDÁRIA COZINHANDO COM AMOR DO QUILOMBO TIMBAÚBA", "NOME_UG2": "INSTITUTO ATHOS DE EDUCACAO, CULTURA, ESPORTES E CIDADANIA", "TIPO3": "INFORMAL", "LOTE4": "LOTE 34", "ENDERECO5": "QUILOMBO TIMBAÚBA", "NUMERO6": "0", "BAIRRO_L7": "TIMBAÚBA", "DISTRITO8": "VÁRZEA DA VOLTA", "MUNICIPI9": "MORAÚJO", "CEP10": "62480-000", "REGIAO_D11": "SERTÃO DE SOBRAL", "SETOR_IB12": "RURAL", "DATA_DE_13": "2023-10-18", "TIPO_DE_14": "CACIMBA", "DESIGNAC15": "QUILOMBOLA", "LATITUDE16": "-3.52696", "LONGITUD17": "-40.595722", "OBS18": "COORDENADAS APROXIMADAS", "CONTAGEM19": "1" }, "geometry": { "type": "Point", "coordinates": [ -40.595722, -3.52696 ] } },
{ "type": "Feature", "properties": { "ID0": "1004", "NOME_USP1": "COZINHA SOLIDÁRIA IRMÃ LEONILDA", "NOME_UG2": "INSTITUTO ATHOS DE EDUCACAO, CULTURA, ESPORTES E CIDADANIA", "TIPO3": "INFORMAL", "LOTE4": "LOTE 34", "ENDERECO5": "RUA JOAQUIM VICENTE DE ALCANTARA", "NUMERO6": "0", "BAIRRO_L7": "GRAÇA", "DISTRITO8": "GRAÇA", "MUNICIPI9": "GRAÇA", "CEP10": "62365-000", "REGIAO_D11": "SERTÃO DE SOBRAL", "SETOR_IB12": "URBANA", "DATA_DE_13": "2023-10-18", "TIPO_DE_14": "CAGECE - COMPANHIA DE ÁGUA E ESGOTO DO ESTADO DO CEARÁ", "DESIGNAC15": null, "LATITUDE16": "-4.039271", "LONGITUD17": "-40.751833", "OBS18": "COORDENADAS APROXIMADAS", "CONTAGEM19": "1" }, "geometry": { "type": "Point", "coordinates": [ -40.751833, -4.039271 ] } },
{ "type": "Feature", "properties": { "ID0": "1005", "NOME_USP1": "COZINHA SOLIDÁRIA DO BAIRRO CENTRO", "NOME_UG2": "INSTITUTO ATHOS DE EDUCACAO, CULTURA, ESPORTES E CIDADANIA", "TIPO3": "INFORMAL", "LOTE4": "LOTE 34", "ENDERECO5": "AV. PRESIDENTE CASTELO BRANCO", "NUMERO6": "517", "BAIRRO_L7": "VARJOTA", "DISTRITO8": "VARJOTA", "MUNICIPI9": "VARJOTA", "CEP10": "62265-000", "REGIAO_D11": "SERTÃO DE SOBRAL", "SETOR_IB12": "URBANA", "DATA_DE_13": "2023-10-17", "TIPO_DE_14": "CAGECE - COMPANHIA DE ÁGUA E ESGOTO DO ESTADO DO CEARÁ", "DESIGNAC15": null, "LATITUDE16": "-4.202949", "LONGITUD17": "-40.462502", "OBS18": "COORDENADAS APROXIMADAS", "CONTAGEM19": "1" }, "geometry": { "type": "Point", "coordinates": [ -40.462502, -4.202949 ] } },
{ "type": "Feature", "properties": { "ID0": "1006", "NOME_USP1": "COZINHA SOLIDÁRIA NOSSA SENHORA DO PERPÉTUO SOCORRO", "NOME_UG2": "INSTITUTO ATHOS DE EDUCACAO, CULTURA, ESPORTES E CIDADANIA", "TIPO3": "INFORMAL", "LOTE4": "LOTE 34", "ENDERECO5": "RUA CEL. RAIMUNDO OLIVEIRA", "NUMERO6": "0", "BAIRRO_L7": "PIRES FERREIRA", "DISTRITO8": "PIRES FERREIRA", "MUNICIPI9": "PIRES FERREIRA", "CEP10": "62255-000", "REGIAO_D11": "SERTÃO DE SOBRAL", "SETOR_IB12": "URBANA", "DATA_DE_13": "2023-10-26", "TIPO_DE_14": "CAGECE - COMPANHIA DE ÁGUA E ESGOTO DO ESTADO DO CEARÁ", "DESIGNAC15": "RELIGIOSA - CATÓLICA", "LATITUDE16": "-4.244321", "LONGITUD17": "-40.646264", "OBS18": "COORDENADAS APROXIMADAS", "CONTAGEM19": "1" }, "geometry": { "type": "Point", "coordinates": [ -40.646264, -4.244321 ] } },
{ "type": "Feature", "properties": { "ID0": "1007", "NOME_USP1": "COZINHA SOLIDÁRIA PANELA COLETIVA - LAGOA GRANDE", "NOME_UG2": "INSTITUTO ATHOS DE EDUCACAO, CULTURA, ESPORTES E CIDADANIA", "TIPO3": "INFORMAL", "LOTE4": "LOTE 34", "ENDERECO5": "FAZENDA LAGOA GRANDE", "NUMERO6": "0", "BAIRRO_L7": "LAGOA GRANDE", "DISTRITO8": "RERIUTABA", "MUNICIPI9": "RERIUTABA", "CEP10": "62260-000", "REGIAO_D11": "SERTÃO DE SOBRAL", "SETOR_IB12": "RURAL", "DATA_DE_13": "2023-10-25", "TIPO_DE_14": "SISAR - SISTEMA INTEGRADO DE SANEAMENTO RURAL", "DESIGNAC15": null, "LATITUDE16": "-4.188806", "LONGITUD17": "-40.628414", "OBS18": "COORDENADAS APROXIMADAS", "CONTAGEM19": "1" }, "geometry": { "type": "Point", "coordinates": [ -40.628414, -4.188806 ] } },
{ "type": "Feature", "properties": { "ID0": "1008", "NOME_USP1": "COZINHA SOLIDÁRIA SABORES DO QUILOMBO", "NOME_UG2": "INSTITUTO ATHOS DE EDUCACAO, CULTURA, ESPORTES E CIDADANIA", "TIPO3": "INFORMAL", "LOTE4": "LOTE 34", "ENDERECO5": "BATOQUE", "NUMERO6": "0", "BAIRRO_L7": "BATOQUE", "DISTRITO8": "PACUJÁ", "MUNICIPI9": "PACUJÁ", "CEP10": "62180-000", "REGIAO_D11": "SERTÃO DE SOBRAL", "SETOR_IB12": "RURAL", "DATA_DE_13": "2023-10-19", "TIPO_DE_14": "CISTERNA", "DESIGNAC15": "QUILOMBOLA", "LATITUDE16": "-3.964685", "LONGITUD17": "-40.69492", "OBS18": "COORDENADAS APROXIMADAS", "CONTAGEM19": "1" }, "geometry": { "type": "Point", "coordinates": [ -40.69492, -3.964685 ] } },
{ "type": "Feature", "properties": { "ID0": "1010", "NOME_USP1": "COZINHA SOLIDÁRIA TRANSFORMANDO VIDAS DO ARAQUÉM", "NOME_UG2": "INSTITUTO ATHOS DE EDUCACAO, CULTURA, ESPORTES E CIDADANIA", "TIPO3": "FORMAL", "LOTE4": "LOTE 34", "ENDERECO5": "RUA DO CHAFARIZ", "NUMERO6": "0", "BAIRRO_L7": "ARAQUÉM", "DISTRITO8": "ARAQUÉM", "MUNICIPI9": "COREAÚ", "CEP10": "62160-000", "REGIAO_D11": "SERTÃO DE SOBRAL", "SETOR_IB12": "URBANA", "DATA_DE_13": "2023-10-18", "TIPO_DE_14": "SISAR - SISTEMA INTEGRADO DE SANEAMENTO RURAL", "DESIGNAC15": null, "LATITUDE16": "-3.59963", "LONGITUD17": "-40.813023", "OBS18": "COORDENADAS APROXIMADAS", "CONTAGEM19": "1" }, "geometry": { "type": "Point", "coordinates": [ -40.813023, -3.59963 ] } },
{ "type": "Feature", "properties": { "ID0": "1011", "NOME_USP1": "ASSOCIAÇÃO COMUNITÁRIA DE MARAPATÁ", "NOME_UG2": "CARITAS BRASILEIRA", "TIPO3": "FORMAL", "LOTE4": "LOTE 35", "ENDERECO5": "RUA WILSON MAGALE", "NUMERO6": "1", "BAIRRO_L7": "MARAPATA", "DISTRITO8": "SANTANA DO ACARAÚ", "MUNICIPI9": "SANTANA DO ACARAÚ", "CEP10": "62150-000", "REGIAO_D11": "SERTÃO DE SOBRAL", "SETOR_IB12": "URBANA", "DATA_DE_13": "2023-10-24", "TIPO_DE_14": "CAGECE - COMPANHIA DE ÁGUA E ESGOTO DO ESTADO DO CEARÁ", "DESIGNAC15": "ASSOCIAÇÃO", "LATITUDE16": "-3.461518", "LONGITUD17": "-40.209019", "OBS18": "COORDENADAS APROXIMADAS", "CONTAGEM19": "1" }, "geometry": { "type": "Point", "coordinates": [ -40.209019, -3.461518 ] } },
{ "type": "Feature", "properties": { "ID0": "1012", "NOME_USP1": "ASSOCIAÇÃO COMUNITÁRIA DOS MORADORES DE MUMBABA", "NOME_UG2": "CARITAS BRASILEIRA", "TIPO3": "FORMAL", "LOTE4": "LOTE 35", "ENDERECO5": "RUA DO COMÉRCIO", "NUMERO6": "0", "BAIRRO_L7": "MUMBABA", "DISTRITO8": "MUMBABA", "MUNICIPI9": "MASSAPÊ", "CEP10": "62142-000", "REGIAO_D11": "SERTÃO DE SOBRAL", "SETOR_IB12": "RURAL", "DATA_DE_13": "2023-10-26", "TIPO_DE_14": "CAGECE - COMPANHIA DE ÁGUA E ESGOTO DO ESTADO DO CEARÁ", "DESIGNAC15": "ASSOCIAÇÃO", "LATITUDE16": "-3.592838", "LONGITUD17": "-40.350904", "OBS18": "COORDENADAS APROXIMADAS", "CONTAGEM19": "1" }, "geometry": { "type": "Point", "coordinates": [ -40.350904, -3.592838 ] } },
{ "type": "Feature", "properties": { "ID0": "1013", "NOME_USP1": "ASSOCIAÇÃO DE CATADORES E CATADORAS DE MATERIAIS RECICLÁVEIS DO MUNICÍPIO DE MASSAPÊ", "NOME_UG2": "CARITAS BRASILEIRA", "TIPO3": "INFORMAL", "LOTE4": "LOTE 35", "ENDERECO5": "RUA SEM DENOMINACAO (SDO)", "NUMERO6": "0", "BAIRRO_L7": "MASSAPÊ", "DISTRITO8": "MASSAPÊ", "MUNICIPI9": "MASSAPÊ", "CEP10": "62140-000", "REGIAO_D11": "SERTÃO DE SOBRAL", "SETOR_IB12": "URBANA", "DATA_DE_13": "2023-09-25", "TIPO_DE_14": "CAGECE - COMPANHIA DE ÁGUA E ESGOTO DO ESTADO DO CEARÁ", "DESIGNAC15": "OUTRAS", "LATITUDE16": "-3.526268", "LONGITUD17": "-40.342101", "OBS18": "COORDENADAS APROXIMADAS", "CONTAGEM19": "1" }, "geometry": { "type": "Point", "coordinates": [ -40.342101, -3.526268 ] } },
{ "type": "Feature", "properties": { "ID0": "1015", "NOME_USP1": "ASSOCIAÇÃO RURAL DE VASSOURAS", "NOME_UG2": "CARITAS BRASILEIRA", "TIPO3": "FORMAL", "LOTE4": "LOTE 35", "ENDERECO5": "VILA VASSOURAS", "NUMERO6": "0", "BAIRRO_L7": "VASSOURAS", "DISTRITO8": "PARAPUÍ", "MUNICIPI9": "SANTANA DO ACARAÚ", "CEP10": "62150-000", "REGIAO_D11": "SERTÃO DE SOBRAL", "SETOR_IB12": "RURAL", "DATA_DE_13": "2023-10-24", "TIPO_DE_14": "SISAR - SISTEMA INTEGRADO DE SANEAMENTO RURAL", "DESIGNAC15": "ASSOCIAÇÃO", "LATITUDE16": "-3.347183", "LONGITUD17": "-40.204621", "OBS18": "COORDENADAS APROXIMADAS", "CONTAGEM19": "1" }, "geometry": { "type": "Point", "coordinates": [ -40.204621, -3.347183 ] } },
{ "type": "Feature", "properties": { "ID0": "1016", "NOME_USP1": "INSTITUTO SOCIOCULTURAL ARTE E VIDA DE MERUOCA - ISAV", "NOME_UG2": "CARITAS BRASILEIRA", "TIPO3": "FORMAL", "LOTE4": "LOTE 35", "ENDERECO5": "TRV MONS HENRIQUE, 00130", "NUMERO6": "130", "BAIRRO_L7": "MERUOCA", "DISTRITO8": "MERUOCA", "MUNICIPI9": "MERUOCA", "CEP10": "62130-000", "REGIAO_D11": "SERTÃO DE SOBRAL", "SETOR_IB12": "URBANA", "DATA_DE_13": "2023-10-11", "TIPO_DE_14": "CAGECE - COMPANHIA DE ÁGUA E ESGOTO DO ESTADO DO CEARÁ", "DESIGNAC15": "ASSOCIAÇÃO", "LATITUDE16": "-3.541", "LONGITUD17": "-40.454292", "OBS18": "COORDENADAS APROXIMADAS", "CONTAGEM19": "1" }, "geometry": { "type": "Point", "coordinates": [ -40.454292, -3.541 ] } },
{ "type": "Feature", "properties": { "ID0": "1017", "NOME_USP1": "CENTRO DE ESTUDOS E APOIO AO SEMIÁRIDO", "NOME_UG2": "CARITAS BRASILEIRA", "TIPO3": "FORMAL", "LOTE4": "LOTE 35", "ENDERECO5": "COMUNIDADE CACHOEIRINHA", "NUMERO6": "0", "BAIRRO_L7": "ZONA RURAL", "DISTRITO8": "TANGENTE", "MUNICIPI9": "MASSAPÊ", "CEP10": "62140-000", "REGIAO_D11": "SERTÃO DE SOBRAL", "SETOR_IB12": "URBANA", "DATA_DE_13": "2023-10-26", "TIPO_DE_14": "CAGECE - COMPANHIA DE ÁGUA E ESGOTO DO ESTADO DO CEARÁ", "DESIGNAC15": "SINDICATO", "LATITUDE16": "-3.525281", "LONGITUD17": "-40.340491", "OBS18": "COORDENADAS APROXIMADAS", "CONTAGEM19": "1" }, "geometry": { "type": "Point", "coordinates": [ -40.340491, -3.525281 ] } },
{ "type": "Feature", "properties": { "ID0": "1019", "NOME_USP1": "COZINHA SOLIDÁRIA DE BELA VISTA", "NOME_UG2": "CARITAS BRASILEIRA", "TIPO3": "INFORMAL", "LOTE4": "LOTE 35", "ENDERECO5": "SÍTIO BELA VISTA", "NUMERO6": "0", "BAIRRO_L7": "SITIO BELA VISTA", "DISTRITO8": "ALCÂNTARAS", "MUNICIPI9": "ALCÂNTARAS", "CEP10": "62120-000", "REGIAO_D11": "SERTÃO DE SOBRAL", "SETOR_IB12": "RURAL", "DATA_DE_13": "2023-10-10", "TIPO_DE_14": "SISAR - SISTEMA INTEGRADO DE SANEAMENTO RURAL", "DESIGNAC15": "ASSOCIAÇÃO", "LATITUDE16": "-3.52878", "LONGITUD17": "-40.533575", "OBS18": "COORDENADAS APROXIMADAS", "CONTAGEM19": "1" }, "geometry": { "type": "Point", "coordinates": [ -40.533575, -3.52878 ] } },
{ "type": "Feature", "properties": { "ID0": "1020", "NOME_USP1": "GRUPO DE MULHERES CUSTOMIZARTES", "NOME_UG2": "CARITAS BRASILEIRA", "TIPO3": "INFORMAL", "LOTE4": "LOTE 35", "ENDERECO5": "COMUNIDADE SÍTIO GAMELEIRA", "NUMERO6": "0", "BAIRRO_L7": "SÃO VICENTE", "DISTRITO8": "MERUOCA", "MUNICIPI9": "MERUOCA", "CEP10": "62130-000", "REGIAO_D11": "SERTÃO DE SOBRAL", "SETOR_IB12": "URBANA", "DATA_DE_13": "2023-10-11", "TIPO_DE_14": "CHAFARIZ", "DESIGNAC15": "OUTRAS", "LATITUDE16": "-3.541485", "LONGITUD17": "-40.454345", "OBS18": "COORDENADAS APROXIMADAS", "CONTAGEM19": "1" }, "geometry": { "type": "Point", "coordinates": [ -40.454345, -3.541485 ] } },
{ "type": "Feature", "properties": { "ID0": "1021", "NOME_USP1": "MÃOS QUE SERVEM AO PRÓXIMO", "NOME_UG2": "CARITAS BRASILEIRA", "TIPO3": "INFORMAL", "LOTE4": "LOTE 35", "ENDERECO5": "RUA ROBERTO XIMENES", "NUMERO6": "0", "BAIRRO_L7": "ALCÂNTARAS", "DISTRITO8": "ALCÂNTARAS", "MUNICIPI9": "ALCÂNTARAS", "CEP10": "62120-000", "REGIAO_D11": "SERTÃO DE SOBRAL", "SETOR_IB12": "URBANA", "DATA_DE_13": "2023-10-10", "TIPO_DE_14": "CAGECE - COMPANHIA DE ÁGUA E ESGOTO DO ESTADO DO CEARÁ", "DESIGNAC15": "OUTRAS", "LATITUDE16": "-3.587995", "LONGITUD17": "-40.543379", "OBS18": "COORDENADAS APROXIMADAS", "CONTAGEM19": "1" }, "geometry": { "type": "Point", "coordinates": [ -40.543379, -3.587995 ] } },
{ "type": "Feature", "properties": { "ID0": "1022", "NOME_USP1": "SABORES DA TERRA", "NOME_UG2": "CARITAS BRASILEIRA", "TIPO3": "INFORMAL", "LOTE4": "LOTE 35", "ENDERECO5": "CURRAL GRANDE", "NUMERO6": "0", "BAIRRO_L7": "CURRAL GRANDE", "DISTRITO8": "PARAPUÍ", "MUNICIPI9": "SANTANA DO ACARAÚ", "CEP10": "62150-000", "REGIAO_D11": "SERTÃO DE SOBRAL", "SETOR_IB12": "RURAL", "DATA_DE_13": "2023-10-24", "TIPO_DE_14": "SISAR - SISTEMA INTEGRADO DE SANEAMENTO RURAL", "DESIGNAC15": "MOVIMENTO", "LATITUDE16": "-3.367246", "LONGITUD17": "-40.175978", "OBS18": "COORDENADAS APROXIMADAS", "CONTAGEM19": "1" }, "geometry": { "type": "Point", "coordinates": [ -40.175978, -3.367246 ] } },
{ "type": "Feature", "properties": { "ID0": "1023", "NOME_USP1": "SENADOR SÁ SOLIDÁRIO", "NOME_UG2": "CARITAS BRASILEIRA", "TIPO3": "INFORMAL", "LOTE4": "LOTE 35", "ENDERECO5": "RUA ALFREDO CAMPOS", "NUMERO6": "0", "BAIRRO_L7": "SENADOR SÁ", "DISTRITO8": "SENADOR SÁ", "MUNICIPI9": "SENADOR SÁ", "CEP10": "62470-000", "REGIAO_D11": "SERTÃO DE SOBRAL", "SETOR_IB12": "URBANA", "DATA_DE_13": "2023-10-31", "TIPO_DE_14": "CAGECE - COMPANHIA DE ÁGUA E ESGOTO DO ESTADO DO CEARÁ", "DESIGNAC15": "RELIGIOSA", "LATITUDE16": "-3.353091", "LONGITUD17": "-40.463894", "OBS18": "COORDENADAS APROXIMADAS", "CONTAGEM19": "1" }, "geometry": { "type": "Point", "coordinates": [ -40.463894, -3.353091 ] } },
{ "type": "Feature", "properties": { "ID0": "1024", "NOME_USP1": "COZINHA ANGELINA MARIA DE JESUS", "NOME_UG2": "COOPERATIVA REGIONAL DOS ASSENTADOS(AS) DE REFORMA AGRARIA DO SERTAO DOS INHAMUNIS-CRATEUS", "TIPO3": "INFORMAL", "LOTE4": "LOTE 37", "ENDERECO5": "RUA CEL. ANTONIO EUFRAZINO", "NUMERO6": "45", "BAIRRO_L7": "CENTRO", "DISTRITO8": "IPUEIRAS", "MUNICIPI9": "IPUEIRAS", "CEP10": "62230-000", "REGIAO_D11": "SERTÃO DOS CRATEÚS", "SETOR_IB12": "URBANA", "DATA_DE_13": "2023-10-24", "TIPO_DE_14": "SAAE - SERVIÇO AUTÔNOMO DE ÁGUA E ESGOTO", "DESIGNAC15": null, "LATITUDE16": "-4.540626", "LONGITUD17": "-40.71797", "OBS18": "COORDENADAS APROXIMADAS", "CONTAGEM19": "1" }, "geometry": { "type": "Point", "coordinates": [ -40.71797, -4.540626 ] } },
{ "type": "Feature", "properties": { "ID0": "1025", "NOME_USP1": "COZINHA COMUNITARIA ALTO DA BOA VISTA", "NOME_UG2": "COOPERATIVA REGIONAL DOS ASSENTADOS(AS) DE REFORMA AGRARIA DO SERTAO DOS INHAMUNIS-CRATEUS", "TIPO3": "INFORMAL", "LOTE4": "LOTE 37", "ENDERECO5": "RUA VINTE DE JANEIRO", "NUMERO6": "0", "BAIRRO_L7": "ALTO DA BOA VISTA", "DISTRITO8": "MONSENHOR TABOSA", "MUNICIPI9": "MONSENHOR TABOSA", "CEP10": "63780-000", "REGIAO_D11": "SERTÃO DOS CRATEÚS", "SETOR_IB12": "URBANA", "DATA_DE_13": "2023-10-13", "TIPO_DE_14": "CAGECE - COMPANHIA DE ÁGUA E ESGOTO DO ESTADO DO CEARÁ", "DESIGNAC15": null, "LATITUDE16": "-4.794401", "LONGITUD17": "-40.061741", "OBS18": "COORDENADAS APROXIMADAS", "CONTAGEM19": "1" }, "geometry": { "type": "Point", "coordinates": [ -40.061741, -4.794401 ] } },
{ "type": "Feature", "properties": { "ID0": "1026", "NOME_USP1": "COZINHA COMUNITÁRIA BAIRRO FLORES", "NOME_UG2": "COOPERATIVA REGIONAL DOS ASSENTADOS(AS) DE REFORMA AGRARIA DO SERTAO DOS INHAMUNIS-CRATEUS", "TIPO3": "INFORMAL", "LOTE4": "LOTE 37", "ENDERECO5": "RUA LUIS LOBO CATUNDA", "NUMERO6": "113", "BAIRRO_L7": "BAIRRO FLORES", "DISTRITO8": "SANTA QUITÉRIA", "MUNICIPI9": "SANTA QUITÉRIA", "CEP10": "62280-000", "REGIAO_D11": "SERTÃO DOS CRATEÚS", "SETOR_IB12": "URBANA", "DATA_DE_13": "2023-10-09", "TIPO_DE_14": "CAGECE - COMPANHIA DE ÁGUA E ESGOTO DO ESTADO DO CEARÁ", "DESIGNAC15": null, "LATITUDE16": "-4.332274", "LONGITUD17": "-40.147214", "OBS18": "COORDENADAS APROXIMADAS", "CONTAGEM19": "1" }, "geometry": { "type": "Point", "coordinates": [ -40.147214, -4.332274 ] } },
{ "type": "Feature", "properties": { "ID0": "1027", "NOME_USP1": "COZINHA COMUNITÁRIA BAIRRO DOS PEREIROS", "NOME_UG2": "COOPERATIVA REGIONAL DOS ASSENTADOS(AS) DE REFORMA AGRARIA DO SERTAO DOS INHAMUNIS-CRATEUS", "TIPO3": "INFORMAL", "LOTE4": "LOTE 37", "ENDERECO5": "RUA MANOEL PAIVA TIMBÓ", "NUMERO6": "448", "BAIRRO_L7": "PEREIROS", "DISTRITO8": "SANTA QUITÉRIA", "MUNICIPI9": "SANTA QUITÉRIA", "CEP10": "62280-000", "REGIAO_D11": "SERTÃO DOS CRATEÚS", "SETOR_IB12": "URBANA", "DATA_DE_13": "2023-10-09", "TIPO_DE_14": "CAGECE - COMPANHIA DE ÁGUA E ESGOTO DO ESTADO DO CEARÁ", "DESIGNAC15": null, "LATITUDE16": "-4.342516", "LONGITUD17": "-40.143914", "OBS18": "COORDENADAS APROXIMADAS", "CONTAGEM19": "1" }, "geometry": { "type": "Point", "coordinates": [ -40.143914, -4.342516 ] } },
{ "type": "Feature", "properties": { "ID0": "1028", "NOME_USP1": "COZINHA COMUNITARIA BAIRRO JUCAS", "NOME_UG2": "COOPERATIVA REGIONAL DOS ASSENTADOS(AS) DE REFORMA AGRARIA DO SERTAO DOS INHAMUNIS-CRATEUS", "TIPO3": "INFORMAL", "LOTE4": "LOTE 37", "ENDERECO5": "RUA HERMOGENS MARQUES DE PINHO", "NUMERO6": "455", "BAIRRO_L7": "JUCÁS", "DISTRITO8": "MONSENHOR TABOSA", "MUNICIPI9": "MONSENHOR TABOSA", "CEP10": "63780-000", "REGIAO_D11": "SERTÃO DOS CRATEÚS", "SETOR_IB12": "URBANA", "DATA_DE_13": "2023-10-13", "TIPO_DE_14": "CAGECE - COMPANHIA DE ÁGUA E ESGOTO DO ESTADO DO CEARÁ", "DESIGNAC15": null, "LATITUDE16": "-4.791843", "LONGITUD17": "-40.064941", "OBS18": "COORDENADAS APROXIMADAS", "CONTAGEM19": "1" }, "geometry": { "type": "Point", "coordinates": [ -40.064941, -4.791843 ] } },
{ "type": "Feature", "properties": { "ID0": "1029", "NOME_USP1": "COZINHA COMUNITÁRIA BAIRRO PEDRA DA SAUDADE", "NOME_UG2": "COOPERATIVA REGIONAL DOS ASSENTADOS(AS) DE REFORMA AGRARIA DO SERTAO DOS INHAMUNIS-CRATEUS", "TIPO3": "INFORMAL", "LOTE4": "LOTE 37", "ENDERECO5": "RUA SENADOR PAULA", "NUMERO6": "173", "BAIRRO_L7": "PEDRA DA SAUDADE", "DISTRITO8": "SANTA QUITÉRIA", "MUNICIPI9": "SANTA QUITÉRIA", "CEP10": "62280-000", "REGIAO_D11": "SERTÃO DOS CRATEÚS", "SETOR_IB12": "URBANA", "DATA_DE_13": "2023-10-09", "TIPO_DE_14": "CAGECE - COMPANHIA DE ÁGUA E ESGOTO DO ESTADO DO CEARÁ", "DESIGNAC15": null, "LATITUDE16": "-4.3253", "LONGITUD17": "-40.154195", "OBS18": "COORDENADAS APROXIMADAS", "CONTAGEM19": "1" }, "geometry": { "type": "Point", "coordinates": [ -40.154195, -4.3253 ] } },
{ "type": "Feature", "properties": { "ID0": "1030", "NOME_USP1": "COZINHA COMUNITÁRIA DO MORINGUE", "NOME_UG2": "COOPERATIVA REGIONAL DOS ASSENTADOS(AS) DE REFORMA AGRARIA DO SERTAO DOS INHAMUNIS-CRATEUS", "TIPO3": "FORMAL", "LOTE4": "LOTE 37", "ENDERECO5": "POVOADO MURINGUE, DISTRITO DE LAGOA DE SÃO PEDRO", "NUMERO6": "0", "BAIRRO_L7": "MORINGUE", "DISTRITO8": "SÃO PEDRO", "MUNICIPI9": "NOVA RUSSAS", "CEP10": "62200-000", "REGIAO_D11": "SERTÃO DOS CRATEÚS", "SETOR_IB12": "URBANA", "DATA_DE_13": "2023-10-10", "TIPO_DE_14": "SAAE - SERVIÇO AUTÔNOMO DE ÁGUA E ESGOTO", "DESIGNAC15": null, "LATITUDE16": "-4.693484", "LONGITUD17": "-40.605066", "OBS18": "COORDENADAS APROXIMADAS", "CONTAGEM19": "1" }, "geometry": { "type": "Point", "coordinates": [ -40.605066, -4.693484 ] } },
{ "type": "Feature", "properties": { "ID0": "1031", "NOME_USP1": "COZINHA COMUNITÁRIA INDÍGENA SOLIDÁRIA", "NOME_UG2": "COOPERATIVA REGIONAL DOS ASSENTADOS(AS) DE REFORMA AGRARIA DO SERTAO DOS INHAMUNIS-CRATEUS", "TIPO3": "INFORMAL", "LOTE4": "LOTE 37", "ENDERECO5": "AVENIDA HONÓRIO MELO", "NUMERO6": "0", "BAIRRO_L7": "CENTRO", "DISTRITO8": "MONSENHOR TABOSA", "MUNICIPI9": "MONSENHOR TABOSA", "CEP10": "63780-000", "REGIAO_D11": "SERTÃO DOS CRATEÚS", "SETOR_IB12": "URBANA", "DATA_DE_13": "2023-10-16", "TIPO_DE_14": "CAGECE - COMPANHIA DE ÁGUA E ESGOTO DO ESTADO DO CEARÁ", "DESIGNAC15": "INDÍGENA", "LATITUDE16": "-4.788465", "LONGITUD17": "-40.062959", "OBS18": "COORDENADAS APROXIMADAS", "CONTAGEM19": "1" }, "geometry": { "type": "Point", "coordinates": [ -40.062959, -4.788465 ] } },
{ "type": "Feature", "properties": { "ID0": "1032", "NOME_USP1": "COZINHA COMUNITARIA MARIA VALDERICE BATISTA DA SILVA", "NOME_UG2": "COOPERATIVA REGIONAL DOS ASSENTADOS(AS) DE REFORMA AGRARIA DO SERTAO DOS INHAMUNIS-CRATEUS", "TIPO3": "INFORMAL", "LOTE4": "LOTE 37", "ENDERECO5": "RUA FRANCISCO MARTINS DE HOLANDA", "NUMERO6": "189", "BAIRRO_L7": "CENTRO", "DISTRITO8": "TAMBORIL", "MUNICIPI9": "TAMBORIL", "CEP10": "63750-000", "REGIAO_D11": "SERTÃO DOS CRATEÚS", "SETOR_IB12": "URBANA", "DATA_DE_13": "2023-10-27", "TIPO_DE_14": "CAGECE - COMPANHIA DE ÁGUA E ESGOTO DO ESTADO DO CEARÁ", "DESIGNAC15": null, "LATITUDE16": "-4.834156", "LONGITUD17": "-40.320193", "OBS18": "COORDENADAS APROXIMADAS", "CONTAGEM19": "1" }, "geometry": { "type": "Point", "coordinates": [ -40.320193, -4.834156 ] } },
{ "type": "Feature", "properties": { "ID0": "1033", "NOME_USP1": "COZINHA COMUNITÁRIA VILA SÃO COSMO", "NOME_UG2": "COOPERATIVA REGIONAL DOS ASSENTADOS(AS) DE REFORMA AGRARIA DO SERTAO DOS INHAMUNIS-CRATEUS", "TIPO3": "INFORMAL", "LOTE4": "LOTE 37", "ENDERECO5": "VILA SENADOR PAULA PESSOA", "NUMERO6": "0", "BAIRRO_L7": "V. SEN. PAULA PESSOA", "DISTRITO8": "SANTA QUITÉRIA", "MUNICIPI9": "SANTA QUITÉRIA", "CEP10": "62280-000", "REGIAO_D11": "SERTÃO DOS CRATEÚS", "SETOR_IB12": "URBANA", "DATA_DE_13": "2023-10-09", "TIPO_DE_14": "SISAR - SISTEMA INTEGRADO DE SANEAMENTO RURAL", "DESIGNAC15": null, "LATITUDE16": "-4.329478", "LONGITUD17": "-40.154807", "OBS18": "COORDENADAS APROXIMADAS", "CONTAGEM19": "1" }, "geometry": { "type": "Point", "coordinates": [ -40.154807, -4.329478 ] } },
{ "type": "Feature", "properties": { "ID0": "1034", "NOME_USP1": "COZINHA COMUNITÁRIA VILA SÃO DAMIÃO", "NOME_UG2": "COOPERATIVA REGIONAL DOS ASSENTADOS(AS) DE REFORMA AGRARIA DO SERTAO DOS INHAMUNIS-CRATEUS", "TIPO3": "INFORMAL", "LOTE4": "LOTE 37", "ENDERECO5": "VILA SÃO DAMIÃO", "NUMERO6": "0", "BAIRRO_L7": "SANTA QUITÉRIA", "DISTRITO8": "SANTA QUITÉRIA", "MUNICIPI9": "SANTA QUITÉRIA", "CEP10": "62280-000", "REGIAO_D11": "SERTÃO DOS CRATEÚS", "SETOR_IB12": "RURAL", "DATA_DE_13": "2023-10-09", "TIPO_DE_14": "SISAR - SISTEMA INTEGRADO DE SANEAMENTO RURAL", "DESIGNAC15": null, "LATITUDE16": "-4.301954", "LONGITUD17": "-40.044577", "OBS18": "COORDENADAS APROXIMADAS", "CONTAGEM19": "1" }, "geometry": { "type": "Point", "coordinates": [ -40.044577, -4.301954 ] } },
{ "type": "Feature", "properties": { "ID0": "1035", "NOME_USP1": "COZINHA DA ESPERANÇA DE CATUNDA", "NOME_UG2": "COOPERATIVA REGIONAL DOS ASSENTADOS(AS) DE REFORMA AGRARIA DO SERTAO DOS INHAMUNIS-CRATEUS", "TIPO3": "INFORMAL", "LOTE4": "LOTE 37", "ENDERECO5": "RUA JOÃO CARLOS DE OLIVEIRA", "NUMERO6": "1090", "BAIRRO_L7": "CATUNDA", "DISTRITO8": "CATUNDA", "MUNICIPI9": "CATUNDA", "CEP10": "62297-000", "REGIAO_D11": "SERTÃO DOS CRATEÚS", "SETOR_IB12": "URBANA", "DATA_DE_13": "2023-10-10", "TIPO_DE_14": "CAGECE - COMPANHIA DE ÁGUA E ESGOTO DO ESTADO DO CEARÁ", "DESIGNAC15": null, "LATITUDE16": "-4.652339", "LONGITUD17": "-40.203581", "OBS18": "COORDENADAS APROXIMADAS", "CONTAGEM19": "1" }, "geometry": { "type": "Point", "coordinates": [ -40.203581, -4.652339 ] } },
{ "type": "Feature", "properties": { "ID0": "1036", "NOME_USP1": "COZINHA DA ESPERANÇA DE IPUEIRAS", "NOME_UG2": "COOPERATIVA REGIONAL DOS ASSENTADOS(AS) DE REFORMA AGRARIA DO SERTAO DOS INHAMUNIS-CRATEUS", "TIPO3": "INFORMAL", "LOTE4": "LOTE 37", "ENDERECO5": "RUA CARNAUBA DOS LUCIOS", "NUMERO6": "24", "BAIRRO_L7": "IPUEIRAS", "DISTRITO8": "IPUEIRAS", "MUNICIPI9": "IPUEIRAS", "CEP10": "62230-000", "REGIAO_D11": "SERTÃO DOS CRATEÚS", "SETOR_IB12": "URBANA", "DATA_DE_13": "2023-10-25", "TIPO_DE_14": "SAAE - SERVIÇO AUTÔNOMO DE ÁGUA E ESGOTO", "DESIGNAC15": null, "LATITUDE16": "-4.542553", "LONGITUD17": "-40.717288", "OBS18": "COORDENADAS APROXIMADAS", "CONTAGEM19": "1" }, "geometry": { "type": "Point", "coordinates": [ -40.717288, -4.542553 ] } },
{ "type": "Feature", "properties": { "ID0": "1037", "NOME_USP1": "COZINHA DE MÃOS DADAS PELO CEARÁ SEM FOME", "NOME_UG2": "COOPERATIVA REGIONAL DOS ASSENTADOS(AS) DE REFORMA AGRARIA DO SERTAO DOS INHAMUNIS-CRATEUS", "TIPO3": "INFORMAL", "LOTE4": "LOTE 37", "ENDERECO5": "AVENIDA DR. EPITÁCIO DE PINHO", "NUMERO6": "136", "BAIRRO_L7": "CENTRO", "DISTRITO8": "PORANGA", "MUNICIPI9": "PORANGA", "CEP10": "62220-000", "REGIAO_D11": "SERTÃO DOS CRATEÚS", "SETOR_IB12": "URBANA", "DATA_DE_13": "2023-10-11", "TIPO_DE_14": "CAGECE - COMPANHIA DE ÁGUA E ESGOTO DO ESTADO DO CEARÁ", "DESIGNAC15": null, "LATITUDE16": "-4.745202", "LONGITUD17": "-40.912862", "OBS18": "COORDENADAS APROXIMADAS", "CONTAGEM19": "1" }, "geometry": { "type": "Point", "coordinates": [ -40.912862, -4.745202 ] } },
{ "type": "Feature", "properties": { "ID0": "1038", "NOME_USP1": "COZINHA FAMÍLIA SOLIDÁRIA", "NOME_UG2": "CARITAS DIOCESANA DE CRATÉUS - CDC", "TIPO3": "INFORMAL", "LOTE4": "LOTE 36", "ENDERECO5": "DITRITO DE SANTO ANTONIO", "NUMERO6": "0", "BAIRRO_L7": "SANTO ANTONIO", "DISTRITO8": "SANTO ANTONIO", "MUNICIPI9": "ARARENDÁ", "CEP10": "62210-000", "REGIAO_D11": "SERTÃO DOS CRATEÚS", "SETOR_IB12": "URBANA", "DATA_DE_13": "2023-10-16", "TIPO_DE_14": "SISAR - SISTEMA INTEGRADO DE SANEAMENTO RURAL", "DESIGNAC15": null, "LATITUDE16": "-4.711883", "LONGITUD17": "-40.673075", "OBS18": "COORDENADAS APROXIMADAS", "CONTAGEM19": "1" }, "geometry": { "type": "Point", "coordinates": [ -40.673075, -4.711883 ] } },
{ "type": "Feature", "properties": { "ID0": "1039", "NOME_USP1": "COZINHA JUNTOS PELO CEARÁ SEM FOME", "NOME_UG2": "COOPERATIVA REGIONAL DOS ASSENTADOS(AS) DE REFORMA AGRARIA DO SERTAO DOS INHAMUNIS-CRATEUS", "TIPO3": "INFORMAL", "LOTE4": "LOTE 37", "ENDERECO5": "POVOADO BURITIZAL", "NUMERO6": "1967", "BAIRRO_L7": "ZONA RUARAL", "DISTRITO8": "BURITIZAL", "MUNICIPI9": "PORANGA", "CEP10": "62220-000", "REGIAO_D11": "SERTÃO DOS CRATEÚS", "SETOR_IB12": "URBANA", "DATA_DE_13": "2023-10-11", "TIPO_DE_14": "POÇO", "DESIGNAC15": null, "LATITUDE16": "-4.836411", "LONGITUD17": "-40.932329", "OBS18": "COORDENADAS APROXIMADAS", "CONTAGEM19": "1" }, "geometry": { "type": "Point", "coordinates": [ -40.932329, -4.836411 ] } },
{ "type": "Feature", "properties": { "ID0": "1040", "NOME_USP1": "COZINHA SOLIDARIA - BEIRA RIO", "NOME_UG2": "CARITAS DIOCESANA DE CRATÉUS - CDC", "TIPO3": "INFORMAL", "LOTE4": "LOTE 36", "ENDERECO5": "RUA FRANCISCO LANDIM", "NUMERO6": "249", "BAIRRO_L7": "CENTRO", "DISTRITO8": "ARARENDÁ", "MUNICIPI9": "ARARENDÁ", "CEP10": "62210-000", "REGIAO_D11": "SERTÃO DOS CRATEÚS", "SETOR_IB12": "URBANA", "DATA_DE_13": "2023-10-16", "TIPO_DE_14": "CAGECE - COMPANHIA DE ÁGUA E ESGOTO DO ESTADO DO CEARÁ", "DESIGNAC15": null, "LATITUDE16": "-4.748054", "LONGITUD17": "-40.831612", "OBS18": "COORDENADAS APROXIMADAS", "CONTAGEM19": "1" }, "geometry": { "type": "Point", "coordinates": [ -40.831612, -4.748054 ] } },
{ "type": "Feature", "properties": { "ID0": "1041", "NOME_USP1": "COZINHA MARIA BRAZ", "NOME_UG2": "COOPERATIVA REGIONAL DOS ASSENTADOS(AS) DE REFORMA AGRARIA DO SERTAO DOS INHAMUNIS-CRATEUS", "TIPO3": "INFORMAL", "LOTE4": "LOTE 37", "ENDERECO5": "RUA CEARÁ", "NUMERO6": "341", "BAIRRO_L7": "CARNAÚBAS", "DISTRITO8": "IPUEIRAS", "MUNICIPI9": "IPUEIRAS", "CEP10": "62230-000", "REGIAO_D11": "SERTÃO DOS CRATEÚS", "SETOR_IB12": "URBANA", "DATA_DE_13": "2023-10-25", "TIPO_DE_14": "SAAE - SERVIÇO AUTÔNOMO DE ÁGUA E ESGOTO", "DESIGNAC15": null, "LATITUDE16": "-4.529352", "LONGITUD17": "-40.724112", "OBS18": "COORDENADAS APROXIMADAS", "CONTAGEM19": "1" }, "geometry": { "type": "Point", "coordinates": [ -40.724112, -4.529352 ] } },
{ "type": "Feature", "properties": { "ID0": "1042", "NOME_USP1": "COZINHA DA INCLUSÃO SOCIAL", "NOME_UG2": "COOPERATIVA REGIONAL DOS ASSENTADOS(AS) DE REFORMA AGRARIA DO SERTAO DOS INHAMUNIS-CRATEUS", "TIPO3": "INFORMAL", "LOTE4": "LOTE 37", "ENDERECO5": "RUA FRANCISCO LOPES", "NUMERO6": "1175", "BAIRRO_L7": "ALTO DA BOA VISTA", "DISTRITO8": "NOVA RUSSAS", "MUNICIPI9": "NOVA RUSSAS", "CEP10": "62200-000", "REGIAO_D11": "SERTÃO DOS CRATEÚS", "SETOR_IB12": "URBANA", "DATA_DE_13": "2023-10-10", "TIPO_DE_14": "SAAE - SERVIÇO AUTÔNOMO DE ÁGUA E ESGOTO", "DESIGNAC15": "RELIGIOSA - EVANGÉLICA", "LATITUDE16": "-4.711925", "LONGITUD17": "-40.572048", "OBS18": "COORDENADAS APROXIMADAS", "CONTAGEM19": "1" }, "geometry": { "type": "Point", "coordinates": [ -40.572048, -4.711925 ] } },
{ "type": "Feature", "properties": { "ID0": "1043", "NOME_USP1": "COZINHANDO COM AMOR", "NOME_UG2": "COOPERATIVA REGIONAL DOS ASSENTADOS(AS) DE REFORMA AGRARIA DO SERTAO DOS INHAMUNIS-CRATEUS", "TIPO3": "INFORMAL", "LOTE4": "LOTE 37", "ENDERECO5": "AV. ALIPIO GOMES", "NUMERO6": "0", "BAIRRO_L7": "NOVA RUSSAS", "DISTRITO8": "NOVA RUSSAS", "MUNICIPI9": "NOVA RUSSAS", "CEP10": "62200-000", "REGIAO_D11": "SERTÃO DOS CRATEÚS", "SETOR_IB12": "URBANA", "DATA_DE_13": "2023-10-10", "TIPO_DE_14": "SAAE", "DESIGNAC15": null, "LATITUDE16": "-4.708433", "LONGITUD17": "-40.566579", "OBS18": "COORDENADAS APROXIMADAS", "CONTAGEM19": "1" }, "geometry": { "type": "Point", "coordinates": [ -40.566579, -4.708433 ] } },
{ "type": "Feature", "properties": { "ID0": "1044", "NOME_USP1": "COZINHA NT NOVO TAMBORIL", "NOME_UG2": "COOPERATIVA REGIONAL DOS ASSENTADOS(AS) DE REFORMA AGRARIA DO SERTAO DOS INHAMUNIS-CRATEUS", "TIPO3": "INFORMAL", "LOTE4": "LOTE 37", "ENDERECO5": "CONJUNTO NOVO TAMBORIL", "NUMERO6": "9", "BAIRRO_L7": "MONTE CASTELO", "DISTRITO8": "TAMBORIL", "MUNICIPI9": "TAMBORIL", "CEP10": "63750-000", "REGIAO_D11": "SERTÃO DOS CRATEÚS", "SETOR_IB12": "URBANA", "DATA_DE_13": "2023-10-26", "TIPO_DE_14": "CAGECE - COMPANHIA DE ÁGUA E ESGOTO DO ESTADO DO CEARÁ", "DESIGNAC15": null, "LATITUDE16": "-4.833159", "LONGITUD17": "-40.321254", "OBS18": "COORDENADAS APROXIMADAS", "CONTAGEM19": "1" }, "geometry": { "type": "Point", "coordinates": [ -40.321254, -4.833159 ] } },
{ "type": "Feature", "properties": { "ID0": "1045", "NOME_USP1": "COZINHA SOLIDÁRIA ACOLHEDORA", "NOME_UG2": "COOPERATIVA REGIONAL DOS ASSENTADOS(AS) DE REFORMA AGRARIA DO SERTAO DOS INHAMUNIS-CRATEUS", "TIPO3": "INFORMAL", "LOTE4": "LOTE 37", "ENDERECO5": "RUA 27 DE DEZEMBRO", "NUMERO6": "193", "BAIRRO_L7": "CATUNDA", "DISTRITO8": "CATUNDA", "MUNICIPI9": "CATUNDA", "CEP10": "62297-000", "REGIAO_D11": "SERTÃO DOS CRATEÚS", "SETOR_IB12": "URBANA", "DATA_DE_13": "2023-10-10", "TIPO_DE_14": "CAGECE - COMPANHIA DE ÁGUA E ESGOTO DO ESTADO DO CEARÁ", "DESIGNAC15": "SINDICATO", "LATITUDE16": "-4.649137", "LONGITUD17": "-40.198449", "OBS18": "COORDENADAS APROXIMADAS", "CONTAGEM19": "1" }, "geometry": { "type": "Point", "coordinates": [ -40.198449, -4.649137 ] } },
{ "type": "Feature", "properties": { "ID0": "1046", "NOME_USP1": "COZINHA SOLIDÁRIA ANANIAS VIANA DO BAIRRO PIRACICABA/SANTA QUITÉRIA", "NOME_UG2": "COOPERATIVA REGIONAL DOS ASSENTADOS(AS) DE REFORMA AGRARIA DO SERTAO DOS INHAMUNIS-CRATEUS", "TIPO3": "INFORMAL", "LOTE4": "LOTE 37", "ENDERECO5": "RUA TAB FRANCISCO DE PAULA LOBO", "NUMERO6": "487", "BAIRRO_L7": "PIRACICABA", "DISTRITO8": "SANTA QUITÉRIA", "MUNICIPI9": "SANTA QUITÉRIA", "CEP10": "62280-000", "REGIAO_D11": "SERTÃO DOS CRATEÚS", "SETOR_IB12": "URBANA", "DATA_DE_13": "2023-10-31", "TIPO_DE_14": "CAGECE - COMPANHIA DE ÁGUA E ESGOTO DO ESTADO DO CEARÁ", "DESIGNAC15": "SINDICATO", "LATITUDE16": "-4.338477", "LONGITUD17": "-40.155611", "OBS18": "COORDENADAS APROXIMADAS", "CONTAGEM19": "1" }, "geometry": { "type": "Point", "coordinates": [ -40.155611, -4.338477 ] } },
{ "type": "Feature", "properties": { "ID0": "1047", "NOME_USP1": "COZINHA SOLIDÁRIA BEIRA RIO", "NOME_UG2": "COOPERATIVA REGIONAL DOS ASSENTADOS(AS) DE REFORMA AGRARIA DO SERTAO DOS INHAMUNIS-CRATEUS", "TIPO3": "INFORMAL", "LOTE4": "LOTE 37", "ENDERECO5": "RUA ZEFINHA FREIRE", "NUMERO6": "60", "BAIRRO_L7": "BEIRA RIO", "DISTRITO8": "CATUNDA", "MUNICIPI9": "CATUNDA", "CEP10": "62297-000", "REGIAO_D11": "SERTÃO DOS CRATEÚS", "SETOR_IB12": "URBANA", "DATA_DE_13": "2023-10-10", "TIPO_DE_14": "CAGECE - COMPANHIA DE ÁGUA E ESGOTO DO ESTADO DO CEARÁ", "DESIGNAC15": null, "LATITUDE16": "-4.643827", "LONGITUD17": "-40.201866", "OBS18": "COORDENADAS APROXIMADAS", "CONTAGEM19": "1" }, "geometry": { "type": "Point", "coordinates": [ -40.201866, -4.643827 ] } },
{ "type": "Feature", "properties": { "ID0": "1048", "NOME_USP1": "COZINHA SOLIDÁRIA CAMPO E CIDADE", "NOME_UG2": "COOPERATIVA REGIONAL DOS ASSENTADOS(AS) DE REFORMA AGRARIA DO SERTAO DOS INHAMUNIS-CRATEUS", "TIPO3": "INFORMAL", "LOTE4": "LOTE 37", "ENDERECO5": "AV JOSÉ EMIDIO SALES", "NUMERO6": "0", "BAIRRO_L7": "DIRO MOREIRA (ARCO)", "DISTRITO8": "SANTA QUITÉRIA", "MUNICIPI9": "SANTA QUITÉRIA", "CEP10": "62280-000", "REGIAO_D11": "SERTÃO DOS CRATEÚS", "SETOR_IB12": "URBANA", "DATA_DE_13": "2023-10-31", "TIPO_DE_14": "CAGECE - COMPANHIA DE ÁGUA E ESGOTO DO ESTADO DO CEARÁ", "DESIGNAC15": "MOVIMENTO", "LATITUDE16": "-4.324383", "LONGITUD17": "-40.149139", "OBS18": "COORDENADAS APROXIMADAS", "CONTAGEM19": "1" }, "geometry": { "type": "Point", "coordinates": [ -40.149139, -4.324383 ] } },
{ "type": "Feature", "properties": { "ID0": "1049", "NOME_USP1": "COZINHA SOLIDARIA DISTRITO DE RAIMUNDO MARTINS", "NOME_UG2": "COOPERATIVA REGIONAL DOS ASSENTADOS(AS) DE REFORMA AGRARIA DO SERTAO DOS INHAMUNIS-CRATEUS", "TIPO3": "INFORMAL", "LOTE4": "LOTE 37", "ENDERECO5": "DISTRITO DE RAIMUNDO MARTINS", "NUMERO6": "0", "BAIRRO_L7": "SANTA QUITÉRIA", "DISTRITO8": "SANTA QUITÉRIA", "MUNICIPI9": "SANTA QUITÉRIA", "CEP10": "62280-000", "REGIAO_D11": "SERTÃO DOS CRATEÚS", "SETOR_IB12": "URBANA", "DATA_DE_13": "2023-11-01", "TIPO_DE_14": "POÇO", "DESIGNAC15": null, "LATITUDE16": "-4.647549", "LONGITUD17": "-40.069269", "OBS18": "COORDENADAS APROXIMADAS", "CONTAGEM19": "1" }, "geometry": { "type": "Point", "coordinates": [ -40.069269, -4.647549 ] } },
{ "type": "Feature", "properties": { "ID0": "1050", "NOME_USP1": "COZINHA SOLIDARIA DO DISTRITO DE BETANIA", "NOME_UG2": "COOPERATIVA REGIONAL DOS ASSENTADOS(AS) DE REFORMA AGRARIA DO SERTAO DOS INHAMUNIS-CRATEUS", "TIPO3": "INFORMAL", "LOTE4": "LOTE 37", "ENDERECO5": "RUA GONÇALO MAGALHÃES DE NEGREIROS", "NUMERO6": "0", "BAIRRO_L7": "BETÂNIA", "DISTRITO8": "BETÂNIA", "MUNICIPI9": "HIDROLÂNDIA", "CEP10": "62270-000", "REGIAO_D11": "SERTÃO DOS CRATEÚS", "SETOR_IB12": "URBANA", "DATA_DE_13": "2023-10-10", "TIPO_DE_14": "CAGECE - COMPANHIA DE ÁGUA E ESGOTO DO ESTADO DO CEARÁ", "DESIGNAC15": null, "LATITUDE16": "-4.526021", "LONGITUD17": "-40.312818", "OBS18": "COORDENADAS APROXIMADAS", "CONTAGEM19": "1" }, "geometry": { "type": "Point", "coordinates": [ -40.312818, -4.526021 ] } },
{ "type": "Feature", "properties": { "ID0": "1051", "NOME_USP1": "COZINHA SOLIDÁRIA DO DISTRITO DE CONCEIÇÃO", "NOME_UG2": "COOPERATIVA REGIONAL DOS ASSENTADOS(AS) DE REFORMA AGRARIA DO SERTAO DOS INHAMUNIS-CRATEUS", "TIPO3": "INFORMAL", "LOTE4": "LOTE 37", "ENDERECO5": "RUA GONÇAL VIEIRA N° 03", "NUMERO6": "0", "BAIRRO_L7": "CONCEIÇÃO", "DISTRITO8": "CONCEIÇÃO", "MUNICIPI9": "HIDROLÂNDIA", "CEP10": "62270-000", "REGIAO_D11": "SERTÃO DOS CRATEÚS", "SETOR_IB12": "URBANA", "DATA_DE_13": "2023-10-10", "TIPO_DE_14": "SISAR - SISTEMA INTEGRADO DE SANEAMENTO RURAL", "DESIGNAC15": null, "LATITUDE16": "-4.521175", "LONGITUD17": "-40.59003", "OBS18": "COORDENADAS APROXIMADAS", "CONTAGEM19": "1" }, "geometry": { "type": "Point", "coordinates": [ -40.59003, -4.521175 ] } },
{ "type": "Feature", "properties": { "ID0": "1052", "NOME_USP1": "COZINHA SOLIDÁRIA DO DISTRITO DE IRAJÁ", "NOME_UG2": "COOPERATIVA REGIONAL DOS ASSENTADOS(AS) DE REFORMA AGRARIA DO SERTAO DOS INHAMUNIS-CRATEUS", "TIPO3": "INFORMAL", "LOTE4": "LOTE 37", "ENDERECO5": "AV CORONEL JOÃO MARTINS", "NUMERO6": "0", "BAIRRO_L7": "IRAJÁ", "DISTRITO8": "IRAJÁ", "MUNICIPI9": "HIDROLÂNDIA", "CEP10": "62270-000", "REGIAO_D11": "SERTÃO DOS CRATEÚS", "SETOR_IB12": "URBANA", "DATA_DE_13": "2023-10-10", "TIPO_DE_14": "CAGECE - COMPANHIA DE ÁGUA E ESGOTO DO ESTADO DO CEARÁ", "DESIGNAC15": null, "LATITUDE16": "-4.36484", "LONGITUD17": "-40.470796", "OBS18": "COORDENADAS APROXIMADAS", "CONTAGEM19": "1" }, "geometry": { "type": "Point", "coordinates": [ -40.470796, -4.36484 ] } },
{ "type": "Feature", "properties": { "ID0": "1053", "NOME_USP1": "COZINHA SOLIDARIA JUNTOS SOMOS MAIS FORTES", "NOME_UG2": "COOPERATIVA REGIONAL DOS ASSENTADOS(AS) DE REFORMA AGRARIA DO SERTAO DOS INHAMUNIS-CRATEUS", "TIPO3": "INFORMAL", "LOTE4": "LOTE 37", "ENDERECO5": "RUA AMÉRICA HOLANDA MELO", "NUMERO6": "0", "BAIRRO_L7": "CONJUNTO JOSÉ MOTA", "DISTRITO8": "TAMBORIL", "MUNICIPI9": "TAMBORIL", "CEP10": "63750-000", "REGIAO_D11": "SERTÃO DOS CRATEÚS", "SETOR_IB12": "URBANA", "DATA_DE_13": "2023-10-26", "TIPO_DE_14": "CAGECE - COMPANHIA DE ÁGUA E ESGOTO DO ESTADO DO CEARÁ", "DESIGNAC15": null, "LATITUDE16": "-4.828456", "LONGITUD17": "-40.317272", "OBS18": "COORDENADAS APROXIMADAS", "CONTAGEM19": "1" }, "geometry": { "type": "Point", "coordinates": [ -40.317272, -4.828456 ] } },
{ "type": "Feature", "properties": { "ID0": "1054", "NOME_USP1": "COZINHA SOLIDARIA MÃOS UNIDAS", "NOME_UG2": "COOPERATIVA REGIONAL DOS ASSENTADOS(AS) DE REFORMA AGRARIA DO SERTAO DOS INHAMUNIS-CRATEUS", "TIPO3": "INFORMAL", "LOTE4": "LOTE 37", "ENDERECO5": "TRAVESSA FLORIANO BONFIM", "NUMERO6": "0", "BAIRRO_L7": "MONTE AZUL", "DISTRITO8": "TAMBORIL", "MUNICIPI9": "TAMBORIL", "CEP10": "63750-000", "REGIAO_D11": "SERTÃO DOS CRATEÚS", "SETOR_IB12": "URBANA", "DATA_DE_13": "2023-10-26", "TIPO_DE_14": "CAGECE - COMPANHIA DE ÁGUA E ESGOTO DO ESTADO DO CEARÁ", "DESIGNAC15": null, "LATITUDE16": "-4.842572", "LONGITUD17": "-40.313971", "OBS18": "COORDENADAS APROXIMADAS", "CONTAGEM19": "1" }, "geometry": { "type": "Point", "coordinates": [ -40.313971, -4.842572 ] } },
{ "type": "Feature", "properties": { "ID0": "1055", "NOME_USP1": "COZINHA TEMPERO CASEIRO", "NOME_UG2": "CARITAS DIOCESANA DE CRATÉUS - CDC", "TIPO3": "INFORMAL", "LOTE4": "LOTE 36", "ENDERECO5": "RUA HENRIQUE SOARES", "NUMERO6": "357", "BAIRRO_L7": "ARARENDÁ", "DISTRITO8": "ARARENDÁ", "MUNICIPI9": "ARARENDÁ", "CEP10": "62210-000", "REGIAO_D11": "SERTÃO DOS CRATEÚS", "SETOR_IB12": "URBANA", "DATA_DE_13": "2023-10-13", "TIPO_DE_14": "CAGECE - COMPANHIA DE ÁGUA E ESGOTO DO ESTADO DO CEARÁ", "DESIGNAC15": null, "LATITUDE16": "-4.751857", "LONGITUD17": "-40.830658", "OBS18": "COORDENADAS APROXIMADAS", "CONTAGEM19": "1" }, "geometry": { "type": "Point", "coordinates": [ -40.830658, -4.751857 ] } },
{ "type": "Feature", "properties": { "ID0": "1057", "NOME_USP1": "COZINHA SOLIDARIA DO BAIRRO CARRAPICHO NA ALDEIA MARRUÁ", "NOME_UG2": "COOPERATIVA REGIONAL DOS ASSENTADOS(AS) DE REFORMA AGRARIA DO SERTAO DOS INHAMUNIS-CRATEUS", "TIPO3": "INFORMAL", "LOTE4": "LOTE 37", "ENDERECO5": "AVENIDA RAUL BARBOSA", "NUMERO6": "265", "BAIRRO_L7": "CARRAPICHO", "DISTRITO8": "MONSENHOR TABOSA", "MUNICIPI9": "MONSENHOR TABOSA", "CEP10": "63780-000", "REGIAO_D11": "SERTÃO DOS CRATEÚS", "SETOR_IB12": "URBANA", "DATA_DE_13": "2023-10-13", "TIPO_DE_14": "CAGECE - COMPANHIA DE ÁGUA E ESGOTO DO ESTADO DO CEARÁ", "DESIGNAC15": "INDÍGENA", "LATITUDE16": "-4.786132", "LONGITUD17": "-40.06936", "OBS18": "COORDENADAS APROXIMADAS", "CONTAGEM19": "1" }, "geometry": { "type": "Point", "coordinates": [ -40.06936, -4.786132 ] } },
{ "type": "Feature", "properties": { "ID0": "1058", "NOME_USP1": "ASSOCIAÇÃO DOS PRODUTORES RURAIS SEBASTIÃO DE ABREU", "NOME_UG2": "INSTITUTO FRANCISCO DE ASSIS", "TIPO3": "FORMAL", "LOTE4": "LOTE 40", "ENDERECO5": "RUA CICERO LOPES MAGALHAES", "NUMERO6": "90", "BAIRRO_L7": "EMA", "DISTRITO8": "EMA", "MUNICIPI9": "IRACEMA", "CEP10": "62980-000", "REGIAO_D11": "VALE DO JAGUARIBE", "SETOR_IB12": "URBANA", "DATA_DE_13": "2023-10-20", "TIPO_DE_14": "CAGECE - COMPANHIA DE ÁGUA E ESGOTO DO ESTADO DO CEARÁ", "DESIGNAC15": "ASSOCIAÇÃO", "LATITUDE16": "-5.776487", "LONGITUD17": "-38.344782", "OBS18": "COORDENADAS APROXIMADAS", "CONTAGEM19": "1" }, "geometry": { "type": "Point", "coordinates": [ -38.344782, -5.776487 ] } },
{ "type": "Feature", "properties": { "ID0": "1059", "NOME_USP1": "ASSOCIAÇÃO COMUNITÁRIA MANOEL VICENTE DA SILVA", "NOME_UG2": "INSTITUTO FRANCISCO DE ASSIS", "TIPO3": "FORMAL", "LOTE4": "LOTE 40", "ENDERECO5": "ST JENIPAPEIRO", "NUMERO6": "0", "BAIRRO_L7": "GENIPAPEIRO", "DISTRITO8": "MAPUÁ", "MUNICIPI9": "JAGUARIBE", "CEP10": "63475-000", "REGIAO_D11": "VALE DO JAGUARIBE", "SETOR_IB12": "RURAL", "DATA_DE_13": "2023-12-11", "TIPO_DE_14": "SISAR - SISTEMA INTEGRADO DE SANEAMENTO RURAL", "DESIGNAC15": "ASSOCIAÇÃO", "LATITUDE16": "-6.091815", "LONGITUD17": "-38.702287", "OBS18": "COORDENADAS APROXIMADAS", "CONTAGEM19": "1" }, "geometry": { "type": "Point", "coordinates": [ -38.702287, -6.091815 ] } },
{ "type": "Feature", "properties": { "ID0": "1060", "NOME_USP1": "COZINHA SOLIDÁRIA GRUPO DOS AMIGOS-PATOS", "NOME_UG2": "INSTITUTO FRANCISCO DE ASSIS", "TIPO3": "INFORMAL", "LOTE4": "LOTE 40", "ENDERECO5": "SÍTIO PATOS", "NUMERO6": "0", "BAIRRO_L7": "SITIO PATOS", "DISTRITO8": "ALTO SANTO", "MUNICIPI9": "ALTO SANTO", "CEP10": "62970-000", "REGIAO_D11": "VALE DO JAGUARIBE", "SETOR_IB12": "RURAL", "DATA_DE_13": "2023-10-23", "TIPO_DE_14": "SISAR - SISTEMA INTEGRADO DE SANEAMENTO RURAL", "DESIGNAC15": "ASSOCIAÇÃO", "LATITUDE16": "-5.529153", "LONGITUD17": "-38.297998", "OBS18": "COORDENADAS APROXIMADAS", "CONTAGEM19": "1" }, "geometry": { "type": "Point", "coordinates": [ -38.297998, -5.529153 ] } },
{ "type": "Feature", "properties": { "ID0": "1061", "NOME_USP1": "ASSOCIAÇÃO DE SÃO VICENTE DE PAULA", "NOME_UG2": "INSTITUTO FRANCISCO DE ASSIS", "TIPO3": "FORMAL", "LOTE4": "LOTE 40", "ENDERECO5": "RUA SANTOS DUMONT", "NUMERO6": "477", "BAIRRO_L7": "PEREIRO", "DISTRITO8": "PEREIRO", "MUNICIPI9": "PEREIRO", "CEP10": "63460-000", "REGIAO_D11": "VALE DO JAGUARIBE", "SETOR_IB12": "URBANA", "DATA_DE_13": "2023-10-23", "TIPO_DE_14": "CAGECE - COMPANHIA DE ÁGUA E ESGOTO DO ESTADO DO CEARÁ", "DESIGNAC15": "ASSOCIAÇÃO", "LATITUDE16": "-6.043835", "LONGITUD17": "-38.46091", "OBS18": "COORDENADAS APROXIMADAS", "CONTAGEM19": "1" }, "geometry": { "type": "Point", "coordinates": [ -38.46091, -6.043835 ] } },
{ "type": "Feature", "properties": { "ID0": "1062", "NOME_USP1": "ASSOCIAÇÃO DOS MORADORES DE BATOQUE, MORRINHOS, CARVALHO E INGÁ", "NOME_UG2": "INSTITUTO FRANCISCO DE ASSIS", "TIPO3": "FORMAL", "LOTE4": "LOTE 40", "ENDERECO5": "VILA BATOQUE", "NUMERO6": "0", "BAIRRO_L7": "BATOQUE", "DISTRITO8": "BATOQUE", "MUNICIPI9": "ALTO SANTO", "CEP10": "62970-000", "REGIAO_D11": "VALE DO JAGUARIBE", "SETOR_IB12": "URBANA", "DATA_DE_13": "2023-10-23", "TIPO_DE_14": "SISAR - SISTEMA INTEGRADO DE SANEAMENTO RURAL", "DESIGNAC15": "ASSOCIAÇÃO", "LATITUDE16": "-5.42632", "LONGITUD17": "-38.284429", "OBS18": "COORDENADAS APROXIMADAS", "CONTAGEM19": "1" }, "geometry": { "type": "Point", "coordinates": [ -38.284429, -5.42632 ] } },
{ "type": "Feature", "properties": { "ID0": "1063", "NOME_USP1": "ASSOCIAÇÃO DOS MORADORES DO CABRITO 2 E JUNCA", "NOME_UG2": "INSTITUTO FRANCISCO DE ASSIS", "TIPO3": "FORMAL", "LOTE4": "LOTE 40", "ENDERECO5": "RUA JOSÉ COLARES HOLANDA", "NUMERO6": "0", "BAIRRO_L7": "CASTANHÃO", "DISTRITO8": "CASTANHÃO", "MUNICIPI9": "ALTO SANTO", "CEP10": "62970-000", "REGIAO_D11": "VALE DO JAGUARIBE", "SETOR_IB12": "URBANA", "DATA_DE_13": "2023-10-23", "TIPO_DE_14": "SISAR - SISTEMA INTEGRADO DE SANEAMENTO RURAL", "DESIGNAC15": "ASSOCIAÇÃO", "LATITUDE16": "-5.466737", "LONGITUD17": "-38.406124", "OBS18": "COORDENADAS APROXIMADAS", "CONTAGEM19": "1" }, "geometry": { "type": "Point", "coordinates": [ -38.406124, -5.466737 ] } },
{ "type": "Feature", "properties": { "ID0": "1066", "NOME_USP1": "INSTITUTO CASA DA MEMORIA JAGUARIBARA", "NOME_UG2": "INSTITUTO FRANCISCO DE ASSIS", "TIPO3": "FORMAL", "LOTE4": "LOTE 40", "ENDERECO5": "RUA ZACARIAS SILVEIRA", "NUMERO6": "247", "BAIRRO_L7": "CENTRO", "DISTRITO8": "JAGUARIBARA", "MUNICIPI9": "JAGUARIBARA", "CEP10": "63490-000", "REGIAO_D11": "VALE DO JAGUARIBE", "SETOR_IB12": "URBANA", "DATA_DE_13": "2023-10-23", "TIPO_DE_14": "CAGECE - COMPANHIA DE ÁGUA E ESGOTO DO ESTADO DO CEARÁ", "DESIGNAC15": "INSTITUTO", "LATITUDE16": "-5.45443", "LONGITUD17": "-38.465505", "OBS18": "COORDENADAS APROXIMADAS", "CONTAGEM19": "1" }, "geometry": { "type": "Point", "coordinates": [ -38.465505, -5.45443 ] } },
{ "type": "Feature", "properties": { "ID0": "1067", "NOME_USP1": "PAROQUIA DO BOM JESUS DA AGONIA - ERERE", "NOME_UG2": "INSTITUTO FRANCISCO DE ASSIS", "TIPO3": "FORMAL", "LOTE4": "LOTE 40", "ENDERECO5": "AV. PADRE DANIEL", "NUMERO6": "92", "BAIRRO_L7": "ERERÊ", "DISTRITO8": "ERERÊ", "MUNICIPI9": "ERERÊ", "CEP10": "63470-000", "REGIAO_D11": "VALE DO JAGUARIBE", "SETOR_IB12": "URBANA", "DATA_DE_13": "2023-10-20", "TIPO_DE_14": "CAGECE - COMPANHIA DE ÁGUA E ESGOTO DO ESTADO DO CEARÁ", "DESIGNAC15": "RELIGIOSA", "LATITUDE16": "-6.03169", "LONGITUD17": "-38.34916", "OBS18": "COORDENADAS APROXIMADAS", "CONTAGEM19": "1" }, "geometry": { "type": "Point", "coordinates": [ -38.34916, -6.03169 ] } },
{ "type": "Feature", "properties": { "ID0": "1068", "NOME_USP1": "COZINHA SOLIDÁRIA SANTA PAULINA", "NOME_UG2": "INSTITUTO FRANCISCO DE ASSIS", "TIPO3": "INFORMAL", "LOTE4": "LOTE 40", "ENDERECO5": "RUA COSME GERÕNIMO DE OLIVEIRA", "NUMERO6": "1072", "BAIRRO_L7": "BAIRRO EXPEDITO DIOGENES", "DISTRITO8": "JAGUARIBE", "MUNICIPI9": "JAGUARIBE", "CEP10": "63475-000", "REGIAO_D11": "VALE DO JAGUARIBE", "SETOR_IB12": "URBANA", "DATA_DE_13": "2023-10-23", "TIPO_DE_14": "SAAE - SERVIÇO AUTÔNOMO DE ÁGUA E ESGOTO", "DESIGNAC15": "RELIGIOSA", "LATITUDE16": "-5.888334", "LONGITUD17": "-38.60741", "OBS18": "COORDENADAS APROXIMADAS", "CONTAGEM19": "1" }, "geometry": { "type": "Point", "coordinates": [ -38.60741, -5.888334 ] } },
{ "type": "Feature", "properties": { "ID0": "1070", "NOME_USP1": "SINDICATO DOS TRABALHADORES RURAIS AGRICULTORES E AGRICULTORAS FAMILIARES DE IRACEMA-CE", "NOME_UG2": "INSTITUTO FRANCISCO DE ASSIS", "TIPO3": "FORMAL", "LOTE4": "LOTE 40", "ENDERECO5": "RUA FRANCISCO DAS CHAGAS MAGALHÃES", "NUMERO6": "152", "BAIRRO_L7": "IRACEMA", "DISTRITO8": "IRACEMA", "MUNICIPI9": "IRACEMA", "CEP10": "62980-000", "REGIAO_D11": "VALE DO JAGUARIBE", "SETOR_IB12": "URBANA", "DATA_DE_13": "2023-10-23", "TIPO_DE_14": "CAGECE - COMPANHIA DE ÁGUA E ESGOTO DO ESTADO DO CEARÁ", "DESIGNAC15": "SINDICATO", "LATITUDE16": "-5.810478", "LONGITUD17": "-38.304179", "OBS18": "COORDENADAS APROXIMADAS", "CONTAGEM19": "1" }, "geometry": { "type": "Point", "coordinates": [ -38.304179, -5.810478 ] } },
{ "type": "Feature", "properties": { "ID0": "1071", "NOME_USP1": "SINDICATO DOS TRABALHADORES RURAIS AGRICULTORES E AGRICULTORAS FAMILIARES DE JAGUARIBE CE", "NOME_UG2": "INSTITUTO FRANCISCO DE ASSIS", "TIPO3": "FORMAL", "LOTE4": "LOTE 40", "ENDERECO5": "TRAVESSA SÁ PEREIRA", "NUMERO6": "301", "BAIRRO_L7": "JAGUARIBE", "DISTRITO8": "JAGUARIBE", "MUNICIPI9": "JAGUARIBE", "CEP10": "63475-000", "REGIAO_D11": "VALE DO JAGUARIBE", "SETOR_IB12": "URBANA", "DATA_DE_13": "2023-10-23", "TIPO_DE_14": "SISAR - SISTEMA INTEGRADO DE SANEAMENTO RURAL", "DESIGNAC15": "SINDICATO", "LATITUDE16": "-5.888496", "LONGITUD17": "-38.620115", "OBS18": "COORDENADAS APROXIMADAS", "CONTAGEM19": "1" }, "geometry": { "type": "Point", "coordinates": [ -38.620115, -5.888496 ] } },
{ "type": "Feature", "properties": { "ID0": "1072", "NOME_USP1": "SINDICATO DOS TRABALHADORES RURAIS AGRICULTORES E AGRICULTORAS FAMILIARES DE PEREIRO-CE", "NOME_UG2": "INSTITUTO FRANCISCO DE ASSIS", "TIPO3": "FORMAL", "LOTE4": "LOTE 40", "ENDERECO5": "RUA SANTOS DUMONTT", "NUMERO6": "252", "BAIRRO_L7": "PEREIRO", "DISTRITO8": "PEREIRO", "MUNICIPI9": "PEREIRO", "CEP10": "63460-000", "REGIAO_D11": "VALE DO JAGUARIBE", "SETOR_IB12": "URBANA", "DATA_DE_13": "2023-10-23", "TIPO_DE_14": "CAGECE - COMPANHIA DE ÁGUA E ESGOTO DO ESTADO DO CEARÁ", "DESIGNAC15": "SINDICATO", "LATITUDE16": "-6.046119", "LONGITUD17": "-38.461175", "OBS18": "COORDENADAS APROXIMADAS", "CONTAGEM19": "1" }, "geometry": { "type": "Point", "coordinates": [ -38.461175, -6.046119 ] } },
{ "type": "Feature", "properties": { "ID0": "1104", "NOME_USP1": "COLETIVO FÉ EM AÇÃO", "NOME_UG2": "INSTITUTO DE DESENVOLVIMENTO E SOLIDARIEDADE", "TIPO3": "INFORMAL", "LOTE4": "LOTE 7", "ENDERECO5": "RUA RAQUEL FLORÊNCIO", "NUMERO6": "34", "BAIRRO_L7": "LAGOA REDONDA", "DISTRITO8": "FORTALEZA", "MUNICIPI9": "FORTALEZA", "CEP10": "60832-140", "REGIAO_D11": "GRANDE FORTALEZA", "SETOR_IB12": "URBANA", "DATA_DE_13": "2025-02-19", "TIPO_DE_14": "CAGECE - COMPANHAI DE ÁGUA E ESGOTO DO ESTADO DO CEARÁ", "DESIGNAC15": null, "LATITUDE16": "-3.823934", "LONGITUD17": "-38.455278", "OBS18": "COORDENADAS APROXIMADAS", "CONTAGEM19": "1" }, "geometry": { "type": "Point", "coordinates": [ -38.455278, -3.823934 ] } },
{ "type": "Feature", "properties": { "ID0": "1145", "NOME_USP1": "COZINHA SOLIDÁRIA IMACULADA CONCEIÇÃO DO SÍTIO JARDIM", "NOME_UG2": "INSTITUTO ATHOS DE EDUCACAO, CULTURA, ESPORTES E CIDADANIA", "TIPO3": "INFORMAL", "LOTE4": "LOTE 34", "ENDERECO5": "SÍTIO JARDIM", "NUMERO6": "0", "BAIRRO_L7": "SITIO JARDIM", "DISTRITO8": "FRECHEIRINHA", "MUNICIPI9": "FRECHEIRINHA", "CEP10": "62340-000", "REGIAO_D11": "SERTÃO DE SOBRAL", "SETOR_IB12": "RURAL", "DATA_DE_13": "2024-06-03", "TIPO_DE_14": "CAGECE - COMPANHAI DE ÁGUA E ESGOTO DO ESTADO DO CEARÁ", "DESIGNAC15": null, "LATITUDE16": "-3.671721", "LONGITUD17": "-40.838096", "OBS18": "COORDENADAS APROXIMADAS", "CONTAGEM19": "1" }, "geometry": { "type": "Point", "coordinates": [ -40.838096, -3.671721 ] } },
{ "type": "Feature", "properties": { "ID0": "1146", "NOME_USP1": "COZINHA NOSSA SENHORA DA CONCEIÇÃO DE BARACHO SOBRAL", "NOME_UG2": "SOCIEDADE DE APOIO A FAMÍLIA SOBRALENSE - SAFS", "TIPO3": "INFORMAL", "LOTE4": "LOTE 33", "ENDERECO5": "RUA JORDÃO - BARACHO", "NUMERO6": "0", "BAIRRO_L7": "CENTRO", "DISTRITO8": "SOBRAL", "MUNICIPI9": "SOBRAL", "CEP10": "62011-000", "REGIAO_D11": "SERTÃO DE SOBRAL", "SETOR_IB12": "RURAL", "DATA_DE_13": "2024-05-20", "TIPO_DE_14": "SAAE - SERVIÇO AUTÔNOMO DE ÁGUA E ESGOTO", "DESIGNAC15": null, "LATITUDE16": "-3.667028", "LONGITUD17": "-40.514877", "OBS18": "COORDENADAS APROXIMADAS", "CONTAGEM19": "1" }, "geometry": { "type": "Point", "coordinates": [ -40.514877, -3.667028 ] } },
{ "type": "Feature", "properties": { "ID0": "1147", "NOME_USP1": "COZINHA COMUNITÁRIA CÂNDIDO FERNANDES", "NOME_UG2": "ASSOCIAÇÃO CRISTÃ DE BASE", "TIPO3": "INFORMAL", "LOTE4": "LOTE 22", "ENDERECO5": "RUA FRANCISCA DA SILVA MOREIRA", "NUMERO6": "512", "BAIRRO_L7": "TIRADENTES", "DISTRITO8": "JUAZEIRO DO NORTE", "MUNICIPI9": "JUAZEIRO DO NORTE", "CEP10": "63031-155", "REGIAO_D11": "CARIRI", "SETOR_IB12": "URBANA", "DATA_DE_13": "2024-06-03", "TIPO_DE_14": "CAGECE - COMPANHAI DE ÁGUA E ESGOTO DO ESTADO DO CEARÁ", "DESIGNAC15": null, "LATITUDE16": "-7.237594", "LONGITUD17": "-39.291213", "OBS18": "COORDENADAS APROXIMADAS", "CONTAGEM19": "1" }, "geometry": { "type": "Point", "coordinates": [ -39.291213, -7.237594 ] } },
{ "type": "Feature", "properties": { "ID0": "1149", "NOME_USP1": "INSTITUTO VIDAS", "NOME_UG2": "INSTITUTO COMPARTILHA - SAMEAC", "TIPO3": "FORMAL", "LOTE4": "LOTE 4", "ENDERECO5": "RUA BILL CARTAXO", "NUMERO6": "974", "BAIRRO_L7": "SAPIRANGA", "DISTRITO8": "FORTALEZA", "MUNICIPI9": "FORTALEZA", "CEP10": "60833-185", "REGIAO_D11": "GRANDE FORTALEZA", "SETOR_IB12": "URBANA", "DATA_DE_13": "2024-06-07", "TIPO_DE_14": "CAGECE - COMPANHAI DE ÁGUA E ESGOTO DO ESTADO DO CEARÁ", "DESIGNAC15": null, "LATITUDE16": "-3.796743", "LONGITUD17": "-38.473991", "OBS18": "COORDENADAS APROXIMADAS", "CONTAGEM19": "1" }, "geometry": { "type": "Point", "coordinates": [ -38.473991, -3.796743 ] } },
{ "type": "Feature", "properties": { "ID0": "1154", "NOME_USP1": "COZINHA SANTIAGO DA BARRA DO CEARÁ", "NOME_UG2": "INSTITUTO VIDANÇA", "TIPO3": "INFORMAL", "LOTE4": "LOTE 1", "ENDERECO5": "RUA SANTIAGO DA BARRA DO CEARÁ", "NUMERO6": "581", "BAIRRO_L7": "BARRA DO CEARÁ", "DISTRITO8": "FORTALEZA", "MUNICIPI9": "FORTALEZA", "CEP10": "60331-440", "REGIAO_D11": "GRANDE FORTALEZA", "SETOR_IB12": "URBANA", "DATA_DE_13": "2025-07-01", "TIPO_DE_14": "CAGECE - COMPANHIA DE ÁGUA E ESGOTO DO ESTADO DO CEARÁ", "DESIGNAC15": null, "LATITUDE16": "-3.706259", "LONGITUD17": "-38.57057", "OBS18": "COORDENADAS APROXIMADAS", "CONTAGEM19": "1" }, "geometry": { "type": "Point", "coordinates": [ -38.57057, -3.706259 ] } },
{ "type": "Feature", "properties": { "ID0": "1156", "NOME_USP1": "ASSOCIAÇÃO COMUNITÁRIA DONA LERNILSON DO BAIRRO JERICÓ", "NOME_UG2": "CARITAS BRASILEIRA", "TIPO3": "FORMAL", "LOTE4": "LOTE 35", "ENDERECO5": "RUA SÃO FRANCISCO", "NUMERO6": "228", "BAIRRO_L7": "JERICÓ", "DISTRITO8": "SANTANA DO ACARAÚ", "MUNICIPI9": "SANTANA DO ACARAÚ", "CEP10": "62150-000", "REGIAO_D11": "SERTÃO DE SOBRAL", "SETOR_IB12": "URBANA", "DATA_DE_13": "2024-05-20", "TIPO_DE_14": "CAGECE - COMPANHAI DE ÁGUA E ESGOTO DO ESTADO DO CEARÁ", "DESIGNAC15": null, "LATITUDE16": "-3.460194", "LONGITUD17": "-40.203234", "OBS18": "COORDENADAS APROXIMADAS", "CONTAGEM19": "1" }, "geometry": { "type": "Point", "coordinates": [ -40.203234, -3.460194 ] } },
{ "type": "Feature", "properties": { "ID0": "1157", "NOME_USP1": "COZINHA NOSSA SENHORA DA CONCEIÇÃO DE BARACHO", "NOME_UG2": "CÁRITAS DIOCESANA DE SOBRAL", "TIPO3": "INFORMAL", "LOTE4": "LOTE 22", "ENDERECO5": "RUA ANAHID ANDRADE", "NUMERO6": "0", "BAIRRO_L7": "CENTRO", "DISTRITO8": "JORDÃO", "MUNICIPI9": "SOBRAL", "CEP10": "00000-000", "REGIAO_D11": "SERTÃO DE SOBRAL", "SETOR_IB12": "URBANA", "DATA_DE_13": "2024-05-20", "TIPO_DE_14": "SAEE - SERVIÇO AUTÔNOMO DE ÁGUA E ESGOTO", "DESIGNAC15": null, "LATITUDE16": "-3.689685", "LONGITUD17": "-40.352699", "OBS18": "COORDENADAS APROXIMADAS", "CONTAGEM19": "1" }, "geometry": { "type": "Point", "coordinates": [ -40.352699, -3.689685 ] } },
{ "type": "Feature", "properties": { "ID0": "1158", "NOME_USP1": "INSTITUTO DICA", "NOME_UG2": "INSTITUTO SOS PERIFERIA - ISOP", "TIPO3": "FORMAL", "LOTE4": "LOTE 14", "ENDERECO5": "AVENIDA CENTRAL", "NUMERO6": "0", "BAIRRO_L7": "PAVUNA", "DISTRITO8": "PACATUBA", "MUNICIPI9": "PACATUBA", "CEP10": "61809-355", "REGIAO_D11": "GRANDE FORTALEZA", "SETOR_IB12": "URBANA", "DATA_DE_13": "2024-06-17", "TIPO_DE_14": "CAGECE - COMPANHAI DE ÁGUA E ESGOTO DO ESTADO DO CEARÁ", "DESIGNAC15": null, "LATITUDE16": "-3.904399", "LONGITUD17": "-38.599455", "OBS18": "COORDENADAS APROXIMADAS", "CONTAGEM19": "1" }, "geometry": { "type": "Point", "coordinates": [ -38.599455, -3.904399 ] } },
{ "type": "Feature", "properties": { "ID0": "1161", "NOME_USP1": "COZINHA COMUNITÁRIA DE VILA DA MATA CANOA", "NOME_UG2": "IMBRA", "TIPO3": "INFORMAL", "LOTE4": "LOTE 17", "ENDERECO5": "RUA JOÃO PEREIRA DA SILVA", "NUMERO6": "34", "BAIRRO_L7": "VILA DA MATA", "DISTRITO8": "ARACATI", "MUNICIPI9": "ARACATI", "CEP10": "62800-000", "REGIAO_D11": "LITORAL LESTE", "SETOR_IB12": "URBANA", "DATA_DE_13": "2024-05-06", "TIPO_DE_14": "CAGECE - COMPANHIA DE ÁGUA E ESGOTO DO ESTADO DO CEARÁ", "DESIGNAC15": null, "LATITUDE16": "-4.525939", "LONGITUD17": "-37.704409", "OBS18": "COORDENADAS APROXIMADAS", "CONTAGEM19": "1" }, "geometry": { "type": "Point", "coordinates": [ -37.704409, -4.525939 ] } },
{ "type": "Feature", "properties": { "ID0": "1162", "NOME_USP1": "ASSOCIAÇÃO COMUNITÁRIA MENINO JESUS", "NOME_UG2": "ASSOCIAÇÃO CURUMINS", "TIPO3": "FORMAL", "LOTE4": "LOTE 15", "ENDERECO5": "BR 116, KM 75", "NUMERO6": "0", "BAIRRO_L7": "TIMBAÚBA", "DISTRITO8": "CHOROZINHO", "MUNICIPI9": "CHOROZINHO", "CEP10": "62878-000", "REGIAO_D11": "GRANDE FORTALEZA", "SETOR_IB12": "URBANA", "DATA_DE_13": "2024-07-25", "TIPO_DE_14": "CISTERNA", "DESIGNAC15": null, "LATITUDE16": "-4.354181", "LONGITUD17": "-38.461158", "OBS18": "COORDENADAS APROXIMADAS", "CONTAGEM19": "1" }, "geometry": { "type": "Point", "coordinates": [ -38.461158, -4.354181 ] } },
{ "type": "Feature", "properties": { "ID0": "1163", "NOME_USP1": "COZINHA DEUS É FIEL", "NOME_UG2": "INSTITUTO DE DESENVOLVIMENTO E SOLIDARIEDADE", "TIPO3": "INFORMAL", "LOTE4": "LOTE 7", "ENDERECO5": "RUA ELIZABETH MADEIRA", "NUMERO6": "29", "BAIRRO_L7": "PARQUE MANIBURA", "DISTRITO8": "FORTALEZA", "MUNICIPI9": "FORTALEZA", "CEP10": "60821-535", "REGIAO_D11": "GRANDE FORTALEZA", "SETOR_IB12": "URBANA", "DATA_DE_13": "2024-07-23", "TIPO_DE_14": "CAGECE - COMPANHIA DE ÁGUA E ESGOTO DO ESTADO DO CEARÁ", "DESIGNAC15": null, "LATITUDE16": "-3.7894", "LONGITUD17": "-38.487357", "OBS18": "COORDENADAS APROXIMADAS", "CONTAGEM19": "1" }, "geometry": { "type": "Point", "coordinates": [ -38.487357, -3.7894 ] } },
{ "type": "Feature", "properties": { "ID0": "1164", "NOME_USP1": "COZINHA DA MARIA", "NOME_UG2": "INSTITUTO DE DESENVOLVIMENTO E SOLIDARIEDADE", "TIPO3": "INFORMAL", "LOTE4": "LOTE 7", "ENDERECO5": "RUA REGINA SÁ", "NUMERO6": "830", "BAIRRO_L7": "LAGOA REDONDA", "DISTRITO8": "FORTALEZA", "MUNICIPI9": "FORTALEZA", "CEP10": "60831-765", "REGIAO_D11": "GRANDE FORTALEZA", "SETOR_IB12": "URBANA", "DATA_DE_13": "2024-07-23", "TIPO_DE_14": "CAGECE - COMPANHIA DE ÁGUA E ESGOTO DO ESTADO DO CEARÁ", "DESIGNAC15": null, "LATITUDE16": "-3.831069", "LONGITUD17": "-38.464666", "OBS18": "COORDENADAS APROXIMADAS", "CONTAGEM19": "1" }, "geometry": { "type": "Point", "coordinates": [ -38.464666, -3.831069 ] } },
{ "type": "Feature", "properties": { "ID0": "1165", "NOME_USP1": "COZINHA SOLIDÁRIA EU SOU A COMUNIDADE", "NOME_UG2": "ASSOCIAÇÃO DOS MORADORES DO CONJUNTO TANCREDO NEVES", "TIPO3": "INFORMAL", "LOTE4": "LOTE 8", "ENDERECO5": "RUA PARAÍSO", "NUMERO6": "23", "BAIRRO_L7": "PASSARÉ", "DISTRITO8": "FORTALEZA", "MUNICIPI9": "FORTALEZA", "CEP10": "60862-520", "REGIAO_D11": "GRANDE FORTALEZA", "SETOR_IB12": "URBANA", "DATA_DE_13": "2024-07-10", "TIPO_DE_14": "CAGECE - COMPANHIA DE ÁGUA E ESGOTO DO ESTADO DO CEARÁ", "DESIGNAC15": null, "LATITUDE16": "-3.827603", "LONGITUD17": "-38.52911", "OBS18": "COORDENADAS APROXIMADAS", "CONTAGEM19": "1" }, "geometry": { "type": "Point", "coordinates": [ -38.52911, -3.827603 ] } },
{ "type": "Feature", "properties": { "ID0": "1166", "NOME_USP1": "SINDICATOS DOS TRABALHADORES RURAIS AGRICULTORES E AGRICULTORAS FAMILIARES DE JAGUARETAMA - CE", "NOME_UG2": "INSTITUTO FRANCISCO DE ASSIS", "TIPO3": "FORMAL", "LOTE4": "LOTE 40", "ENDERECO5": "RUA FRANCISCO MOREIRA PINHEIRO", "NUMERO6": "34", "BAIRRO_L7": "CENTRO", "DISTRITO8": "JAGUARETAMA", "MUNICIPI9": "JAGUARETAMA", "CEP10": "63480-000", "REGIAO_D11": "VALE DO JAGUARIBE", "SETOR_IB12": "URBANA", "DATA_DE_13": "2023-10-23", "TIPO_DE_14": "CAGECE - COMPANHIA DE ÁGUA E ESGOTO DO ESTADO DO CEARÁ", "DESIGNAC15": null, "LATITUDE16": "-5.611621", "LONGITUD17": "-38.766538", "OBS18": "COORDENADAS APROXIMADAS", "CONTAGEM19": "1" }, "geometry": { "type": "Point", "coordinates": [ -38.766538, -5.611621 ] } },
{ "type": "Feature", "properties": { "ID0": "1167", "NOME_USP1": "INSTITUTO BENEFICENTE MÃOS DADAS", "NOME_UG2": "ASSOCIAÇÃO DOS MORADORES DO CONJUNTO TANCREDO NEVES", "TIPO3": "INFORMAL", "LOTE4": "LOTE 8", "ENDERECO5": "RUA 15", "NUMERO6": "0", "BAIRRO_L7": "PREFEITO JOSÉ WALTER", "DISTRITO8": "FORTALEZA", "MUNICIPI9": "FORTALEZA", "CEP10": "60748-444", "REGIAO_D11": "GRANDE FORTALEZA", "SETOR_IB12": "URBANA", "DATA_DE_13": "2024-07-10", "TIPO_DE_14": "CAGECE - COMPANHIA DE ÁGUA E ESGOTO DO ESTADO DO CEARÁ", "DESIGNAC15": null, "LATITUDE16": "-3.824815", "LONGITUD17": "-38.553168", "OBS18": "COORDENADAS APROXIMADAS", "CONTAGEM19": "1" }, "geometry": { "type": "Point", "coordinates": [ -38.553168, -3.824815 ] } },
{ "type": "Feature", "properties": { "ID0": "1168", "NOME_USP1": "COZINHA SOLIDÁRIA RECONSTRUIR", "NOME_UG2": "INSTITUTO DE ARTE E CIDADANIA DO CEARÁ", "TIPO3": "INFORMAL", "LOTE4": "LOTE 5", "ENDERECO5": "RUA GENERAL ALÍPIO DOS SANTOS", "NUMERO6": "1365", "BAIRRO_L7": "OLAVO OLIVEIRA", "DISTRITO8": "FORTALEZA", "MUNICIPI9": "FORTALEZA", "CEP10": "60351-105", "REGIAO_D11": "GRANDE FORTALEZA", "SETOR_IB12": "URBANA", "DATA_DE_13": "2024-07-10", "TIPO_DE_14": "CAGECE - COMPANHIA DE ÁGUA E ESGOTO DO ESTADO DO CEARÁ", "DESIGNAC15": null, "LATITUDE16": "-3.732957", "LONGITUD17": "-38.59489", "OBS18": "COORDENADAS APROXIMADAS", "CONTAGEM19": "1" }, "geometry": { "type": "Point", "coordinates": [ -38.59489, -3.732957 ] } },
{ "type": "Feature", "properties": { "ID0": "1169", "NOME_USP1": "INSTITUTO PROJETO NOBRE - SEDE 2", "NOME_UG2": "INSTITUTO DE DESENVOLVIMENTO E SOLIDARIEDADE", "TIPO3": "FORMAL", "LOTE4": "LOTE 7", "ENDERECO5": "AVENIDA WASHINGTON SOARES", "NUMERO6": "7600", "BAIRRO_L7": "MESSEJANA", "DISTRITO8": "FORTALEZA", "MUNICIPI9": "FORTALEZA", "CEP10": "60841-032", "REGIAO_D11": "GRANDE FORTALEZA", "SETOR_IB12": "URBANA", "DATA_DE_13": "2024-07-23", "TIPO_DE_14": "CAGECE - COMPANHIA DE ÁGUA E ESGOTO DO ESTADO DO CEARÁ", "DESIGNAC15": null, "LATITUDE16": "-3.821258", "LONGITUD17": "-38.480736", "OBS18": "COORDENADAS APROXIMADAS", "CONTAGEM19": "1" }, "geometry": { "type": "Point", "coordinates": [ -38.480736, -3.821258 ] } },
{ "type": "Feature", "properties": { "ID0": "1170", "NOME_USP1": "NOSSA COZINHA", "NOME_UG2": "INSTITUTO DE ARTE E CIDADANIA DO CEARÁ", "TIPO3": "INFORMAL", "LOTE4": "LOTE 5", "ENDERECO5": "RUA GOIS MONTEIRO", "NUMERO6": "284", "BAIRRO_L7": "PADRE ANDRADE", "DISTRITO8": "FORTALEZA", "MUNICIPI9": "FORTALEZA", "CEP10": "60356-322", "REGIAO_D11": "GRANDE FORTALEZA", "SETOR_IB12": "URBANA", "DATA_DE_13": "2024-07-10", "TIPO_DE_14": "CAGECE - COMPANHIA DE ÁGUA E ESGOTO DO ESTADO DO CEARÁ", "DESIGNAC15": null, "LATITUDE16": "-3.733391", "LONGITUD17": "-38.577549", "OBS18": "COORDENADAS APROXIMADAS", "CONTAGEM19": "1" }, "geometry": { "type": "Point", "coordinates": [ -38.577549, -3.733391 ] } },
{ "type": "Feature", "properties": { "ID0": "1172", "NOME_USP1": "COZINHA CRIATIVA DA JANDAIGUABA", "NOME_UG2": "INSTITUTO INDACE", "TIPO3": "INFORMAL", "LOTE4": "LOTE 12", "ENDERECO5": "RUA QUINZE DE OUTUBRO", "NUMERO6": "970", "BAIRRO_L7": "JANDAIGUABA", "DISTRITO8": "CAUCAIA", "MUNICIPI9": "CAUCAIA", "CEP10": "61615-080", "REGIAO_D11": "GRANDE FORTALEZA", "SETOR_IB12": "URBANA", "DATA_DE_13": "2024-07-10", "TIPO_DE_14": "CAGECE - COMPANHIA DE ÁGUA E ESGOTO DO ESTADO DO CEARÁ", "DESIGNAC15": null, "LATITUDE16": "-3.729129", "LONGITUD17": "-38.69827", "OBS18": "COORDENADAS APROXIMADAS", "CONTAGEM19": "1" }, "geometry": { "type": "Point", "coordinates": [ -38.69827, -3.729129 ] } },
{ "type": "Feature", "properties": { "ID0": "1173", "NOME_USP1": "ASSOCIAÇÃO DOS REMANESCENTES DE QUILOMBO DE ALTO ALEGRE E ADJACÊNCIAS", "NOME_UG2": "ASSOCIAÇÃO CURUMINS", "TIPO3": "FORMAL", "LOTE4": "LOTE 15", "ENDERECO5": "RUA CHAGAS BENTO", "NUMERO6": "124", "BAIRRO_L7": "QUEIMADAS", "DISTRITO8": "HORIZONTE", "MUNICIPI9": "HORIZONTE", "CEP10": "62899-000", "REGIAO_D11": "GRANDE FORTALEZA", "SETOR_IB12": "URBANA", "DATA_DE_13": "2024-07-26", "TIPO_DE_14": "CAGECE - COMPANHIA DE ÁGUA E ESGOTO DO ESTADO DO CEARÁ", "DESIGNAC15": null, "LATITUDE16": "-4.137345", "LONGITUD17": "-38.498741", "OBS18": "COORDENADAS APROXIMADAS", "CONTAGEM19": "1" }, "geometry": { "type": "Point", "coordinates": [ -38.498741, -4.137345 ] } },
{ "type": "Feature", "properties": { "ID0": "1175", "NOME_USP1": "GRUPO DO TABAPUAZINHO", "NOME_UG2": "INSTITUTO INDACE", "TIPO3": "INFORMAL", "LOTE4": "LOTE 12", "ENDERECO5": "RUA UM-K", "NUMERO6": "97", "BAIRRO_L7": "TABAPUÁ", "DISTRITO8": "CAUCAIA", "MUNICIPI9": "CAUCAIA", "CEP10": "61635-130", "REGIAO_D11": "GRANDE FORTALEZA", "SETOR_IB12": "URBANA", "DATA_DE_13": "2024-07-10", "TIPO_DE_14": "CAGECE - COMPANHIA DE ÁGUA E ESGOTO DO ESTADO DO CEARÁ", "DESIGNAC15": null, "LATITUDE16": "-3.736506", "LONGITUD17": "-38.613458", "OBS18": "COORDENADAS APROXIMADAS", "CONTAGEM19": "1" }, "geometry": { "type": "Point", "coordinates": [ -38.613458, -3.736506 ] } },
{ "type": "Feature", "properties": { "ID0": "1176", "NOME_USP1": "COZINHA SOLIDÁRIA DA RAPOSA DO TRILHO", "NOME_UG2": "ASSOCIAÇÃO DE COOPERAÇÃO AGRÍCOLA DO ESTADO DO CEARA", "TIPO3": "INFORMAL", "LOTE4": "LOTE 20", "ENDERECO5": "ÁREA RURAL", "NUMERO6": "0", "BAIRRO_L7": "ÁREA RURAL DE ITAPIPOCA", "DISTRITO8": "ITAPIPOCA", "MUNICIPI9": "ITAPIPOCA", "CEP10": "62509-899", "REGIAO_D11": "LITORAL OESTE / VALE DO CURU", "SETOR_IB12": "RURAL", "DATA_DE_13": "2024-09-18", "TIPO_DE_14": "POÇO", "DESIGNAC15": null, "LATITUDE16": "-3.499218", "LONGITUD17": "-39.678332", "OBS18": "COORDENADAS APROXIMADAS", "CONTAGEM19": "1" }, "geometry": { "type": "Point", "coordinates": [ -39.678332, -3.499218 ] } },
{ "type": "Feature", "properties": { "ID0": "1177", "NOME_USP1": "COZINHA SOLIDARIA LAGOA DO JUÁ", "NOME_UG2": "ASSOCIAÇÃO DE COOPERAÇÃO AGRÍCOLA DO ESTADO DO CEARA", "TIPO3": "INFORMAL", "LOTE4": "LOTE 20", "ENDERECO5": "POVOANDO LAGOA DO JUÁ", "NUMERO6": "2", "BAIRRO_L7": "SAQUINHO ITAPIPOCA", "DISTRITO8": "ITAPIPOCA", "MUNICIPI9": "ITAPIPOCA", "CEP10": "62509-899", "REGIAO_D11": "LITORAL OESTE / VALE DO CURU", "SETOR_IB12": "RURAL", "DATA_DE_13": "2024-07-10", "TIPO_DE_14": "POÇO", "DESIGNAC15": null, "LATITUDE16": "-3.353603", "LONGITUD17": "-39.732208", "OBS18": "COORDENADAS APROXIMADAS", "CONTAGEM19": "1" }, "geometry": { "type": "Point", "coordinates": [ -39.732208, -3.353603 ] } },
{ "type": "Feature", "properties": { "ID0": "1179", "NOME_USP1": "COZINHA COMUNITARIA DONA CARMINHA", "NOME_UG2": "INSTITUTO SOS PERIFERIA - ISOP", "TIPO3": "INFORMAL", "LOTE4": "LOTE 14", "ENDERECO5": "JOÃO HOLANDA", "NUMERO6": "0", "BAIRRO_L7": "TANQUES", "DISTRITO8": "MARANGUAPE", "MUNICIPI9": "MARANGUAPE", "CEP10": "61976-000", "REGIAO_D11": "GRANDE FORTALEZA", "SETOR_IB12": "URBANA", "DATA_DE_13": "2024-07-05", "TIPO_DE_14": "SISAR - SISTEMA INTEGRADO DE SANEAMENTO RURAL", "DESIGNAC15": null, "LATITUDE16": "-4.081909", "LONGITUD17": "-38.790667", "OBS18": "COORDENADAS APROXIMADAS", "CONTAGEM19": "1" }, "geometry": { "type": "Point", "coordinates": [ -38.790667, -4.081909 ] } },
{ "type": "Feature", "properties": { "ID0": "1181", "NOME_USP1": "COZINHA DA TIA ANA", "NOME_UG2": "ASSOCIAÇÃO DE COOPERAÇÃO AGRÍCOLA DO ESTADO DO CEARA", "TIPO3": "INFORMAL", "LOTE4": "LOTE 20", "ENDERECO5": "RUA VILA NOVA", "NUMERO6": "256", "BAIRRO_L7": "BROTAS", "DISTRITO8": "MIRAÍMA", "MUNICIPI9": "MIRAÍMA", "CEP10": "62530-000", "REGIAO_D11": "LITORAL OESTE / VALE DO CURU", "SETOR_IB12": "URBANA", "DATA_DE_13": "2024-07-10", "TIPO_DE_14": "CAGECE - COMPANHIA DE ÁGUA E ESGOTO DO ESTADO DO CEARÁ", "DESIGNAC15": null, "LATITUDE16": "-3.567179", "LONGITUD17": "-39.766304", "OBS18": "COORDENADAS APROXIMADAS", "CONTAGEM19": "1" }, "geometry": { "type": "Point", "coordinates": [ -39.766304, -3.567179 ] } },
{ "type": "Feature", "properties": { "ID0": "1182", "NOME_USP1": "COZINHA VIDA BELA, VIDA NOVA", "NOME_UG2": "ASSOCIAÇÃO DE COOPERAÇÃO AGRÍCOLA DO ESTADO DO CEARA", "TIPO3": "INFORMAL", "LOTE4": "LOTE 20", "ENDERECO5": "RUA D VIDA BELA", "NUMERO6": "1771", "BAIRRO_L7": "JULHO I", "DISTRITO8": "ITAPIPOCA", "MUNICIPI9": "ITAPIPOCA", "CEP10": "62502-990", "REGIAO_D11": "LITORAL OESTE / VALE DO CURU", "SETOR_IB12": "URBANA", "DATA_DE_13": "2024-07-09", "TIPO_DE_14": "CAGECE - COMPANHIA DE ÁGUA E ESGOTO DO ESTADO DO CEARÁ", "DESIGNAC15": null, "LATITUDE16": "-3.472773", "LONGITUD17": "-39.568759", "OBS18": "COORDENADAS APROXIMADAS", "CONTAGEM19": "1" }, "geometry": { "type": "Point", "coordinates": [ -39.568759, -3.472773 ] } },
{ "type": "Feature", "properties": { "ID0": "1183", "NOME_USP1": "IGREJA PENTECOSTAL PRIMÍCIAS DE DEUS", "NOME_UG2": "INSTITUTO INDACE", "TIPO3": "FORMAL", "LOTE4": "LOTE 12", "ENDERECO5": "RUA DAS NAÇÕES", "NUMERO6": "295", "BAIRRO_L7": "PADRE JULIO MARIA", "DISTRITO8": "CAUCAIA", "MUNICIPI9": "CAUCAIA", "CEP10": "61610-455", "REGIAO_D11": "GRANDE FORTALEZA", "SETOR_IB12": "URBANA", "DATA_DE_13": "2024-07-10", "TIPO_DE_14": "CAGECE - COMPANHIA DE ÁGUA E ESGOTO DO ESTADO DO CEARÁ", "DESIGNAC15": null, "LATITUDE16": "-3.744415", "LONGITUD17": "-38.670154", "OBS18": "COORDENADAS APROXIMADAS", "CONTAGEM19": "1" }, "geometry": { "type": "Point", "coordinates": [ -38.670154, -3.744415 ] } },
{ "type": "Feature", "properties": { "ID0": "1184", "NOME_USP1": "COZINHA SOLIDÁRIA DO GAVIÃO", "NOME_UG2": "ASSOCIAÇÃO DE COOPERAÇÃO AGRÍCOLA DO ESTADO DO CEARA", "TIPO3": "INFORMAL", "LOTE4": "LOTE 20", "ENDERECO5": "DISTRISTO SÃO PEDRO DO GAVIÃO", "NUMERO6": "0", "BAIRRO_L7": "GAVIÃO", "DISTRITO8": "SÃO PEDRO DO GAVIÃO", "MUNICIPI9": "TURURU", "CEP10": "62655-000", "REGIAO_D11": "LITORAL OESTE / VALE DO CURU", "SETOR_IB12": "RURAL", "DATA_DE_13": "2024-07-09", "TIPO_DE_14": "SISAR - SISTEMA INTEGRADO DE SANEAMENTO RURAL", "DESIGNAC15": null, "LATITUDE16": "-3.53922", "LONGITUD17": "-39.397298", "OBS18": "COORDENADAS APROXIMADAS", "CONTAGEM19": "1" }, "geometry": { "type": "Point", "coordinates": [ -39.397298, -3.53922 ] } },
{ "type": "Feature", "properties": { "ID0": "1185", "NOME_USP1": "COZINHA COMUNITÁRIA DO DISTRITO HOLANDA REFÚGIO E ACONCHEGO", "NOME_UG2": "COOPERATIVA REGIONAL DOS ASSENTADOS(AS) DE REFORMA AGRARIA DO SERTAO DOS INHAMUNIS-CRATEUS", "TIPO3": "INFORMAL", "LOTE4": "LOTE 37", "ENDERECO5": "RUA VILA HOLANDA", "NUMERO6": "0", "BAIRRO_L7": "DISTRITO HOLANDA", "DISTRITO8": "HOLANDA", "MUNICIPI9": "TAMBORIL", "CEP10": "63750-000", "REGIAO_D11": "SERTÃO DOS CRATEÚS", "SETOR_IB12": "URBANA", "DATA_DE_13": "2024-07-08", "TIPO_DE_14": "POÇO", "DESIGNAC15": null, "LATITUDE16": "-4.719684", "LONGITUD17": "-40.377875", "OBS18": "COORDENADAS APROXIMADAS", "CONTAGEM19": "1" }, "geometry": { "type": "Point", "coordinates": [ -40.377875, -4.719684 ] } },
{ "type": "Feature", "properties": { "ID0": "1187", "NOME_USP1": "COZINHA SÃO JOÃO BATISTA", "NOME_UG2": "ASSOCIAÇÃO DE COOPERAÇÃO AGRÍCOLA DO ESTADO DO CEARA", "TIPO3": "INFORMAL", "LOTE4": "LOTE 20", "ENDERECO5": "RUA RAIMUNDO RODRIGUES SOBRINHO", "NUMERO6": "2047", "BAIRRO_L7": "MOURÃO", "DISTRITO8": "ITAPIPOCA", "MUNICIPI9": "ITAPIPOCA", "CEP10": "62500-520", "REGIAO_D11": "LITORAL OESTE / VALE DO CURU", "SETOR_IB12": "URBANA", "DATA_DE_13": "2024-07-10", "TIPO_DE_14": "CAGECE - COMPANHIA DE ÁGUA E ESGOTO DO ESTADO DO CEARÁ", "DESIGNAC15": null, "LATITUDE16": "-3.501168", "LONGITUD17": "-39.598686", "OBS18": "COORDENADAS APROXIMADAS", "CONTAGEM19": "1" }, "geometry": { "type": "Point", "coordinates": [ -39.598686, -3.501168 ] } },
{ "type": "Feature", "properties": { "ID0": "1188", "NOME_USP1": "COZINHA SOLIDARIA CALDEIRÕES", "NOME_UG2": "ASSOCIAÇÃO DE COOPERAÇÃO AGRÍCOLA DO ESTADO DO CEARA", "TIPO3": "INFORMAL", "LOTE4": "LOTE 20", "ENDERECO5": "POVOADO CALDEIRÕES", "NUMERO6": "0", "BAIRRO_L7": "ÁREA RURAL DE ITAPIPOCA", "DISTRITO8": "ARAPARI", "MUNICIPI9": "ITAPIPOCA", "CEP10": "62509-899", "REGIAO_D11": "LITORAL OESTE / VALE DO CURU", "SETOR_IB12": "RURAL", "DATA_DE_13": "2024-07-10", "TIPO_DE_14": "SISAR - SISTEMA INTEGRADO DE SANEAMENTO RURAL", "DESIGNAC15": null, "LATITUDE16": "-3.395733", "LONGITUD17": "-39.69681", "OBS18": "COORDENADAS APROXIMADAS", "CONTAGEM19": "1" }, "geometry": { "type": "Point", "coordinates": [ -39.69681, -3.395733 ] } },
{ "type": "Feature", "properties": { "ID0": "1189", "NOME_USP1": "ASSOCIAÇÃO BENEFICENTE JOSÉ BATISTA NUNES", "NOME_UG2": "CENTRO DE APOIO AO DESENVOLVIMENTO SUSTENTÁVEL DO SEMIÁRIDO - CACTUS", "TIPO3": "FORMAL", "LOTE4": "LOTE 32", "ENDERECO5": "RUA", "NUMERO6": "0", "BAIRRO_L7": "BANDEIRA NOVO", "DISTRITO8": "ITATIRA", "MUNICIPI9": "ITATIRA", "CEP10": "62720-000", "REGIAO_D11": "SERTÃO DE CANINDÉ", "SETOR_IB12": "URBANA", "DATA_DE_13": "2024-07-08", "TIPO_DE_14": null, "DESIGNAC15": null, "LATITUDE16": "-4.584097", "LONGITUD17": "-39.468503", "OBS18": "COORDENADAS APROXIMADAS", "CONTAGEM19": "1" }, "geometry": { "type": "Point", "coordinates": [ -39.468503, -4.584097 ] } },
{ "type": "Feature", "properties": { "ID0": "1190", "NOME_USP1": "COZINHA COPA DO POVO", "NOME_UG2": "ASSOCIAÇÃO DOS MORADORES DO CONJUNTO TANCREDO NEVES", "TIPO3": "INFORMAL", "LOTE4": "LOTE 8", "ENDERECO5": "RUA GIRASSOL", "NUMERO6": "567", "BAIRRO_L7": "ITAPERI", "DISTRITO8": "FORTALEZA", "MUNICIPI9": "FORTALEZA", "CEP10": "60714-445", "REGIAO_D11": "GRANDE FORTALEZA", "SETOR_IB12": "URBANA", "DATA_DE_13": "2024-07-10", "TIPO_DE_14": "CAGECE - COMPANHIA DE ÁGUA E ESGOTO DO ESTADO DO CEARÁ", "DESIGNAC15": null, "LATITUDE16": "-3.792233", "LONGITUD17": "-38.538136", "OBS18": "COORDENADAS APROXIMADAS", "CONTAGEM19": "1" }, "geometry": { "type": "Point", "coordinates": [ -38.538136, -3.792233 ] } },
{ "type": "Feature", "properties": { "ID0": "1191", "NOME_USP1": "ASSOCIAÇÃO COMUNITÁRIA LAGOA DOS BOIS", "NOME_UG2": "CENTRO DE APOIO AO DESENVOLVIMENTO SUSTENTÁVEL DO SEMIÁRIDO - CACTUS", "TIPO3": "FORMAL", "LOTE4": "LOTE 32", "ENDERECO5": "VILALAGOA DO BOIS", "NUMERO6": "0", "BAIRRO_L7": "CACIMBA NOVA", "DISTRITO8": "MADALENA", "MUNICIPI9": "MADALENA", "CEP10": "63860-000", "REGIAO_D11": "SERTÃO DE CANINDÉ", "SETOR_IB12": "RURAL", "DATA_DE_13": "2024-07-08", "TIPO_DE_14": null, "DESIGNAC15": null, "LATITUDE16": "-4.851382", "LONGITUD17": "-39.37784", "OBS18": "COORDENADAS APROXIMADAS", "CONTAGEM19": "1" }, "geometry": { "type": "Point", "coordinates": [ -39.37784, -4.851382 ] } },
{ "type": "Feature", "properties": { "ID0": "1192", "NOME_USP1": "COZINHA DA TIA LUIZA", "NOME_UG2": "ASSOCIAÇÃO DE COOPERAÇÃO AGRÍCOLA DO ESTADO DO CEARA", "TIPO3": "INFORMAL", "LOTE4": "LOTE 20", "ENDERECO5": "RUA JOSÉ ROMERO", "NUMERO6": "1001", "BAIRRO_L7": "DA ESTAÇÃO", "DISTRITO8": "ITAPIPOCA", "MUNICIPI9": "ITAPIPOCA", "CEP10": "62502-000", "REGIAO_D11": "LITORAL OESTE / VALE DO CURU", "SETOR_IB12": "URBANA", "DATA_DE_13": "2024-07-10", "TIPO_DE_14": "CAGECE - COMPANHIA DE ÁGUA E ESGOTO DO ESTADO DO CEARÁ", "DESIGNAC15": null, "LATITUDE16": "-3.49367", "LONGITUD17": "-39.581711", "OBS18": "COORDENADAS APROXIMADAS", "CONTAGEM19": "1" }, "geometry": { "type": "Point", "coordinates": [ -39.581711, -3.49367 ] } },
{ "type": "Feature", "properties": { "ID0": "1193", "NOME_USP1": "COZINHA COMUNITÁRIA DE SANTA TEREZA", "NOME_UG2": "IMBRA", "TIPO3": "INFORMAL", "LOTE4": "LOTE 17", "ENDERECO5": "RUA DOS COCOS", "NUMERO6": "0", "BAIRRO_L7": "SANTA TEREZA", "DISTRITO8": "ARACATI", "MUNICIPI9": "ARACATI", "CEP10": "62800-000", "REGIAO_D11": "LITORAL LESTE", "SETOR_IB12": "URBANA", "DATA_DE_13": "2024-07-08", "TIPO_DE_14": "SISAR - SISTEMA INTEGRADO DE SANEAMENTO RURAL", "DESIGNAC15": null, "LATITUDE16": "-4.605261", "LONGITUD17": "-37.886477", "OBS18": "COORDENADAS APROXIMADAS", "CONTAGEM19": "1" }, "geometry": { "type": "Point", "coordinates": [ -37.886477, -4.605261 ] } },
{ "type": "Feature", "properties": { "ID0": "1195", "NOME_USP1": "COZINHA SOLIDÁRIA DELÍCIAS DO QUILOMBO - MORAÚJO", "NOME_UG2": "INSTITUTO ATHOS DE EDUCACAO, CULTURA, ESPORTES E CIDADANIA", "TIPO3": "INFORMAL", "LOTE4": "LOTE 34", "ENDERECO5": "FAZENDA VELHA - QUILOMBO TIMBAÚBA", "NUMERO6": "0", "BAIRRO_L7": "QUILOMBO TIMBAÚBA", "DISTRITO8": "BOA ESPERANÇA", "MUNICIPI9": "MORAÚJO", "CEP10": "62480-000", "REGIAO_D11": "SERTÃO DE SOBRAL", "SETOR_IB12": "RURAL", "DATA_DE_13": "2024-07-16", "TIPO_DE_14": "NASCENTE", "DESIGNAC15": null, "LATITUDE16": "-3.52639", "LONGITUD17": "-40.566878", "OBS18": "COORDENADAS APROXIMADAS", "CONTAGEM19": "1" }, "geometry": { "type": "Point", "coordinates": [ -40.566878, -3.52639 ] } },
{ "type": "Feature", "properties": { "ID0": "1197", "NOME_USP1": "COZINHA APRIGIO MELO CAMPOS", "NOME_UG2": "INSTITUTO SOS PERIFERIA - ISOP", "TIPO3": "INFORMAL", "LOTE4": "LOTE 14", "ENDERECO5": "RUA DAS PALMEIRAS", "NUMERO6": "101", "BAIRRO_L7": "OUTRA BANDA", "DISTRITO8": "MARANGUAPE", "MUNICIPI9": "MARANGUAPE", "CEP10": "61942-390", "REGIAO_D11": "GRANDE FORTALEZA", "SETOR_IB12": "URBANA", "DATA_DE_13": "2024-07-05", "TIPO_DE_14": "CAGECE - COMPANHIA DE ÁGUA E ESGOTO DO ESTADO DO CEARÁ", "DESIGNAC15": null, "LATITUDE16": "-3.883297", "LONGITUD17": "-38.672317", "OBS18": "COORDENADAS APROXIMADAS", "CONTAGEM19": "1" }, "geometry": { "type": "Point", "coordinates": [ -38.672317, -3.883297 ] } },
{ "type": "Feature", "properties": { "ID0": "1198", "NOME_USP1": "COZINHA SOLIDARIA SÃO MIGUEL", "NOME_UG2": "INSTITUTO INDACE", "TIPO3": "INFORMAL", "LOTE4": "LOTE 12", "ENDERECO5": "RUA JOSÉ BONIFÁCIO", "NUMERO6": "492", "BAIRRO_L7": "SÃO MIGUEL (JUREMA)", "DISTRITO8": "CAUCAIA", "MUNICIPI9": "CAUCAIA", "CEP10": "61640-430", "REGIAO_D11": "GRANDE FORTALEZA", "SETOR_IB12": "URBANA", "DATA_DE_13": "2024-07-10", "TIPO_DE_14": "CAGECE - COMPANHIA DE ÁGUA E ESGOTO DO ESTADO DO CEARÁ", "DESIGNAC15": null, "LATITUDE16": "-3.74804", "LONGITUD17": "-38.60467", "OBS18": "COORDENADAS APROXIMADAS", "CONTAGEM19": "1" }, "geometry": { "type": "Point", "coordinates": [ -38.60467, -3.74804 ] } },
{ "type": "Feature", "properties": { "ID0": "1199", "NOME_USP1": "INSTITUTO IACAREM", "NOME_UG2": "INSTITUTO INDACE", "TIPO3": "FORMAL", "LOTE4": "LOTE 12", "ENDERECO5": "RUA DAS FLORES", "NUMERO6": "143", "BAIRRO_L7": "ARIANÓPOLIS (JUREMA)", "DISTRITO8": "CAUCAIA", "MUNICIPI9": "CAUCAIA", "CEP10": "61656-170", "REGIAO_D11": "GRANDE FORTALEZA", "SETOR_IB12": "URBANA", "DATA_DE_13": "2024-07-10", "TIPO_DE_14": "CAGECE - COMPANHIA DE ÁGUA E ESGOTO DO ESTADO DO CEARÁ", "DESIGNAC15": null, "LATITUDE16": "-3.766517", "LONGITUD17": "-38.648455", "OBS18": "COORDENADAS APROXIMADAS", "CONTAGEM19": "1" }, "geometry": { "type": "Point", "coordinates": [ -38.648455, -3.766517 ] } },
{ "type": "Feature", "properties": { "ID0": "1200", "NOME_USP1": "ASSOCIAÇÃO DOS MORADORES DE TANUPABA", "NOME_UG2": "INSTITUTO INDACE", "TIPO3": "FORMAL", "LOTE4": "LOTE 12", "ENDERECO5": "RUA JOAQUIM MOTA E SILVA", "NUMERO6": "703", "BAIRRO_L7": "TANUPABA", "DISTRITO8": "CAUCAIA", "MUNICIPI9": "CAUCAIA", "CEP10": "61690-992", "REGIAO_D11": "GRANDE FORTALEZA", "SETOR_IB12": "URBANA", "DATA_DE_13": "2024-08-01", "TIPO_DE_14": "CAGECE - COMPANHIA DE ÁGUA E ESGOTO DO ESTADO DO CEARÁ", "DESIGNAC15": null, "LATITUDE16": "-3.642907", "LONGITUD17": "-38.77075", "OBS18": "COORDENADAS APROXIMADAS", "CONTAGEM19": "1" }, "geometry": { "type": "Point", "coordinates": [ -38.77075, -3.642907 ] } },
{ "type": "Feature", "properties": { "ID0": "1201", "NOME_USP1": "COZINHA COMUNITÁRIA CARRAPICHO BEBERIBE", "NOME_UG2": "IMBRA", "TIPO3": "INFORMAL", "LOTE4": "LOTE 17", "ENDERECO5": "CENTRO", "NUMERO6": "0", "BAIRRO_L7": "CARRAPICHO", "DISTRITO8": "BEBERIBE", "MUNICIPI9": "BEBERIBE", "CEP10": "62840-000", "REGIAO_D11": "LITORAL LESTE", "SETOR_IB12": "URBANA", "DATA_DE_13": "2024-07-08", "TIPO_DE_14": "POÇO", "DESIGNAC15": null, "LATITUDE16": "-4.182843", "LONGITUD17": "-38.130032", "OBS18": "COORDENADAS APROXIMADAS", "CONTAGEM19": "1" }, "geometry": { "type": "Point", "coordinates": [ -38.130032, -4.182843 ] } },
{ "type": "Feature", "properties": { "ID0": "1202", "NOME_USP1": "COZINHA COMUNITÁRIA PLANALTO NOVO SER", "NOME_UG2": "IMBRA", "TIPO3": "FORMAL", "LOTE4": "LOTE 17", "ENDERECO5": "RUA ASSEMBLEIA DE DEUS, MADUREIRA", "NUMERO6": "137", "BAIRRO_L7": "PLANALTO DE BEBERIBE", "DISTRITO8": "BEBERIBE", "MUNICIPI9": "BEBERIBE", "CEP10": "62840-000", "REGIAO_D11": "LITORAL LESTE", "SETOR_IB12": "URBANA", "DATA_DE_13": "2024-07-08", "TIPO_DE_14": "CAGECE - COMPANHIA DE ÁGUA E ESGOTO DO ESTADO DO CEARÁ", "DESIGNAC15": null, "LATITUDE16": "-4.178306", "LONGITUD17": "-38.141278", "OBS18": "COORDENADAS APROXIMADAS", "CONTAGEM19": "1" }, "geometry": { "type": "Point", "coordinates": [ -38.141278, -4.178306 ] } },
{ "type": "Feature", "properties": { "ID0": "1204", "NOME_USP1": "ASSOCIAÇÃO DOS MORADORES DO LOTEAMENTO E ADJECÊNCIAS", "NOME_UG2": "ASSOCIAÇÃO BENEFICENTE DE APOIO A COMUNIDADE DO CEARÁ", "TIPO3": "FORMAL", "LOTE4": "LOTE 16", "ENDERECO5": "RUA DOMINGOS RODRIGUES VIANA", "NUMERO6": "0", "BAIRRO_L7": "BOA ESPERANÇA", "DISTRITO8": "PARAIPABA", "MUNICIPI9": "PARAIPABA", "CEP10": "62685-000", "REGIAO_D11": "GRANDE FORTALEZA", "SETOR_IB12": "URBANA", "DATA_DE_13": "2024-07-08", "TIPO_DE_14": "CAGECE - COMPANHIA DE ÁGUA E ESGOTO DO ESTADO DO CEARÁ", "DESIGNAC15": null, "LATITUDE16": "-3.436622", "LONGITUD17": "-39.150267", "OBS18": "COORDENADAS APROXIMADAS", "CONTAGEM19": "1" }, "geometry": { "type": "Point", "coordinates": [ -39.150267, -3.436622 ] } },
{ "type": "Feature", "properties": { "ID0": "1205", "NOME_USP1": "CONSELHO COMUNITÁRIO DO BAIRRO DE CARLOTAS", "NOME_UG2": "ASSOCIAÇÃO BENEFICENTE DE APOIO A COMUNIDADE DO CEARÁ", "TIPO3": "FORMAL", "LOTE4": "LOTE 16", "ENDERECO5": "RUA MARIA NERI", "NUMERO6": "1747", "BAIRRO_L7": "CARLOTAS", "DISTRITO8": "PARACURU", "MUNICIPI9": "PARACURU", "CEP10": "62680-000", "REGIAO_D11": "GRANDE FORTALEZA", "SETOR_IB12": "URBANA", "DATA_DE_13": "2024-07-08", "TIPO_DE_14": "NASCENTE", "DESIGNAC15": null, "LATITUDE16": "-3.427647", "LONGITUD17": "-39.026765", "OBS18": "COORDENADAS APROXIMADAS", "CONTAGEM19": "1" }, "geometry": { "type": "Point", "coordinates": [ -39.026765, -3.427647 ] } },
{ "type": "Feature", "properties": { "ID0": "1206", "NOME_USP1": "SÃO FRANCISCO PAZ E BEM", "NOME_UG2": "INSTITUTO DE ARTE E CIDADANIA DO CEARÁ", "TIPO3": "INFORMAL", "LOTE4": "LOTE 5", "ENDERECO5": "RUA DOS PESCADORES", "NUMERO6": "145", "BAIRRO_L7": "QUINTINO CUNHA", "DISTRITO8": "FORTALEZA", "MUNICIPI9": "FORTALEZA", "CEP10": "60352-640", "REGIAO_D11": "GRANDE FORTALEZA", "SETOR_IB12": "URBANA", "DATA_DE_13": "2024-07-10", "TIPO_DE_14": "CAGECE - COMPANHIA DE ÁGUA E ESGOTO DO ESTADO DO CEARÁ", "DESIGNAC15": null, "LATITUDE16": "-3.732277", "LONGITUD17": "-38.601476", "OBS18": "COORDENADAS APROXIMADAS", "CONTAGEM19": "1" }, "geometry": { "type": "Point", "coordinates": [ -38.601476, -3.732277 ] } },
{ "type": "Feature", "properties": { "ID0": "1207", "NOME_USP1": "MANGUEIRAL SEM FOME", "NOME_UG2": "ASSOCIAÇÃO CURUMINS", "TIPO3": "INFORMAL", "LOTE4": "LOTE 15", "ENDERECO5": "SITIO JOAO MOREIRA", "NUMERO6": "0", "BAIRRO_L7": "MANGUEIRAL", "DISTRITO8": "PINDORETAMA", "MUNICIPI9": "PINDORETAMA", "CEP10": "62860-000", "REGIAO_D11": "GRANDE FORTALEZA", "SETOR_IB12": "URBANA", "DATA_DE_13": "2024-07-25", "TIPO_DE_14": "CAGECE - COMPANHIA DE ÁGUA E ESGOTO DO ESTADO DO CEARÁ", "DESIGNAC15": null, "LATITUDE16": "-4.079825", "LONGITUD17": "-38.299328", "OBS18": "COORDENADAS APROXIMADAS", "CONTAGEM19": "1" }, "geometry": { "type": "Point", "coordinates": [ -38.299328, -4.079825 ] } },
{ "type": "Feature", "properties": { "ID0": "1208", "NOME_USP1": "ASSOCIAÇÃO DESPORTIVA SEMENTE DO BEM", "NOME_UG2": "CENTRO DE APOIO AO DESENVOLVIMENTO SUSTENTÁVEL DO SEMIÁRIDO - CACTUS", "TIPO3": "FORMAL", "LOTE4": "LOTE 32", "ENDERECO5": "PV LONJAO", "NUMERO6": "0", "BAIRRO_L7": "DISTRITO DE SÃO JOSÉ DA MACAOCA, MADALENA", "DISTRITO8": "MACAOCA", "MUNICIPI9": "MADALENA", "CEP10": "63860-000", "REGIAO_D11": "SERTÃO DE CANINDÉ", "SETOR_IB12": "URBANA", "DATA_DE_13": "2024-07-08", "TIPO_DE_14": null, "DESIGNAC15": null, "LATITUDE16": "-4.759535", "LONGITUD17": "-39.481275", "OBS18": "COORDENADAS APROXIMADAS", "CONTAGEM19": "1" }, "geometry": { "type": "Point", "coordinates": [ -39.481275, -4.759535 ] } },
{ "type": "Feature", "properties": { "ID0": "1209", "NOME_USP1": "FORMIGUINHAS 13", "NOME_UG2": "INSTITUTO INDACE", "TIPO3": "INFORMAL", "LOTE4": "LOTE 12", "ENDERECO5": "POVOADO", "NUMERO6": "2552", "BAIRRO_L7": "COITÉ PEDREIRAS", "DISTRITO8": "CAUCAIA", "MUNICIPI9": "CAUCAIA", "CEP10": "61600-004", "REGIAO_D11": "GRANDE FORTALEZA", "SETOR_IB12": "RURAL", "DATA_DE_13": "2024-07-10", "TIPO_DE_14": "CAGECE - COMPANHIA DE ÁGUA E ESGOTO DO ESTADO DO CEARÁ", "DESIGNAC15": null, "LATITUDE16": "-3.755491", "LONGITUD17": "-38.744644", "OBS18": "COORDENADAS APROXIMADAS", "CONTAGEM19": "1" }, "geometry": { "type": "Point", "coordinates": [ -38.744644, -3.755491 ] } },
{ "type": "Feature", "properties": { "ID0": "1211", "NOME_USP1": "COZINHA SOLIDÁRIA DO POVO POTYGUARA DA ALDEIA VIRAÇÃO", "NOME_UG2": "COOPERATIVA REGIONAL DOS ASSENTADOS(AS) DE REFORMA AGRARIA DO SERTAO DOS INHAMUNIS-CRATEUS", "TIPO3": "INFORMAL", "LOTE4": "LOTE 37", "ENDERECO5": "POVOADO VIRAÇÃO", "NUMERO6": "0", "BAIRRO_L7": "DISTRITO DE CURATIS", "DISTRITO8": "CURATIS", "MUNICIPI9": "TAMBORIL", "CEP10": "63750-000", "REGIAO_D11": "SERTÃO DOS CRATEÚS", "SETOR_IB12": "RURAL", "DATA_DE_13": "2024-07-08", "TIPO_DE_14": "POÇO", "DESIGNAC15": null, "LATITUDE16": "-4.971609", "LONGITUD17": "-40.139178", "OBS18": "COORDENADAS APROXIMADAS", "CONTAGEM19": "1" }, "geometry": { "type": "Point", "coordinates": [ -40.139178, -4.971609 ] } },
{ "type": "Feature", "properties": { "ID0": "1212", "NOME_USP1": "COZINHA SOLIDARIA DA CURICACA", "NOME_UG2": "INSTITUTO INDACE", "TIPO3": "INFORMAL", "LOTE4": "LOTE 12", "ENDERECO5": "RUA DOIS", "NUMERO6": "140", "BAIRRO_L7": "CURICACA", "DISTRITO8": "CAUCAIA", "MUNICIPI9": "CAUCAIA", "CEP10": "61600-000", "REGIAO_D11": "GRANDE FORTALEZA", "SETOR_IB12": "URBANA", "DATA_DE_13": "2024-07-10", "TIPO_DE_14": "CAGECE - COMPANHIA DE ÁGUA E ESGOTO DO ESTADO DO CEARÁ", "DESIGNAC15": null, "LATITUDE16": "-3.714746", "LONGITUD17": "-38.660408", "OBS18": "COORDENADAS APROXIMADAS", "CONTAGEM19": "1" }, "geometry": { "type": "Point", "coordinates": [ -38.660408, -3.714746 ] } },
{ "type": "Feature", "properties": { "ID0": "1213", "NOME_USP1": "COZINHA DA COMUNIDADE QUILOMBOLA", "NOME_UG2": "INSTITUTO VEREDAS DA CIDADANIA", "TIPO3": "FORMAL", "LOTE4": "LOTE 29", "ENDERECO5": "SÍTIO CARNAUBA", "NUMERO6": "0", "BAIRRO_L7": "ZONA RURAL", "DISTRITO8": "SÃO BENEDITO", "MUNICIPI9": "SÃO BENEDITO", "CEP10": "62370-000", "REGIAO_D11": "SERRA DA IBIAPABA", "SETOR_IB12": "RURAL", "DATA_DE_13": "2024-07-08", "TIPO_DE_14": "SISAR - SISTEMA INTEGRADO DE SANEAMENTO RURAL", "DESIGNAC15": null, "LATITUDE16": "-4.082435", "LONGITUD17": "-40.909557", "OBS18": "COORDENADAS APROXIMADAS", "CONTAGEM19": "1" }, "geometry": { "type": "Point", "coordinates": [ -40.909557, -4.082435 ] } },
{ "type": "Feature", "properties": { "ID0": "1214", "NOME_USP1": "ASSOCIAÇÃO COMUNITÁRIA RAIMUNDA MARIA DA CONCEIÇÃO", "NOME_UG2": "SOCIEDADE DE APOIO A FAMÍLIA SOBRALENSE - SAFS", "TIPO3": "FORMAL", "LOTE4": "LOTE 33", "ENDERECO5": "PAULO DE MELO", "NUMERO6": "0", "BAIRRO_L7": "SALGADO DOS MENDES", "DISTRITO8": "FORQUILHA", "MUNICIPI9": "FORQUILHA", "CEP10": "62115-000", "REGIAO_D11": "SERTÃO DE SOBRAL", "SETOR_IB12": "URBANA", "DATA_DE_13": "2024-07-15", "TIPO_DE_14": "SISAR - SISTEMA INTEGRADO DE SANEAMENTO RURAL", "DESIGNAC15": null, "LATITUDE16": "-3.919326", "LONGITUD17": "-40.295848", "OBS18": "COORDENADAS APROXIMADAS", "CONTAGEM19": "1" }, "geometry": { "type": "Point", "coordinates": [ -40.295848, -3.919326 ] } },
{ "type": "Feature", "properties": { "ID0": "1215", "NOME_USP1": "ASSOCIACAO DE APOIO A CRIANCA E AO IDOSO", "NOME_UG2": "CENTRO DE APOIO AO DESENVOLVIMENTO SUSTENTÁVEL DO SEMIÁRIDO - CACTUS", "TIPO3": "FORMAL", "LOTE4": "LOTE 32", "ENDERECO5": "RUA MANOEL DE FREITAS", "NUMERO6": "1", "BAIRRO_L7": "DISTRITO DE SÃO DOMINGOS", "DISTRITO8": "SÃO DOMINGOS", "MUNICIPI9": "CARIDADE", "CEP10": "62730-000", "REGIAO_D11": "SERTÃO DE CANINDÉ", "SETOR_IB12": "URBANA", "DATA_DE_13": "2024-07-05", "TIPO_DE_14": null, "DESIGNAC15": null, "LATITUDE16": "-4.235203", "LONGITUD17": "-39.276903", "OBS18": "COORDENADAS APROXIMADAS", "CONTAGEM19": "1" }, "geometry": { "type": "Point", "coordinates": [ -39.276903, -4.235203 ] } },
{ "type": "Feature", "properties": { "ID0": "1217", "NOME_USP1": "ASSOCIAÇÃO ANTONIO PIRES FERREIRA - AAFF", "NOME_UG2": "CENTRO DE APOIO AO DESENVOLVIMENTO SUSTENTÁVEL DO SEMIÁRIDO - CACTUS", "TIPO3": "FORMAL", "LOTE4": "LOTE 32", "ENDERECO5": "RUA 25 DE MARÇO", "NUMERO6": "0", "BAIRRO_L7": "CENTRO", "DISTRITO8": "ITATIRA", "MUNICIPI9": "ITATIRA", "CEP10": "62720-000", "REGIAO_D11": "SERTÃO DE CANINDÉ", "SETOR_IB12": "URBANA", "DATA_DE_13": "2024-07-08", "TIPO_DE_14": null, "DESIGNAC15": null, "LATITUDE16": "-4.528944", "LONGITUD17": "-39.622935", "OBS18": "COORDENADAS APROXIMADAS", "CONTAGEM19": "1" }, "geometry": { "type": "Point", "coordinates": [ -39.622935, -4.528944 ] } },
{ "type": "Feature", "properties": { "ID0": "1218", "NOME_USP1": "COZINHA TABATINGA", "NOME_UG2": "INSTITUTO SOS PERIFERIA - ISOP", "TIPO3": "INFORMAL", "LOTE4": "LOTE 14", "ENDERECO5": "RUA MARIA RODRIGUES DA COSTA", "NUMERO6": "3", "BAIRRO_L7": "SAPUPARA", "DISTRITO8": "SAPUPARA", "MUNICIPI9": "MARANGUAPE", "CEP10": "00000-000", "REGIAO_D11": "GRANDE FORTALEZA", "SETOR_IB12": "URBANA", "DATA_DE_13": "2024-08-01", "TIPO_DE_14": "CAGECE - COMPANHIA DE ÁGUA E ESGOTO DO ESTADO DO CEARÁ", "DESIGNAC15": null, "LATITUDE16": "-3.952443", "LONGITUD17": "-38.694522", "OBS18": "COORDENADAS APROXIMADAS", "CONTAGEM19": "1" }, "geometry": { "type": "Point", "coordinates": [ -38.694522, -3.952443 ] } },
{ "type": "Feature", "properties": { "ID0": "1219", "NOME_USP1": "COZINHA SOLIDÁRIA DA MISSÃO", "NOME_UG2": "CENTRO DE APOIO AO DESENVOLVIMENTO SUSTENTÁVEL DO SEMIÁRIDO - CACTUS", "TIPO3": "FORMAL", "LOTE4": "LOTE 32", "ENDERECO5": "13 DE MAIO", "NUMERO6": "2445", "BAIRRO_L7": "CANINDEZINHA", "DISTRITO8": "CANINDÉ", "MUNICIPI9": "CANINDÉ", "CEP10": "62700-000", "REGIAO_D11": "SERTÃO DE CANINDÉ", "SETOR_IB12": "URBANA", "DATA_DE_13": "2024-07-08", "TIPO_DE_14": "SAAE", "DESIGNAC15": null, "LATITUDE16": "-4.34917", "LONGITUD17": "-39.330387", "OBS18": "COORDENADAS APROXIMADAS", "CONTAGEM19": "1" }, "geometry": { "type": "Point", "coordinates": [ -39.330387, -4.34917 ] } },
{ "type": "Feature", "properties": { "ID0": "1220", "NOME_USP1": "COZINHA COMUNITÁRIA PARQUE TIJUCA", "NOME_UG2": "ASSOCIAÇÃO DOS MORADORES DO CONJUNTO ACARACUZINHO", "TIPO3": "INFORMAL", "LOTE4": "LOTE 13", "ENDERECO5": "RUA HENRIQUE MENDES", "NUMERO6": "13", "BAIRRO_L7": "PARQUE TIJUCA", "DISTRITO8": "MARACANAÚ", "MUNICIPI9": "MARACANAÚ", "CEP10": "61917-360", "REGIAO_D11": "GRANDE FORTALEZA", "SETOR_IB12": "URBANA", "DATA_DE_13": "2024-07-08", "TIPO_DE_14": "CAGECE - COMPANHIA DE ÁGUA E ESGOTO DO ESTADO DO CEARÁ", "DESIGNAC15": null, "LATITUDE16": "-3.843062", "LONGITUD17": "-38.62832", "OBS18": "COORDENADAS APROXIMADAS", "CONTAGEM19": "1" }, "geometry": { "type": "Point", "coordinates": [ -38.62832, -3.843062 ] } },
{ "type": "Feature", "properties": { "ID0": "1221", "NOME_USP1": "ASSOCIAÇÃO SEMEANDO PARA O FUTURO - SEPAF", "NOME_UG2": "ASSOCIAÇÃO DOS MORADORES DO CONJUNTO ACARACUZINHO", "TIPO3": "FORMAL", "LOTE4": "LOTE 13", "ENDERECO5": "RUA OURO BRANCO", "NUMERO6": "111", "BAIRRO_L7": "COQUEIRAL", "DISTRITO8": "MARACANAÚ", "MUNICIPI9": "MARACANAÚ", "CEP10": "61902-135", "REGIAO_D11": "GRANDE FORTALEZA", "SETOR_IB12": "URBANA", "DATA_DE_13": "2024-07-08", "TIPO_DE_14": "CAGECE - COMPANHIA DE ÁGUA E ESGOTO DO ESTADO DO CEARÁ", "DESIGNAC15": null, "LATITUDE16": "-3.869544", "LONGITUD17": "-38.623541", "OBS18": "COORDENADAS APROXIMADAS", "CONTAGEM19": "1" }, "geometry": { "type": "Point", "coordinates": [ -38.623541, -3.869544 ] } },
{ "type": "Feature", "properties": { "ID0": "1222", "NOME_USP1": "COZINHA SOCIAL AMIGOS DO BEM", "NOME_UG2": "ASSOCIAÇÃO BENEFICENTE DE APOIO A COMUNIDADE DO CEARÁ", "TIPO3": "INFORMAL", "LOTE4": "LOTE 16", "ENDERECO5": "RUA JOSÉ FERREIRA DE SOUSA", "NUMERO6": "0", "BAIRRO_L7": "COELCE", "DISTRITO8": "SÃO LUÍS DO CURU", "MUNICIPI9": "SÃO LUÍS DO CURU", "CEP10": "62665-000", "REGIAO_D11": "GRANDE FORTALEZA", "SETOR_IB12": "URBANA", "DATA_DE_13": "2024-07-08", "TIPO_DE_14": "CAGECE - COMPANHIA DE ÁGUA E ESGOTO DO ESTADO DO CEARÁ", "DESIGNAC15": null, "LATITUDE16": "-3.674806", "LONGITUD17": "-39.233842", "OBS18": "COORDENADAS APROXIMADAS", "CONTAGEM19": "1" }, "geometry": { "type": "Point", "coordinates": [ -39.233842, -3.674806 ] } },
{ "type": "Feature", "properties": { "ID0": "1223", "NOME_USP1": "COZINHA INSTITUTO MOVER", "NOME_UG2": "ASSOCIAÇÃO DOS MORADORES DO CONJUNTO ACARACUZINHO", "TIPO3": "INFORMAL", "LOTE4": "LOTE 13", "ENDERECO5": "RUA JOÃO CONRADO", "NUMERO6": "397", "BAIRRO_L7": "PAJUÇARA", "DISTRITO8": "MARACANAÚ", "MUNICIPI9": "MARACANAÚ", "CEP10": "61932-330", "REGIAO_D11": "GRANDE FORTALEZA", "SETOR_IB12": "URBANA", "DATA_DE_13": "2024-07-29", "TIPO_DE_14": "CAGECE - COMPANHIA DE ÁGUA E ESGOTO DO ESTADO DO CEARÁ", "DESIGNAC15": null, "LATITUDE16": "-3.861603", "LONGITUD17": "-38.589355", "OBS18": "COORDENADAS APROXIMADAS", "CONTAGEM19": "1" }, "geometry": { "type": "Point", "coordinates": [ -38.589355, -3.861603 ] } },
{ "type": "Feature", "properties": { "ID0": "1225", "NOME_USP1": "CENTRO DE RECUPERAÇÃO MÃO AMIGA", "NOME_UG2": "ASSOCIAÇÃO DOS MORADORES DO CONJUNTO ACARACUZINHO", "TIPO3": "FORMAL", "LOTE4": "LOTE 13", "ENDERECO5": "RUA JAGUARIBE", "NUMERO6": "913", "BAIRRO_L7": "PAU-SERRADO", "DISTRITO8": "MARACANAÚ", "MUNICIPI9": "MARACANAÚ", "CEP10": "61912-012", "REGIAO_D11": "GRANDE FORTALEZA", "SETOR_IB12": "URBANA", "DATA_DE_13": "2024-07-08", "TIPO_DE_14": "CAGECE - COMPANHIA DE ÁGUA E ESGOTO DO ESTADO DO CEARÁ", "DESIGNAC15": null, "LATITUDE16": "-3.866847", "LONGITUD17": "-38.649971", "OBS18": "COORDENADAS APROXIMADAS", "CONTAGEM19": "1" }, "geometry": { "type": "Point", "coordinates": [ -38.649971, -3.866847 ] } },
{ "type": "Feature", "properties": { "ID0": "1227", "NOME_USP1": "PRATO CHEIO", "NOME_UG2": "COOPERATIVA DE TRABALHO PRESTADORA DE SERVIÇOS DE ASSESSORIA TÉCNICA - COPASAT LTDA", "TIPO3": "INFORMAL", "LOTE4": "LOTE 38", "ENDERECO5": "RUA ANA CORDEIRO GOMES", "NUMERO6": "0", "BAIRRO_L7": "INHAMUNS", "DISTRITO8": "SANTA TEREZA", "MUNICIPI9": "TAUÁ", "CEP10": "63660-000", "REGIAO_D11": "SERTÃO DOS INHAMUNS", "SETOR_IB12": "URBANA", "DATA_DE_13": "2024-07-15", "TIPO_DE_14": "POÇO", "DESIGNAC15": null, "LATITUDE16": "-5.867298", "LONGITUD17": "-40.575698", "OBS18": "COORDENADAS APROXIMADAS", "CONTAGEM19": "1" }, "geometry": { "type": "Point", "coordinates": [ -40.575698, -5.867298 ] } },
{ "type": "Feature", "properties": { "ID0": "1228", "NOME_USP1": "COZINHA SOLIDÁRIA DO DISTRITO DE SUCESSO", "NOME_UG2": "COOPERATIVA REGIONAL DOS ASSENTADOS(AS) DE REFORMA AGRARIA DO SERTAO DOS INHAMUNIS-CRATEUS", "TIPO3": "INFORMAL", "LOTE4": "LOTE 37", "ENDERECO5": "RUA GENERAL ANTONIO SAMPAIO", "NUMERO6": "625", "BAIRRO_L7": "SUCESSO", "DISTRITO8": "SUCESSO", "MUNICIPI9": "TAMBORIL", "CEP10": "63765-000", "REGIAO_D11": "SERTÃO DOS CRATEÚS", "SETOR_IB12": "URBANA", "DATA_DE_13": "2024-07-08", "TIPO_DE_14": "POÇO", "DESIGNAC15": null, "LATITUDE16": "-4.944953", "LONGITUD17": "-40.538105", "OBS18": "COORDENADAS APROXIMADAS", "CONTAGEM19": "1" }, "geometry": { "type": "Point", "coordinates": [ -40.538105, -4.944953 ] } },
{ "type": "Feature", "properties": { "ID0": "1229", "NOME_USP1": "MADRE TEREZA DE CAUCUTÁ", "NOME_UG2": "SOCIEDADE DE APOIO A FAMÍLIA SOBRALENSE - SAFS", "TIPO3": "FORMAL", "LOTE4": "LOTE 33", "ENDERECO5": "RUA JOÃO LOURENÇO DE MELO", "NUMERO6": "188", "BAIRRO_L7": "CENTRO", "DISTRITO8": "SOBRAL", "MUNICIPI9": "SOBRAL", "CEP10": "62107-000", "REGIAO_D11": "SERTÃO DE SOBRAL", "SETOR_IB12": "URBANA", "DATA_DE_13": "2024-07-11", "TIPO_DE_14": "CAGECE - COMPANHIA DE ÁGUA E ESGOTO DO ESTADO DO CEARÁ", "DESIGNAC15": null, "LATITUDE16": "-3.700504", "LONGITUD17": "-40.368752", "OBS18": "COORDENADAS APROXIMADAS", "CONTAGEM19": "1" }, "geometry": { "type": "Point", "coordinates": [ -40.368752, -3.700504 ] } },
{ "type": "Feature", "properties": { "ID0": "1230", "NOME_USP1": "ASSOCIAÇÃO COMUNITÁRIA BENEFICENTE DE PEDREGAL", "NOME_UG2": "CARITAS BRASILEIRA", "TIPO3": "FORMAL", "LOTE4": "LOTE 35", "ENDERECO5": "RUA FRANCISCO JOSÉ ARAGÃO E SILVA", "NUMERO6": "587", "BAIRRO_L7": "PEDREGAL", "DISTRITO8": "SANTANA DO ACARAÚ", "MUNICIPI9": "SANTANA DO ACARAÚ", "CEP10": "62150-000", "REGIAO_D11": "SERTÃO DE SOBRAL", "SETOR_IB12": "URBANA", "DATA_DE_13": "2024-07-11", "TIPO_DE_14": "CAGECE - COMPANHIA DE ÁGUA E ESGOTO DO ESTADO DO CEARÁ", "DESIGNAC15": null, "LATITUDE16": "-3.46023", "LONGITUD17": "-40.199286", "OBS18": "COORDENADAS APROXIMADAS", "CONTAGEM19": "1" }, "geometry": { "type": "Point", "coordinates": [ -40.199286, -3.46023 ] } },
{ "type": "Feature", "properties": { "ID0": "1231", "NOME_USP1": "ASSOCIAÇÃO COMUNITÁRIA DE PAU D'ARQUINHO E VERTENTE", "NOME_UG2": "SOCIEDADE DE APOIO A FAMÍLIA SOBRALENSE - SAFS", "TIPO3": "FORMAL", "LOTE4": "LOTE 33", "ENDERECO5": "VILA PAU D'ARCO", "NUMERO6": "0", "BAIRRO_L7": "APRAZÍVEL", "DISTRITO8": "SOBRAL", "MUNICIPI9": "SOBRAL", "CEP10": "62114-000", "REGIAO_D11": "SERTÃO DE SOBRAL", "SETOR_IB12": "RURAL", "DATA_DE_13": "2024-07-11", "TIPO_DE_14": "SAAE - SERVIÇO AUTÔNOMO DE ÁGUA E ESGOTO", "DESIGNAC15": null, "LATITUDE16": "-3.716643", "LONGITUD17": "-40.565472", "OBS18": "COORDENADAS APROXIMADAS", "CONTAGEM19": "1" }, "geometry": { "type": "Point", "coordinates": [ -40.565472, -3.716643 ] } },
{ "type": "Feature", "properties": { "ID0": "1232", "NOME_USP1": "COZINHA SOLIDÁRIA DE JACARECOARA", "NOME_UG2": "ASSOCIAÇÃO CURUMINS", "TIPO3": "INFORMAL", "LOTE4": "LOTE 15", "ENDERECO5": "RUA VIRGILIO UCHOA", "NUMERO6": "610", "BAIRRO_L7": "JACARECOARA", "DISTRITO8": "CASCAVEL", "MUNICIPI9": "CASCAVEL", "CEP10": "62850-000", "REGIAO_D11": "GRANDE FORTALEZA", "SETOR_IB12": "URBANA", "DATA_DE_13": "2024-07-24", "TIPO_DE_14": "CAGECE - COMPANHIA DE ÁGUA E ESGOTO DO ESTADO DO CEARÁ", "DESIGNAC15": null, "LATITUDE16": "-4.118741", "LONGITUD17": "-38.174565", "OBS18": "COORDENADAS APROXIMADAS", "CONTAGEM19": "1" }, "geometry": { "type": "Point", "coordinates": [ -38.174565, -4.118741 ] } },
{ "type": "Feature", "properties": { "ID0": "1233", "NOME_USP1": "SABOR DE MÃE", "NOME_UG2": "ASSOCIAÇÃO UNIÃO DE JOVENS VICENTE PINZON", "TIPO3": "INFORMAL", "LOTE4": "LOTE 3", "ENDERECO5": "RUA DO MANZUÁ", "NUMERO6": "85", "BAIRRO_L7": "VICENTE PINZON", "DISTRITO8": "FORTALEZA", "MUNICIPI9": "FORTALEZA", "CEP10": "60181-180", "REGIAO_D11": "GRANDE FORTALEZA", "SETOR_IB12": "URBANA", "DATA_DE_13": "2024-07-15", "TIPO_DE_14": "CAGECE - COMPANHIA DE ÁGUA E ESGOTO DO ESTADO DO CEARÁ", "DESIGNAC15": null, "LATITUDE16": "-3.728047", "LONGITUD17": "-38.473676", "OBS18": "COORDENADAS APROXIMADAS", "CONTAGEM19": "1" }, "geometry": { "type": "Point", "coordinates": [ -38.473676, -3.728047 ] } },
{ "type": "Feature", "properties": { "ID0": "1237", "NOME_USP1": "CEBS JOANA D'ARCK MÃOS QUE DOAM", "NOME_UG2": "ASSOCIAÇÃO UNIÃO DE JOVENS VICENTE PINZON", "TIPO3": "INFORMAL", "LOTE4": "LOTE 3", "ENDERECO5": "RUA PAULO CRISPIM", "NUMERO6": "81", "BAIRRO_L7": "VICENTE PINZON", "DISTRITO8": "FORTALEZA", "MUNICIPI9": "FORTALEZA", "CEP10": "60181-425", "REGIAO_D11": "GRANDE FORTALEZA", "SETOR_IB12": "URBANA", "DATA_DE_13": "2024-07-15", "TIPO_DE_14": "CAGECE - COMPANHIA DE ÁGUA E ESGOTO DO ESTADO DO CEARÁ", "DESIGNAC15": null, "LATITUDE16": "-3.729062", "LONGITUD17": "-38.472644", "OBS18": "COORDENADAS APROXIMADAS", "CONTAGEM19": "1" }, "geometry": { "type": "Point", "coordinates": [ -38.472644, -3.729062 ] } },
{ "type": "Feature", "properties": { "ID0": "1442", "NOME_USP1": "COZINHA COMUNITÁRIA QUINDERÉ", "NOME_UG2": "IMBRA", "TIPO3": "INFORMAL", "LOTE4": "LOTE 17", "ENDERECO5": "QUINDERÉ", "NUMERO6": "0", "BAIRRO_L7": "QUINDERÉ", "DISTRITO8": "ARACATI", "MUNICIPI9": "ARACATI", "CEP10": "62800-000", "REGIAO_D11": "LITORAL LESTE", "SETOR_IB12": "RURAL", "DATA_DE_13": "2024-11-04", "TIPO_DE_14": "CISTERNA", "DESIGNAC15": null, "LATITUDE16": "-4.664204", "LONGITUD17": "-37.706019", "OBS18": "COORDENADAS APROXIMADAS", "CONTAGEM19": "1" }, "geometry": { "type": "Point", "coordinates": [ -37.706019, -4.664204 ] } },
{ "type": "Feature", "properties": { "ID0": "1242", "NOME_USP1": "ASSEMBLEIA DE DEUS ECLÉSIA ALFA E ÔMEGA", "NOME_UG2": "ASSOCIAÇÃO CURUMINS", "TIPO3": "INFORMAL", "LOTE4": "LOTE 15", "ENDERECO5": "RUA LUIZ INÁCIO DE SOUSA", "NUMERO6": "607", "BAIRRO_L7": "PLANALTO HORIZONTE", "DISTRITO8": "HORIZONTE", "MUNICIPI9": "HORIZONTE", "CEP10": "62884-010", "REGIAO_D11": "GRANDE FORTALEZA", "SETOR_IB12": "URBANA", "DATA_DE_13": "2024-07-26", "TIPO_DE_14": "CAGECE - COMPANHIA DE ÁGUA E ESGOTO DO ESTADO DO CEARÁ", "DESIGNAC15": null, "LATITUDE16": "-4.105775", "LONGITUD17": "-38.486758", "OBS18": "COORDENADAS APROXIMADAS", "CONTAGEM19": "1" }, "geometry": { "type": "Point", "coordinates": [ -38.486758, -4.105775 ] } },
{ "type": "Feature", "properties": { "ID0": "1243", "NOME_USP1": "COZINHA COMUNIDADE DAS ZAREIAS", "NOME_UG2": "ASSOCIAÇÃO UNIÃO DE JOVENS VICENTE PINZON", "TIPO3": "INFORMAL", "LOTE4": "LOTE 3", "ENDERECO5": "RUA JOAQUIM LIMA", "NUMERO6": "1510", "BAIRRO_L7": "PAPICU", "DISTRITO8": "FORTALEZA", "MUNICIPI9": "FORTALEZA", "CEP10": "60175-005", "REGIAO_D11": "GRANDE FORTALEZA", "SETOR_IB12": "URBANA", "DATA_DE_13": "2024-07-15", "TIPO_DE_14": "INFORMAÇÃO NÃO COLETADA", "DESIGNAC15": null, "LATITUDE16": "-3.743355", "LONGITUD17": "-38.473543", "OBS18": "COORDENADAS APROXIMADAS", "CONTAGEM19": "1" }, "geometry": { "type": "Point", "coordinates": [ -38.473543, -3.743355 ] } },
{ "type": "Feature", "properties": { "ID0": "1244", "NOME_USP1": "AMIGOS SOLIDÁRIOS", "NOME_UG2": "INSTITUTO INDACE", "TIPO3": "INFORMAL", "LOTE4": "LOTE 12", "ENDERECO5": "RUA FRANÇA", "NUMERO6": "9", "BAIRRO_L7": "PARQUE DAS NAÇÕES (JUREMA)", "DISTRITO8": "CAUCAIA", "MUNICIPI9": "CAUCAIA", "CEP10": "61642-180", "REGIAO_D11": "GRANDE FORTALEZA", "SETOR_IB12": "URBANA", "DATA_DE_13": "2024-07-10", "TIPO_DE_14": "CAGECE - COMPANHIA DE ÁGUA E ESGOTO DO ESTADO DO CEARÁ", "DESIGNAC15": null, "LATITUDE16": "-3.744256", "LONGITUD17": "-38.606899", "OBS18": "COORDENADAS APROXIMADAS", "CONTAGEM19": "1" }, "geometry": { "type": "Point", "coordinates": [ -38.606899, -3.744256 ] } },
{ "type": "Feature", "properties": { "ID0": "1246", "NOME_USP1": "ASSOCIAÇÃO DOS PRODUTORES DO ASSENTAMENTO UNIÃO", "NOME_UG2": "ASSOCIAÇÃO CURUMINS", "TIPO3": "FORMAL", "LOTE4": "LOTE 15", "ENDERECO5": "AC ANINGAS", "NUMERO6": "1306", "BAIRRO_L7": "ANINGÁS", "DISTRITO8": "DOURADOS", "MUNICIPI9": "HORIZONTE", "CEP10": "62897-000", "REGIAO_D11": "GRANDE FORTALEZA", "SETOR_IB12": "URBANA", "DATA_DE_13": "2024-07-26", "TIPO_DE_14": "CAGECE - COMPANHIA DE ÁGUA E ESGOTO DO ESTADO DO CEARÁ", "DESIGNAC15": null, "LATITUDE16": "-4.095195", "LONGITUD17": "-38.48676", "OBS18": "COORDENADAS APROXIMADAS", "CONTAGEM19": "1" }, "geometry": { "type": "Point", "coordinates": [ -38.48676, -4.095195 ] } },
{ "type": "Feature", "properties": { "ID0": "1247", "NOME_USP1": "ASSOCIAÇÃO DO BAIRRO JOÃO ALFREDO", "NOME_UG2": "CARITAS BRASILEIRA", "TIPO3": "FORMAL", "LOTE4": "LOTE 35", "ENDERECO5": "RUA DOUTOR MANOEL JOAQUIM", "NUMERO6": "0", "BAIRRO_L7": "JOÃO ALFREDO DE ARAÚJO", "DISTRITO8": "SANTANA DO ACARAÚ", "MUNICIPI9": "SANTANA DO ACARAÚ", "CEP10": "62150-000", "REGIAO_D11": "SERTÃO DE SOBRAL", "SETOR_IB12": "URBANA", "DATA_DE_13": "2024-07-11", "TIPO_DE_14": "CAGECE - COMPANHIA DE ÁGUA E ESGOTO DO ESTADO DO CEARÁ", "DESIGNAC15": null, "LATITUDE16": "-3.471012", "LONGITUD17": "-40.21232", "OBS18": "COORDENADAS APROXIMADAS", "CONTAGEM19": "1" }, "geometry": { "type": "Point", "coordinates": [ -40.21232, -3.471012 ] } },
{ "type": "Feature", "properties": { "ID0": "1248", "NOME_USP1": "COZINHA VÓ ZULMIRA", "NOME_UG2": "ASSOCIAÇÃO DOS EDUCADORES POPULARES DO CEARÁ", "TIPO3": "INFORMAL", "LOTE4": "LOTE 39", "ENDERECO5": "RUA MANOEL ANASTÁCIO", "NUMERO6": "2118", "BAIRRO_L7": "ARUARU", "DISTRITO8": "MORADA NOVA", "MUNICIPI9": "MORADA NOVA", "CEP10": "62940-000", "REGIAO_D11": "VALE DO JAGUARIBE", "SETOR_IB12": "URBANA", "DATA_DE_13": "2024-04-08", "TIPO_DE_14": "SAAE - SERVIÇO AUTÔNOMO DE ÁGUA E ESGOTO", "DESIGNAC15": null, "LATITUDE16": "-4.578984", "LONGITUD17": "-38.363726", "OBS18": "COORDENADAS APROXIMADAS", "CONTAGEM19": "1" }, "geometry": { "type": "Point", "coordinates": [ -38.363726, -4.578984 ] } },
{ "type": "Feature", "properties": { "ID0": "1250", "NOME_USP1": "COZINHA SOLIDÁRIA DO MIRANTE", "NOME_UG2": "ASSOCIAÇÃO CURUMINS", "TIPO3": "INFORMAL", "LOTE4": "LOTE 15", "ENDERECO5": "VEREADOR FRANCISCO DE HOLANDA MARQUES", "NUMERO6": "2364", "BAIRRO_L7": "LOTEAMENTO MIRANTE", "DISTRITO8": "CASCAVEL", "MUNICIPI9": "CASCAVEL", "CEP10": "62850-000", "REGIAO_D11": "GRANDE FORTALEZA", "SETOR_IB12": "URBANA", "DATA_DE_13": "2024-07-24", "TIPO_DE_14": "CAGECE - COMPANHIA DE ÁGUA E ESGOTO DO ESTADO DO CEARÁ", "DESIGNAC15": null, "LATITUDE16": "-4.143777", "LONGITUD17": "-38.252575", "OBS18": "COORDENADAS APROXIMADAS", "CONTAGEM19": "1" }, "geometry": { "type": "Point", "coordinates": [ -38.252575, -4.143777 ] } },
{ "type": "Feature", "properties": { "ID0": "1251", "NOME_USP1": "ASSOCIAÇÃO COMUNITÁRIA DOS AGRICULTORES E APICULTORES DO DISTRITO SÃO JOSÉ", "NOME_UG2": "ORGANIZACAO BARREIRA AMIGOS SOLIDARIOS", "TIPO3": "FORMAL", "LOTE4": "LOTE 27", "ENDERECO5": "RUA FERNANDES BASTOS", "NUMERO6": "442", "BAIRRO_L7": "NOSSA SENHORA DE FÁTIMA", "DISTRITO8": "SABOEIRO", "MUNICIPI9": "SABOEIRO", "CEP10": "63590-000", "REGIAO_D11": "CENTRO SUL", "SETOR_IB12": "URBANA", "DATA_DE_13": "2024-04-08", "TIPO_DE_14": "CAGECE - COMPANHIA DE ÁGUA E ESGOTO DO ESTADO DO CEARÁ", "DESIGNAC15": null, "LATITUDE16": "-6.645498", "LONGITUD17": "-39.787216", "OBS18": "COORDENADAS APROXIMADAS", "CONTAGEM19": "1" }, "geometry": { "type": "Point", "coordinates": [ -39.787216, -6.645498 ] } },
{ "type": "Feature", "properties": { "ID0": "1252", "NOME_USP1": "COZINHA SOLIDARIA JARDIM", "NOME_UG2": "COOPERATIVA DE TRABALHO PRESTADORA DE SERVIÇOS DE ASSESSORIA TÉCNICA - COPASAT LTDA", "TIPO3": "INFORMAL", "LOTE4": "LOTE 38", "ENDERECO5": "JARDIM", "NUMERO6": "0", "BAIRRO_L7": "ZONA RURAL", "DISTRITO8": "QUITERIANÓPOLIS", "MUNICIPI9": "QUITERIANÓPOLIS", "CEP10": "63650-000", "REGIAO_D11": "SERTÃO DOS INHAMUNS", "SETOR_IB12": "RURAL", "DATA_DE_13": "2024-07-15", "TIPO_DE_14": "CARRO PIPA", "DESIGNAC15": null, "LATITUDE16": "-5.921305", "LONGITUD17": "-40.839438", "OBS18": "COORDENADAS APROXIMADAS", "CONTAGEM19": "1" }, "geometry": { "type": "Point", "coordinates": [ -40.839438, -5.921305 ] } },
{ "type": "Feature", "properties": { "ID0": "1254", "NOME_USP1": "COZINHA NOSSA SENHORA DAS GRAÇAS", "NOME_UG2": "ORGANIZACAO BARREIRA AMIGOS SOLIDARIOS", "TIPO3": "INFORMAL", "LOTE4": "LOTE 27", "ENDERECO5": "RUA D", "NUMERO6": "1", "BAIRRO_L7": "PLANALTO DOS LEMOS", "DISTRITO8": "CEDRO", "MUNICIPI9": "CEDRO", "CEP10": "63400-000", "REGIAO_D11": "CENTRO SUL", "SETOR_IB12": "URBANA", "DATA_DE_13": "2024-04-05", "TIPO_DE_14": "CAGECE - COMPANHIA DE ÁGUA E ESGOTO DO ESTADO DO CEARÁ", "DESIGNAC15": null, "LATITUDE16": "-6.627411", "LONGITUD17": "-39.060719", "OBS18": "COORDENADAS APROXIMADAS", "CONTAGEM19": "1" }, "geometry": { "type": "Point", "coordinates": [ -39.060719, -6.627411 ] } },
{ "type": "Feature", "properties": { "ID0": "1255", "NOME_USP1": "ASSOCIAÇÃO COMUNITÁRIA DOS MORADORES DE MUMBABA DE CIMA", "NOME_UG2": "CARITAS BRASILEIRA", "TIPO3": "FORMAL", "LOTE4": "LOTE 35", "ENDERECO5": "RUA MUMBABA DE CIMA", "NUMERO6": "142", "BAIRRO_L7": "MUMBABA DE CIMA", "DISTRITO8": "MUMBABA", "MUNICIPI9": "MASSAPÊ", "CEP10": "62140-000", "REGIAO_D11": "SERTÃO DE SOBRAL", "SETOR_IB12": "RURAL", "DATA_DE_13": "2024-07-12", "TIPO_DE_14": "CAGECE - COMPANHIA DE ÁGUA E ESGOTO DO ESTADO DO CEARÁ", "DESIGNAC15": null, "LATITUDE16": "-3.594346", "LONGITUD17": "-40.351108", "OBS18": "COORDENADAS APROXIMADAS", "CONTAGEM19": "1" }, "geometry": { "type": "Point", "coordinates": [ -40.351108, -3.594346 ] } },
{ "type": "Feature", "properties": { "ID0": "1256", "NOME_USP1": "COZINHA SOLIDARIA DOM FRAGOSO", "NOME_UG2": "CARITAS DIOCESANA DE CRATÉUS - CDC", "TIPO3": "INFORMAL", "LOTE4": "LOTE 36", "ENDERECO5": "AV VERA MOURÃO (D.F. 01)", "NUMERO6": "571", "BAIRRO_L7": "CAJAS", "DISTRITO8": "CRATEÚS", "MUNICIPI9": "CRATEÚS", "CEP10": "63705-265", "REGIAO_D11": "SERTÃO DOS CRATEÚS", "SETOR_IB12": "URBANA", "DATA_DE_13": "2024-07-15", "TIPO_DE_14": "CAGECE - COMPANHIA DE ÁGUA E ESGOTO DO ESTADO DO CEARÁ", "DESIGNAC15": null, "LATITUDE16": "-5.160239", "LONGITUD17": "-40.66251", "OBS18": "COORDENADAS APROXIMADAS", "CONTAGEM19": "1" }, "geometry": { "type": "Point", "coordinates": [ -40.66251, -5.160239 ] } },
{ "type": "Feature", "properties": { "ID0": "1257", "NOME_USP1": "INSTITUTO PROJETO NOBRE - SEDE 1", "NOME_UG2": "ASSOCIAÇÃO CURUMINS", "TIPO3": "FORMAL", "LOTE4": "LOTE 15", "ENDERECO5": "RUA IDALINA RIBEIRO DE SOUZA", "NUMERO6": "7", "BAIRRO_L7": "TIMBÚ", "DISTRITO8": "EUSÉBIO", "MUNICIPI9": "EUSÉBIO", "CEP10": "61760-000", "REGIAO_D11": "GRANDE FORTALEZA", "SETOR_IB12": "URBANA", "DATA_DE_13": "2024-07-24", "TIPO_DE_14": "CAGECE - COMPANHIA DE ÁGUA E ESGOTO DO ESTADO DO CEARÁ", "DESIGNAC15": null, "LATITUDE16": "-3.859945", "LONGITUD17": "-38.434634", "OBS18": "COORDENADAS APROXIMADAS", "CONTAGEM19": "1" }, "geometry": { "type": "Point", "coordinates": [ -38.434634, -3.859945 ] } },
{ "type": "Feature", "properties": { "ID0": "1258", "NOME_USP1": "COZINHA SOLIDÁRIA CANTINHO DO SABOR", "NOME_UG2": "CONSELHO COMUNITÁRIO DO PARQUE SÃO JOSÉ", "TIPO3": "INFORMAL", "LOTE4": "LOTE 10", "ENDERECO5": "RUA TENENTE BOTELHO", "NUMERO6": "591", "BAIRRO_L7": "MONDUBIM", "DISTRITO8": "FORTALEZA", "MUNICIPI9": "FORTALEZA", "CEP10": "60761-530", "REGIAO_D11": "GRANDE FORTALEZA", "SETOR_IB12": "URBANA", "DATA_DE_13": "2024-07-16", "TIPO_DE_14": "CAGECE - COMPANHIA DE ÁGUA E ESGOTO DO ESTADO DO CEARÁ", "DESIGNAC15": null, "LATITUDE16": "-3.813636", "LONGITUD17": "-38.563088", "OBS18": "COORDENADAS APROXIMADAS", "CONTAGEM19": "1" }, "geometry": { "type": "Point", "coordinates": [ -38.563088, -3.813636 ] } },
{ "type": "Feature", "properties": { "ID0": "1259", "NOME_USP1": "PADRE IBIAPINA", "NOME_UG2": "INSTITUTO ELO AMIGO", "TIPO3": "INFORMAL", "LOTE4": "LOTE 26", "ENDERECO5": "PRAÇA SANTANA MONTENEGRO", "NUMERO6": "0", "BAIRRO_L7": "JOSÉ DE ALENCAR", "DISTRITO8": "IGUATU", "MUNICIPI9": "IGUATU", "CEP10": "63514-000", "REGIAO_D11": "CENTRO SUL", "SETOR_IB12": "URBANA", "DATA_DE_13": "2024-07-15", "TIPO_DE_14": "SAAE - SERVIÇO AUTÔNOMO DE ÁGUA E ESGOTO", "DESIGNAC15": null, "LATITUDE16": "-6.401605", "LONGITUD17": "-39.168135", "OBS18": "COORDENADAS APROXIMADAS", "CONTAGEM19": "1" }, "geometry": { "type": "Point", "coordinates": [ -39.168135, -6.401605 ] } },
{ "type": "Feature", "properties": { "ID0": "1260", "NOME_USP1": "MARAPONGA DA GENTE", "NOME_UG2": "CONSELHO COMUNITÁRIO DO PARQUE SÃO JOSÉ", "TIPO3": "INFORMAL", "LOTE4": "LOTE 10", "ENDERECO5": "RUA ALTAIR", "NUMERO6": "632", "BAIRRO_L7": "MARAPONGA", "DISTRITO8": "FORTALEZA", "MUNICIPI9": "FORTALEZA", "CEP10": "60711-010", "REGIAO_D11": "GRANDE FORTALEZA", "SETOR_IB12": "URBANA", "DATA_DE_13": "2024-07-16", "TIPO_DE_14": "CAGECE - COMPANHIA DE ÁGUA E ESGOTO DO ESTADO DO CEARÁ", "DESIGNAC15": null, "LATITUDE16": "-3.794701", "LONGITUD17": "-38.566907", "OBS18": "COORDENADAS APROXIMADAS", "CONTAGEM19": "1" }, "geometry": { "type": "Point", "coordinates": [ -38.566907, -3.794701 ] } },
{ "type": "Feature", "properties": { "ID0": "1262", "NOME_USP1": "CAPELA NOSSA SENHORA DE FÁTIMA", "NOME_UG2": "INSTITUTO DE DESENVOLVIMENTO E SOLIDARIEDADE", "TIPO3": "INFORMAL", "LOTE4": "LOTE 7", "ENDERECO5": "RUA CAPITÃO GUTEMBERG", "NUMERO6": "355", "BAIRRO_L7": "CIDADE DOS FUNCIONÁRIOS", "DISTRITO8": "FORTALEZA", "MUNICIPI9": "FORTALEZA", "CEP10": "60823-050", "REGIAO_D11": "GRANDE FORTALEZA", "SETOR_IB12": "URBANA", "DATA_DE_13": "2024-07-23", "TIPO_DE_14": "CAGECE - COMPANHIA DE ÁGUA E ESGOTO DO ESTADO DO CEARÁ", "DESIGNAC15": null, "LATITUDE16": "-3.789184", "LONGITUD17": "-38.507539", "OBS18": "COORDENADAS APROXIMADAS", "CONTAGEM19": "1" }, "geometry": { "type": "Point", "coordinates": [ -38.507539, -3.789184 ] } },
{ "type": "Feature", "properties": { "ID0": "1263", "NOME_USP1": "COZINHA AJUDANDO AO PRÓXIMO", "NOME_UG2": "INSTITUTO DE DESENVOLVIMENTO E SOLIDARIEDADE", "TIPO3": "INFORMAL", "LOTE4": "LOTE 7", "ENDERECO5": "TRAVESSA CAPRICHO", "NUMERO6": "5", "BAIRRO_L7": "CURIÓ", "DISTRITO8": "FORTALEZA", "MUNICIPI9": "FORTALEZA", "CEP10": "60844-220", "REGIAO_D11": "GRANDE FORTALEZA", "SETOR_IB12": "URBANA", "DATA_DE_13": "2024-07-23", "TIPO_DE_14": "CAGECE - COMPANHIA DE ÁGUA E ESGOTO DO ESTADO DO CEARÁ", "DESIGNAC15": null, "LATITUDE16": "-3.823927", "LONGITUD17": "-38.476474", "OBS18": "COORDENADAS APROXIMADAS", "CONTAGEM19": "1" }, "geometry": { "type": "Point", "coordinates": [ -38.476474, -3.823927 ] } },
{ "type": "Feature", "properties": { "ID0": "1264", "NOME_USP1": "ASSOCIAÇÃO COMUNITÁRIA AMAURI LOPES", "NOME_UG2": "SOCIEDADE DE APOIO A FAMÍLIA SOBRALENSE - SAFS", "TIPO3": "FORMAL", "LOTE4": "LOTE 33", "ENDERECO5": "VÁRZEA DA COBRA", "NUMERO6": "0", "BAIRRO_L7": "ZONA RURAL", "DISTRITO8": "FORQUILHA", "MUNICIPI9": "FORQUILHA", "CEP10": "62115-000", "REGIAO_D11": "SERTÃO DE SOBRAL", "SETOR_IB12": "RURAL", "DATA_DE_13": "2024-07-15", "TIPO_DE_14": "SISAR - SISTEMA INTEGRADO DE SANEAMENTO RURAL", "DESIGNAC15": null, "LATITUDE16": "-3.853384", "LONGITUD17": "-40.283995", "OBS18": "COORDENADAS APROXIMADAS", "CONTAGEM19": "1" }, "geometry": { "type": "Point", "coordinates": [ -40.283995, -3.853384 ] } },
{ "type": "Feature", "properties": { "ID0": "1265", "NOME_USP1": "MULHERES PRODUTIVAS", "NOME_UG2": "SOCIEDADE DE APOIO A FAMÍLIA SOBRALENSE - SAFS", "TIPO3": "INFORMAL", "LOTE4": "LOTE 33", "ENDERECO5": "CARAÚNO", "NUMERO6": "0", "BAIRRO_L7": "TRAPIÁ", "DISTRITO8": "TRAPIÁ", "MUNICIPI9": "FORQUILHA", "CEP10": "62115-000", "REGIAO_D11": "SERTÃO DE SOBRAL", "SETOR_IB12": "RURAL", "DATA_DE_13": "2024-07-15", "TIPO_DE_14": "SISAR - SISTEMA INTEGRADO DE SANEAMENTO RURAL", "DESIGNAC15": null, "LATITUDE16": "-3.942535", "LONGITUD17": "-40.241799", "OBS18": "COORDENADAS APROXIMADAS", "CONTAGEM19": "1" }, "geometry": { "type": "Point", "coordinates": [ -40.241799, -3.942535 ] } },
{ "type": "Feature", "properties": { "ID0": "1266", "NOME_USP1": "INSTITUTO SEMENTE DE PROMOCAO DA CIDADANIA E INCLUSAO SOCIAL - FILIAL", "NOME_UG2": "INSTITUTO SEMENTES DA SUSTENTABILIDADE - ISS", "TIPO3": "FORMAL", "LOTE4": "LOTE 24", "ENDERECO5": "RUA VILA PADRE CICERO", "NUMERO6": "0", "BAIRRO_L7": "VILA PADRE CICERO", "DISTRITO8": "MILAGRES", "MUNICIPI9": "MILAGRES", "CEP10": "63250-000", "REGIAO_D11": "CARIRI", "SETOR_IB12": "URBANA", "DATA_DE_13": "2024-07-10", "TIPO_DE_14": "CAGECE - COMPANHIA DE ÁGUA E ESGOTO DO ESTADO DO CEARÁ", "DESIGNAC15": null, "LATITUDE16": "-7.339868", "LONGITUD17": "-38.937015", "OBS18": "COORDENADAS APROXIMADAS", "CONTAGEM19": "1" }, "geometry": { "type": "Point", "coordinates": [ -38.937015, -7.339868 ] } },
{ "type": "Feature", "properties": { "ID0": "1267", "NOME_USP1": "COZINHA POPULAR SANTA DULCE", "NOME_UG2": "SOCIEDADE DE APOIO A FAMÍLIA SOBRALENSE - SAFS", "TIPO3": "INFORMAL", "LOTE4": "LOTE 33", "ENDERECO5": "RUA CURIÓ", "NUMERO6": "0", "BAIRRO_L7": "NOVA CAIÇARA", "DISTRITO8": "SOBRAL", "MUNICIPI9": "SOBRAL", "CEP10": "62031-345", "REGIAO_D11": "SERTÃO DE SOBRAL", "SETOR_IB12": "URBANA", "DATA_DE_13": "2024-07-12", "TIPO_DE_14": "SAAE - SERVIÇO AUTÔNOMO DE ÁGUA E ESGOTO", "DESIGNAC15": null, "LATITUDE16": "-3.667212", "LONGITUD17": "-40.377332", "OBS18": "COORDENADAS APROXIMADAS", "CONTAGEM19": "1" }, "geometry": { "type": "Point", "coordinates": [ -40.377332, -3.667212 ] } },
{ "type": "Feature", "properties": { "ID0": "1268", "NOME_USP1": "COZINHA DO PARQUE QUANDÚ", "NOME_UG2": "INSTITUTO SOS PERIFERIA - ISOP", "TIPO3": "INFORMAL", "LOTE4": "LOTE 14", "ENDERECO5": "AVENIDA ADALTO MEDEIROS", "NUMERO6": "20", "BAIRRO_L7": "QUANDU", "DISTRITO8": "PACATUBA", "MUNICIPI9": "PACATUBA", "CEP10": "61800-125", "REGIAO_D11": "GRANDE FORTALEZA", "SETOR_IB12": "URBANA", "DATA_DE_13": "2024-07-23", "TIPO_DE_14": "POÇO", "DESIGNAC15": null, "LATITUDE16": "-4.008193", "LONGITUD17": "-38.621569", "OBS18": "COORDENADAS APROXIMADAS", "CONTAGEM19": "1" }, "geometry": { "type": "Point", "coordinates": [ -38.621569, -4.008193 ] } },
{ "type": "Feature", "properties": { "ID0": "1269", "NOME_USP1": "COZINHA WESLEN MONÇÃO", "NOME_UG2": "SOCIEDADE DE APOIO A FAMÍLIA SOBRALENSE - SAFS", "TIPO3": "INFORMAL", "LOTE4": "LOTE 33", "ENDERECO5": "RUA H", "NUMERO6": "46", "BAIRRO_L7": "COHAB 1", "DISTRITO8": "SOBRAL", "MUNICIPI9": "SOBRAL", "CEP10": "00000-000", "REGIAO_D11": "SERTÃO DE SOBRAL", "SETOR_IB12": "URBANA", "DATA_DE_13": "2024-07-12", "TIPO_DE_14": "SAAE - SERVIÇO AUTÔNOMO DE ÁGUA E ESGOTO", "DESIGNAC15": null, "LATITUDE16": "-3.689423", "LONGITUD17": "-40.348276", "OBS18": "COORDENADAS APROXIMADAS", "CONTAGEM19": "1" }, "geometry": { "type": "Point", "coordinates": [ -40.348276, -3.689423 ] } },
{ "type": "Feature", "properties": { "ID0": "1270", "NOME_USP1": "CEBS VICENTE PINZON NOVO RUMO", "NOME_UG2": "ASSOCIAÇÃO UNIÃO DE JOVENS VICENTE PINZON", "TIPO3": "INFORMAL", "LOTE4": "LOTE 3", "ENDERECO5": "RUA CENTRAL", "NUMERO6": "970", "BAIRRO_L7": "VICENTE PINZON", "DISTRITO8": "FORTALEZA", "MUNICIPI9": "FORTALEZA", "CEP10": "60181-832", "REGIAO_D11": "GRANDE FORTALEZA", "SETOR_IB12": "URBANA", "DATA_DE_13": "2024-07-15", "TIPO_DE_14": "CAGECE - COMPANHIA DE ÁGUA E ESGOTO DO ESTADO DO CEARÁ", "DESIGNAC15": null, "LATITUDE16": "-3.729062", "LONGITUD17": "-38.472644", "OBS18": "COORDENADAS APROXIMADAS", "CONTAGEM19": "1" }, "geometry": { "type": "Point", "coordinates": [ -38.472644, -3.729062 ] } },
{ "type": "Feature", "properties": { "ID0": "1271", "NOME_USP1": "COZINHA CAMPO DO AMÉRICA", "NOME_UG2": "ASSOCIAÇÃO UNIÃO DE JOVENS VICENTE PINZON", "TIPO3": "INFORMAL", "LOTE4": "LOTE 3", "ENDERECO5": "RUA JOSÉ VILAR", "NUMERO6": "581", "BAIRRO_L7": "MEIRELES", "DISTRITO8": "FORTALEZA", "MUNICIPI9": "FORTALEZA", "CEP10": "60125-000", "REGIAO_D11": "GRANDE FORTALEZA", "SETOR_IB12": "URBANA", "DATA_DE_13": "2024-07-15", "TIPO_DE_14": "CAGECE - COMPANHIA DE ÁGUA E ESGOTO DO ESTADO DO CEARÁ", "DESIGNAC15": null, "LATITUDE16": "-3.730504", "LONGITUD17": "-38.502958", "OBS18": "COORDENADAS APROXIMADAS", "CONTAGEM19": "1" }, "geometry": { "type": "Point", "coordinates": [ -38.502958, -3.730504 ] } },
{ "type": "Feature", "properties": { "ID0": "1272", "NOME_USP1": "INSTITUTO DE DESENVOLVIMENTO HUMANO E SOCIAL - IDHS (CIDADE DOS FUNCIONÁRIOS)", "NOME_UG2": "INSTITUTO DE DESENVOLVIMENTO E SOLIDARIEDADE", "TIPO3": "FORMAL", "LOTE4": "LOTE 7", "ENDERECO5": "RUA JOSÉ NASCIMENTO", "NUMERO6": "680", "BAIRRO_L7": "CIDADE DOS FUNCIONÁRIOS", "DISTRITO8": "FORTALEZA", "MUNICIPI9": "FORTALEZA", "CEP10": "60115-055", "REGIAO_D11": "GRANDE FORTALEZA", "SETOR_IB12": "URBANA", "DATA_DE_13": "2024-07-23", "TIPO_DE_14": "CAGECE - COMPANHIA DE ÁGUA E ESGOTO DO ESTADO DO CEARÁ", "DESIGNAC15": null, "LATITUDE16": "-3.78983", "LONGITUD17": "-38.503929", "OBS18": "COORDENADAS APROXIMADAS", "CONTAGEM19": "1" }, "geometry": { "type": "Point", "coordinates": [ -38.503929, -3.78983 ] } },
{ "type": "Feature", "properties": { "ID0": "1273", "NOME_USP1": "INSTITUTO DIANA FREIRE", "NOME_UG2": "CONSELHO COMUNITÁRIO DO PARQUE SÃO JOSÉ", "TIPO3": "INFORMAL", "LOTE4": "LOTE 10", "ENDERECO5": "RUA PORTO PRÍNCIPE", "NUMERO6": "940", "BAIRRO_L7": "PARQUE SANTA ROSA", "DISTRITO8": "FORTALEZA", "MUNICIPI9": "FORTALEZA", "CEP10": "60762-755", "REGIAO_D11": "GRANDE FORTALEZA", "SETOR_IB12": "URBANA", "DATA_DE_13": "2024-07-16", "TIPO_DE_14": "CAGECE - COMPANHIA DE ÁGUA E ESGOTO DO ESTADO DO CEARÁ", "DESIGNAC15": null, "LATITUDE16": "-3.818584", "LONGITUD17": "-38.599751", "OBS18": "COORDENADAS APROXIMADAS", "CONTAGEM19": "1" }, "geometry": { "type": "Point", "coordinates": [ -38.599751, -3.818584 ] } },
{ "type": "Feature", "properties": { "ID0": "1274", "NOME_USP1": "COZINHA COMUNIDADE DOS TRILHOS", "NOME_UG2": "ASSOCIAÇÃO UNIÃO DE JOVENS VICENTE PINZON", "TIPO3": "INFORMAL", "LOTE4": "LOTE 3", "ENDERECO5": "RUA HENRIQUETA GALENO", "NUMERO6": "4500", "BAIRRO_L7": "COCÓ", "DISTRITO8": "FORTALEZA", "MUNICIPI9": "FORTALEZA", "CEP10": "60135-420", "REGIAO_D11": "GRANDE FORTALEZA", "SETOR_IB12": "URBANA", "DATA_DE_13": "2024-07-15", "TIPO_DE_14": "CAGECE - COMPANHIA DE ÁGUA E ESGOTO DO ESTADO DO CEARÁ", "DESIGNAC15": null, "LATITUDE16": "-3.746426", "LONGITUD17": "-38.496448", "OBS18": "COORDENADAS APROXIMADAS", "CONTAGEM19": "1" }, "geometry": { "type": "Point", "coordinates": [ -38.496448, -3.746426 ] } },
{ "type": "Feature", "properties": { "ID0": "1275", "NOME_USP1": "COZINHA SOLIDÁRIA MÃO DE DEUS", "NOME_UG2": "INSTITUTO COMPARTILHA - SAMEAC", "TIPO3": "INFORMAL", "LOTE4": "LOTE 4", "ENDERECO5": "TRAVESSA CONTANEIDE", "NUMERO6": "242", "BAIRRO_L7": "EDSON QUEIROZ", "DISTRITO8": "FORTALEZA", "MUNICIPI9": "FORTALEZA", "CEP10": "60812-260", "REGIAO_D11": "GRANDE FORTALEZA", "SETOR_IB12": "URBANA", "DATA_DE_13": "2024-07-16", "TIPO_DE_14": "CAGECE - COMPANHIA DE ÁGUA E ESGOTO DO ESTADO DO CEARÁ", "DESIGNAC15": null, "LATITUDE16": "-3.775043", "LONGITUD17": "-38.473438", "OBS18": "COORDENADAS APROXIMADAS", "CONTAGEM19": "1" }, "geometry": { "type": "Point", "coordinates": [ -38.473438, -3.775043 ] } },
{ "type": "Feature", "properties": { "ID0": "1276", "NOME_USP1": "ASSOCIAÇÃO DOS MORADORES DA CIDADE 2000", "NOME_UG2": "INSTITUTO COMPARTILHA - SAMEAC", "TIPO3": "FORMAL", "LOTE4": "LOTE 4", "ENDERECO5": "ALAMEDA DAS TULIPAS", "NUMERO6": "391", "BAIRRO_L7": "CIDADE 2000", "DISTRITO8": "FORTALEZA", "MUNICIPI9": "FORTALEZA", "CEP10": "60190-350", "REGIAO_D11": "GRANDE FORTALEZA", "SETOR_IB12": "URBANA", "DATA_DE_13": "2024-07-16", "TIPO_DE_14": "CAGECE - COMPANHIA DE ÁGUA E ESGOTO DO ESTADO DO CEARÁ", "DESIGNAC15": null, "LATITUDE16": "-3.752511", "LONGITUD17": "-38.468706", "OBS18": "COORDENADAS APROXIMADAS", "CONTAGEM19": "1" }, "geometry": { "type": "Point", "coordinates": [ -38.468706, -3.752511 ] } },
{ "type": "Feature", "properties": { "ID0": "1277", "NOME_USP1": "COZINHA MARMITA SOLIDÁRIA", "NOME_UG2": "INSTITUTO DE DESENVOLVIMENTO E SOLIDARIEDADE", "TIPO3": "INFORMAL", "LOTE4": "LOTE 7", "ENDERECO5": "RUA PROFESSOR PEDRO ALENCAR", "NUMERO6": "25", "BAIRRO_L7": "JARDIM DAS OLIVEIRAS", "DISTRITO8": "FORTALEZA", "MUNICIPI9": "FORTALEZA", "CEP10": "60820-023", "REGIAO_D11": "GRANDE FORTALEZA", "SETOR_IB12": "URBANA", "DATA_DE_13": "2024-07-23", "TIPO_DE_14": "CAGECE - COMPANHIA DE ÁGUA E ESGOTO DO ESTADO DO CEARÁ", "DESIGNAC15": null, "LATITUDE16": "-3.786102", "LONGITUD17": "-38.509324", "OBS18": "COORDENADAS APROXIMADAS", "CONTAGEM19": "1" }, "geometry": { "type": "Point", "coordinates": [ -38.509324, -3.786102 ] } },
{ "type": "Feature", "properties": { "ID0": "1278", "NOME_USP1": "INSTITUTO BENEFICENTE CASA BELÉM", "NOME_UG2": "SOCIEDADE DE APOIO A FAMÍLIA SOBRALENSE - SAFS", "TIPO3": "FORMAL", "LOTE4": "LOTE 33", "ENDERECO5": "AVENIDA SENADOR FERNANDES TÁVORA", "NUMERO6": "1510", "BAIRRO_L7": "SINHÁ SABÓIA", "DISTRITO8": "SOBRAL", "MUNICIPI9": "SOBRAL", "CEP10": "62050-382", "REGIAO_D11": "SERTÃO DE SOBRAL", "SETOR_IB12": "URBANA", "DATA_DE_13": "2024-07-15", "TIPO_DE_14": "SAAE - SERVIÇO AUTÔNOMO DE ÁGUA E ESGOTO", "DESIGNAC15": null, "LATITUDE16": "-3.70454", "LONGITUD17": "-40.336899", "OBS18": "COORDENADAS APROXIMADAS", "CONTAGEM19": "1" }, "geometry": { "type": "Point", "coordinates": [ -40.336899, -3.70454 ] } },
{ "type": "Feature", "properties": { "ID0": "1279", "NOME_USP1": "RESGATANDO SONHOS", "NOME_UG2": "INSTITUTO COMPARTILHA - SAMEAC", "TIPO3": "INFORMAL", "LOTE4": "LOTE 4", "ENDERECO5": "RUA OSWALDO ARAÚJO", "NUMERO6": "507", "BAIRRO_L7": "DE LOURDES", "DISTRITO8": "FORTALEZA", "MUNICIPI9": "FORTALEZA", "CEP10": "60177-325", "REGIAO_D11": "GRANDE FORTALEZA", "SETOR_IB12": "URBANA", "DATA_DE_13": "2024-07-16", "TIPO_DE_14": "CAGECE - COMPANHIA DE ÁGUA E ESGOTO DO ESTADO DO CEARÁ", "DESIGNAC15": null, "LATITUDE16": "-3.741155", "LONGITUD17": "-38.456207", "OBS18": "COORDENADAS APROXIMADAS", "CONTAGEM19": "1" }, "geometry": { "type": "Point", "coordinates": [ -38.456207, -3.741155 ] } },
{ "type": "Feature", "properties": { "ID0": "1280", "NOME_USP1": "COZINHA SOLIDÁRIA DO PRESIDENTE VARGAS", "NOME_UG2": "CONSELHO COMUNITÁRIO DO PARQUE SÃO JOSÉ", "TIPO3": "INFORMAL", "LOTE4": "LOTE 10", "ENDERECO5": "RUA CARLOS TERTULIANO", "NUMERO6": "642", "BAIRRO_L7": "PARQUE PRESIDENTE VARGAS", "DISTRITO8": "FORTALEZA", "MUNICIPI9": "FORTALEZA", "CEP10": "60765-565", "REGIAO_D11": "GRANDE FORTALEZA", "SETOR_IB12": "URBANA", "DATA_DE_13": "2024-07-16", "TIPO_DE_14": "CAGECE - COMPANHIA DE ÁGUA E ESGOTO DO ESTADO DO CEARÁ", "DESIGNAC15": null, "LATITUDE16": "-3.827631", "LONGITUD17": "-38.601249", "OBS18": "COORDENADAS APROXIMADAS", "CONTAGEM19": "1" }, "geometry": { "type": "Point", "coordinates": [ -38.601249, -3.827631 ] } },
{ "type": "Feature", "properties": { "ID0": "1281", "NOME_USP1": "VALE DA PENHA", "NOME_UG2": "INSTITUTO MARIA DA HORA", "TIPO3": "INFORMAL", "LOTE4": "LOTE 11", "ENDERECO5": "RUA ELESBÃO VELOSO", "NUMERO6": "204", "BAIRRO_L7": "AUTRAN NUNES", "DISTRITO8": "FORTALEZA", "MUNICIPI9": "FORTALEZA", "CEP10": "60526-380", "REGIAO_D11": "GRANDE FORTALEZA", "SETOR_IB12": "URBANA", "DATA_DE_13": "2024-07-15", "TIPO_DE_14": "CAGECE - COMPANHIA DE ÁGUA E ESGOTO DO ESTADO DO CEARÁ", "DESIGNAC15": null, "LATITUDE16": "-3.751898", "LONGITUD17": "-38.592861", "OBS18": "COORDENADAS APROXIMADAS", "CONTAGEM19": "1" }, "geometry": { "type": "Point", "coordinates": [ -38.592861, -3.751898 ] } },
{ "type": "Feature", "properties": { "ID0": "1282", "NOME_USP1": "COZINHA RAIOS DE SOL", "NOME_UG2": "INSTITUTO VEREDAS DA CIDADANIA", "TIPO3": "FORMAL", "LOTE4": "LOTE 29", "ENDERECO5": "RUA MANOEL RIBEIRO", "NUMERO6": "601", "BAIRRO_L7": "CENTRO", "DISTRITO8": "UBAJARA", "MUNICIPI9": "UBAJARA", "CEP10": "62350-000", "REGIAO_D11": "SERRA DA IBIAPABA", "SETOR_IB12": "URBANA", "DATA_DE_13": "2024-07-08", "TIPO_DE_14": "CAGECE - COMPANHIA DE ÁGUA E ESGOTO DO ESTADO DO CEARÁ", "DESIGNAC15": null, "LATITUDE16": "-3.851438", "LONGITUD17": "-40.923955", "OBS18": "COORDENADAS APROXIMADAS", "CONTAGEM19": "1" }, "geometry": { "type": "Point", "coordinates": [ -40.923955, -3.851438 ] } },
{ "type": "Feature", "properties": { "ID0": "1283", "NOME_USP1": "AMOR A PESCA", "NOME_UG2": "ASSOCIAÇÃO UNIÃO DE JOVENS VICENTE PINZON", "TIPO3": "INFORMAL", "LOTE4": "LOTE 3", "ENDERECO5": "RUA FRANCISCO ALVES PEREIRA", "NUMERO6": "167", "BAIRRO_L7": "CAIS DO PORTO", "DISTRITO8": "FORTALEZA", "MUNICIPI9": "FORTALEZA", "CEP10": "60180-635", "REGIAO_D11": "GRANDE FORTALEZA", "SETOR_IB12": "URBANA", "DATA_DE_13": "2024-07-15", "TIPO_DE_14": "CAGECE - COMPANHIA DE ÁGUA E ESGOTO DO ESTADO DO CEARÁ", "DESIGNAC15": null, "LATITUDE16": "-3.721971", "LONGITUD17": "-38.476953", "OBS18": "COORDENADAS APROXIMADAS", "CONTAGEM19": "1" }, "geometry": { "type": "Point", "coordinates": [ -38.476953, -3.721971 ] } },
{ "type": "Feature", "properties": { "ID0": "1284", "NOME_USP1": "COZINHA SOLIDARIA - BAIRRO DA PLACA", "NOME_UG2": "CARITAS DIOCESANA DE CRATÉUS - CDC", "TIPO3": "INFORMAL", "LOTE4": "LOTE 36", "ENDERECO5": "PE. PLACIDO ALVES DE OLIVEIRA", "NUMERO6": "920", "BAIRRO_L7": "PLACA", "DISTRITO8": "INDEPENDÊNCIA", "MUNICIPI9": "INDEPENDÊNCIA", "CEP10": "63640-000", "REGIAO_D11": "SERTÃO DOS CRATEÚS", "SETOR_IB12": "URBANA", "DATA_DE_13": "2024-07-15", "TIPO_DE_14": "CAGECE - COMPANHIA DE ÁGUA E ESGOTO DO ESTADO DO CEARÁ", "DESIGNAC15": null, "LATITUDE16": "-5.402926", "LONGITUD17": "-40.307866", "OBS18": "COORDENADAS APROXIMADAS", "CONTAGEM19": "1" }, "geometry": { "type": "Point", "coordinates": [ -40.307866, -5.402926 ] } },
{ "type": "Feature", "properties": { "ID0": "1285", "NOME_USP1": "COZINHA BENEDITO TONHO", "NOME_UG2": "SOCIEDADE DE APOIO A FAMÍLIA SOBRALENSE - SAFS", "TIPO3": "INFORMAL", "LOTE4": "LOTE 33", "ENDERECO5": "RUA FRANCISCO ALFREDO CAVALCANTE", "NUMERO6": "326", "BAIRRO_L7": "CIDADE DOUTOR JOSÉ EUCLIDES FERREIRA GOMES JUNIOR", "DISTRITO8": "SOBRAL", "MUNICIPI9": "SOBRAL", "CEP10": "62031-195", "REGIAO_D11": "SERTÃO DE SOBRAL", "SETOR_IB12": "URBANA", "DATA_DE_13": "2024-07-15", "TIPO_DE_14": "SAAE - SERVIÇO AUTÔNOMO DE ÁGUA E ESGOTO", "DESIGNAC15": null, "LATITUDE16": "-3.676795", "LONGITUD17": "-40.372904", "OBS18": "COORDENADAS APROXIMADAS", "CONTAGEM19": "1" }, "geometry": { "type": "Point", "coordinates": [ -40.372904, -3.676795 ] } },
{ "type": "Feature", "properties": { "ID0": "1286", "NOME_USP1": "COZINHA SOLIDARIA AMIGOS DA NATUREZA", "NOME_UG2": "ASSOCIAÇÃO BENEFICENTE DO CENTRINHO DA UV10", "TIPO3": "FORMAL", "LOTE4": "LOTE 6", "ENDERECO5": "RUA FRANCISCO DOMINGOS", "NUMERO6": "1508", "BAIRRO_L7": "BONSUCESSO", "DISTRITO8": "FORTALEZA", "MUNICIPI9": "FORTALEZA", "CEP10": "60541-805", "REGIAO_D11": "GRANDE FORTALEZA", "SETOR_IB12": "URBANA", "DATA_DE_13": "2024-07-15", "TIPO_DE_14": "CAGECE - COMPANHIA DE ÁGUA E ESGOTO DO ESTADO DO CEARÁ", "DESIGNAC15": null, "LATITUDE16": "-3.777253", "LONGITUD17": "-38.593102", "OBS18": "COORDENADAS APROXIMADAS", "CONTAGEM19": "1" }, "geometry": { "type": "Point", "coordinates": [ -38.593102, -3.777253 ] } },
{ "type": "Feature", "properties": { "ID0": "1287", "NOME_USP1": "INSTITUTO JUNTOS PELO SOCIAL", "NOME_UG2": "ASSOCIAÇÃO BENEFICENTE DO CENTRINHO DA UV10", "TIPO3": "INFORMAL", "LOTE4": "LOTE 6", "ENDERECO5": "ESTRADA DO JATOBÁ", "NUMERO6": "2332", "BAIRRO_L7": "GRANJA LISBOA", "DISTRITO8": "FORTALEZA", "MUNICIPI9": "FORTALEZA", "CEP10": "60540-618", "REGIAO_D11": "GRANDE FORTALEZA", "SETOR_IB12": "URBANA", "DATA_DE_13": "2024-07-15", "TIPO_DE_14": "POÇO", "DESIGNAC15": null, "LATITUDE16": "-3.792287", "LONGITUD17": "-38.626404", "OBS18": "COORDENADAS APROXIMADAS", "CONTAGEM19": "1" }, "geometry": { "type": "Point", "coordinates": [ -38.626404, -3.792287 ] } },
{ "type": "Feature", "properties": { "ID0": "1288", "NOME_USP1": "ASSOCIAÇÃO DOS MORADORES E AGRICULTORES DOS BAIRROS UNIDOS- AMABU", "NOME_UG2": "INTITUTO FLOR DO PIIQUÍ", "TIPO3": "FORMAL", "LOTE4": "LOTE 23", "ENDERECO5": "AVENIDA ANTONIO CORREIA SARAIVA", "NUMERO6": "783", "BAIRRO_L7": "BELA VISTA", "DISTRITO8": "BARBALHA", "MUNICIPI9": "BARBALHA", "CEP10": "63180-000", "REGIAO_D11": "CARIRI", "SETOR_IB12": "URBANA", "DATA_DE_13": "2024-07-16", "TIPO_DE_14": "CAGECE - COMPANHIA DE ÁGUA E ESGOTO DO ESTADO DO CEARÁ", "DESIGNAC15": null, "LATITUDE16": "-7.327444", "LONGITUD17": "-39.29688", "OBS18": "COORDENADAS APROXIMADAS", "CONTAGEM19": "1" }, "geometry": { "type": "Point", "coordinates": [ -39.29688, -7.327444 ] } },
{ "type": "Feature", "properties": { "ID0": "1289", "NOME_USP1": "SOCIEDADE DE APOIO A FAMILIA CARENTE - SOAFAMC", "NOME_UG2": "INTITUTO FLOR DO PIIQUÍ", "TIPO3": "FORMAL", "LOTE4": "LOTE 23", "ENDERECO5": "RUA CÍCERO LOBO", "NUMERO6": "52", "BAIRRO_L7": "MURITI", "DISTRITO8": "CRATO", "MUNICIPI9": "CRATO", "CEP10": "63132-080", "REGIAO_D11": "CARIRI", "SETOR_IB12": "URBANA", "DATA_DE_13": "2024-07-16", "TIPO_DE_14": "SAAE - SERVIÇO AUTÔNOMO DE ÁGUA E ESGOTO", "DESIGNAC15": null, "LATITUDE16": "-7.231748", "LONGITUD17": "-39.383028", "OBS18": "COORDENADAS APROXIMADAS", "CONTAGEM19": "1" }, "geometry": { "type": "Point", "coordinates": [ -39.383028, -7.231748 ] } },
{ "type": "Feature", "properties": { "ID0": "1290", "NOME_USP1": "SOCIEDADE CRATENSE DE AUXILIO AOS NECESSITADOS - SCAN", "NOME_UG2": "INTITUTO FLOR DO PIIQUÍ", "TIPO3": "FORMAL", "LOTE4": "LOTE 23", "ENDERECO5": "RUA PADRE IBIAPINA", "NUMERO6": "194", "BAIRRO_L7": "PINTO MADEIRA", "DISTRITO8": "CRATO", "MUNICIPI9": "CRATO", "CEP10": "63101-025", "REGIAO_D11": "CARIRI", "SETOR_IB12": "URBANA", "DATA_DE_13": "2024-07-16", "TIPO_DE_14": "SAAE - SERVIÇO AUTÔNOMO DE ÁGUA E ESGOTO", "DESIGNAC15": null, "LATITUDE16": "-7.235639", "LONGITUD17": "-39.407621", "OBS18": "COORDENADAS APROXIMADAS", "CONTAGEM19": "1" }, "geometry": { "type": "Point", "coordinates": [ -39.407621, -7.235639 ] } },
{ "type": "Feature", "properties": { "ID0": "1292", "NOME_USP1": "PROJETO RENASCER", "NOME_UG2": "ASSOCIAÇÃO BENEFICENTE DO CENTRINHO DA UV10", "TIPO3": "FORMAL", "LOTE4": "LOTE 6", "ENDERECO5": "RUA XAVIER DA SILVEIRA", "NUMERO6": "2644", "BAIRRO_L7": "GRANJA LISBOA", "DISTRITO8": "FORTALEZA", "MUNICIPI9": "FORTALEZA", "CEP10": "60540-215", "REGIAO_D11": "GRANDE FORTALEZA", "SETOR_IB12": "URBANA", "DATA_DE_13": "2024-07-15", "TIPO_DE_14": "CAGECE - COMPANHIA DE ÁGUA E ESGOTO DO ESTADO DO CEARÁ", "DESIGNAC15": null, "LATITUDE16": "-3.791679", "LONGITUD17": "-38.613849", "OBS18": "COORDENADAS APROXIMADAS", "CONTAGEM19": "1" }, "geometry": { "type": "Point", "coordinates": [ -38.613849, -3.791679 ] } },
{ "type": "Feature", "properties": { "ID0": "1293", "NOME_USP1": "PROJETO BOM JESUS", "NOME_UG2": "ASSOCIAÇÃO BENEFICENTE DO CENTRINHO DA UV10", "TIPO3": "FORMAL", "LOTE4": "LOTE 6", "ENDERECO5": "RUA CORONEL JOÃO CORREIA", "NUMERO6": "1913", "BAIRRO_L7": "BOM JARDIM", "DISTRITO8": "FORTALEZA", "MUNICIPI9": "FORTALEZA", "CEP10": "60543-322", "REGIAO_D11": "GRANDE FORTALEZA", "SETOR_IB12": "URBANA", "DATA_DE_13": "2024-07-12", "TIPO_DE_14": "CAGECE - COMPANHIA DE ÁGUA E ESGOTO DO ESTADO DO CEARÁ", "DESIGNAC15": null, "LATITUDE16": "-3.790725", "LONGITUD17": "-38.608388", "OBS18": "COORDENADAS APROXIMADAS", "CONTAGEM19": "1" }, "geometry": { "type": "Point", "coordinates": [ -38.608388, -3.790725 ] } },
{ "type": "Feature", "properties": { "ID0": "1294", "NOME_USP1": "CONSELHO COMUNITÁRIO PARQUE SANTA CECILIA", "NOME_UG2": "ASSOCIAÇÃO BENEFICENTE DO CENTRINHO DA UV10", "TIPO3": "INFORMAL", "LOTE4": "LOTE 6", "ENDERECO5": "RUA NS 02", "NUMERO6": "139", "BAIRRO_L7": "BOM JARDIM", "DISTRITO8": "FORTALEZA", "MUNICIPI9": "FORTALEZA", "CEP10": "60543-580", "REGIAO_D11": "GRANDE FORTALEZA", "SETOR_IB12": "URBANA", "DATA_DE_13": "2024-07-16", "TIPO_DE_14": "CAGECE - COMPANHIA DE ÁGUA E ESGOTO DO ESTADO DO CEARÁ", "DESIGNAC15": null, "LATITUDE16": "-3.798552", "LONGITUD17": "-38.618146", "OBS18": "COORDENADAS APROXIMADAS", "CONTAGEM19": "1" }, "geometry": { "type": "Point", "coordinates": [ -38.618146, -3.798552 ] } },
{ "type": "Feature", "properties": { "ID0": "1295", "NOME_USP1": "COZINHA DAS PIMENTAS", "NOME_UG2": "INSTITUTO VEREDAS DA CIDADANIA", "TIPO3": "FORMAL", "LOTE4": "LOTE 29", "ENDERECO5": "RUA CONFRADE JOAQUIM BORE", "NUMERO6": "0", "BAIRRO_L7": "PIMENTAS", "DISTRITO8": "IBIAPINA", "MUNICIPI9": "IBIAPINA", "CEP10": "62360-000", "REGIAO_D11": "SERRA DA IBIAPABA", "SETOR_IB12": "URBANA", "DATA_DE_13": "2024-07-08", "TIPO_DE_14": "CAGECE - COMPANHIA DE ÁGUA E ESGOTO DO ESTADO DO CEARÁ", "DESIGNAC15": null, "LATITUDE16": "-3.913836", "LONGITUD17": "-40.886436", "OBS18": "COORDENADAS APROXIMADAS", "CONTAGEM19": "1" }, "geometry": { "type": "Point", "coordinates": [ -40.886436, -3.913836 ] } },
{ "type": "Feature", "properties": { "ID0": "1296", "NOME_USP1": "COZINHA SOLIDÁRIA SINDICATO DOS TRABALHADORES RURAIS DE IBIAPINA", "NOME_UG2": "INSTITUTO VEREDAS DA CIDADANIA", "TIPO3": "FORMAL", "LOTE4": "LOTE 29", "ENDERECO5": "RUA VER. MANOEL RODRIGUES", "NUMERO6": "0", "BAIRRO_L7": "CENTRO - ESTÁDIO", "DISTRITO8": "IBIAPINA", "MUNICIPI9": "IBIAPINA", "CEP10": "62360-000", "REGIAO_D11": "SERRA DA IBIAPABA", "SETOR_IB12": "URBANA", "DATA_DE_13": "2024-07-08", "TIPO_DE_14": "CAGECE - COMPANHIA DE ÁGUA E ESGOTO DO ESTADO DO CEARÁ", "DESIGNAC15": null, "LATITUDE16": "-3.92015", "LONGITUD17": "-40.890246", "OBS18": "COORDENADAS APROXIMADAS", "CONTAGEM19": "1" }, "geometry": { "type": "Point", "coordinates": [ -40.890246, -3.92015 ] } },
{ "type": "Feature", "properties": { "ID0": "1297", "NOME_USP1": "COZINHA SOLIDÁRIA SÃO JOSÉ- BARRA DO SOTERO", "NOME_UG2": "INSTITUTO VEREDAS DA CIDADANIA", "TIPO3": "FORMAL", "LOTE4": "LOTE 29", "ENDERECO5": "RUA SOTERO ROBEIRO", "NUMERO6": "0", "BAIRRO_L7": "BARRA DO SOTERO", "DISTRITO8": "CROATÁ", "MUNICIPI9": "CROATÁ", "CEP10": "62393-000", "REGIAO_D11": "SERRA DA IBIAPABA", "SETOR_IB12": "URBANA", "DATA_DE_13": "2024-07-08", "TIPO_DE_14": "SISAR - SISTEMA INTEGRADO DE SANEAMENTO RURAL", "DESIGNAC15": null, "LATITUDE16": "-4.339423", "LONGITUD17": "-40.945286", "OBS18": "COORDENADAS APROXIMADAS", "CONTAGEM19": "1" }, "geometry": { "type": "Point", "coordinates": [ -40.945286, -4.339423 ] } },
{ "type": "Feature", "properties": { "ID0": "1298", "NOME_USP1": "COZINHA DO ARAPÁ", "NOME_UG2": "INSTITUTO VEREDAS DA CIDADANIA", "TIPO3": "FORMAL", "LOTE4": "LOTE 29", "ENDERECO5": "DISTRITO ARAPA", "NUMERO6": "0", "BAIRRO_L7": "ARAPÁ", "DISTRITO8": "TIANGUÁ", "MUNICIPI9": "TIANGUÁ", "CEP10": "62320-000", "REGIAO_D11": "SERRA DA IBIAPABA", "SETOR_IB12": "URBANA", "DATA_DE_13": "2024-07-09", "TIPO_DE_14": "SISAR - SISTEMA INTEGRADO DE SANEAMENTO RURAL", "DESIGNAC15": null, "LATITUDE16": "-3.622851", "LONGITUD17": "-40.905148", "OBS18": "COORDENADAS APROXIMADAS", "CONTAGEM19": "1" }, "geometry": { "type": "Point", "coordinates": [ -40.905148, -3.622851 ] } },
{ "type": "Feature", "properties": { "ID0": "1299", "NOME_USP1": "COZINHA DO ARATICUM", "NOME_UG2": "INSTITUTO VEREDAS DA CIDADANIA", "TIPO3": "FORMAL", "LOTE4": "LOTE 29", "ENDERECO5": "RUA DOMINGO FERREIRA", "NUMERO6": "0", "BAIRRO_L7": "ARATICUM", "DISTRITO8": "UBAJARA", "MUNICIPI9": "UBAJARA", "CEP10": "62350-000", "REGIAO_D11": "SERRA DA IBIAPABA", "SETOR_IB12": "URBANA", "DATA_DE_13": "2025-08-04", "TIPO_DE_14": "CAGECE - COMPANHIA DE ÁGUA E ESGOTO DO ESTADO DO CEARÁ", "DESIGNAC15": null, "LATITUDE16": "-3.814539", "LONGITUD17": "-40.880113", "OBS18": "COORDENADAS APROXIMADAS", "CONTAGEM19": "1" }, "geometry": { "type": "Point", "coordinates": [ -40.880113, -3.814539 ] } },
{ "type": "Feature", "properties": { "ID0": "1301", "NOME_USP1": "MARIA ALVES CARIOCA", "NOME_UG2": "ASSOCIAÇÃO BENEFICENTE DO CENTRINHO DA UV10", "TIPO3": "FORMAL", "LOTE4": "LOTE 6", "ENDERECO5": "RUA PATO BRANCO", "NUMERO6": "803", "BAIRRO_L7": "GRANJA LISBOA", "DISTRITO8": "FORTALEZA", "MUNICIPI9": "FORTALEZA", "CEP10": "60540-467", "REGIAO_D11": "GRANDE FORTALEZA", "SETOR_IB12": "URBANA", "DATA_DE_13": "2024-07-15", "TIPO_DE_14": "CAGECE - COMPANHIA DE ÁGUA E ESGOTO DO ESTADO DO CEARÁ", "DESIGNAC15": null, "LATITUDE16": "-3.78391", "LONGITUD17": "-38.616791", "OBS18": "COORDENADAS APROXIMADAS", "CONTAGEM19": "1" }, "geometry": { "type": "Point", "coordinates": [ -38.616791, -3.78391 ] } },
{ "type": "Feature", "properties": { "ID0": "1302", "NOME_USP1": "COZINHA CASA DE ACOLHIMENTO", "NOME_UG2": "COOPERATIVA DE TRABALHO PRESTADORA DE SERVIÇOS DE ASSESSORIA TÉCNICA - COPASAT LTDA", "TIPO3": "INFORMAL", "LOTE4": "LOTE 38", "ENDERECO5": "RUA LULU LIMA", "NUMERO6": "185", "BAIRRO_L7": "TAUAZINHO", "DISTRITO8": "TAUÁ", "MUNICIPI9": "TAUÁ", "CEP10": "63660-000", "REGIAO_D11": "SERTÃO DOS INHAMUNS", "SETOR_IB12": "URBANA", "DATA_DE_13": "2024-07-16", "TIPO_DE_14": "CAGECE - COMPANHIA DE ÁGUA E ESGOTO DO ESTADO DO CEARÁ", "DESIGNAC15": null, "LATITUDE16": "-6.006312", "LONGITUD17": "-40.296267", "OBS18": "COORDENADAS APROXIMADAS", "CONTAGEM19": "1" }, "geometry": { "type": "Point", "coordinates": [ -40.296267, -6.006312 ] } },
{ "type": "Feature", "properties": { "ID0": "1303", "NOME_USP1": "INSTITUTO CORRUPIO POVO CARIRI", "NOME_UG2": "INTITUTO FLOR DO PIIQUÍ", "TIPO3": "FORMAL", "LOTE4": "LOTE 23", "ENDERECO5": "RUA EDITE DE SOUSA DO NASCIMENTO", "NUMERO6": "16", "BAIRRO_L7": "BULANDEIRA", "DISTRITO8": "BARBALHA", "MUNICIPI9": "BARBALHA", "CEP10": "63180-000", "REGIAO_D11": "CARIRI", "SETOR_IB12": "URBANA", "DATA_DE_13": "2024-07-16", "TIPO_DE_14": "CAGECE - COMPANHIA DE ÁGUA E ESGOTO DO ESTADO DO CEARÁ", "DESIGNAC15": null, "LATITUDE16": "-7.294902", "LONGITUD17": "-39.315089", "OBS18": "COORDENADAS APROXIMADAS", "CONTAGEM19": "1" }, "geometry": { "type": "Point", "coordinates": [ -39.315089, -7.294902 ] } },
{ "type": "Feature", "properties": { "ID0": "1304", "NOME_USP1": "GRUPO INFORMAL DO SITIO SANTA VITORIA", "NOME_UG2": "ASSOCIAÇÃO CRISTÃ DE BASE", "TIPO3": "INFORMAL", "LOTE4": "LOTE 22", "ENDERECO5": "SITIO SANTA VITÓRIA", "NUMERO6": "586", "BAIRRO_L7": "ZONA RURAL", "DISTRITO8": "GRANJEIRO", "MUNICIPI9": "GRANJEIRO", "CEP10": "63230-000", "REGIAO_D11": "CARIRI", "SETOR_IB12": "RURAL", "DATA_DE_13": "2024-07-16", "TIPO_DE_14": "CARRO PIPA", "DESIGNAC15": null, "LATITUDE16": "-6.92002", "LONGITUD17": "-39.291657", "OBS18": "COORDENADAS APROXIMADAS", "CONTAGEM19": "1" }, "geometry": { "type": "Point", "coordinates": [ -39.291657, -6.92002 ] } },
{ "type": "Feature", "properties": { "ID0": "1305", "NOME_USP1": "RECANTO FELIZ", "NOME_UG2": "VALE DO SALGADO INSTITUTO DE GESTAO PUBLICA AMBIENTAL E DE ASSISTENCIA SOCIAL", "TIPO3": "INFORMAL", "LOTE4": "LOTE 25", "ENDERECO5": "RUA POÇO DA PEDRA", "NUMERO6": "0", "BAIRRO_L7": "POÇO DA PEDRA", "DISTRITO8": "CAMPOS SALES", "MUNICIPI9": "CAMPOS SALES", "CEP10": "63150-000", "REGIAO_D11": "CARIRI", "SETOR_IB12": "URBANA", "DATA_DE_13": "2024-07-02", "TIPO_DE_14": "CAGECE - COMPANHIA DE ÁGUA E ESGOTO DO ESTADO DO CEARÁ", "DESIGNAC15": null, "LATITUDE16": "-6.986989", "LONGITUD17": "-40.353676", "OBS18": "COORDENADAS APROXIMADAS", "CONTAGEM19": "1" }, "geometry": { "type": "Point", "coordinates": [ -40.353676, -6.986989 ] } },
{ "type": "Feature", "properties": { "ID0": "1306", "NOME_USP1": "ASSOCIAÇÃO UNIÃO DO VILA VELHA", "NOME_UG2": "INSTITUTO VIDANÇA", "TIPO3": "INFORMAL", "LOTE4": "LOTE 1", "ENDERECO5": "AVENIDA L", "NUMERO6": "1781", "BAIRRO_L7": "VILA VELHA 4", "DISTRITO8": "FORTALEZA", "MUNICIPI9": "FORTALEZA", "CEP10": "60348-320", "REGIAO_D11": "GRANDE FORTALEZA", "SETOR_IB12": "URBANA", "DATA_DE_13": "2024-07-16", "TIPO_DE_14": "CAGECE - COMPANHIA DE ÁGUA E ESGOTO DO ESTADO DO CEARÁ", "DESIGNAC15": null, "LATITUDE16": "-3.716053", "LONGITUD17": "-38.602573", "OBS18": "COORDENADAS APROXIMADAS", "CONTAGEM19": "1" }, "geometry": { "type": "Point", "coordinates": [ -38.602573, -3.716053 ] } },
{ "type": "Feature", "properties": { "ID0": "1307", "NOME_USP1": "COZINHA MINISTÉRIO NOVA VIDA", "NOME_UG2": "INSTITUTO VIDANÇA", "TIPO3": "FORMAL", "LOTE4": "LOTE 1", "ENDERECO5": "RUA EDVALDO SANTIAGO", "NUMERO6": "134", "BAIRRO_L7": "VILA VELHA", "DISTRITO8": "FORTALEZA", "MUNICIPI9": "FORTALEZA", "CEP10": "60349-325", "REGIAO_D11": "GRANDE FORTALEZA", "SETOR_IB12": "URBANA", "DATA_DE_13": "2024-07-16", "TIPO_DE_14": "CACIMBA", "DESIGNAC15": null, "LATITUDE16": "-3.707656", "LONGITUD17": "-38.602563", "OBS18": "COORDENADAS APROXIMADAS", "CONTAGEM19": "1" }, "geometry": { "type": "Point", "coordinates": [ -38.602563, -3.707656 ] } },
{ "type": "Feature", "properties": { "ID0": "1309", "NOME_USP1": "COZINHA VILA PADRE CICERO", "NOME_UG2": "INTITUTO FLOR DO PIIQUÍ", "TIPO3": "INFORMAL", "LOTE4": "LOTE 23", "ENDERECO5": "RUA PADRE CÍCERO", "NUMERO6": "276", "BAIRRO_L7": "BELA VISTA", "DISTRITO8": "BELA VISTA", "MUNICIPI9": "CRATO", "CEP10": "63139-976", "REGIAO_D11": "CARIRI", "SETOR_IB12": "URBANA", "DATA_DE_13": "2024-07-16", "TIPO_DE_14": "SAAE - SERVIÇO AUTÔNOMO DE ÁGUA E ESGOTO", "DESIGNAC15": null, "LATITUDE16": "-7.17871", "LONGITUD17": "-39.386059", "OBS18": "COORDENADAS APROXIMADAS", "CONTAGEM19": "1" }, "geometry": { "type": "Point", "coordinates": [ -39.386059, -7.17871 ] } },
{ "type": "Feature", "properties": { "ID0": "1310", "NOME_USP1": "CASA DE ACOLHIMENTO RECANTO DA PAZ", "NOME_UG2": "INTITUTO FLOR DO PIIQUÍ", "TIPO3": "INFORMAL", "LOTE4": "LOTE 23", "ENDERECO5": "RUA MARIETA TEIXEIRA MENDES", "NUMERO6": "101", "BAIRRO_L7": "SOSSEGO", "DISTRITO8": "CRATO", "MUNICIPI9": "CRATO", "CEP10": "63107-075", "REGIAO_D11": "CARIRI", "SETOR_IB12": "URBANA", "DATA_DE_13": "2024-07-16", "TIPO_DE_14": "SAAE - SERVIÇO AUTÔNOMO DE ÁGUA E ESGOTO", "DESIGNAC15": null, "LATITUDE16": "-7.249838", "LONGITUD17": "-39.453049", "OBS18": "COORDENADAS APROXIMADAS", "CONTAGEM19": "1" }, "geometry": { "type": "Point", "coordinates": [ -39.453049, -7.249838 ] } },
{ "type": "Feature", "properties": { "ID0": "1311", "NOME_USP1": "GRUPO MORADORES DO NORTE", "NOME_UG2": "CARITAS BRASILEIRA", "TIPO3": "INFORMAL", "LOTE4": "LOTE 35", "ENDERECO5": "RUA CENTRAL", "NUMERO6": "0", "BAIRRO_L7": "PALESTINA", "DISTRITO8": "PALESTINA DO NORTE", "MUNICIPI9": "MERUOCA", "CEP10": "62130-000", "REGIAO_D11": "SERTÃO DE SOBRAL", "SETOR_IB12": "RURAL", "DATA_DE_13": "2024-07-15", "TIPO_DE_14": "SISAR - SISTEMA INTEGRADO DE SANEAMENTO RURAL", "DESIGNAC15": null, "LATITUDE16": "-3.584793", "LONGITUD17": "-40.451735", "OBS18": "COORDENADAS APROXIMADAS", "CONTAGEM19": "1" }, "geometry": { "type": "Point", "coordinates": [ -40.451735, -3.584793 ] } },
{ "type": "Feature", "properties": { "ID0": "1312", "NOME_USP1": "PAROQUIA SÃO FRANCISCO DAS CHAGAS", "NOME_UG2": "ASSOCIAÇÃO CRISTÃ DE BASE", "TIPO3": "FORMAL", "LOTE4": "LOTE 22", "ENDERECO5": "RUA MONSENHOR ESMERALDO", "NUMERO6": "193", "BAIRRO_L7": "FRANCISCANOS", "DISTRITO8": "JUAZEIRO DO NORTE", "MUNICIPI9": "JUAZEIRO DO NORTE", "CEP10": "63020-020", "REGIAO_D11": "CARIRI", "SETOR_IB12": "URBANA", "DATA_DE_13": "2024-07-17", "TIPO_DE_14": "CAGECE - COMPANHIA DE ÁGUA E ESGOTO DO ESTADO DO CEARÁ", "DESIGNAC15": null, "LATITUDE16": "-7.212083", "LONGITUD17": "-39.314464", "OBS18": "COORDENADAS APROXIMADAS", "CONTAGEM19": "1" }, "geometry": { "type": "Point", "coordinates": [ -39.314464, -7.212083 ] } },
{ "type": "Feature", "properties": { "ID0": "1313", "NOME_USP1": "COZINHA SOLIDARIA DO SINTRAF", "NOME_UG2": "CENTRO SOCIAL DOS MORADORES DO PARQUE SÃO JOSÉ", "TIPO3": "INFORMAL", "LOTE4": "LOTE 30", "ENDERECO5": "TRAVESSA MANOEL FURTADO", "NUMERO6": "40", "BAIRRO_L7": "CENTRO", "DISTRITO8": "IBICUITINGA", "MUNICIPI9": "IBICUITINGA", "CEP10": "62955-000", "REGIAO_D11": "SERTÃO CENTRAL", "SETOR_IB12": "URBANA", "DATA_DE_13": "2024-08-12", "TIPO_DE_14": "CAGECE - COMPANHIA DE ÁGUA E ESGOTO DO ESTADO DO CEARÁ", "DESIGNAC15": null, "LATITUDE16": "-4.974379", "LONGITUD17": "-38.637454", "OBS18": "COORDENADAS APROXIMADAS", "CONTAGEM19": "1" }, "geometry": { "type": "Point", "coordinates": [ -38.637454, -4.974379 ] } },
{ "type": "Feature", "properties": { "ID0": "1314", "NOME_USP1": "COZINHA BONECA E SILVIA", "NOME_UG2": "CENTRO SOCIAL DOS MORADORES DO PARQUE SÃO JOSÉ", "TIPO3": "INFORMAL", "LOTE4": "LOTE 30", "ENDERECO5": "PLACAS DE URUQÊ", "NUMERO6": "0", "BAIRRO_L7": "DISTRITO DE URUQUÊ", "DISTRITO8": "URUQUÊ", "MUNICIPI9": "QUIXERAMOBIM", "CEP10": "63800-000", "REGIAO_D11": "SERTÃO CENTRAL", "SETOR_IB12": "URBANA", "DATA_DE_13": "2024-07-24", "TIPO_DE_14": "SAAE - SERVIÇO AUTÔNOMO DE ÁGUA E ESGOTO", "DESIGNAC15": null, "LATITUDE16": "-5.138803", "LONGITUD17": "-39.181802", "OBS18": "COORDENADAS APROXIMADAS", "CONTAGEM19": "1" }, "geometry": { "type": "Point", "coordinates": [ -39.181802, -5.138803 ] } },
{ "type": "Feature", "properties": { "ID0": "1315", "NOME_USP1": "COZINHA LEAO DE JUDA", "NOME_UG2": "ACFLOR", "TIPO3": "INFORMAL", "LOTE4": "LOTE 2", "ENDERECO5": "RUA CURA D'ARS", "NUMERO6": "94", "BAIRRO_L7": "CRISTO REDENTOR", "DISTRITO8": "FORTALEZA", "MUNICIPI9": "FORTALEZA", "CEP10": "60311-010", "REGIAO_D11": "GRANDE FORTALEZA", "SETOR_IB12": "URBANA", "DATA_DE_13": "2024-07-15", "TIPO_DE_14": "CAGECE - COMPANHIA DE ÁGUA E ESGOTO DO ESTADO DO CEARÁ", "DESIGNAC15": null, "LATITUDE16": "-3.706347", "LONGITUD17": "-38.55831", "OBS18": "COORDENADAS APROXIMADAS", "CONTAGEM19": "1" }, "geometry": { "type": "Point", "coordinates": [ -38.55831, -3.706347 ] } },
{ "type": "Feature", "properties": { "ID0": "1316", "NOME_USP1": "ASSOCIAÇÃO COMUNITÁRIA DOS PEQUENOS AGRICULTORES DO SITIO GITIRANA", "NOME_UG2": "ORGANIZAÇÃO BARREIRA AMIGOS SOLIDÁRIOS - OBAS", "TIPO3": "FORMAL", "LOTE4": "LOTE 28", "ENDERECO5": "RUA MARIA VILANIR  BORGES MENEZES", "NUMERO6": "0", "BAIRRO_L7": "ALTO ALEGRE", "DISTRITO8": "BATURITÉ", "MUNICIPI9": "BATURITÉ", "CEP10": "62760-000", "REGIAO_D11": "MACIÇO DE BATURITÉ", "SETOR_IB12": "URBANA", "DATA_DE_13": "2024-07-08", "TIPO_DE_14": "CAGECE - COMPANHIA DE ÁGUA E ESGOTO DO ESTADO DO CEARÁ", "DESIGNAC15": null, "LATITUDE16": "-4.353798", "LONGITUD17": "-38.847748", "OBS18": "COORDENADAS APROXIMADAS", "CONTAGEM19": "1" }, "geometry": { "type": "Point", "coordinates": [ -38.847748, -4.353798 ] } },
{ "type": "Feature", "properties": { "ID0": "1317", "NOME_USP1": "ASSOCIAÇÃO EVANGÉLICA DISCÍPULOS DE JESUS", "NOME_UG2": "ORGANIZAÇÃO BARREIRA AMIGOS SOLIDÁRIOS - OBAS", "TIPO3": "FORMAL", "LOTE4": "LOTE 28", "ENDERECO5": "RUA DUQUE DE CAXIAS", "NUMERO6": "453", "BAIRRO_L7": "PUTIÚ", "DISTRITO8": "BATURITÉ", "MUNICIPI9": "BATURITÉ", "CEP10": "62760-000", "REGIAO_D11": "MACIÇO DE BATURITÉ", "SETOR_IB12": "URBANA", "DATA_DE_13": "2024-07-08", "TIPO_DE_14": "CAGECE - COMPANHIA DE ÁGUA E ESGOTO DO ESTADO DO CEARÁ", "DESIGNAC15": null, "LATITUDE16": "-4.337713", "LONGITUD17": "-38.869249", "OBS18": "COORDENADAS APROXIMADAS", "CONTAGEM19": "1" }, "geometry": { "type": "Point", "coordinates": [ -38.869249, -4.337713 ] } },
{ "type": "Feature", "properties": { "ID0": "1318", "NOME_USP1": "COZINHA SOLIDÁRIA COMUNIDADE DE GRANJA", "NOME_UG2": "ORGANIZAÇÃO BARREIRA AMIGOS SOLIDÁRIOS - OBAS", "TIPO3": "INFORMAL", "LOTE4": "LOTE 28", "ENDERECO5": "GRANJA", "NUMERO6": "0", "BAIRRO_L7": "GRANJA", "DISTRITO8": "PACOTI", "MUNICIPI9": "PACOTI", "CEP10": "62770-000", "REGIAO_D11": "MACIÇO DE BATURITÉ", "SETOR_IB12": "URBANA", "DATA_DE_13": "2024-07-08", "TIPO_DE_14": "SISAR - SISTEMA INTEGRADO DE SANEAMENTO RURAL", "DESIGNAC15": null, "LATITUDE16": "-4.228683", "LONGITUD17": "-38.907198", "OBS18": "COORDENADAS APROXIMADAS", "CONTAGEM19": "1" }, "geometry": { "type": "Point", "coordinates": [ -38.907198, -4.228683 ] } },
{ "type": "Feature", "properties": { "ID0": "1320", "NOME_USP1": "CLUBE DE JOVENS", "NOME_UG2": "INSTITUTO MARIA DA HORA", "TIPO3": "INFORMAL", "LOTE4": "LOTE 11", "ENDERECO5": "RUA MELO DE OLIVEIRA", "NUMERO6": "975", "BAIRRO_L7": "JOÃO XVIII", "DISTRITO8": "FORTALEZA", "MUNICIPI9": "FORTALEZA", "CEP10": "60520-350", "REGIAO_D11": "GRANDE FORTALEZA", "SETOR_IB12": "URBANA", "DATA_DE_13": "2024-07-22", "TIPO_DE_14": "CAGECE - COMPANHIA DE ÁGUA E ESGOTO DO ESTADO DO CEARÁ", "DESIGNAC15": null, "LATITUDE16": "-3.773856", "LONGITUD17": "-38.578726", "OBS18": "COORDENADAS APROXIMADAS", "CONTAGEM19": "1" }, "geometry": { "type": "Point", "coordinates": [ -38.578726, -3.773856 ] } },
{ "type": "Feature", "properties": { "ID0": "1321", "NOME_USP1": "COZINHA SOLIDARIA FILHO E BAHIANA", "NOME_UG2": "INSTITUTO INDACE", "TIPO3": "INFORMAL", "LOTE4": "LOTE 12", "ENDERECO5": "RUA PADRE CICERO", "NUMERO6": "1706", "BAIRRO_L7": "CONJUNTO METROPOLITANO", "DISTRITO8": "CAUCAIA", "MUNICIPI9": "CAUCAIA", "CEP10": "61604-340", "REGIAO_D11": "GRANDE FORTALEZA", "SETOR_IB12": "URBANA", "DATA_DE_13": "2024-08-01", "TIPO_DE_14": "CAGECE - COMPANHIA DE ÁGUA E ESGOTO DO ESTADO DO CEARÁ", "DESIGNAC15": null, "LATITUDE16": "-3.763231", "LONGITUD17": "-38.659175", "OBS18": "COORDENADAS APROXIMADAS", "CONTAGEM19": "1" }, "geometry": { "type": "Point", "coordinates": [ -38.659175, -3.763231 ] } },
{ "type": "Feature", "properties": { "ID0": "1322", "NOME_USP1": "COZINHA SOLIDARIA SANTO ANTONIO", "NOME_UG2": "INSTITUTO DE ARTE], CULTURA, LAZER E EDUCAÇÃO - IARTE", "TIPO3": "INFORMAL", "LOTE4": "LOTE 31", "ENDERECO5": "AVENIDA VEREADOR JARBASPINHEIRO", "NUMERO6": "1197", "BAIRRO_L7": "BARRA NOVA", "DISTRITO8": "SOLONÓPOLE", "MUNICIPI9": "SOLONÓPOLE", "CEP10": "63620-000", "REGIAO_D11": "SERTÃO CENTRAL", "SETOR_IB12": "RURAL", "DATA_DE_13": "2024-07-31", "TIPO_DE_14": "SAAE - SERVIÇO AUTÔNOMO DE ÁGUA E ESGOTO", "DESIGNAC15": null, "LATITUDE16": "-5.734177", "LONGITUD17": "-39.021102", "OBS18": "COORDENADAS APROXIMADAS", "CONTAGEM19": "1" }, "geometry": { "type": "Point", "coordinates": [ -39.021102, -5.734177 ] } },
{ "type": "Feature", "properties": { "ID0": "1323", "NOME_USP1": "BOA ESPERANÇA", "NOME_UG2": "INSTITUTO VIDANÇA", "TIPO3": "INFORMAL", "LOTE4": "LOTE 1", "ENDERECO5": "RUA COSTA MANSO", "NUMERO6": "22", "BAIRRO_L7": "BARRA DO CEARÁ", "DISTRITO8": "FORTALEZA", "MUNICIPI9": "FORTALEZA", "CEP10": "60330-175", "REGIAO_D11": "GRANDE FORTALEZA", "SETOR_IB12": "URBANA", "DATA_DE_13": "2024-07-17", "TIPO_DE_14": "CAGECE - COMPANHIA DE ÁGUA E ESGOTO DO ESTADO DO CEARÁ", "DESIGNAC15": null, "LATITUDE16": "-3.704962", "LONGITUD17": "-38.588779", "OBS18": "COORDENADAS APROXIMADAS", "CONTAGEM19": "1" }, "geometry": { "type": "Point", "coordinates": [ -38.588779, -3.704962 ] } },
{ "type": "Feature", "properties": { "ID0": "1324", "NOME_USP1": "COZINHA SOLIDÁRIA DO JATOBÁ", "NOME_UG2": "INSTITUTO FRANCISCO DE ASSIS", "TIPO3": "INFORMAL", "LOTE4": "LOTE 40", "ENDERECO5": "RUA ALFREDO DE HOLANDA CAMPELO", "NUMERO6": "281", "BAIRRO_L7": "JATOBÁ", "DISTRITO8": "IRACEMA", "MUNICIPI9": "IRACEMA", "CEP10": "62980-000", "REGIAO_D11": "VALE DO JAGUARIBE", "SETOR_IB12": "URBANA", "DATA_DE_13": "2024-07-08", "TIPO_DE_14": "CAGECE - COMPANHIA DE ÁGUA E ESGOTO DO ESTADO DO CEARÁ", "DESIGNAC15": null, "LATITUDE16": "-5.801553", "LONGITUD17": "-38.31246", "OBS18": "COORDENADAS APROXIMADAS", "CONTAGEM19": "1" }, "geometry": { "type": "Point", "coordinates": [ -38.31246, -5.801553 ] } },
{ "type": "Feature", "properties": { "ID0": "1325", "NOME_USP1": "ASSOCIAÇÃO CULTURAL ARTEVIDA", "NOME_UG2": "ACFLOR", "TIPO3": "FORMAL", "LOTE4": "LOTE 2", "ENDERECO5": "RUA MARCÍLIO DIAS", "NUMERO6": "632", "BAIRRO_L7": "PIRAMBU", "DISTRITO8": "FORTALEZA", "MUNICIPI9": "FORTALEZA", "CEP10": "60310-750", "REGIAO_D11": "GRANDE FORTALEZA", "SETOR_IB12": "URBANA", "DATA_DE_13": "2024-07-15", "TIPO_DE_14": "CAGECE - COMPANHIA DE ÁGUA E ESGOTO DO ESTADO DO CEARÁ", "DESIGNAC15": null, "LATITUDE16": "-3.711492", "LONGITUD17": "-38.551267", "OBS18": "COORDENADAS APROXIMADAS", "CONTAGEM19": "1" }, "geometry": { "type": "Point", "coordinates": [ -38.551267, -3.711492 ] } },
{ "type": "Feature", "properties": { "ID0": "1326", "NOME_USP1": "COZINHA ZIZI", "NOME_UG2": "ACFLOR", "TIPO3": "INFORMAL", "LOTE4": "LOTE 2", "ENDERECO5": "RUA ADOLFO BEZERRA DE MENEZES", "NUMERO6": "776", "BAIRRO_L7": "FLORESTA", "DISTRITO8": "FORTALEZA", "MUNICIPI9": "FORTALEZA", "CEP10": "60336-238", "REGIAO_D11": "GRANDE FORTALEZA", "SETOR_IB12": "URBANA", "DATA_DE_13": "2024-07-15", "TIPO_DE_14": "CAGECE - COMPANHIA DE ÁGUA E ESGOTO DO ESTADO DO CEARÁ", "DESIGNAC15": null, "LATITUDE16": "-3.715382", "LONGITUD17": "-38.577228", "OBS18": "COORDENADAS APROXIMADAS", "CONTAGEM19": "1" }, "geometry": { "type": "Point", "coordinates": [ -38.577228, -3.715382 ] } },
{ "type": "Feature", "properties": { "ID0": "1327", "NOME_USP1": "COZINHA DA FRANCISCA IVONE", "NOME_UG2": "INSTITUTO MARIA DA HORA", "TIPO3": "INFORMAL", "LOTE4": "LOTE 11", "ENDERECO5": "RUA 434", "NUMERO6": "64", "BAIRRO_L7": "CONJUNTO CEARÁ I", "DISTRITO8": "FORTALEZA", "MUNICIPI9": "FORTALEZA", "CEP10": "60531-120", "REGIAO_D11": "GRANDE FORTALEZA", "SETOR_IB12": "URBANA", "DATA_DE_13": "2024-08-05", "TIPO_DE_14": "CAGECE - COMPANHIA DE ÁGUA E ESGOTO DO ESTADO DO CEARÁ", "DESIGNAC15": null, "LATITUDE16": "-3.761872", "LONGITUD17": "-38.603619", "OBS18": "COORDENADAS APROXIMADAS", "CONTAGEM19": "1" }, "geometry": { "type": "Point", "coordinates": [ -38.603619, -3.761872 ] } },
{ "type": "Feature", "properties": { "ID0": "1328", "NOME_USP1": "COZINHA DE JUSSARA", "NOME_UG2": "INSTITUTO VEREDAS DA CIDADANIA", "TIPO3": "FORMAL", "LOTE4": "LOTE 29", "ENDERECO5": "SÍTIO JUSSARA", "NUMERO6": "0", "BAIRRO_L7": "ZONA RURAL", "DISTRITO8": "SÃO BENEDITO", "MUNICIPI9": "SÃO BENEDITO", "CEP10": "62370-000", "REGIAO_D11": "SERRA DA IBIAPABA", "SETOR_IB12": "RURAL", "DATA_DE_13": "2024-07-22", "TIPO_DE_14": "POÇO", "DESIGNAC15": null, "LATITUDE16": "-4.064705", "LONGITUD17": "-40.899937", "OBS18": "COORDENADAS APROXIMADAS", "CONTAGEM19": "1" }, "geometry": { "type": "Point", "coordinates": [ -40.899937, -4.064705 ] } },
{ "type": "Feature", "properties": { "ID0": "1329", "NOME_USP1": "COZINHA SOLIDÁRIA DA COMUNIDADE DE LAGOA", "NOME_UG2": "INSTITUTO VEREDAS DA CIDADANIA", "TIPO3": "FORMAL", "LOTE4": "LOTE 29", "ENDERECO5": "SÍTIO LAGOA I", "NUMERO6": "0", "BAIRRO_L7": "ZONA RURAL", "DISTRITO8": "SÃO BENEDITO", "MUNICIPI9": "SÃO BENEDITO", "CEP10": "62370-000", "REGIAO_D11": "SERRA DA IBIAPABA", "SETOR_IB12": "RURAL", "DATA_DE_13": "2024-07-22", "TIPO_DE_14": "SISAR - SISTEMA INTEGRADO DE SANEAMENTO RURAL", "DESIGNAC15": null, "LATITUDE16": "-4.058558", "LONGITUD17": "-40.89094", "OBS18": "COORDENADAS APROXIMADAS", "CONTAGEM19": "1" }, "geometry": { "type": "Point", "coordinates": [ -40.89094, -4.058558 ] } },
{ "type": "Feature", "properties": { "ID0": "1330", "NOME_USP1": "COZINHA DA LAGOINHA", "NOME_UG2": "INSTITUTO VEREDAS DA CIDADANIA", "TIPO3": "FORMAL", "LOTE4": "LOTE 29", "ENDERECO5": "RUA SDO", "NUMERO6": "48", "BAIRRO_L7": "LAGOINHA", "DISTRITO8": "GUARACIABA DO NORTE", "MUNICIPI9": "GUARACIABA DO NORTE", "CEP10": "62380-000", "REGIAO_D11": "SERRA DA IBIAPABA", "SETOR_IB12": "URBANA", "DATA_DE_13": "2024-07-23", "TIPO_DE_14": "CAGECE - COMPANHIA DE ÁGUA E ESGOTO DO ESTADO DO CEARÁ", "DESIGNAC15": null, "LATITUDE16": "-4.155527", "LONGITUD17": "-40.743781", "OBS18": "COORDENADAS APROXIMADAS", "CONTAGEM19": "1" }, "geometry": { "type": "Point", "coordinates": [ -40.743781, -4.155527 ] } },
{ "type": "Feature", "properties": { "ID0": "1331", "NOME_USP1": "COZINHA TEA", "NOME_UG2": "INSTITUTO INDACE", "TIPO3": "FORMAL", "LOTE4": "LOTE 12", "ENDERECO5": "RUA SARGENTO FEITOSA", "NUMERO6": "0", "BAIRRO_L7": "CONJUNTO METROPOLITANO", "DISTRITO8": "CAUCAIA", "MUNICIPI9": "CAUCAIA", "CEP10": "61604-270", "REGIAO_D11": "GRANDE FORTALEZA", "SETOR_IB12": "URBANA", "DATA_DE_13": "2024-08-01", "TIPO_DE_14": "CAGECE - COMPANHIA DE ÁGUA E ESGOTO DO ESTADO DO CEARÁ", "DESIGNAC15": null, "LATITUDE16": "-3.754547", "LONGITUD17": "-38.661531", "OBS18": "COORDENADAS APROXIMADAS", "CONTAGEM19": "1" }, "geometry": { "type": "Point", "coordinates": [ -38.661531, -3.754547 ] } },
{ "type": "Feature", "properties": { "ID0": "1332", "NOME_USP1": "COZINHA CASAS NOVAS", "NOME_UG2": "ACFLOR", "TIPO3": "INFORMAL", "LOTE4": "LOTE 2", "ENDERECO5": "RUA SANTA ELISA", "NUMERO6": "795", "BAIRRO_L7": "PIRAMBU", "DISTRITO8": "FORTALEZA", "MUNICIPI9": "FORTALEZA", "CEP10": "60311-020", "REGIAO_D11": "GRANDE FORTALEZA", "SETOR_IB12": "URBANA", "DATA_DE_13": "2024-07-15", "TIPO_DE_14": "CAGECE - COMPANHIA DE ÁGUA E ESGOTO DO ESTADO DO CEARÁ", "DESIGNAC15": null, "LATITUDE16": "-3.706374", "LONGITUD17": "-38.560241", "OBS18": "COORDENADAS APROXIMADAS", "CONTAGEM19": "1" }, "geometry": { "type": "Point", "coordinates": [ -38.560241, -3.706374 ] } },
{ "type": "Feature", "properties": { "ID0": "1333", "NOME_USP1": "COZINHA SOLIDÁRIA DO SEU ZÉ", "NOME_UG2": "INSTITUTO DE ATIVISMO COMUNITÁRIO - REDE MOBILIZE", "TIPO3": "INFORMAL", "LOTE4": "LOTE 9", "ENDERECO5": "RUA EDNALDA SANTOS", "NUMERO6": "179", "BAIRRO_L7": "JANGURUSSU", "DISTRITO8": "FORTALEZA", "MUNICIPI9": "FORTALEZA", "CEP10": "60877-135", "REGIAO_D11": "GRANDE FORTALEZA", "SETOR_IB12": "URBANA", "DATA_DE_13": "2024-07-15", "TIPO_DE_14": "CAGECE - COMPANHIA DE ÁGUA E ESGOTO DO ESTADO DO CEARÁ", "DESIGNAC15": null, "LATITUDE16": "-3.854329", "LONGITUD17": "-38.521806", "OBS18": "COORDENADAS APROXIMADAS", "CONTAGEM19": "1" }, "geometry": { "type": "Point", "coordinates": [ -38.521806, -3.854329 ] } },
{ "type": "Feature", "properties": { "ID0": "1335", "NOME_USP1": "CASA DO PÃO", "NOME_UG2": "INSTITUTO DE ATIVISMO COMUNITÁRIO - REDE MOBILIZE", "TIPO3": "INFORMAL", "LOTE4": "LOTE 9", "ENDERECO5": "RUA ÂNGELA DINIZ", "NUMERO6": "1309", "BAIRRO_L7": "JANGURUSSU", "DISTRITO8": "FORTALEZA", "MUNICIPI9": "FORTALEZA", "CEP10": "60870-230", "REGIAO_D11": "GRANDE FORTALEZA", "SETOR_IB12": "URBANA", "DATA_DE_13": "2024-07-15", "TIPO_DE_14": "CAGECE - COMPANHIA DE ÁGUA E ESGOTO DO ESTADO DO CEARÁ", "DESIGNAC15": null, "LATITUDE16": "-3.843609", "LONGITUD17": "-38.531062", "OBS18": "COORDENADAS APROXIMADAS", "CONTAGEM19": "1" }, "geometry": { "type": "Point", "coordinates": [ -38.531062, -3.843609 ] } },
{ "type": "Feature", "properties": { "ID0": "1336", "NOME_USP1": "PROJETO CAMINHO DO BEM", "NOME_UG2": "INSTITUTO DE ATIVISMO COMUNITÁRIO - REDE MOBILIZE", "TIPO3": "INFORMAL", "LOTE4": "LOTE 9", "ENDERECO5": "RUA ISMAEL SILVA", "NUMERO6": "200", "BAIRRO_L7": "CONJUNTO PALMEIRAS", "DISTRITO8": "FORTALEZA", "MUNICIPI9": "FORTALEZA", "CEP10": "60870-320", "REGIAO_D11": "GRANDE FORTALEZA", "SETOR_IB12": "URBANA", "DATA_DE_13": "2024-07-15", "TIPO_DE_14": "CAGECE - COMPANHIA DE ÁGUA E ESGOTO DO ESTADO DO CEARÁ", "DESIGNAC15": null, "LATITUDE16": "-3.847681", "LONGITUD17": "-38.523868", "OBS18": "COORDENADAS APROXIMADAS", "CONTAGEM19": "1" }, "geometry": { "type": "Point", "coordinates": [ -38.523868, -3.847681 ] } },
{ "type": "Feature", "properties": { "ID0": "1337", "NOME_USP1": "ASSOCIAÇÃO COMUNITÁRIA DESPORTIVA E CULTURAL", "NOME_UG2": "INSTITUTO DE ATIVISMO COMUNITÁRIO - REDE MOBILIZE", "TIPO3": "FORMAL", "LOTE4": "LOTE 9", "ENDERECO5": "RUA 511", "NUMERO6": "37", "BAIRRO_L7": "JANGURUSSU", "DISTRITO8": "FORTALEZA", "MUNICIPI9": "FORTALEZA", "CEP10": "60866-615", "REGIAO_D11": "GRANDE FORTALEZA", "SETOR_IB12": "URBANA", "DATA_DE_13": "2024-07-15", "TIPO_DE_14": "CAGECE - COMPANHIA DE ÁGUA E ESGOTO DO ESTADO DO CEARÁ", "DESIGNAC15": null, "LATITUDE16": "-3.830212", "LONGITUD17": "-38.515346", "OBS18": "COORDENADAS APROXIMADAS", "CONTAGEM19": "1" }, "geometry": { "type": "Point", "coordinates": [ -38.515346, -3.830212 ] } },
{ "type": "Feature", "properties": { "ID0": "1338", "NOME_USP1": "PARADA SOLIDARIA", "NOME_UG2": "INSTITUTO DE ARTE], CULTURA, LAZER E EDUCAÇÃO - IARTE", "TIPO3": "INFORMAL", "LOTE4": "LOTE 31", "ENDERECO5": "RUA JOAQUIM JORGE DE SOUSA", "NUMERO6": "0", "BAIRRO_L7": "CENTRO", "DISTRITO8": "ENGENHEIRO JOSÉ LOPES", "MUNICIPI9": "SENADOR POMPEU", "CEP10": "63600-000", "REGIAO_D11": "SERTÃO CENTRAL", "SETOR_IB12": "RURAL", "DATA_DE_13": "2024-07-26", "TIPO_DE_14": "SISAR - SISTEMA INTEGRADO DE SANEAMENTO RURAL", "DESIGNAC15": null, "LATITUDE16": "-5.678752", "LONGITUD17": "-39.430796", "OBS18": "COORDENADAS APROXIMADAS", "CONTAGEM19": "1" }, "geometry": { "type": "Point", "coordinates": [ -39.430796, -5.678752 ] } },
{ "type": "Feature", "properties": { "ID0": "1339", "NOME_USP1": "IGREJA CRISTÃ ALCANÇADA PELA GRAÇA", "NOME_UG2": "INSTITUTO DE ATIVISMO COMUNITÁRIO - REDE MOBILIZE", "TIPO3": "INFORMAL", "LOTE4": "LOTE 9", "ENDERECO5": "RUA C", "NUMERO6": "550", "BAIRRO_L7": "JANGURUSSU", "DISTRITO8": "FORTALEZA", "MUNICIPI9": "FORTALEZA", "CEP10": "60877-215", "REGIAO_D11": "GRANDE FORTALEZA", "SETOR_IB12": "URBANA", "DATA_DE_13": "2024-07-15", "TIPO_DE_14": "CAGECE - COMPANHIA DE ÁGUA E ESGOTO DO ESTADO DO CEARÁ", "DESIGNAC15": null, "LATITUDE16": "-3.846617", "LONGITUD17": "-38.505515", "OBS18": "COORDENADAS APROXIMADAS", "CONTAGEM19": "1" }, "geometry": { "type": "Point", "coordinates": [ -38.505515, -3.846617 ] } },
{ "type": "Feature", "properties": { "ID0": "1340", "NOME_USP1": "COZINHA DA CONQUISTA", "NOME_UG2": "CENTRO SOCIAL DOS MORADORES DO PARQUE SÃO JOSÉ", "TIPO3": "INFORMAL", "LOTE4": "LOTE 30", "ENDERECO5": "SÃO JOÃO DA CONQUISTA", "NUMERO6": "0", "BAIRRO_L7": "ZONA RURAL", "DISTRITO8": "BARBADA", "MUNICIPI9": "CHORÓ", "CEP10": "63950-000", "REGIAO_D11": "SERTÃO CENTRAL", "SETOR_IB12": "RURAL", "DATA_DE_13": "2024-08-12", "TIPO_DE_14": "SAAE - SERVIÇO AUTÔNOMO DE ÁGUA E ESGOTO", "DESIGNAC15": null, "LATITUDE16": "-4.732741", "LONGITUD17": "-39.120536", "OBS18": "COORDENADAS APROXIMADAS", "CONTAGEM19": "1" }, "geometry": { "type": "Point", "coordinates": [ -39.120536, -4.732741 ] } },
{ "type": "Feature", "properties": { "ID0": "1341", "NOME_USP1": "COZINHA SUBESTAÇÃO", "NOME_UG2": "INSTITUTO VEREDAS DA CIDADANIA", "TIPO3": "FORMAL", "LOTE4": "LOTE 29", "ENDERECO5": "RUA SUB ESTAÇÃO", "NUMERO6": "0", "BAIRRO_L7": "CENTRO", "DISTRITO8": "TIANGUÁ", "MUNICIPI9": "TIANGUÁ", "CEP10": "00000-000", "REGIAO_D11": "SERRA DA IBIAPABA", "SETOR_IB12": "URBANA", "DATA_DE_13": "2024-07-22", "TIPO_DE_14": "CAGECE - COMPANHIA DE ÁGUA E ESGOTO DO ESTADO DO CEARÁ", "DESIGNAC15": null, "LATITUDE16": "-3.836311", "LONGITUD17": "-40.971377", "OBS18": "COORDENADAS APROXIMADAS", "CONTAGEM19": "1" }, "geometry": { "type": "Point", "coordinates": [ -40.971377, -3.836311 ] } },
{ "type": "Feature", "properties": { "ID0": "1342", "NOME_USP1": "PROJETO TE APOIO COM AMOR", "NOME_UG2": "INSTITUTO DE ARTE E CIDADANIA DO CEARÁ", "TIPO3": "INFORMAL", "LOTE4": "LOTE 5", "ENDERECO5": "RUA GENIPO FERNANDES", "NUMERO6": "94", "BAIRRO_L7": "QUINTINO CUNHA", "DISTRITO8": "FORTALEZA", "MUNICIPI9": "FORTALEZA", "CEP10": "60352-690", "REGIAO_D11": "GRANDE FORTALEZA", "SETOR_IB12": "URBANA", "DATA_DE_13": "2024-07-29", "TIPO_DE_14": "CAGECE - COMPANHIA DE ÁGUA E ESGOTO DO ESTADO DO CEARÁ", "DESIGNAC15": null, "LATITUDE16": "-3.729461", "LONGITUD17": "-38.602874", "OBS18": "COORDENADAS APROXIMADAS", "CONTAGEM19": "1" }, "geometry": { "type": "Point", "coordinates": [ -38.602874, -3.729461 ] } },
{ "type": "Feature", "properties": { "ID0": "1345", "NOME_USP1": "INSTITUTO DE DESENVOLVIMENTO HUMANO E SOCIAL - IDHS (QUINTINO CUNHA)", "NOME_UG2": "INSTITUTO DE ARTE E CIDADANIA DO CEARÁ", "TIPO3": "FORMAL", "LOTE4": "LOTE 5", "ENDERECO5": "RUA DA MANGUEIRA", "NUMERO6": "39", "BAIRRO_L7": "QUINTINO CUNHA", "DISTRITO8": "FORTALEZA", "MUNICIPI9": "FORTALEZA", "CEP10": "60352-630", "REGIAO_D11": "GRANDE FORTALEZA", "SETOR_IB12": "URBANA", "DATA_DE_13": "2024-07-29", "TIPO_DE_14": "CAGECE - COMPANHIA DE ÁGUA E ESGOTO DO ESTADO DO CEARÁ", "DESIGNAC15": null, "LATITUDE16": "-3.731601", "LONGITUD17": "-38.600639", "OBS18": "COORDENADAS APROXIMADAS", "CONTAGEM19": "1" }, "geometry": { "type": "Point", "coordinates": [ -38.600639, -3.731601 ] } },
{ "type": "Feature", "properties": { "ID0": "1346", "NOME_USP1": "COZINHA SÃO FRANCISCO", "NOME_UG2": "CENTRO SOCIAL DOS MORADORES DO PARQUE SÃO JOSÉ", "TIPO3": "INFORMAL", "LOTE4": "LOTE 30", "ENDERECO5": "RUA LUIS GOMES COUTINHO", "NUMERO6": "355", "BAIRRO_L7": "MARAVILHA", "DISTRITO8": "NÃO SE APLICA", "MUNICIPI9": "QUIXERAMOBIM", "CEP10": "63800-000", "REGIAO_D11": "SERTÃO CENTRAL", "SETOR_IB12": "URBANA", "DATA_DE_13": "2024-07-24", "TIPO_DE_14": "SAAE - SERVIÇO AUTÔNOMO DE ÁGUA E ESGOTO", "DESIGNAC15": null, "LATITUDE16": "-5.206839", "LONGITUD17": "-39.294684", "OBS18": "COORDENADAS APROXIMADAS", "CONTAGEM19": "1" }, "geometry": { "type": "Point", "coordinates": [ -39.294684, -5.206839 ] } },
{ "type": "Feature", "properties": { "ID0": "1347", "NOME_USP1": "COZINHA SOLIDÁRIA DE TIMBAÚBA", "NOME_UG2": "INSTITUTO VEREDAS DA CIDADANIA", "TIPO3": "FORMAL", "LOTE4": "LOTE 29", "ENDERECO5": "SÍTIO TIMBAUBA", "NUMERO6": "0", "BAIRRO_L7": "ZONA RURAL", "DISTRITO8": "TIANGUÁ", "MUNICIPI9": "TIANGUÁ", "CEP10": "00000-000", "REGIAO_D11": "SERRA DA IBIAPABA", "SETOR_IB12": "RURAL", "DATA_DE_13": "2024-07-22", "TIPO_DE_14": "CAGECE - COMPANHIA DE ÁGUA E ESGOTO DO ESTADO DO CEARÁ", "DESIGNAC15": null, "LATITUDE16": "-3.672937", "LONGITUD17": "-40.980311", "OBS18": "COORDENADAS APROXIMADAS", "CONTAGEM19": "1" }, "geometry": { "type": "Point", "coordinates": [ -40.980311, -3.672937 ] } },
{ "type": "Feature", "properties": { "ID0": "1348", "NOME_USP1": "CAMEPI", "NOME_UG2": "INSTITUTO MARIA DA HORA", "TIPO3": "INFORMAL", "LOTE4": "LOTE 11", "ENDERECO5": "TRAVESSA RIO DE JANEIRO", "NUMERO6": "152", "BAIRRO_L7": "JOÃO XXIII", "DISTRITO8": "FORTALEZA", "MUNICIPI9": "FORTALEZA", "CEP10": "60525-200", "REGIAO_D11": "GRANDE FORTALEZA", "SETOR_IB12": "URBANA", "DATA_DE_13": "2024-07-29", "TIPO_DE_14": "CAGECE - COMPANHIA DE ÁGUA E ESGOTO DO ESTADO DO CEARÁ", "DESIGNAC15": null, "LATITUDE16": "-3.769314", "LONGITUD17": "-38.589309", "OBS18": "COORDENADAS APROXIMADAS", "CONTAGEM19": "1" }, "geometry": { "type": "Point", "coordinates": [ -38.589309, -3.769314 ] } },
{ "type": "Feature", "properties": { "ID0": "1349", "NOME_USP1": "COZINHA SOLIDÁRIA SÃO DOMINGOS", "NOME_UG2": "CARITAS BRASILEIRA", "TIPO3": "INFORMAL", "LOTE4": "LOTE 35", "ENDERECO5": "RUA ANTÔNIO MAÇAL", "NUMERO6": "25", "BAIRRO_L7": "CENTRO", "DISTRITO8": "SENADOR SÁ", "MUNICIPI9": "SENADOR SÁ", "CEP10": "62470-000", "REGIAO_D11": "SERTÃO DE SOBRAL", "SETOR_IB12": "URBANA", "DATA_DE_13": "2024-05-20", "TIPO_DE_14": "CAGECE - COMPANHIA DE ÁGUA E ESGOTO DO ESTADO DO CEARÁ", "DESIGNAC15": null, "LATITUDE16": "-3.353033", "LONGITUD17": "-40.466266", "OBS18": "COORDENADAS APROXIMADAS", "CONTAGEM19": "1" }, "geometry": { "type": "Point", "coordinates": [ -40.466266, -3.353033 ] } },
{ "type": "Feature", "properties": { "ID0": "1350", "NOME_USP1": "COZINHA DAS FILHAS DA MÃE RAINHA", "NOME_UG2": "ASSOCIAÇÃO CRISTÃ DE BASE", "TIPO3": "INFORMAL", "LOTE4": "LOTE 22", "ENDERECO5": "RUA PROFESSORA DEUVA DE ALENCAR", "NUMERO6": "708", "BAIRRO_L7": "VILA REAL", "DISTRITO8": "JUAZEIRO DO NORTE", "MUNICIPI9": "JUAZEIRO DO NORTE", "CEP10": "63043-070", "REGIAO_D11": "CARIRI", "SETOR_IB12": "URBANA", "DATA_DE_13": "2024-07-30", "TIPO_DE_14": "CAGECE - COMPANHIA DE ÁGUA E ESGOTO DO ESTADO DO CEARÁ", "DESIGNAC15": null, "LATITUDE16": "-7.236796", "LONGITUD17": "-39.343501", "OBS18": "COORDENADAS APROXIMADAS", "CONTAGEM19": "1" }, "geometry": { "type": "Point", "coordinates": [ -39.343501, -7.236796 ] } },
{ "type": "Feature", "properties": { "ID0": "1351", "NOME_USP1": "COZINHA SOLIDÁRIA COZINHANDO COM AMOR", "NOME_UG2": "ORGANIZAÇÃO BARREIRA AMIGOS SOLIDÁRIOS - OBAS", "TIPO3": "INFORMAL", "LOTE4": "LOTE 28", "ENDERECO5": "PV LAGOA GRANDE", "NUMERO6": "0", "BAIRRO_L7": "LAGOA GRANDE", "DISTRITO8": "LAGOA GRANDE", "MUNICIPI9": "BARREIRA", "CEP10": "62795-000", "REGIAO_D11": "MACIÇO DE BATURITÉ", "SETOR_IB12": "RURAL", "DATA_DE_13": "2024-07-08", "TIPO_DE_14": "CAGECE - COMPANHIA DE ÁGUA E ESGOTO DO ESTADO DO CEARÁ", "DESIGNAC15": null, "LATITUDE16": "-4.297113", "LONGITUD17": "-38.674748", "OBS18": "COORDENADAS APROXIMADAS", "CONTAGEM19": "1" }, "geometry": { "type": "Point", "coordinates": [ -38.674748, -4.297113 ] } },
{ "type": "Feature", "properties": { "ID0": "1352", "NOME_USP1": "COZINHA CANTO DA JANDAIA", "NOME_UG2": "INSTITUTO MARIA DA HORA", "TIPO3": "INFORMAL", "LOTE4": "LOTE 11", "ENDERECO5": "RUA CORREIA LIMA", "NUMERO6": "144", "BAIRRO_L7": "DEMÓCRITO ROCHA", "DISTRITO8": "FORTALEZA", "MUNICIPI9": "FORTALEZA", "CEP10": "60440-040", "REGIAO_D11": "GRANDE FORTALEZA", "SETOR_IB12": "URBANA", "DATA_DE_13": "2024-08-13", "TIPO_DE_14": "CAGECE - COMPANHIA DE ÁGUA E ESGOTO DO ESTADO DO CEARÁ", "DESIGNAC15": null, "LATITUDE16": "-3.76445", "LONGITUD17": "-38.562214", "OBS18": "COORDENADAS APROXIMADAS", "CONTAGEM19": "1" }, "geometry": { "type": "Point", "coordinates": [ -38.562214, -3.76445 ] } },
{ "type": "Feature", "properties": { "ID0": "1353", "NOME_USP1": "COZINHA DE ANGELIM", "NOME_UG2": "INSTITUTO VEREDAS DA CIDADANIA", "TIPO3": "INFORMAL", "LOTE4": "LOTE 29", "ENDERECO5": "RUA SANTOS DUMONT-ANGELIN", "NUMERO6": "0", "BAIRRO_L7": "INHUÇU", "DISTRITO8": "SÃO BENEDITO", "MUNICIPI9": "SÃO BENEDITO", "CEP10": "62370-000", "REGIAO_D11": "SERRA DA IBIAPABA", "SETOR_IB12": "URBANA", "DATA_DE_13": "2024-07-25", "TIPO_DE_14": "CAGECE - COMPANHIA DE ÁGUA E ESGOTO DO ESTADO DO CEARÁ", "DESIGNAC15": null, "LATITUDE16": "-4.110953", "LONGITUD17": "-40.871124", "OBS18": "COORDENADAS APROXIMADAS", "CONTAGEM19": "1" }, "geometry": { "type": "Point", "coordinates": [ -40.871124, -4.110953 ] } },
{ "type": "Feature", "properties": { "ID0": "1354", "NOME_USP1": "ASSOCIAÇÃO DOS MORADORES DO SÍTIO BETANIA E CATOLÉ", "NOME_UG2": "INTITUTO FLOR DO PIIQUÍ", "TIPO3": "FORMAL", "LOTE4": "LOTE 23", "ENDERECO5": "SITIO BETANIA", "NUMERO6": "0", "BAIRRO_L7": "ZONA RURAL", "DISTRITO8": "BARBALHA", "MUNICIPI9": "BARBALHA", "CEP10": "63180-000", "REGIAO_D11": "CARIRI", "SETOR_IB12": "RURAL", "DATA_DE_13": "2024-07-29", "TIPO_DE_14": "POÇO", "DESIGNAC15": null, "LATITUDE16": "-7.430158", "LONGITUD17": "-39.398657", "OBS18": "COORDENADAS APROXIMADAS", "CONTAGEM19": "1" }, "geometry": { "type": "Point", "coordinates": [ -39.398657, -7.430158 ] } },
{ "type": "Feature", "properties": { "ID0": "1355", "NOME_USP1": "AMIGOS DO PEITO", "NOME_UG2": "INSTITUTO DE DESENVOLVIMENTO HUMANO", "TIPO3": "INFORMAL", "LOTE4": "LOTE 21", "ENDERECO5": "RUA FRANCISCO DAS CHAGAS BARROSO", "NUMERO6": "229", "BAIRRO_L7": "CENTRO", "DISTRITO8": "TEJUÇUOCA", "MUNICIPI9": "TEJUÇUOCA", "CEP10": "62610-000", "REGIAO_D11": "LITORAL OESTE / VALE DO CURU", "SETOR_IB12": "URBANA", "DATA_DE_13": "2024-07-10", "TIPO_DE_14": "CAGECE - COMPANHIA DE ÁGUA E ESGOTO DO ESTADO DO CEARÁ", "DESIGNAC15": null, "LATITUDE16": "-3.990244", "LONGITUD17": "-39.577236", "OBS18": "COORDENADAS APROXIMADAS", "CONTAGEM19": "1" }, "geometry": { "type": "Point", "coordinates": [ -39.577236, -3.990244 ] } },
{ "type": "Feature", "properties": { "ID0": "1356", "NOME_USP1": "COZINHA SOLIDÁRIA CIDADE JARDIM II", "NOME_UG2": "ASSOCIAÇÃO DOS MORADORES DO CONJUNTO TANCREDO NEVES", "TIPO3": "INFORMAL", "LOTE4": "LOTE 8", "ENDERECO5": "RUA 15", "NUMERO6": "0", "BAIRRO_L7": "PREFEITO JOSÉ WALTER", "DISTRITO8": "FORTALEZA", "MUNICIPI9": "FORTALEZA", "CEP10": "60748-444", "REGIAO_D11": "GRANDE FORTALEZA", "SETOR_IB12": "URBANA", "DATA_DE_13": "2024-07-29", "TIPO_DE_14": "CAGECE - COMPANHIA DE ÁGUA E ESGOTO DO ESTADO DO CEARÁ", "DESIGNAC15": null, "LATITUDE16": "-3.842736", "LONGITUD17": "-38.554353", "OBS18": "COORDENADAS APROXIMADAS", "CONTAGEM19": "1" }, "geometry": { "type": "Point", "coordinates": [ -38.554353, -3.842736 ] } },
{ "type": "Feature", "properties": { "ID0": "1357", "NOME_USP1": "COZINHA DE SANTA CECILIA", "NOME_UG2": "INSTITUTO VEREDAS DA CIDADANIA", "TIPO3": "FORMAL", "LOTE4": "LOTE 29", "ENDERECO5": "RUA MANOEL LUIZ DA SILVA", "NUMERO6": "0", "BAIRRO_L7": "SANTA CECÍLIA", "DISTRITO8": "VIÇOSA DO CEARÁ", "MUNICIPI9": "VIÇOSA DO CEARÁ", "CEP10": "62300-000", "REGIAO_D11": "SERRA DA IBIAPABA", "SETOR_IB12": "URBANA", "DATA_DE_13": "2024-07-22", "TIPO_DE_14": "CAGECE - COMPANHIA DE ÁGUA E ESGOTO DO ESTADO DO CEARÁ", "DESIGNAC15": null, "LATITUDE16": "-3.56121", "LONGITUD17": "-41.089556", "OBS18": "COORDENADAS APROXIMADAS", "CONTAGEM19": "1" }, "geometry": { "type": "Point", "coordinates": [ -41.089556, -3.56121 ] } },
{ "type": "Feature", "properties": { "ID0": "1358", "NOME_USP1": "INSTITUTO DE DESENVOLVIMENTO CIDADÃO MARIA DO SOCORRO- ACREDITE", "NOME_UG2": "INSTITUTO FRANCISCO DE ASSIS", "TIPO3": "FORMAL", "LOTE4": "LOTE 40", "ENDERECO5": "RUA PAULINO MOREIRA DE SOUZA LIMA", "NUMERO6": "224", "BAIRRO_L7": "ALTO SANTO", "DISTRITO8": "ALTO SANTO", "MUNICIPI9": "ALTO SANTO", "CEP10": "62970-000", "REGIAO_D11": "VALE DO JAGUARIBE", "SETOR_IB12": "RURAL", "DATA_DE_13": "2024-07-08", "TIPO_DE_14": "CAGECE - COMPANHIA DE ÁGUA E ESGOTO DO ESTADO DO CEARÁ", "DESIGNAC15": null, "LATITUDE16": "-5.483912", "LONGITUD17": "-38.261584", "OBS18": "COORDENADAS APROXIMADAS", "CONTAGEM19": "1" }, "geometry": { "type": "Point", "coordinates": [ -38.261584, -5.483912 ] } },
{ "type": "Feature", "properties": { "ID0": "1360", "NOME_USP1": "COZINHA UNIVERSAL", "NOME_UG2": "ASSOCIAÇÃO CRISTÃ DE BASE", "TIPO3": "INFORMAL", "LOTE4": "LOTE 22", "ENDERECO5": "RUA CONSTRUTOR JOSÉ SABINO PEREIRA", "NUMERO6": "936", "BAIRRO_L7": "ANTÔNIO VIEIRA", "DISTRITO8": "JUAZEIRO DO NORTE", "MUNICIPI9": "JUAZEIRO DO NORTE", "CEP10": "63022-100", "REGIAO_D11": "CARIRI", "SETOR_IB12": "URBANA", "DATA_DE_13": "2024-07-29", "TIPO_DE_14": "CAGECE - COMPANHIA DE ÁGUA E ESGOTO DO ESTADO DO CEARÁ", "DESIGNAC15": null, "LATITUDE16": "-7.222946", "LONGITUD17": "-39.333568", "OBS18": "COORDENADAS APROXIMADAS", "CONTAGEM19": "1" }, "geometry": { "type": "Point", "coordinates": [ -39.333568, -7.222946 ] } },
{ "type": "Feature", "properties": { "ID0": "1361", "NOME_USP1": "COLUNA DE FOGO", "NOME_UG2": "INSTITUTO MARIA DA HORA", "TIPO3": "INFORMAL", "LOTE4": "LOTE 11", "ENDERECO5": "RUA 129", "NUMERO6": "155", "BAIRRO_L7": "CONJUNTO CEARÁ II", "DISTRITO8": "FORTALEZA", "MUNICIPI9": "FORTALEZA", "CEP10": "60530-140", "REGIAO_D11": "GRANDE FORTALEZA", "SETOR_IB12": "URBANA", "DATA_DE_13": "2024-07-29", "TIPO_DE_14": "CAGECE - COMPANHIA DE ÁGUA E ESGOTO DO ESTADO DO CEARÁ", "DESIGNAC15": null, "LATITUDE16": "-3.772884", "LONGITUD17": "-38.609498", "OBS18": "COORDENADAS APROXIMADAS", "CONTAGEM19": "1" }, "geometry": { "type": "Point", "coordinates": [ -38.609498, -3.772884 ] } },
{ "type": "Feature", "properties": { "ID0": "1362", "NOME_USP1": "ASSOCIAÇÃO COMUNITÁRIA PEDRO ALVES COSTA", "NOME_UG2": "ASSOCIAÇÃO CRISTÃ DE BASE", "TIPO3": "FORMAL", "LOTE4": "LOTE 22", "ENDERECO5": "SITIO QUEIXADAS", "NUMERO6": "400", "BAIRRO_L7": "ZONA RURAL", "DISTRITO8": "VÁRZEA ALEGRE", "MUNICIPI9": "VÁRZEA ALEGRE", "CEP10": "63540-000", "REGIAO_D11": "CARIRI", "SETOR_IB12": "RURAL", "DATA_DE_13": "2024-08-01", "TIPO_DE_14": "CACIMBA", "DESIGNAC15": null, "LATITUDE16": "-6.721627", "LONGITUD17": "-39.213029", "OBS18": "COORDENADAS APROXIMADAS", "CONTAGEM19": "1" }, "geometry": { "type": "Point", "coordinates": [ -39.213029, -6.721627 ] } },
{ "type": "Feature", "properties": { "ID0": "1363", "NOME_USP1": "COZINHA SÃO JOSÉ", "NOME_UG2": "INSTITUTO DE ARTE], CULTURA, LAZER E EDUCAÇÃO - IARTE", "TIPO3": "INFORMAL", "LOTE4": "LOTE 31", "ENDERECO5": "RUA JOSÉ IRINEU", "NUMERO6": "0", "BAIRRO_L7": "CENTRO", "DISTRITO8": "SÃO JOSÉ DE SOLONÓPOLE", "MUNICIPI9": "SOLONÓPOLE", "CEP10": "63620-000", "REGIAO_D11": "SERTÃO CENTRAL", "SETOR_IB12": "URBANA", "DATA_DE_13": "2024-07-31", "TIPO_DE_14": "SAAE - SERVIÇO AUTÔNOMO DE ÁGUA E ESGOTO", "DESIGNAC15": null, "LATITUDE16": "-5.960109", "LONGITUD17": "-39.082201", "OBS18": "COORDENADAS APROXIMADAS", "CONTAGEM19": "1" }, "geometry": { "type": "Point", "coordinates": [ -39.082201, -5.960109 ] } },
{ "type": "Feature", "properties": { "ID0": "1364", "NOME_USP1": "REFEIÇÃO SOLIDÁRIA", "NOME_UG2": "ASSOCIAÇÃO DOS MORADORES DO CONJUNTO ACARACUZINHO", "TIPO3": "INFORMAL", "LOTE4": "LOTE 13", "ENDERECO5": "RUA 108", "NUMERO6": "0", "BAIRRO_L7": "ACARACUZINHO", "DISTRITO8": "MARACANAÚ", "MUNICIPI9": "MARACANAÚ", "CEP10": "61920-270", "REGIAO_D11": "GRANDE FORTALEZA", "SETOR_IB12": "URBANA", "DATA_DE_13": "2024-08-05", "TIPO_DE_14": null, "DESIGNAC15": null, "LATITUDE16": "-3.847696", "LONGITUD17": "-38.613638", "OBS18": "COORDENADAS APROXIMADAS", "CONTAGEM19": "1" }, "geometry": { "type": "Point", "coordinates": [ -38.613638, -3.847696 ] } },
{ "type": "Feature", "properties": { "ID0": "1365", "NOME_USP1": "COZINHA SOLIDÁRIA FREI JOÃO- ITAGUARUNA", "NOME_UG2": "INSTITUTO VEREDAS DA CIDADANIA", "TIPO3": "FORMAL", "LOTE4": "LOTE 29", "ENDERECO5": "RUA PROJETADA", "NUMERO6": "0", "BAIRRO_L7": "ITAGUARUNA", "DISTRITO8": "TIANGUÁ", "MUNICIPI9": "TIANGUÁ", "CEP10": "62320-000", "REGIAO_D11": "SERRA DA IBIAPABA", "SETOR_IB12": "RURAL", "DATA_DE_13": "2024-07-23", "TIPO_DE_14": "CAGECE - COMPANHIA DE ÁGUA E ESGOTO DO ESTADO DO CEARÁ", "DESIGNAC15": null, "LATITUDE16": "-3.748946", "LONGITUD17": "-40.918862", "OBS18": "COORDENADAS APROXIMADAS", "CONTAGEM19": "1" }, "geometry": { "type": "Point", "coordinates": [ -40.918862, -3.748946 ] } },
{ "type": "Feature", "properties": { "ID0": "1366", "NOME_USP1": "COZINHA SOLIDARIA DO PATU", "NOME_UG2": "INSTITUTO DE ARTE], CULTURA, LAZER E EDUCAÇÃO - IARTE", "TIPO3": "INFORMAL", "LOTE4": "LOTE 31", "ENDERECO5": "SITIO PATU", "NUMERO6": "0", "BAIRRO_L7": "ZONA RURAL", "DISTRITO8": "SENADOR POMPEU", "MUNICIPI9": "SENADOR POMPEU", "CEP10": "63600-000", "REGIAO_D11": "SERTÃO CENTRAL", "SETOR_IB12": "RURAL", "DATA_DE_13": "2024-07-26", "TIPO_DE_14": "POÇO", "DESIGNAC15": null, "LATITUDE16": "-5.563781", "LONGITUD17": "-39.422913", "OBS18": "COORDENADAS APROXIMADAS", "CONTAGEM19": "1" }, "geometry": { "type": "Point", "coordinates": [ -39.422913, -5.563781 ] } },
{ "type": "Feature", "properties": { "ID0": "1367", "NOME_USP1": "ASSOCIAÇÃO COMUNITARIA POÇO CERCADO E SITIOS VIZINHOS", "NOME_UG2": "ASSOCIAÇÃO CRISTÃ DE BASE", "TIPO3": "FORMAL", "LOTE4": "LOTE 22", "ENDERECO5": "SETOR POÇO CERCADO", "NUMERO6": "800", "BAIRRO_L7": "RIACHO VERDE", "DISTRITO8": "VÁRZEA ALEGRE", "MUNICIPI9": "VÁRZEA ALEGRE", "CEP10": "63540-000", "REGIAO_D11": "CARIRI", "SETOR_IB12": "RURAL", "DATA_DE_13": "2024-08-01", "TIPO_DE_14": "POÇO", "DESIGNAC15": null, "LATITUDE16": "-6.900797", "LONGITUD17": "-39.398708", "OBS18": "COORDENADAS APROXIMADAS", "CONTAGEM19": "1" }, "geometry": { "type": "Point", "coordinates": [ -39.398708, -6.900797 ] } },
{ "type": "Feature", "properties": { "ID0": "1368", "NOME_USP1": "COZINHA SANTA TEREZINHA", "NOME_UG2": "INSTITUTO VEREDAS DA CIDADANIA", "TIPO3": "FORMAL", "LOTE4": "LOTE 29", "ENDERECO5": "RUA 10 DE NOVEMBRO", "NUMERO6": "82", "BAIRRO_L7": "SANTA TEREZINHA", "DISTRITO8": "VIÇOSA DO CEARÁ", "MUNICIPI9": "VIÇOSA DO CEARÁ", "CEP10": "62300-000", "REGIAO_D11": "SERRA DA IBIAPABA", "SETOR_IB12": "URBANA", "DATA_DE_13": "2024-07-08", "TIPO_DE_14": "CAGECE - COMPANHIA DE ÁGUA E ESGOTO DO ESTADO DO CEARÁ", "DESIGNAC15": null, "LATITUDE16": "-3.565493", "LONGITUD17": "-41.090748", "OBS18": "COORDENADAS APROXIMADAS", "CONTAGEM19": "1" }, "geometry": { "type": "Point", "coordinates": [ -41.090748, -3.565493 ] } },
{ "type": "Feature", "properties": { "ID0": "1369", "NOME_USP1": "ASSOCIAÇÃO DOS MORADORES DO MIRANDAO E CONJUNTO CONVIVER - AMMICC", "NOME_UG2": "INTITUTO FLOR DO PIIQUÍ", "TIPO3": "FORMAL", "LOTE4": "LOTE 23", "ENDERECO5": "RUA VICENTE ALENCAR OLIVEIRA", "NUMERO6": "0", "BAIRRO_L7": "MIRANDÃO", "DISTRITO8": "CRATO", "MUNICIPI9": "CRATO", "CEP10": "63125-070", "REGIAO_D11": "CARIRI", "SETOR_IB12": "URBANA", "DATA_DE_13": "2024-08-01", "TIPO_DE_14": "SAAE - SERVIÇO AUTÔNOMO DE ÁGUA E ESGOTO", "DESIGNAC15": null, "LATITUDE16": "-7.236287", "LONGITUD17": "-39.396828", "OBS18": "COORDENADAS APROXIMADAS", "CONTAGEM19": "1" }, "geometry": { "type": "Point", "coordinates": [ -39.396828, -7.236287 ] } },
{ "type": "Feature", "properties": { "ID0": "1370", "NOME_USP1": "MÃOS QUE DOAM", "NOME_UG2": "CENTRO SOCIAL DOS MORADORES DO PARQUE SÃO JOSÉ", "TIPO3": "INFORMAL", "LOTE4": "LOTE 30", "ENDERECO5": "IPUEIRAS", "NUMERO6": "0", "BAIRRO_L7": "RIACHO VERDE", "DISTRITO8": "RIACHO VERDE", "MUNICIPI9": "QUIXADÁ", "CEP10": "63900-001", "REGIAO_D11": "SERTÃO CENTRAL", "SETOR_IB12": "RURAL", "DATA_DE_13": "2024-08-12", "TIPO_DE_14": "POÇO", "DESIGNAC15": null, "LATITUDE16": "-4.962919", "LONGITUD17": "-39.113005", "OBS18": "COORDENADAS APROXIMADAS", "CONTAGEM19": "1" }, "geometry": { "type": "Point", "coordinates": [ -39.113005, -4.962919 ] } },
{ "type": "Feature", "properties": { "ID0": "1371", "NOME_USP1": "MOVIMENTO CONSCIÊNCIA JOVEM- MCJ", "NOME_UG2": "ASSOCIAÇÃO CRISTÃ DE BASE", "TIPO3": "FORMAL", "LOTE4": "LOTE 22", "ENDERECO5": "FARIAS BRITO", "NUMERO6": "1374", "BAIRRO_L7": "JOÃO CABRAL", "DISTRITO8": "JUAZEIRO DO NORTE", "MUNICIPI9": "JUAZEIRO DO NORTE", "CEP10": "63051-125", "REGIAO_D11": "CARIRI", "SETOR_IB12": "URBANA", "DATA_DE_13": "2024-08-01", "TIPO_DE_14": "CAGECE - COMPANHIA DE ÁGUA E ESGOTO DO ESTADO DO CEARÁ", "DESIGNAC15": null, "LATITUDE16": "-7.233699", "LONGITUD17": "-39.316747", "OBS18": "COORDENADAS APROXIMADAS", "CONTAGEM19": "1" }, "geometry": { "type": "Point", "coordinates": [ -39.316747, -7.233699 ] } },
{ "type": "Feature", "properties": { "ID0": "1372", "NOME_USP1": "COZINHA SOLIDARIA ALTO DA ESPERNÇA", "NOME_UG2": "INSTITUTO DE ARTE], CULTURA, LAZER E EDUCAÇÃO - IARTE", "TIPO3": "INFORMAL", "LOTE4": "LOTE 31", "ENDERECO5": "RUA PRA MARIA HERMINIA", "NUMERO6": "122", "BAIRRO_L7": "CENTRO", "DISTRITO8": "SENADOR POMPEU", "MUNICIPI9": "SENADOR POMPEU", "CEP10": "63600-000", "REGIAO_D11": "SERTÃO CENTRAL", "SETOR_IB12": "URBANA", "DATA_DE_13": "2024-07-31", "TIPO_DE_14": "CAGECE - COMPANHIA DE ÁGUA E ESGOTO DO ESTADO DO CEARÁ", "DESIGNAC15": null, "LATITUDE16": "-5.578738", "LONGITUD17": "-39.37048", "OBS18": "COORDENADAS APROXIMADAS", "CONTAGEM19": "1" }, "geometry": { "type": "Point", "coordinates": [ -39.37048, -5.578738 ] } },
{ "type": "Feature", "properties": { "ID0": "1373", "NOME_USP1": "COZINHA ASSOCIAÇÃO DOS MORADORES DO PLANALTO CAUCAIA", "NOME_UG2": "INSTITUTO INDACE", "TIPO3": "FORMAL", "LOTE4": "LOTE 12", "ENDERECO5": "RUA 106", "NUMERO6": "0", "BAIRRO_L7": "PLANALTO CAUCAIA", "DISTRITO8": "CAUCAIA", "MUNICIPI9": "CAUCAIA", "CEP10": "61605-620", "REGIAO_D11": "GRANDE FORTALEZA", "SETOR_IB12": "URBANA", "DATA_DE_13": "2024-08-01", "TIPO_DE_14": "CAGECE - COMPANHIA DE ÁGUA E ESGOTO DO ESTADO DO CEARÁ", "DESIGNAC15": null, "LATITUDE16": "-3.7434", "LONGITUD17": "-38.664403", "OBS18": "COORDENADAS APROXIMADAS", "CONTAGEM19": "1" }, "geometry": { "type": "Point", "coordinates": [ -38.664403, -3.7434 ] } },
{ "type": "Feature", "properties": { "ID0": "1374", "NOME_USP1": "COZINHA SOLIDARIA DE ALGODÕES", "NOME_UG2": "CENTRO SOCIAL DOS MORADORES DO PARQUE SÃO JOSÉ", "TIPO3": "INFORMAL", "LOTE4": "LOTE 30", "ENDERECO5": "VILA DE ALGODÕES", "NUMERO6": "0", "BAIRRO_L7": "CENTRO", "DISTRITO8": "DAMIÃO CARNEIRO", "MUNICIPI9": "QUIXERAMOBIM", "CEP10": "63800-000", "REGIAO_D11": "SERTÃO CENTRAL", "SETOR_IB12": "RURAL", "DATA_DE_13": "2024-08-13", "TIPO_DE_14": "POÇO", "DESIGNAC15": null, "LATITUDE16": "-4.99129", "LONGITUD17": "-39.344397", "OBS18": "COORDENADAS APROXIMADAS", "CONTAGEM19": "1" }, "geometry": { "type": "Point", "coordinates": [ -39.344397, -4.99129 ] } },
{ "type": "Feature", "properties": { "ID0": "1375", "NOME_USP1": "COZINHA SOLIDARIA DO JUÁ", "NOME_UG2": "CENTRO SOCIAL DOS MORADORES DO PARQUE SÃO JOSÉ", "TIPO3": "INFORMAL", "LOTE4": "LOTE 30", "ENDERECO5": "VILA DO JUÁ", "NUMERO6": "0", "BAIRRO_L7": "JUÁ", "DISTRITO8": "JUÁ", "MUNICIPI9": "QUIXADÁ", "CEP10": "63940-974", "REGIAO_D11": "SERTÃO CENTRAL", "SETOR_IB12": "URBANA", "DATA_DE_13": "2024-08-12", "TIPO_DE_14": "POÇO", "DESIGNAC15": null, "LATITUDE16": "-4.722169", "LONGITUD17": "-38.975339", "OBS18": "COORDENADAS APROXIMADAS", "CONTAGEM19": "1" }, "geometry": { "type": "Point", "coordinates": [ -38.975339, -4.722169 ] } },
{ "type": "Feature", "properties": { "ID0": "1376", "NOME_USP1": "ASSOCIAÇÃO ESTADUAL DOS MORADORES DO SOL É PARA TODOS", "NOME_UG2": "INSTITUTO FRANCISCO DE ASSIS", "TIPO3": "INFORMAL", "LOTE4": "LOTE 40", "ENDERECO5": "RUA FRANCISCO MOREIRA CHAVES", "NUMERO6": "34", "BAIRRO_L7": "IRACEMA", "DISTRITO8": "IRACEMA", "MUNICIPI9": "IRACEMA", "CEP10": "62980-000", "REGIAO_D11": "VALE DO JAGUARIBE", "SETOR_IB12": "URBANA", "DATA_DE_13": "2024-07-08", "TIPO_DE_14": "CAGECE - COMPANHIA DE ÁGUA E ESGOTO DO ESTADO DO CEARÁ", "DESIGNAC15": null, "LATITUDE16": "-5.820247", "LONGITUD17": "-38.305604", "OBS18": "COORDENADAS APROXIMADAS", "CONTAGEM19": "1" }, "geometry": { "type": "Point", "coordinates": [ -38.305604, -5.820247 ] } },
{ "type": "Feature", "properties": { "ID0": "1377", "NOME_USP1": "ASSOCIAÇÃO DA AGROVILA ADOLFO BEZERRA DE MENEZES", "NOME_UG2": "INSTITUTO FRANCISCO DE ASSIS", "TIPO3": "FORMAL", "LOTE4": "LOTE 40", "ENDERECO5": "SITIO SANTA BARBARA", "NUMERO6": "0", "BAIRRO_L7": "JAGUARETAMA", "DISTRITO8": "JAGUARETAMA", "MUNICIPI9": "JAGUARETAMA", "CEP10": "63480-000", "REGIAO_D11": "VALE DO JAGUARIBE", "SETOR_IB12": "RURAL", "DATA_DE_13": "2024-07-08", "TIPO_DE_14": "SISAR - SISTEMA INTEGRADO DE SANEAMENTO RURAL", "DESIGNAC15": null, "LATITUDE16": "-5.591946", "LONGITUD17": "-38.833332", "OBS18": "COORDENADAS APROXIMADAS", "CONTAGEM19": "1" }, "geometry": { "type": "Point", "coordinates": [ -38.833332, -5.591946 ] } },
{ "type": "Feature", "properties": { "ID0": "1378", "NOME_USP1": "INSTITUTO SONHANDO ALTO", "NOME_UG2": "SOCIEDADE DE APOIO A FAMÍLIA SOBRALENSE - SAFS", "TIPO3": "FORMAL", "LOTE4": "LOTE 33", "ENDERECO5": "RUA BELO HORIZONTE", "NUMERO6": "3", "BAIRRO_L7": "ALTO DA BRASÍLIA", "DISTRITO8": "SOBRAL", "MUNICIPI9": "SOBRAL", "CEP10": "62040-400", "REGIAO_D11": "SERTÃO DE SOBRAL", "SETOR_IB12": "URBANA", "DATA_DE_13": "2024-07-15", "TIPO_DE_14": "SAAE - SERVIÇO AUTÔNOMO DE ÁGUA E ESGOTO", "DESIGNAC15": null, "LATITUDE16": "-3.675587", "LONGITUD17": "-40.34364", "OBS18": "COORDENADAS APROXIMADAS", "CONTAGEM19": "1" }, "geometry": { "type": "Point", "coordinates": [ -40.34364, -3.675587 ] } },
{ "type": "Feature", "properties": { "ID0": "1379", "NOME_USP1": "ASSOCIAÇÃO COMUNITARIA DO SITIO SOUZA", "NOME_UG2": "ASSOCIAÇÃO CRISTÃ DE BASE", "TIPO3": "FORMAL", "LOTE4": "LOTE 22", "ENDERECO5": "SITIO SOUZA", "NUMERO6": "57", "BAIRRO_L7": "CANA BRAVA", "DISTRITO8": "FARIAS BRITO", "MUNICIPI9": "FARIAS BRITO", "CEP10": "63185-000", "REGIAO_D11": "CARIRI", "SETOR_IB12": "RURAL", "DATA_DE_13": "2024-08-05", "TIPO_DE_14": "CISTERNA", "DESIGNAC15": null, "LATITUDE16": "-6.964274", "LONGITUD17": "-39.581472", "OBS18": "COORDENADAS APROXIMADAS", "CONTAGEM19": "1" }, "geometry": { "type": "Point", "coordinates": [ -39.581472, -6.964274 ] } },
{ "type": "Feature", "properties": { "ID0": "1381", "NOME_USP1": "COZINHA COMUNITÁRIA DE TUÍNA - SERVO DE DEUS PADRE ARNÓBIO", "NOME_UG2": "CARITAS BRASILEIRA", "TIPO3": "INFORMAL", "LOTE4": "LOTE 35", "ENDERECO5": "RUA PRINCIPAL", "NUMERO6": "0", "BAIRRO_L7": "TUÍNA", "DISTRITO8": "MASSAPÊ", "MUNICIPI9": "MASSAPÊ", "CEP10": "62141-000", "REGIAO_D11": "SERTÃO DE SOBRAL", "SETOR_IB12": "URBANA", "DATA_DE_13": "2024-07-15", "TIPO_DE_14": "CAGECE - COMPANHIA DE ÁGUA E ESGOTO DO ESTADO DO CEARÁ", "DESIGNAC15": null, "LATITUDE16": "-3.579971", "LONGITUD17": "-40.294612", "OBS18": "COORDENADAS APROXIMADAS", "CONTAGEM19": "1" }, "geometry": { "type": "Point", "coordinates": [ -40.294612, -3.579971 ] } },
{ "type": "Feature", "properties": { "ID0": "1382", "NOME_USP1": "COZINHA SANTA DULCE 3", "NOME_UG2": "SOCIEDADE DE APOIO A FAMÍLIA SOBRALENSE - SAFS", "TIPO3": "INFORMAL", "LOTE4": "LOTE 33", "ENDERECO5": "AVENIDA JUAZEIRO", "NUMERO6": "101", "BAIRRO_L7": "CIDADE DOUTOR JOSÉ EUCLIDES FERREIRA GOMES", "DISTRITO8": "SOBRAL", "MUNICIPI9": "SOBRAL", "CEP10": "62100-000", "REGIAO_D11": "SERTÃO DE SOBRAL", "SETOR_IB12": "URBANA", "DATA_DE_13": "2024-07-22", "TIPO_DE_14": "SAAE - SERVIÇO AUTÔNOMO DE ÁGUA E ESGOTO", "DESIGNAC15": null, "LATITUDE16": "-3.708644", "LONGITUD17": "-40.323233", "OBS18": "COORDENADAS APROXIMADAS", "CONTAGEM19": "1" }, "geometry": { "type": "Point", "coordinates": [ -40.323233, -3.708644 ] } },
{ "type": "Feature", "properties": { "ID0": "1383", "NOME_USP1": "COZINHA DO ALTO LINDO", "NOME_UG2": "INSTITUTO VEREDAS DA CIDADANIA", "TIPO3": "FORMAL", "LOTE4": "LOTE 29", "ENDERECO5": "AVENIDA NOSSA SENHORA DAS GRAÇAS", "NUMERO6": "0", "BAIRRO_L7": "ALTO LINDO", "DISTRITO8": "IBIAPINA", "MUNICIPI9": "IBIAPINA", "CEP10": "62362-000", "REGIAO_D11": "SERRA DA IBIAPABA", "SETOR_IB12": "RURAL", "DATA_DE_13": "2024-07-08", "TIPO_DE_14": "POÇO", "DESIGNAC15": null, "LATITUDE16": "-3.982675", "LONGITUD17": "-40.945079", "OBS18": "COORDENADAS APROXIMADAS", "CONTAGEM19": "1" }, "geometry": { "type": "Point", "coordinates": [ -40.945079, -3.982675 ] } },
{ "type": "Feature", "properties": { "ID0": "1385", "NOME_USP1": "ASSOCIAÇÃO DE MORADORES SÃO PEDRO 2", "NOME_UG2": "INSTITUTO VIDANÇA", "TIPO3": "FORMAL", "LOTE4": "LOTE 1", "ENDERECO5": "RUA M", "NUMERO6": "60", "BAIRRO_L7": "VILA VELHA", "DISTRITO8": "FORTALEZA", "MUNICIPI9": "FORTALEZA", "CEP10": "60349-150", "REGIAO_D11": "GRANDE FORTALEZA", "SETOR_IB12": "URBANA", "DATA_DE_13": "2024-08-07", "TIPO_DE_14": "CAGECE - COMPANHIA DE ÁGUA E ESGOTO DO ESTADO DO CEARÁ", "DESIGNAC15": null, "LATITUDE16": "-3.715724", "LONGITUD17": "-38.60641", "OBS18": "COORDENADAS APROXIMADAS", "CONTAGEM19": "1" }, "geometry": { "type": "Point", "coordinates": [ -38.60641, -3.715724 ] } },
{ "type": "Feature", "properties": { "ID0": "1387", "NOME_USP1": "COZINHA NOVO PAPICU", "NOME_UG2": "ASSOCIAÇÃO UNIÃO DE JOVENS VICENTE PINZON", "TIPO3": "INFORMAL", "LOTE4": "LOTE 3", "ENDERECO5": "RUA DOUTOR RIBAMAR LOBO", "NUMERO6": "51", "BAIRRO_L7": "PAPICU", "DISTRITO8": "FORTALEZA", "MUNICIPI9": "FORTALEZA", "CEP10": "60176-145", "REGIAO_D11": "GRANDE FORTALEZA", "SETOR_IB12": "URBANA", "DATA_DE_13": "2024-08-12", "TIPO_DE_14": "INFORMAÇÃO NÃO COLETADA", "DESIGNAC15": null, "LATITUDE16": "-3.73844", "LONGITUD17": "-38.483377", "OBS18": "COORDENADAS APROXIMADAS", "CONTAGEM19": "1" }, "geometry": { "type": "Point", "coordinates": [ -38.483377, -3.73844 ] } },
{ "type": "Feature", "properties": { "ID0": "1389", "NOME_USP1": "MOAS", "NOME_UG2": "ASSOCIAÇÃO BENEFICENTE DO CENTRINHO DA UV10", "TIPO3": "INFORMAL", "LOTE4": "LOTE 6", "ENDERECO5": "RUA JARDIM DO ÉDEN", "NUMERO6": "1100", "BAIRRO_L7": "SIQUEIRA", "DISTRITO8": "FORTALEZA", "MUNICIPI9": "FORTALEZA", "CEP10": "60544-465", "REGIAO_D11": "GRANDE FORTALEZA", "SETOR_IB12": "URBANA", "DATA_DE_13": "2024-08-08", "TIPO_DE_14": "CAGECE - COMPANHIA DE ÁGUA E ESGOTO DO ESTADO DO CEARÁ", "DESIGNAC15": null, "LATITUDE16": "-3.795042", "LONGITUD17": "-38.628775", "OBS18": "COORDENADAS APROXIMADAS", "CONTAGEM19": "1" }, "geometry": { "type": "Point", "coordinates": [ -38.628775, -3.795042 ] } },
{ "type": "Feature", "properties": { "ID0": "1391", "NOME_USP1": "COLETIVO FONTE DE ESPERANÇA", "NOME_UG2": "ASSOCIAÇÃO DOS MORADORES DO CONJUNTO TANCREDO NEVES", "TIPO3": "FORMAL", "LOTE4": "LOTE 8", "ENDERECO5": "RUA ADOLFO MARINHO", "NUMERO6": "790", "BAIRRO_L7": "PASSARÉ", "DISTRITO8": "FORTALEZA", "MUNICIPI9": "FORTALEZA", "CEP10": "60868-672", "REGIAO_D11": "GRANDE FORTALEZA", "SETOR_IB12": "URBANA", "DATA_DE_13": "2024-08-20", "TIPO_DE_14": "CAGECE - COMPANHIA DE ÁGUA E ESGOTO DO ESTADO DO CEARÁ", "DESIGNAC15": null, "LATITUDE16": "-3.811053", "LONGITUD17": "-38.542674", "OBS18": "COORDENADAS APROXIMADAS", "CONTAGEM19": "1" }, "geometry": { "type": "Point", "coordinates": [ -38.542674, -3.811053 ] } },
{ "type": "Feature", "properties": { "ID0": "1393", "NOME_USP1": "IMPÉRIO MARMITARIA", "NOME_UG2": "ASSOCIAÇÃO CURUMINS", "TIPO3": "INFORMAL", "LOTE4": "LOTE 15", "ENDERECO5": "SITIO ARAUJO", "NUMERO6": "0", "BAIRRO_L7": "PINDORETAMA", "DISTRITO8": "PINDORETAMA", "MUNICIPI9": "PINDORETAMA", "CEP10": "62860-000", "REGIAO_D11": "GRANDE FORTALEZA", "SETOR_IB12": "RURAL", "DATA_DE_13": "2024-08-22", "TIPO_DE_14": "CAGECE - COMPANHIA DE ÁGUA E ESGOTO DO ESTADO DO CEARÁ", "DESIGNAC15": null, "LATITUDE16": "-4.06237", "LONGITUD17": "-38.30654", "OBS18": "COORDENADAS APROXIMADAS", "CONTAGEM19": "1" }, "geometry": { "type": "Point", "coordinates": [ -38.30654, -4.06237 ] } },
{ "type": "Feature", "properties": { "ID0": "1394", "NOME_USP1": "COZINHA DO ALTO", "NOME_UG2": "INSTITUTO DE ARTE], CULTURA, LAZER E EDUCAÇÃO - IARTE", "TIPO3": "INFORMAL", "LOTE4": "LOTE 31", "ENDERECO5": "RUA AUDIZIO VIEIRA NASCIMENTO", "NUMERO6": "16", "BAIRRO_L7": "CARACARA", "DISTRITO8": "SENADOR POMPEU", "MUNICIPI9": "SENADOR POMPEU", "CEP10": "63600-000", "REGIAO_D11": "SERTÃO CENTRAL", "SETOR_IB12": "URBANA", "DATA_DE_13": "2024-08-15", "TIPO_DE_14": "CAGECE - COMPANHIA DE ÁGUA E ESGOTO DO ESTADO DO CEARÁ", "DESIGNAC15": null, "LATITUDE16": "-5.571127", "LONGITUD17": "-39.356085", "OBS18": "COORDENADAS APROXIMADAS", "CONTAGEM19": "1" }, "geometry": { "type": "Point", "coordinates": [ -39.356085, -5.571127 ] } },
{ "type": "Feature", "properties": { "ID0": "1395", "NOME_USP1": "COZINHA SOLIDARIA DA VANIA", "NOME_UG2": "CENTRO SOCIAL DOS MORADORES DO PARQUE SÃO JOSÉ", "TIPO3": "INFORMAL", "LOTE4": "LOTE 30", "ENDERECO5": "AVENIDA PRESIDENTE VARGAS", "NUMERO6": "1176", "BAIRRO_L7": "CAMPO NOVO", "DISTRITO8": "QUIXADÁ", "MUNICIPI9": "QUIXADÁ", "CEP10": "63905-465", "REGIAO_D11": "SERTÃO CENTRAL", "SETOR_IB12": "URBANA", "DATA_DE_13": "2024-08-15", "TIPO_DE_14": "CAGECE - COMPANHIA DE ÁGUA E ESGOTO DO ESTADO DO CEARÁ", "DESIGNAC15": null, "LATITUDE16": "-4.986742", "LONGITUD17": "-39.018317", "OBS18": "COORDENADAS APROXIMADAS", "CONTAGEM19": "1" }, "geometry": { "type": "Point", "coordinates": [ -39.018317, -4.986742 ] } },
{ "type": "Feature", "properties": { "ID0": "1396", "NOME_USP1": "INSTITUTO PRÓ-AÇÃO", "NOME_UG2": "ASSOCIAÇÃO BENEFICENTE DO CENTRINHO DA UV10", "TIPO3": "INFORMAL", "LOTE4": "LOTE 6", "ENDERECO5": "RUA SERENA", "NUMERO6": "115", "BAIRRO_L7": "SIQUEIRA", "DISTRITO8": "FORTALEZA", "MUNICIPI9": "FORTALEZA", "CEP10": "60732-393", "REGIAO_D11": "GRANDE FORTALEZA", "SETOR_IB12": "URBANA", "DATA_DE_13": "2024-08-13", "TIPO_DE_14": "POÇO", "DESIGNAC15": null, "LATITUDE16": "-3.798789", "LONGITUD17": "-38.612324", "OBS18": "COORDENADAS APROXIMADAS", "CONTAGEM19": "1" }, "geometry": { "type": "Point", "coordinates": [ -38.612324, -3.798789 ] } },
{ "type": "Feature", "properties": { "ID0": "1397", "NOME_USP1": "COZINHANDO PARA O FUTURO", "NOME_UG2": "INSTITUTO MARIA DA HORA", "TIPO3": "INFORMAL", "LOTE4": "LOTE 11", "ENDERECO5": "TRAVESSA TAMOIO", "NUMERO6": "112", "BAIRRO_L7": "COUTO FERNANDES", "DISTRITO8": "FORTALEZA", "MUNICIPI9": "FORTALEZA", "CEP10": "60442-020", "REGIAO_D11": "GRANDE FORTALEZA", "SETOR_IB12": "URBANA", "DATA_DE_13": "2024-08-16", "TIPO_DE_14": null, "DESIGNAC15": null, "LATITUDE16": "-3.76077", "LONGITUD17": "-38.561426", "OBS18": "COORDENADAS APROXIMADAS", "CONTAGEM19": "1" }, "geometry": { "type": "Point", "coordinates": [ -38.561426, -3.76077 ] } },
{ "type": "Feature", "properties": { "ID0": "1398", "NOME_USP1": "COZINHA PLANALTO UNIVERSO", "NOME_UG2": "INSTITUTO DE ARTE E CIDADANIA DO CEARÁ", "TIPO3": "INFORMAL", "LOTE4": "LOTE 5", "ENDERECO5": "AVENIDA TREZE DE ABRIL", "NUMERO6": "66", "BAIRRO_L7": "VILA UNIÃO", "DISTRITO8": "FORTALEZA", "MUNICIPI9": "FORTALEZA", "CEP10": "60411-040", "REGIAO_D11": "GRANDE FORTALEZA", "SETOR_IB12": "URBANA", "DATA_DE_13": "2024-08-20", "TIPO_DE_14": "POÇO", "DESIGNAC15": null, "LATITUDE16": "-3.765449", "LONGITUD17": "-38.528664", "OBS18": "COORDENADAS APROXIMADAS", "CONTAGEM19": "1" }, "geometry": { "type": "Point", "coordinates": [ -38.528664, -3.765449 ] } },
{ "type": "Feature", "properties": { "ID0": "1399", "NOME_USP1": "COZINHA SOLIDARIA DE VERTENTE", "NOME_UG2": "CENTRO SOCIAL DOS MORADORES DO PARQUE SÃO JOSÉ", "TIPO3": "INFORMAL", "LOTE4": "LOTE 30", "ENDERECO5": "VERTENTE", "NUMERO6": "0", "BAIRRO_L7": "CAIÇARINHA", "DISTRITO8": "CAIÇARINHA", "MUNICIPI9": "CHORÓ", "CEP10": "63950-000", "REGIAO_D11": "SERTÃO CENTRAL", "SETOR_IB12": "RURAL", "DATA_DE_13": "2024-08-15", "TIPO_DE_14": "POÇO", "DESIGNAC15": null, "LATITUDE16": "-4.707756", "LONGITUD17": "-39.294641", "OBS18": "COORDENADAS APROXIMADAS", "CONTAGEM19": "1" }, "geometry": { "type": "Point", "coordinates": [ -39.294641, -4.707756 ] } },
{ "type": "Feature", "properties": { "ID0": "1400", "NOME_USP1": "COZINHA PK", "NOME_UG2": "INSTITUTO DE ARTE E CIDADANIA DO CEARÁ", "TIPO3": "INFORMAL", "LOTE4": "LOTE 5", "ENDERECO5": "RUA FREI ODILON", "NUMERO6": "849", "BAIRRO_L7": "PRESIDENTE KENNEDY", "DISTRITO8": "FORTALEZA", "MUNICIPI9": "FORTALEZA", "CEP10": "60355-290", "REGIAO_D11": "GRANDE FORTALEZA", "SETOR_IB12": "URBANA", "DATA_DE_13": "2024-08-20", "TIPO_DE_14": "CAGECE - COMPANHIA DE ÁGUA E ESGOTO DO ESTADO DO CEARÁ", "DESIGNAC15": null, "LATITUDE16": "-3.720437", "LONGITUD17": "-38.56992", "OBS18": "COORDENADAS APROXIMADAS", "CONTAGEM19": "1" }, "geometry": { "type": "Point", "coordinates": [ -38.56992, -3.720437 ] } },
{ "type": "Feature", "properties": { "ID0": "1401", "NOME_USP1": "TIA MEIRE", "NOME_UG2": "INSTITUTO DE ARTE E CIDADANIA DO CEARÁ", "TIPO3": "INFORMAL", "LOTE4": "LOTE 5", "ENDERECO5": "RUA AZEVEDO BOLÃO", "NUMERO6": "168", "BAIRRO_L7": "PARQUE ARAXÁ", "DISTRITO8": "FORTALEZA", "MUNICIPI9": "FORTALEZA", "CEP10": "60450-675", "REGIAO_D11": "GRANDE FORTALEZA", "SETOR_IB12": "URBANA", "DATA_DE_13": "2024-08-20", "TIPO_DE_14": "CAGECE - COMPANHIA DE ÁGUA E ESGOTO DO ESTADO DO CEARÁ", "DESIGNAC15": null, "LATITUDE16": "-3.733874", "LONGITUD17": "-38.546019", "OBS18": "COORDENADAS APROXIMADAS", "CONTAGEM19": "1" }, "geometry": { "type": "Point", "coordinates": [ -38.546019, -3.733874 ] } },
{ "type": "Feature", "properties": { "ID0": "1402", "NOME_USP1": "ASSOCIAÇÃO DE MULHERES DE QUINCUNCÁ", "NOME_UG2": "ASSOCIAÇÃO CRISTÃ DE BASE", "TIPO3": "FORMAL", "LOTE4": "LOTE 22", "ENDERECO5": "RUA JOSE ALVES COSTA", "NUMERO6": "53", "BAIRRO_L7": "NOVA BETÂNIA", "DISTRITO8": "QUINCUNCÁ", "MUNICIPI9": "FARIAS BRITO", "CEP10": "63187-000", "REGIAO_D11": "CARIRI", "SETOR_IB12": "URBANA", "DATA_DE_13": "2024-09-02", "TIPO_DE_14": "SISAR - SISTEMA INTEGRADO DE SANEAMENTO RURAL", "DESIGNAC15": null, "LATITUDE16": "-6.865099", "LONGITUD17": "-39.614386", "OBS18": "COORDENADAS APROXIMADAS", "CONTAGEM19": "1" }, "geometry": { "type": "Point", "coordinates": [ -39.614386, -6.865099 ] } },
{ "type": "Feature", "properties": { "ID0": "1403", "NOME_USP1": "REFINADO SABOR", "NOME_UG2": "CONSELHO COMUNITÁRIO DO PARQUE SÃO JOSÉ", "TIPO3": "INFORMAL", "LOTE4": "LOTE 10", "ENDERECO5": "RUA JÚLIO MACIEL", "NUMERO6": "410", "BAIRRO_L7": "MANUEL SÁTIRO", "DISTRITO8": "FORTALEZA", "MUNICIPI9": "FORTALEZA", "CEP10": "60713-180", "REGIAO_D11": "GRANDE FORTALEZA", "SETOR_IB12": "URBANA", "DATA_DE_13": "2024-08-20", "TIPO_DE_14": "CAGECE - COMPANHIA DE ÁGUA E ESGOTO DO ESTADO DO CEARÁ", "DESIGNAC15": null, "LATITUDE16": "-3.797358", "LONGITUD17": "-38.576922", "OBS18": "COORDENADAS APROXIMADAS", "CONTAGEM19": "1" }, "geometry": { "type": "Point", "coordinates": [ -38.576922, -3.797358 ] } },
{ "type": "Feature", "properties": { "ID0": "1404", "NOME_USP1": "COZINHA SOLIDARIA LUIZ OLIVEIRA DEUS É JUSTO", "NOME_UG2": "INSTITUTO DE ATIVISMO COMUNITÁRIO - REDE MOBILIZE", "TIPO3": "INFORMAL", "LOTE4": "LOTE 9", "ENDERECO5": "AVENIDA MONSENHOR AMARÍLIO RODRIGUES", "NUMERO6": "741", "BAIRRO_L7": "SÃO CRISTOVÃO", "DISTRITO8": "FORTALEZA", "MUNICIPI9": "FORTALEZA", "CEP10": "60866-290", "REGIAO_D11": "GRANDE FORTALEZA", "SETOR_IB12": "URBANA", "DATA_DE_13": "2024-08-13", "TIPO_DE_14": "CAGECE - COMPANHIA DE ÁGUA E ESGOTO DO ESTADO DO CEARÁ", "DESIGNAC15": null, "LATITUDE16": "-3.836642", "LONGITUD17": "-38.525613", "OBS18": "COORDENADAS APROXIMADAS", "CONTAGEM19": "1" }, "geometry": { "type": "Point", "coordinates": [ -38.525613, -3.836642 ] } },
{ "type": "Feature", "properties": { "ID0": "1405", "NOME_USP1": "COZINHA DA BEBE", "NOME_UG2": "INSTITUTO COMPARTILHA - SAMEAC", "TIPO3": "FORMAL", "LOTE4": "LOTE 4", "ENDERECO5": "RUA CAPITÃO MELO", "NUMERO6": "3720", "BAIRRO_L7": "SÃO JOÃO DO TAUAPE", "DISTRITO8": "FORTALEZA", "MUNICIPI9": "FORTALEZA", "CEP10": "60120-095", "REGIAO_D11": "GRANDE FORTALEZA", "SETOR_IB12": "URBANA", "DATA_DE_13": "2024-08-20", "TIPO_DE_14": "CAGECE - COMPANHIA DE ÁGUA E ESGOTO DO ESTADO DO CEARÁ", "DESIGNAC15": null, "LATITUDE16": "-3.755086", "LONGITUD17": "-38.513485", "OBS18": "COORDENADAS APROXIMADAS", "CONTAGEM19": "1" }, "geometry": { "type": "Point", "coordinates": [ -38.513485, -3.755086 ] } },
{ "type": "Feature", "properties": { "ID0": "1406", "NOME_USP1": "MOVIMENTO MORAR BEM- NEUZONA", "NOME_UG2": "ASSOCIAÇÃO CRISTÃ DE BASE", "TIPO3": "FORMAL", "LOTE4": "LOTE 22", "ENDERECO5": "RUA ZEFERINO PEDRO DOS SANTOS", "NUMERO6": "979", "BAIRRO_L7": "SÃO JOSÉ", "DISTRITO8": "JUAZEIRO DO NORTE", "MUNICIPI9": "JUAZEIRO DO NORTE", "CEP10": "63024-390", "REGIAO_D11": "CARIRI", "SETOR_IB12": "URBANA", "DATA_DE_13": "2024-08-28", "TIPO_DE_14": "CAGECE - COMPANHIA DE ÁGUA E ESGOTO DO ESTADO DO CEARÁ", "DESIGNAC15": null, "LATITUDE16": "-7.236749", "LONGITUD17": "-39.347005", "OBS18": "COORDENADAS APROXIMADAS", "CONTAGEM19": "1" }, "geometry": { "type": "Point", "coordinates": [ -39.347005, -7.236749 ] } },
{ "type": "Feature", "properties": { "ID0": "1407", "NOME_USP1": "COZINHA SOLIDARIEDADE & ORGANIZAÇÃO & LIBERTAÇÃO", "NOME_UG2": "ACFLOR", "TIPO3": "INFORMAL", "LOTE4": "LOTE 2", "ENDERECO5": "AVENIDA PRESIDENTE CASTELO BRANCO", "NUMERO6": "2304", "BAIRRO_L7": "CARLITO PAMPLONA", "DISTRITO8": "FORTALEZA", "MUNICIPI9": "FORTALEZA", "CEP10": "60312-060", "REGIAO_D11": "GRANDE FORTALEZA", "SETOR_IB12": "URBANA", "DATA_DE_13": "2024-08-07", "TIPO_DE_14": "CAGECE - COMPANHIA DE ÁGUA E ESGOTO DO ESTADO DO CEARÁ", "DESIGNAC15": null, "LATITUDE16": "-3.713705", "LONGITUD17": "-38.548968", "OBS18": "COORDENADAS APROXIMADAS", "CONTAGEM19": "1" }, "geometry": { "type": "Point", "coordinates": [ -38.548968, -3.713705 ] } },
{ "type": "Feature", "properties": { "ID0": "1408", "NOME_USP1": "COZINHA L.J.J", "NOME_UG2": "ASSOCIAÇÃO BENEFICENTE DO CENTRINHO DA UV10", "TIPO3": "INFORMAL", "LOTE4": "LOTE 6", "ENDERECO5": "RUA TAQUARI", "NUMERO6": "1848", "BAIRRO_L7": "GRANJA PORTUGAL", "DISTRITO8": "FORTALEZA", "MUNICIPI9": "FORTALEZA", "CEP10": "60541-525", "REGIAO_D11": "GRANDE FORTALEZA", "SETOR_IB12": "URBANA", "DATA_DE_13": "2024-08-21", "TIPO_DE_14": "CAGECE - COMPANHIA DE ÁGUA E ESGOTO DO ESTADO DO CEARÁ", "DESIGNAC15": null, "LATITUDE16": "-3.777604", "LONGITUD17": "-38.596455", "OBS18": "COORDENADAS APROXIMADAS", "CONTAGEM19": "1" }, "geometry": { "type": "Point", "coordinates": [ -38.596455, -3.777604 ] } },
{ "type": "Feature", "properties": { "ID0": "1409", "NOME_USP1": "PRATO PRONTO", "NOME_UG2": "ASSOCIAÇÃO DOS MORADORES DO CONJUNTO ACARACUZINHO", "TIPO3": "INFORMAL", "LOTE4": "LOTE 13", "ENDERECO5": "RUA MARTINS DE LIMA", "NUMERO6": "2326", "BAIRRO_L7": "ALTO ALEGRE II", "DISTRITO8": "MARACANAÚ", "MUNICIPI9": "MARACANAÚ", "CEP10": "60765-555", "REGIAO_D11": "GRANDE FORTALEZA", "SETOR_IB12": "URBANA", "DATA_DE_13": "2024-08-20", "TIPO_DE_14": "CAGECE - COMPANHIA DE ÁGUA E ESGOTO DO ESTADO DO CEARÁ", "DESIGNAC15": null, "LATITUDE16": "-3.822855", "LONGITUD17": "-38.612146", "OBS18": "COORDENADAS APROXIMADAS", "CONTAGEM19": "1" }, "geometry": { "type": "Point", "coordinates": [ -38.612146, -3.822855 ] } },
{ "type": "Feature", "properties": { "ID0": "1410", "NOME_USP1": "COZINHA DA PROVIDÊNCIA", "NOME_UG2": "INSTITUTO MARIA DA HORA", "TIPO3": "INFORMAL", "LOTE4": "LOTE 11", "ENDERECO5": "RUA GOMES BRASIL", "NUMERO6": "260", "BAIRRO_L7": "PARANGABA", "DISTRITO8": "FORTALEZA", "MUNICIPI9": "FORTALEZA", "CEP10": "60720-150", "REGIAO_D11": "GRANDE FORTALEZA", "SETOR_IB12": "URBANA", "DATA_DE_13": "2024-08-26", "TIPO_DE_14": "CAGECE - COMPANHIA DE ÁGUA E ESGOTO DO ESTADO DO CEARÁ", "DESIGNAC15": null, "LATITUDE16": "-3.773259", "LONGITUD17": "-38.567877", "OBS18": "COORDENADAS APROXIMADAS", "CONTAGEM19": "1" }, "geometry": { "type": "Point", "coordinates": [ -38.567877, -3.773259 ] } },
{ "type": "Feature", "properties": { "ID0": "1411", "NOME_USP1": "ASSOCIAÇÃO COMUNITARIA DO SITIO LAMBEDOURO", "NOME_UG2": "ASSOCIAÇÃO CRISTÃ DE BASE", "TIPO3": "FORMAL", "LOTE4": "LOTE 22", "ENDERECO5": "SITIO LAMBEDOURO", "NUMERO6": "650", "BAIRRO_L7": "MONTE PIO", "DISTRITO8": "FARIAS BRITO", "MUNICIPI9": "FARIAS BRITO", "CEP10": "63185-000", "REGIAO_D11": "CARIRI", "SETOR_IB12": "RURAL", "DATA_DE_13": "2024-09-02", "TIPO_DE_14": "SISAR - SISTEMA INTEGRADO DE SANEAMENTO RURAL", "DESIGNAC15": null, "LATITUDE16": "-6.953209", "LONGITUD17": "-39.545264", "OBS18": "COORDENADAS APROXIMADAS", "CONTAGEM19": "1" }, "geometry": { "type": "Point", "coordinates": [ -39.545264, -6.953209 ] } },
{ "type": "Feature", "properties": { "ID0": "1412", "NOME_USP1": "ASSOCIAÇÃO POÇO VERDE", "NOME_UG2": "ASSOCIAÇÃO DE COOPERAÇÃO AGRÍCOLA DO ESTADO DO CEARA", "TIPO3": "INFORMAL", "LOTE4": "LOTE 20", "ENDERECO5": "FAZENDA POÇO VERDE", "NUMERO6": "1", "BAIRRO_L7": "SAQUINHO ITAPIPOCA", "DISTRITO8": "ITAPIPOCA", "MUNICIPI9": "ITAPIPOCA", "CEP10": "62509-899", "REGIAO_D11": "LITORAL OESTE / VALE DO CURU", "SETOR_IB12": "RURAL", "DATA_DE_13": "2024-08-27", "TIPO_DE_14": "CAGECE - COMPANHIA DE ÁGUA E ESGOTO DO ESTADO DO CEARÁ", "DESIGNAC15": null, "LATITUDE16": "-3.427846", "LONGITUD17": "-39.59938", "OBS18": "COORDENADAS APROXIMADAS", "CONTAGEM19": "1" }, "geometry": { "type": "Point", "coordinates": [ -39.59938, -3.427846 ] } },
{ "type": "Feature", "properties": { "ID0": "1414", "NOME_USP1": "SERVIR PARA TRANSFORMAR", "NOME_UG2": "INSTITUTO COMPARTILHA - SAMEAC", "TIPO3": "INFORMAL", "LOTE4": "LOTE 4", "ENDERECO5": "RUA VEREADOR PEDRO PAULO", "NUMERO6": "367", "BAIRRO_L7": "PARQUE MANIBURA", "DISTRITO8": "FORTALEZA", "MUNICIPI9": "FORTALEZA", "CEP10": "60821-716", "REGIAO_D11": "GRANDE FORTALEZA", "SETOR_IB12": "URBANA", "DATA_DE_13": "2024-08-26", "TIPO_DE_14": "CAGECE - COMPANHIA DE ÁGUA E ESGOTO DO ESTADO DO CEARÁ", "DESIGNAC15": null, "LATITUDE16": "-3.787008", "LONGITUD17": "-38.493309", "OBS18": "COORDENADAS APROXIMADAS", "CONTAGEM19": "1" }, "geometry": { "type": "Point", "coordinates": [ -38.493309, -3.787008 ] } },
{ "type": "Feature", "properties": { "ID0": "1415", "NOME_USP1": "SABOR SOLIDÁRIO", "NOME_UG2": "INSTITUTO DE DESENVOLVIMENTO E SOLIDARIEDADE", "TIPO3": "INFORMAL", "LOTE4": "LOTE 7", "ENDERECO5": "RUA PAULO SETUBAL", "NUMERO6": "601", "BAIRRO_L7": "MESSEJANA", "DISTRITO8": "FORTALEZA", "MUNICIPI9": "FORTALEZA", "CEP10": "60842-250", "REGIAO_D11": "GRANDE FORTALEZA", "SETOR_IB12": "URBANA", "DATA_DE_13": "2024-09-06", "TIPO_DE_14": "CAGECE - COMPANHIA DE ÁGUA E ESGOTO DO ESTADO DO CEARÁ", "DESIGNAC15": null, "LATITUDE16": "-3.821972", "LONGITUD17": "-38.501283", "OBS18": "COORDENADAS APROXIMADAS", "CONTAGEM19": "1" }, "geometry": { "type": "Point", "coordinates": [ -38.501283, -3.821972 ] } },
{ "type": "Feature", "properties": { "ID0": "1443", "NOME_USP1": "PAZ E LUZ", "NOME_UG2": "INSTITUTO VIDANÇA", "TIPO3": "INFORMAL", "LOTE4": "LOTE 1", "ENDERECO5": "RUA CARLOS CHAGAS", "NUMERO6": "31", "BAIRRO_L7": "BARRA DO CEARÁ", "DISTRITO8": "FORTALEZA", "MUNICIPI9": "FORTALEZA", "CEP10": "60332-772", "REGIAO_D11": "GRANDE FORTALEZA", "SETOR_IB12": "URBANA", "DATA_DE_13": "2024-11-04", "TIPO_DE_14": "INFORMAÇÃO NÃO COLETADA", "DESIGNAC15": null, "LATITUDE16": "-3.695694", "LONGITUD17": "-38.586015", "OBS18": "COORDENADAS APROXIMADAS", "CONTAGEM19": "1" }, "geometry": { "type": "Point", "coordinates": [ -38.586015, -3.695694 ] } },
{ "type": "Feature", "properties": { "ID0": "1416", "NOME_USP1": "COZINHA DA PLENITUDE", "NOME_UG2": "CONSELHO COMUNITÁRIO DO PARQUE SÃO JOSÉ", "TIPO3": "INFORMAL", "LOTE4": "LOTE 10", "ENDERECO5": "RUA INÁ BRITO", "NUMERO6": "1627", "BAIRRO_L7": "PARQUE PRESIDENTE VARGAS", "DISTRITO8": "FORTALEZA", "MUNICIPI9": "FORTALEZA", "CEP10": "60765-645", "REGIAO_D11": "GRANDE FORTALEZA", "SETOR_IB12": "URBANA", "DATA_DE_13": "2024-09-02", "TIPO_DE_14": "CAGECE - COMPANHIA DE ÁGUA E ESGOTO DO ESTADO DO CEARÁ", "DESIGNAC15": null, "LATITUDE16": "-3.825828", "LONGITUD17": "-38.597469", "OBS18": "COORDENADAS APROXIMADAS", "CONTAGEM19": "1" }, "geometry": { "type": "Point", "coordinates": [ -38.597469, -3.825828 ] } },
{ "type": "Feature", "properties": { "ID0": "1417", "NOME_USP1": "INSTITUTO SOLIDARIEDADE EM AÇÃO", "NOME_UG2": "ASSOCIAÇÃO DOS MORADORES DO CONJUNTO TANCREDO NEVES", "TIPO3": "FORMAL", "LOTE4": "LOTE 8", "ENDERECO5": "RUA PEDRO DANTAS", "NUMERO6": "805", "BAIRRO_L7": "DIAS MACEDO", "DISTRITO8": "FORTALEZA", "MUNICIPI9": "FORTALEZA", "CEP10": "60860-150", "REGIAO_D11": "GRANDE FORTALEZA", "SETOR_IB12": "URBANA", "DATA_DE_13": "2024-09-04", "TIPO_DE_14": "CAGECE - COMPANHIA DE ÁGUA E ESGOTO DO ESTADO DO CEARÁ", "DESIGNAC15": null, "LATITUDE16": "-3.785554", "LONGITUD17": "-38.524782", "OBS18": "COORDENADAS APROXIMADAS", "CONTAGEM19": "1" }, "geometry": { "type": "Point", "coordinates": [ -38.524782, -3.785554 ] } },
{ "type": "Feature", "properties": { "ID0": "1418", "NOME_USP1": "COZINHA SOLIDÁRIA DA TIA LU", "NOME_UG2": "INSTITUTO DE ARTE E CIDADANIA DO CEARÁ", "TIPO3": "INFORMAL", "LOTE4": "LOTE 5", "ENDERECO5": "RUA MOZART PINTO", "NUMERO6": "502", "BAIRRO_L7": "MONTE CASTELO", "DISTRITO8": "FORTALEZA", "MUNICIPI9": "FORTALEZA", "CEP10": "60325-670", "REGIAO_D11": "GRANDE FORTALEZA", "SETOR_IB12": "URBANA", "DATA_DE_13": "2024-09-04", "TIPO_DE_14": "CAGECE - COMPANHIA DE ÁGUA E ESGOTO DO ESTADO DO CEARÁ", "DESIGNAC15": null, "LATITUDE16": "-3.729281", "LONGITUD17": "-38.552425", "OBS18": "COORDENADAS APROXIMADAS", "CONTAGEM19": "1" }, "geometry": { "type": "Point", "coordinates": [ -38.552425, -3.729281 ] } },
{ "type": "Feature", "properties": { "ID0": "1419", "NOME_USP1": "COZINHA DASMARIAS", "NOME_UG2": "INSTITUTO VIDANÇA", "TIPO3": "INFORMAL", "LOTE4": "LOTE 1", "ENDERECO5": "AVENIDA L", "NUMERO6": "400", "BAIRRO_L7": "VILA VELHA", "DISTRITO8": "FORTALEZA", "MUNICIPI9": "FORTALEZA", "CEP10": "60347-800", "REGIAO_D11": "GRANDE FORTALEZA", "SETOR_IB12": "URBANA", "DATA_DE_13": "2024-09-03", "TIPO_DE_14": "CAGECE - COMPANHIA DE ÁGUA E ESGOTO DO ESTADO DO CEARÁ", "DESIGNAC15": null, "LATITUDE16": "-3.708929", "LONGITUD17": "-38.598343", "OBS18": "COORDENADAS APROXIMADAS", "CONTAGEM19": "1" }, "geometry": { "type": "Point", "coordinates": [ -38.598343, -3.708929 ] } },
{ "type": "Feature", "properties": { "ID0": "1420", "NOME_USP1": "COZINHA SOLIDÁRIA BECO DA ESPERANÇA", "NOME_UG2": "CONSELHO COMUNITÁRIO DO PARQUE SÃO JOSÉ", "TIPO3": "INFORMAL", "LOTE4": "LOTE 10", "ENDERECO5": "RUA 5", "NUMERO6": "12", "BAIRRO_L7": "CONJUNTO ESPERANÇA", "DISTRITO8": "FORTALEZA", "MUNICIPI9": "FORTALEZA", "CEP10": "60763-545", "REGIAO_D11": "GRANDE FORTALEZA", "SETOR_IB12": "URBANA", "DATA_DE_13": "2024-09-04", "TIPO_DE_14": "CAGECE - COMPANHIA DE ÁGUA E ESGOTO DO ESTADO DO CEARÁ", "DESIGNAC15": null, "LATITUDE16": "-3.814588", "LONGITUD17": "-38.592459", "OBS18": "COORDENADAS APROXIMADAS", "CONTAGEM19": "1" }, "geometry": { "type": "Point", "coordinates": [ -38.592459, -3.814588 ] } },
{ "type": "Feature", "properties": { "ID0": "1421", "NOME_USP1": "COZINHA ANJOS SOLIDÁRIOS EMPREENDEDORES", "NOME_UG2": "INSTITUTO COMPARTILHA - SAMEAC", "TIPO3": "FORMAL", "LOTE4": "LOTE 4", "ENDERECO5": "RUA PERU", "NUMERO6": "999", "BAIRRO_L7": "ITAOCA", "DISTRITO8": "FORTALEZA", "MUNICIPI9": "FORTALEZA", "CEP10": "60740-510", "REGIAO_D11": "GRANDE FORTALEZA", "SETOR_IB12": "URBANA", "DATA_DE_13": "2024-09-04", "TIPO_DE_14": "CAGECE - COMPANHIA DE ÁGUA E ESGOTO DO ESTADO DO CEARÁ", "DESIGNAC15": null, "LATITUDE16": "-3.775984", "LONGITUD17": "-38.552053", "OBS18": "COORDENADAS APROXIMADAS", "CONTAGEM19": "1" }, "geometry": { "type": "Point", "coordinates": [ -38.552053, -3.775984 ] } },
{ "type": "Feature", "properties": { "ID0": "1422", "NOME_USP1": "COZINHA MANGÚTI YANÉ (COMIDA BOA)", "NOME_UG2": "COOPERATIVA REGIONAL DOS ASSENTADOS(AS) DE REFORMA AGRARIA DO SERTAO DOS INHAMUNIS-CRATEUS", "TIPO3": "INFORMAL", "LOTE4": "LOTE 37", "ENDERECO5": "ALDEIA RAJADO", "NUMERO6": "0", "BAIRRO_L7": "ALDEIA RAJADO", "DISTRITO8": "MONSENHOR TABOSA", "MUNICIPI9": "MONSENHOR TABOSA", "CEP10": "63780-000", "REGIAO_D11": "SERTÃO DOS CRATEÚS", "SETOR_IB12": "RURAL", "DATA_DE_13": "2024-09-09", "TIPO_DE_14": "CISTERNA", "DESIGNAC15": null, "LATITUDE16": "-4.741318", "LONGITUD17": "-40.023284", "OBS18": "COORDENADAS APROXIMADAS", "CONTAGEM19": "1" }, "geometry": { "type": "Point", "coordinates": [ -40.023284, -4.741318 ] } },
{ "type": "Feature", "properties": { "ID0": "1424", "NOME_USP1": "COZINHA SOLIDÁRIA JANGURUSSU", "NOME_UG2": "INSTITUTO DE DESENVOLVIMENTO E SOLIDARIEDADE", "TIPO3": "INFORMAL", "LOTE4": "LOTE 7", "ENDERECO5": "RUA SANTA MADALENA", "NUMERO6": "145", "BAIRRO_L7": "PASSARÉ", "DISTRITO8": "FORTALEZA", "MUNICIPI9": "FORTALEZA", "CEP10": "60862-510", "REGIAO_D11": "GRANDE FORTALEZA", "SETOR_IB12": "URBANA", "DATA_DE_13": "2024-09-11", "TIPO_DE_14": "CAGECE - COMPANHIA DE ÁGUA E ESGOTO DO ESTADO DO CEARÁ", "DESIGNAC15": null, "LATITUDE16": "-3.827187", "LONGITUD17": "-38.529626", "OBS18": "COORDENADAS APROXIMADAS", "CONTAGEM19": "1" }, "geometry": { "type": "Point", "coordinates": [ -38.529626, -3.827187 ] } },
{ "type": "Feature", "properties": { "ID0": "1425", "NOME_USP1": "COZINHA ALIMENTANDO VIDAS", "NOME_UG2": "ACFLOR", "TIPO3": "INFORMAL", "LOTE4": "LOTE 2", "ENDERECO5": "RUA MONSENHOR ROSA", "NUMERO6": "271", "BAIRRO_L7": "CARLITO PAMPLONA", "DISTRITO8": "FORTALEZA", "MUNICIPI9": "FORTALEZA", "CEP10": "60310-440", "REGIAO_D11": "GRANDE FORTALEZA", "SETOR_IB12": "URBANA", "DATA_DE_13": "2024-09-18", "TIPO_DE_14": "CAGECE - COMPANHIA DE ÁGUA E ESGOTO DO ESTADO DO CEARÁ", "DESIGNAC15": null, "LATITUDE16": "-3.714465", "LONGITUD17": "-38.549023", "OBS18": "COORDENADAS APROXIMADAS", "CONTAGEM19": "1" }, "geometry": { "type": "Point", "coordinates": [ -38.549023, -3.714465 ] } },
{ "type": "Feature", "properties": { "ID0": "1426", "NOME_USP1": "COZINHA BEM ESTAR", "NOME_UG2": "INSTITUTO INDACE", "TIPO3": "INFORMAL", "LOTE4": "LOTE 12", "ENDERECO5": "RUA GALIENTE", "NUMERO6": "1270", "BAIRRO_L7": "PARQUE GUADALAJARA (JUREMA)", "DISTRITO8": "CAUCAIA", "MUNICIPI9": "CAUCAIA", "CEP10": "61650-190", "REGIAO_D11": "GRANDE FORTALEZA", "SETOR_IB12": "URBANA", "DATA_DE_13": "2024-09-26", "TIPO_DE_14": "CAGECE - COMPANHIA DE ÁGUA E ESGOTO DO ESTADO DO CEARÁ", "DESIGNAC15": null, "LATITUDE16": "-3.75941", "LONGITUD17": "-38.625201", "OBS18": "COORDENADAS APROXIMADAS", "CONTAGEM19": "1" }, "geometry": { "type": "Point", "coordinates": [ -38.625201, -3.75941 ] } },
{ "type": "Feature", "properties": { "ID0": "1428", "NOME_USP1": "COZINHA 1 UM POR TODOS", "NOME_UG2": "INSTITUTO DE DESENVOLVIMENTO E SOLIDARIEDADE", "TIPO3": "INFORMAL", "LOTE4": "LOTE 7", "ENDERECO5": "RUA BEIJA-FLOR", "NUMERO6": "182", "BAIRRO_L7": "JARDIM DAS OLIVEIRAS", "DISTRITO8": "FORTALEZA", "MUNICIPI9": "FORTALEZA", "CEP10": "60820-110", "REGIAO_D11": "GRANDE FORTALEZA", "SETOR_IB12": "URBANA", "DATA_DE_13": "2024-10-03", "TIPO_DE_14": "CAGECE - COMPANHIA DE ÁGUA E ESGOTO DO ESTADO DO CEARÁ", "DESIGNAC15": null, "LATITUDE16": "-3.78638", "LONGITUD17": "-38.507329", "OBS18": "COORDENADAS APROXIMADAS", "CONTAGEM19": "1" }, "geometry": { "type": "Point", "coordinates": [ -38.507329, -3.78638 ] } },
{ "type": "Feature", "properties": { "ID0": "1429", "NOME_USP1": "ASSOCIAÇÃO DE DEFESA, APOIO, CIDADANIA, HUMANIZAÇÃO E ORGULHO DO CRATO E REGIÃO DO CARIRI - ADACHO", "NOME_UG2": "INTITUTO FLOR DO PIIQUÍ", "TIPO3": "FORMAL", "LOTE4": "LOTE 23", "ENDERECO5": "RUA VICENTE LEITE", "NUMERO6": "171", "BAIRRO_L7": "VILA ALTA", "DISTRITO8": "CRATO", "MUNICIPI9": "CRATO", "CEP10": "63119-130", "REGIAO_D11": "CARIRI", "SETOR_IB12": "URBANA", "DATA_DE_13": "2024-09-23", "TIPO_DE_14": "SAAE - SERVIÇO AUTÔNOMO DE ÁGUA E ESGOTO", "DESIGNAC15": null, "LATITUDE16": "-7.227634", "LONGITUD17": "-39.411684", "OBS18": "COORDENADAS APROXIMADAS", "CONTAGEM19": "1" }, "geometry": { "type": "Point", "coordinates": [ -39.411684, -7.227634 ] } },
{ "type": "Feature", "properties": { "ID0": "1430", "NOME_USP1": "SABOR DE MEL", "NOME_UG2": "INSTITUTO DE DESENVOLVIMENTO E SOLIDARIEDADE", "TIPO3": "INFORMAL", "LOTE4": "LOTE 7", "ENDERECO5": "RUA DOUTOR FRANCISCO GADELHA", "NUMERO6": "1075", "BAIRRO_L7": "ENGENHEIRO LUCIANO CAVALCANTE", "DISTRITO8": "FORTALEZA", "MUNICIPI9": "FORTALEZA", "CEP10": "60811-120", "REGIAO_D11": "GRANDE FORTALEZA", "SETOR_IB12": "URBANA", "DATA_DE_13": "2024-09-26", "TIPO_DE_14": "CAGECE - COMPANHIA DE ÁGUA E ESGOTO DO ESTADO DO CEARÁ", "DESIGNAC15": null, "LATITUDE16": "-3.775735", "LONGITUD17": "-38.487651", "OBS18": "COORDENADAS APROXIMADAS", "CONTAGEM19": "1" }, "geometry": { "type": "Point", "coordinates": [ -38.487651, -3.775735 ] } },
{ "type": "Feature", "properties": { "ID0": "1431", "NOME_USP1": "MAOS QUE SE ABRAÇAM", "NOME_UG2": "INSTITUTO SOS PERIFERIA - ISOP", "TIPO3": "INFORMAL", "LOTE4": "LOTE 14", "ENDERECO5": "RUA SÃO JOAQUIM", "NUMERO6": "0", "BAIRRO_L7": "ALTO SÃO JOÃO", "DISTRITO8": "PACATUBA", "MUNICIPI9": "PACATUBA", "CEP10": "00000-000", "REGIAO_D11": "GRANDE FORTALEZA", "SETOR_IB12": "URBANA", "DATA_DE_13": "2024-05-06", "TIPO_DE_14": "CAGECE - COMPANHIA DE ÁGUA E ESGOTO DO ESTADO DO CEARÁ", "DESIGNAC15": null, "LATITUDE16": "-3.992534", "LONGITUD17": "-38.614235", "OBS18": "COORDENADAS APROXIMADAS", "CONTAGEM19": "1" }, "geometry": { "type": "Point", "coordinates": [ -38.614235, -3.992534 ] } },
{ "type": "Feature", "properties": { "ID0": "1432", "NOME_USP1": "COZINHA DE INTEGRAÇÃO SOCIAL", "NOME_UG2": "INSTITUTO VIDANÇA", "TIPO3": "FORMAL", "LOTE4": "LOTE 1", "ENDERECO5": "RUA E", "NUMERO6": "314", "BAIRRO_L7": "VILA VELHA", "DISTRITO8": "FORTALEZA", "MUNICIPI9": "FORTALEZA", "CEP10": "60349-050", "REGIAO_D11": "GRANDE FORTALEZA", "SETOR_IB12": "URBANA", "DATA_DE_13": "2024-09-24", "TIPO_DE_14": "CAGECE - COMPANHIA DE ÁGUA E ESGOTO DO ESTADO DO CEARÁ", "DESIGNAC15": null, "LATITUDE16": "-3.714561", "LONGITUD17": "-38.602683", "OBS18": "COORDENADAS APROXIMADAS", "CONTAGEM19": "1" }, "geometry": { "type": "Point", "coordinates": [ -38.602683, -3.714561 ] } },
{ "type": "Feature", "properties": { "ID0": "1433", "NOME_USP1": "GRUPO ZÉ MORINGA", "NOME_UG2": "ACFLOR", "TIPO3": "INFORMAL", "LOTE4": "LOTE 2", "ENDERECO5": "RUA PIERRE LUZ", "NUMERO6": "297", "BAIRRO_L7": "JARDIM GUANABARA", "DISTRITO8": "FORTALEZA", "MUNICIPI9": "FORTALEZA", "CEP10": "60346-195", "REGIAO_D11": "GRANDE FORTALEZA", "SETOR_IB12": "URBANA", "DATA_DE_13": "2024-09-18", "TIPO_DE_14": "CAGECE - COMPANHIA DE ÁGUA E ESGOTO DO ESTADO DO CEARÁ", "DESIGNAC15": null, "LATITUDE16": "-3.720051", "LONGITUD17": "-38.587853", "OBS18": "COORDENADAS APROXIMADAS", "CONTAGEM19": "1" }, "geometry": { "type": "Point", "coordinates": [ -38.587853, -3.720051 ] } },
{ "type": "Feature", "properties": { "ID0": "1434", "NOME_USP1": "MULHERES EM AÇÃO", "NOME_UG2": "ASSOCIAÇÃO DOS MORADORES DO CONJUNTO ACARACUZINHO", "TIPO3": "INFORMAL", "LOTE4": "LOTE 13", "ENDERECO5": "RUA 111", "NUMERO6": "0", "BAIRRO_L7": "TIMBÓ", "DISTRITO8": "MARACANAÚ", "MUNICIPI9": "MARACANAÚ", "CEP10": "61936-110", "REGIAO_D11": "GRANDE FORTALEZA", "SETOR_IB12": "URBANA", "DATA_DE_13": "2024-10-02", "TIPO_DE_14": null, "DESIGNAC15": null, "LATITUDE16": "-3.876651", "LONGITUD17": "-38.609356", "OBS18": "COORDENADAS APROXIMADAS", "CONTAGEM19": "1" }, "geometry": { "type": "Point", "coordinates": [ -38.609356, -3.876651 ] } },
{ "type": "Feature", "properties": { "ID0": "1436", "NOME_USP1": "MÃOS QUE ALIMENTA", "NOME_UG2": "INSTITUTO FRANCISCO DE ASSIS", "TIPO3": "INFORMAL", "LOTE4": "LOTE 40", "ENDERECO5": "RUA E LOURIVAL BEZERRA", "NUMERO6": "0", "BAIRRO_L7": "CONJUNTO NOSSA SENHORA CONCEIÇÃO", "DISTRITO8": "JAGUARETAMA", "MUNICIPI9": "JAGUARETAMA", "CEP10": "63480-000", "REGIAO_D11": "VALE DO JAGUARIBE", "SETOR_IB12": "URBANA", "DATA_DE_13": "2024-09-19", "TIPO_DE_14": "CAGECE - COMPANHIA DE ÁGUA E ESGOTO DO ESTADO DO CEARÁ", "DESIGNAC15": null, "LATITUDE16": "-5.610566", "LONGITUD17": "-38.771646", "OBS18": "COORDENADAS APROXIMADAS", "CONTAGEM19": "1" }, "geometry": { "type": "Point", "coordinates": [ -38.771646, -5.610566 ] } },
{ "type": "Feature", "properties": { "ID0": "1437", "NOME_USP1": "ASSOCIAÇÃO COMUNITÁRIA DOS AGRICULTORES E AGRICULTORAS DE SERENO", "NOME_UG2": "ORGANIZAÇÃO BARREIRA AMIGOS SOLIDÁRIOS - OBAS", "TIPO3": "FORMAL", "LOTE4": "LOTE 28", "ENDERECO5": "DT LOCALIDADE DE BAMBURRAL", "NUMERO6": "0", "BAIRRO_L7": "SERENO", "DISTRITO8": "OCARA", "MUNICIPI9": "OCARA", "CEP10": "62755-000", "REGIAO_D11": "MACIÇO DE BATURITÉ", "SETOR_IB12": "URBANA", "DATA_DE_13": "2024-10-07", "TIPO_DE_14": "POÇO", "DESIGNAC15": null, "LATITUDE16": "-4.511044", "LONGITUD17": "-38.612821", "OBS18": "COORDENADAS APROXIMADAS", "CONTAGEM19": "1" }, "geometry": { "type": "Point", "coordinates": [ -38.612821, -4.511044 ] } },
{ "type": "Feature", "properties": { "ID0": "1438", "NOME_USP1": "COZINHA ARGEMIRO TEÓFILO", "NOME_UG2": "ASSOCIAÇÃO CRISTÃ DE BASE", "TIPO3": "INFORMAL", "LOTE4": "LOTE 22", "ENDERECO5": "RUA COMERCIANTE JOSE SANTOS LOPES", "NUMERO6": "0", "BAIRRO_L7": "ROMEIRO AURELIANO PEREIRA", "DISTRITO8": "JUAZEIRO DO NORTE", "MUNICIPI9": "JUAZEIRO DO NORTE", "CEP10": "63015-070", "REGIAO_D11": "CARIRI", "SETOR_IB12": "URBANA", "DATA_DE_13": "2024-10-29", "TIPO_DE_14": "CAGECE - COMPANHIA DE ÁGUA E ESGOTO DO ESTADO DO CEARÁ", "DESIGNAC15": null, "LATITUDE16": "-7.176929", "LONGITUD17": "-39.299366", "OBS18": "COORDENADAS APROXIMADAS", "CONTAGEM19": "1" }, "geometry": { "type": "Point", "coordinates": [ -39.299366, -7.176929 ] } },
{ "type": "Feature", "properties": { "ID0": "1439", "NOME_USP1": "PARQUE IRACEMA - NOVO CROATÁ", "NOME_UG2": "ASSOCIAÇÃO BENEFICENTE DE APOIO A COMUNIDADE DO CEARÁ", "TIPO3": "INFORMAL", "LOTE4": "LOTE 16", "ENDERECO5": "PARQUE IRACEMA CROATÁ", "NUMERO6": "0", "BAIRRO_L7": "SMART CITY", "DISTRITO8": "SÃO GONÇALO DO AMARANTE", "MUNICIPI9": "SÃO GONÇALO DO AMARANTE", "CEP10": "62670-000", "REGIAO_D11": "GRANDE FORTALEZA", "SETOR_IB12": "URBANA", "DATA_DE_13": "2024-10-21", "TIPO_DE_14": "CAGECE - COMPANHIA DE ÁGUA E ESGOTO DO ESTADO DO CEARÁ", "DESIGNAC15": null, "LATITUDE16": "-3.674189", "LONGITUD17": "-39.119124", "OBS18": "COORDENADAS APROXIMADAS", "CONTAGEM19": "1" }, "geometry": { "type": "Point", "coordinates": [ -39.119124, -3.674189 ] } },
{ "type": "Feature", "properties": { "ID0": "1441", "NOME_USP1": "COZINHA COMUNITÁRIA MANGABEIRA", "NOME_UG2": "ASSOCIAÇÃO DE COOPERAÇÃO AGRÍCOLA DO ESTADO DO CEARA", "TIPO3": "INFORMAL", "LOTE4": "LOTE 20", "ENDERECO5": "ÁREA RURAL", "NUMERO6": "0", "BAIRRO_L7": "ÁREA RURAL DE ITAPIPOCA", "DISTRITO8": "ITAPIPOCA", "MUNICIPI9": "ITAPIPOCA", "CEP10": "62509-899", "REGIAO_D11": "LITORAL OESTE / VALE DO CURU", "SETOR_IB12": "URBANA", "DATA_DE_13": "2024-11-04", "TIPO_DE_14": "POÇO", "DESIGNAC15": null, "LATITUDE16": "-3.175147", "LONGITUD17": "-39.475433", "OBS18": "COORDENADAS APROXIMADAS", "CONTAGEM19": "1" }, "geometry": { "type": "Point", "coordinates": [ -39.475433, -3.175147 ] } },
{ "type": "Feature", "properties": { "ID0": "1444", "NOME_USP1": "MESA FARTA - JUAZEIRO DO NORTE", "NOME_UG2": "ASSOCIAÇÃO CRISTÃ DE BASE", "TIPO3": "INFORMAL", "LOTE4": "LOTE 22", "ENDERECO5": "NOSSA SENHORA APARECIDA", "NUMERO6": "541", "BAIRRO_L7": "JOÃO CABRAL", "DISTRITO8": "JUAZEIRO DO NORTE", "MUNICIPI9": "JUAZEIRO DO NORTE", "CEP10": "63051-170", "REGIAO_D11": "CARIRI", "SETOR_IB12": "URBANA", "DATA_DE_13": "2024-11-18", "TIPO_DE_14": "CAGECE - COMPANHIA DE ÁGUA E ESGOTO DO ESTADO DO CEARÁ", "DESIGNAC15": null, "LATITUDE16": "-7.231408", "LONGITUD17": "-39.315013", "OBS18": "COORDENADAS APROXIMADAS", "CONTAGEM19": "1" }, "geometry": { "type": "Point", "coordinates": [ -39.315013, -7.231408 ] } },
{ "type": "Feature", "properties": { "ID0": "1445", "NOME_USP1": "COZINHA SOCIAL PASSAGEM", "NOME_UG2": "ASSOCIAÇÃO BENEFICENTE DE APOIO A COMUNIDADE DO CEARÁ", "TIPO3": "INFORMAL", "LOTE4": "LOTE 16", "ENDERECO5": "TRAVESSA FELIX SAMPAIO", "NUMERO6": "209", "BAIRRO_L7": "PASSAGEM", "DISTRITO8": "SÃO GONÇALO DO AMARANTE", "MUNICIPI9": "SÃO GONÇALO DO AMARANTE", "CEP10": "62670-000", "REGIAO_D11": "GRANDE FORTALEZA", "SETOR_IB12": "URBANA", "DATA_DE_13": "2024-11-14", "TIPO_DE_14": "CAGECE - COMPANHIA DE ÁGUA E ESGOTO DO ESTADO DO CEARÁ", "DESIGNAC15": null, "LATITUDE16": "-3.601457", "LONGITUD17": "-38.979063", "OBS18": "COORDENADAS APROXIMADAS", "CONTAGEM19": "1" }, "geometry": { "type": "Point", "coordinates": [ -38.979063, -3.601457 ] } },
{ "type": "Feature", "properties": { "ID0": "1446", "NOME_USP1": "COZINHA SOLIDÁRIA DE POTENGI", "NOME_UG2": "VALE DO SALGADO INSTITUTO DE GESTAO PUBLICA AMBIENTAL E DE ASSISTENCIA SOCIAL", "TIPO3": "INFORMAL", "LOTE4": "LOTE 25", "ENDERECO5": "RUA MÃE DOS SANTOS", "NUMERO6": "141", "BAIRRO_L7": "CENTRO", "DISTRITO8": "POTENGI", "MUNICIPI9": "POTENGI", "CEP10": "63160-000", "REGIAO_D11": "CARIRI", "SETOR_IB12": "URBANA", "DATA_DE_13": "2024-12-02", "TIPO_DE_14": "CAGECE - COMPANHIA DE ÁGUA E ESGOTO DO ESTADO DO CEARÁ", "DESIGNAC15": null, "LATITUDE16": "-7.091121", "LONGITUD17": "-40.024703", "OBS18": "COORDENADAS APROXIMADAS", "CONTAGEM19": "1" }, "geometry": { "type": "Point", "coordinates": [ -40.024703, -7.091121 ] } },
{ "type": "Feature", "properties": { "ID0": "1447", "NOME_USP1": "ASSOCIAÇÃO DOS MORADORES SERROTE", "NOME_UG2": "ASSOCIAÇÃO DE COOPERAÇÃO AGRÍCOLA DO ESTADO DO CEARA", "TIPO3": "INFORMAL", "LOTE4": "LOTE 20", "ENDERECO5": "POVOANDO SERROTE", "NUMERO6": "0", "BAIRRO_L7": "CRUZEIRO", "DISTRITO8": "ITAPIPOCA", "MUNICIPI9": "ITAPIPOCA", "CEP10": "62500-001", "REGIAO_D11": "LITORAL OESTE / VALE DO CURU", "SETOR_IB12": "URBANA", "DATA_DE_13": "2024-10-28", "TIPO_DE_14": "CISTERNA", "DESIGNAC15": null, "LATITUDE16": "-3.500413", "LONGITUD17": "-39.5801", "OBS18": "COORDENADAS APROXIMADAS", "CONTAGEM19": "1" }, "geometry": { "type": "Point", "coordinates": [ -39.5801, -3.500413 ] } },
{ "type": "Feature", "properties": { "ID0": "1449", "NOME_USP1": "AMIGOS DO TIO CHICO", "NOME_UG2": "INSTITUTO DE DESENVOLVIMENTO E SOLIDARIEDADE", "TIPO3": "INFORMAL", "LOTE4": "LOTE 7", "ENDERECO5": "TRAVESSA SANTA EFIGÊNIA", "NUMERO6": "1019", "BAIRRO_L7": "GUAJIRU", "DISTRITO8": "FORTALEZA", "MUNICIPI9": "FORTALEZA", "CEP10": "60843-305", "REGIAO_D11": "GRANDE FORTALEZA", "SETOR_IB12": "URBANA", "DATA_DE_13": "2024-12-10", "TIPO_DE_14": "CAGECE - COMPANHIA DE ÁGUA E ESGOTO DO ESTADO DO CEARÁ", "DESIGNAC15": null, "LATITUDE16": "-3.828772", "LONGITUD17": "-38.477048", "OBS18": "COORDENADAS APROXIMADAS", "CONTAGEM19": "1" }, "geometry": { "type": "Point", "coordinates": [ -38.477048, -3.828772 ] } },
{ "type": "Feature", "properties": { "ID0": "1450", "NOME_USP1": "COZINHA SOLIDÁRIA SÃO FRANCISCO", "NOME_UG2": "CENTRO DE APOIO AO DESENVOLVIMENTO SUSTENTÁVEL DO SEMIÁRIDO - CACTUS", "TIPO3": "INFORMAL", "LOTE4": "LOTE 32", "ENDERECO5": "RUA ANTÔNIO NECO", "NUMERO6": "156", "BAIRRO_L7": "ALTO GUARAMIRANGA", "DISTRITO8": "CANINDÉ", "MUNICIPI9": "CANINDÉ", "CEP10": "62700-000", "REGIAO_D11": "SERTÃO DE CANINDÉ", "SETOR_IB12": "URBANA", "DATA_DE_13": "2024-12-16", "TIPO_DE_14": "SAAE - SERVIÇO AUTÔNOMO DE ÁGUA E ESGOTO", "DESIGNAC15": null, "LATITUDE16": "-4.359756", "LONGITUD17": "-39.309273", "OBS18": "COORDENADAS APROXIMADAS", "CONTAGEM19": "1" }, "geometry": { "type": "Point", "coordinates": [ -39.309273, -4.359756 ] } },
{ "type": "Feature", "properties": { "ID0": "1453", "NOME_USP1": "ASSOCIAÇÃO DO PARQUE ARAXÁ", "NOME_UG2": "INSTITUTO DE ARTE E CIDADANIA DO CEARÁ", "TIPO3": "FORMAL", "LOTE4": "LOTE 5", "ENDERECO5": "RUA PROFESSOR MORAIS CORREIA", "NUMERO6": "956", "BAIRRO_L7": "PARQUELÂNDIA", "DISTRITO8": "FORTALEZA", "MUNICIPI9": "FORTALEZA", "CEP10": "60455-340", "REGIAO_D11": "GRANDE FORTALEZA", "SETOR_IB12": "URBANA", "DATA_DE_13": "2025-01-02", "TIPO_DE_14": "CAGECE - COMPANHIA DE ÁGUA E ESGOTO DO ESTADO DO CEARÁ", "DESIGNAC15": null, "LATITUDE16": "-3.737841", "LONGITUD17": "-38.555205", "OBS18": "COORDENADAS APROXIMADAS", "CONTAGEM19": "1" }, "geometry": { "type": "Point", "coordinates": [ -38.555205, -3.737841 ] } },
{ "type": "Feature", "properties": { "ID0": "1454", "NOME_USP1": "IBS - INSTITUTO BRILHO DO SERTÃO", "NOME_UG2": "ASSOCIAÇÃO DOS MORADORES DO CONJUNTO TANCREDO NEVES", "TIPO3": "FORMAL", "LOTE4": "LOTE 8", "ENDERECO5": "AVENIDA 2 DE MAIO", "NUMERO6": "1241", "BAIRRO_L7": "PASSARÉ", "DISTRITO8": "FORTALEZA", "MUNICIPI9": "FORTALEZA", "CEP10": "60867-105", "REGIAO_D11": "GRANDE FORTALEZA", "SETOR_IB12": "URBANA", "DATA_DE_13": "2025-01-02", "TIPO_DE_14": "CAGECE - COMPANHIA DE ÁGUA E ESGOTO DO ESTADO DO CEARÁ", "DESIGNAC15": null, "LATITUDE16": "-3.814253", "LONGITUD17": "-38.53746", "OBS18": "COORDENADAS APROXIMADAS", "CONTAGEM19": "1" }, "geometry": { "type": "Point", "coordinates": [ -38.53746, -3.814253 ] } },
{ "type": "Feature", "properties": { "ID0": "1456", "NOME_USP1": "COZINHA POPULAR O MENOR", "NOME_UG2": "ASSOCIAÇÃO DOS MORADORES DO CONJUNTO TANCREDO NEVES", "TIPO3": "INFORMAL", "LOTE4": "LOTE 8", "ENDERECO5": "AV. PAU BRASIL, CIDADE JARDIM", "NUMERO6": "100", "BAIRRO_L7": "PREFEITO JOSÉ WALTER", "DISTRITO8": "FORTALEZA", "MUNICIPI9": "FORTALEZA", "CEP10": "60748-032", "REGIAO_D11": "GRANDE FORTALEZA", "SETOR_IB12": "URBANA", "DATA_DE_13": "2025-01-02", "TIPO_DE_14": "CAGECE - COMPANHIA DE ÁGUA E ESGOTO DO ESTADO DO CEARÁ", "DESIGNAC15": null, "LATITUDE16": "-3.828882", "LONGITUD17": "-38.549915", "OBS18": "COORDENADAS APROXIMADAS", "CONTAGEM19": "1" }, "geometry": { "type": "Point", "coordinates": [ -38.549915, -3.828882 ] } },
{ "type": "Feature", "properties": { "ID0": "1458", "NOME_USP1": "GRUPO DE MULHERES EM MOVIMENTO ANGELIM PIANCÓ", "NOME_UG2": "ASSOCIAÇÃO BENEFICENTE DE APOIO A COMUNIDADE DO CEARÁ", "TIPO3": "INFORMAL", "LOTE4": "LOTE 16", "ENDERECO5": "ANGELIM - PIANCO", "NUMERO6": "0", "BAIRRO_L7": "POVOADO ANGELIM", "DISTRITO8": "TRAIRI", "MUNICIPI9": "TRAIRI", "CEP10": "62690-000", "REGIAO_D11": "GRANDE FORTALEZA", "SETOR_IB12": "RURAL", "DATA_DE_13": "2025-01-13", "TIPO_DE_14": "POÇO", "DESIGNAC15": null, "LATITUDE16": "-3.311387", "LONGITUD17": "-39.443223", "OBS18": "COORDENADAS APROXIMADAS", "CONTAGEM19": "1" }, "geometry": { "type": "Point", "coordinates": [ -39.443223, -3.311387 ] } },
{ "type": "Feature", "properties": { "ID0": "1459", "NOME_USP1": "COZINHA BENEFICENTE MÃO AMIGA", "NOME_UG2": "CONSELHO COMUNITÁRIO DO PARQUE SÃO JOSÉ", "TIPO3": "FORMAL", "LOTE4": "LOTE 10", "ENDERECO5": "RUA 1", "NUMERO6": "99", "BAIRRO_L7": "PARQUE PRESIDENTE VARGAS", "DISTRITO8": "FORTALEZA", "MUNICIPI9": "FORTALEZA", "CEP10": "60765-652", "REGIAO_D11": "GRANDE FORTALEZA", "SETOR_IB12": "URBANA", "DATA_DE_13": "2024-12-23", "TIPO_DE_14": "CAGECE - COMPANHIA DE ÁGUA E ESGOTO DO ESTADO DO CEARÁ", "DESIGNAC15": null, "LATITUDE16": "-3.827921", "LONGITUD17": "-38.596786", "OBS18": "COORDENADAS APROXIMADAS", "CONTAGEM19": "1" }, "geometry": { "type": "Point", "coordinates": [ -38.596786, -3.827921 ] } },
{ "type": "Feature", "properties": { "ID0": "1461", "NOME_USP1": "COZINHA CHICO ARRUDA", "NOME_UG2": "INSTITUTO SOS PERIFERIA - ISOP", "TIPO3": "INFORMAL", "LOTE4": "LOTE 14", "ENDERECO5": "RUA FRANCISCO FIALHO", "NUMERO6": "54", "BAIRRO_L7": "GUABIRABA", "DISTRITO8": "MARANGUAPE", "MUNICIPI9": "MARANGUAPE", "CEP10": "61940-520", "REGIAO_D11": "GRANDE FORTALEZA", "SETOR_IB12": "URBANA", "DATA_DE_13": "2025-01-20", "TIPO_DE_14": "CAGECE - COMPANHIA DE ÁGUA E ESGOTO DO ESTADO DO CEARÁ", "DESIGNAC15": null, "LATITUDE16": "-3.896721", "LONGITUD17": "-38.687648", "OBS18": "COORDENADAS APROXIMADAS", "CONTAGEM19": "1" }, "geometry": { "type": "Point", "coordinates": [ -38.687648, -3.896721 ] } },
{ "type": "Feature", "properties": { "ID0": "1462", "NOME_USP1": "COZINHA SOLIDÁRIA SÃO JOÃO", "NOME_UG2": "INSTITUTO FRANCISCO DE ASSIS", "TIPO3": "INFORMAL", "LOTE4": "LOTE 40", "ENDERECO5": "SITIO SAO JOAO", "NUMERO6": "0", "BAIRRO_L7": "SAO JOAO", "DISTRITO8": "ERERÊ", "MUNICIPI9": "ERERÊ", "CEP10": "63470-000", "REGIAO_D11": "VALE DO JAGUARIBE", "SETOR_IB12": "URBANA", "DATA_DE_13": "2025-01-08", "TIPO_DE_14": "POÇO", "DESIGNAC15": null, "LATITUDE16": "-5.926779", "LONGITUD17": "-38.231875", "OBS18": "COORDENADAS APROXIMADAS", "CONTAGEM19": "1" }, "geometry": { "type": "Point", "coordinates": [ -38.231875, -5.926779 ] } },
{ "type": "Feature", "properties": { "ID0": "1463", "NOME_USP1": "COZINHA BENÇÃOS DE DEUS: ALIMENTANDO AS FAMILIAS DE POTIRETAMA", "NOME_UG2": "INSTITUTO FRANCISCO DE ASSIS", "TIPO3": "INFORMAL", "LOTE4": "LOTE 40", "ENDERECO5": "SITIO BARRACHO", "NUMERO6": "0", "BAIRRO_L7": "SITIO BARRACHO ZONA RURAL", "DISTRITO8": "POTIRETAMA", "MUNICIPI9": "POTIRETAMA", "CEP10": "62990-000", "REGIAO_D11": "VALE DO JAGUARIBE", "SETOR_IB12": "RURAL", "DATA_DE_13": "2025-01-20", "TIPO_DE_14": "CISTERNA", "DESIGNAC15": null, "LATITUDE16": "-5.700627", "LONGITUD17": "-38.209731", "OBS18": "COORDENADAS APROXIMADAS", "CONTAGEM19": "1" }, "geometry": { "type": "Point", "coordinates": [ -38.209731, -5.700627 ] } },
{ "type": "Feature", "properties": { "ID0": "1464", "NOME_USP1": "SINDICATOS DOS TRABALHADORES RURAIS DE PACOTI", "NOME_UG2": "ORGANIZAÇÃO BARREIRA AMIGOS SOLIDÁRIOS - OBAS", "TIPO3": "FORMAL", "LOTE4": "LOTE 28", "ENDERECO5": "SITIO VOLTA DO RIO", "NUMERO6": "0", "BAIRRO_L7": "VOLTA DO RIO", "DISTRITO8": "PACOTI", "MUNICIPI9": "PACOTI", "CEP10": "62770-000", "REGIAO_D11": "MACIÇO DE BATURITÉ", "SETOR_IB12": "RURAL", "DATA_DE_13": "2024-12-26", "TIPO_DE_14": "POÇO", "DESIGNAC15": null, "LATITUDE16": "-4.169605", "LONGITUD17": "-38.873381", "OBS18": "COORDENADAS APROXIMADAS", "CONTAGEM19": "1" }, "geometry": { "type": "Point", "coordinates": [ -38.873381, -4.169605 ] } },
{ "type": "Feature", "properties": { "ID0": "1465", "NOME_USP1": "COZINHA SOLIDÁRIA DA OLARIA 2", "NOME_UG2": "ORGANIZAÇÃO BARREIRA AMIGOS SOLIDÁRIOS - OBAS", "TIPO3": "INFORMAL", "LOTE4": "LOTE 28", "ENDERECO5": "RUA CHICO VICENTE", "NUMERO6": "0", "BAIRRO_L7": "OLARIA 2", "DISTRITO8": "BARREIRA", "MUNICIPI9": "BARREIRA", "CEP10": "62795-000", "REGIAO_D11": "MACIÇO DE BATURITÉ", "SETOR_IB12": "URBANA", "DATA_DE_13": "2025-01-08", "TIPO_DE_14": "CAGECE - COMPANHIA DE ÁGUA E ESGOTO DO ESTADO DO CEARÁ", "DESIGNAC15": null, "LATITUDE16": "-4.28373", "LONGITUD17": "-38.630105", "OBS18": "COORDENADAS APROXIMADAS", "CONTAGEM19": "1" }, "geometry": { "type": "Point", "coordinates": [ -38.630105, -4.28373 ] } },
{ "type": "Feature", "properties": { "ID0": "1466", "NOME_USP1": "COZINHA SOLIDARIA DA SERRAGEM", "NOME_UG2": "ORGANIZAÇÃO BARREIRA AMIGOS SOLIDÁRIOS - OBAS", "TIPO3": "INFORMAL", "LOTE4": "LOTE 28", "ENDERECO5": "SITIO SERRAGEM", "NUMERO6": "0", "BAIRRO_L7": "CAJUEIRO", "DISTRITO8": "BARREIRA", "MUNICIPI9": "BARREIRA", "CEP10": "62795-000", "REGIAO_D11": "MACIÇO DE BATURITÉ", "SETOR_IB12": "RURAL", "DATA_DE_13": "2025-01-15", "TIPO_DE_14": "CAGECE - COMPANHIA DE ÁGUA E ESGOTO DO ESTADO DO CEARÁ", "DESIGNAC15": null, "LATITUDE16": "-4.266705", "LONGITUD17": "-38.624349", "OBS18": "COORDENADAS APROXIMADAS", "CONTAGEM19": "1" }, "geometry": { "type": "Point", "coordinates": [ -38.624349, -4.266705 ] } },
{ "type": "Feature", "properties": { "ID0": "1467", "NOME_USP1": "JESUS TE AMA", "NOME_UG2": "CONSELHO COMUNITÁRIO DO PARQUE SÃO JOSÉ", "TIPO3": "INFORMAL", "LOTE4": "LOTE 10", "ENDERECO5": "RUA EDVAL BEZERRA", "NUMERO6": "328", "BAIRRO_L7": "SIQUEIRA", "DISTRITO8": "FORTALEZA", "MUNICIPI9": "FORTALEZA", "CEP10": "60732-580", "REGIAO_D11": "GRANDE FORTALEZA", "SETOR_IB12": "URBANA", "DATA_DE_13": "2025-01-29", "TIPO_DE_14": "CAGECE - COMPANHIA DE ÁGUA E ESGOTO DO ESTADO DO CEARÁ", "DESIGNAC15": null, "LATITUDE16": "-3.816932", "LONGITUD17": "-38.620607", "OBS18": "COORDENADAS APROXIMADAS", "CONTAGEM19": "1" }, "geometry": { "type": "Point", "coordinates": [ -38.620607, -3.816932 ] } },
{ "type": "Feature", "properties": { "ID0": "1468", "NOME_USP1": "ASSOCIAÇÃO COMUNITÁRIA CONJUNTO METROPOLOLITANO MÃO AMIGA", "NOME_UG2": "INSTITUTO INDACE", "TIPO3": "INFORMAL", "LOTE4": "LOTE 12", "ENDERECO5": "RUA MARCOS COUTO BEZERRA", "NUMERO6": "1587", "BAIRRO_L7": "CONJUNTO METROPOLITANO", "DISTRITO8": "CAUCAIA", "MUNICIPI9": "CAUCAIA", "CEP10": "61604-440", "REGIAO_D11": "GRANDE FORTALEZA", "SETOR_IB12": "URBANA", "DATA_DE_13": "2025-02-04", "TIPO_DE_14": "CAGECE - COMPANHIA DE ÁGUA E ESGOTO DO ESTADO DO CEARÁ", "DESIGNAC15": null, "LATITUDE16": "-3.75926", "LONGITUD17": "-38.658387", "OBS18": "COORDENADAS APROXIMADAS", "CONTAGEM19": "1" }, "geometry": { "type": "Point", "coordinates": [ -38.658387, -3.75926 ] } },
{ "type": "Feature", "properties": { "ID0": "1469", "NOME_USP1": "COZINHA SOLIDÁRIA TIA MUNDINHA", "NOME_UG2": "ACFLOR", "TIPO3": "INFORMAL", "LOTE4": "LOTE 2", "ENDERECO5": "RUA FREI ODILON", "NUMERO6": "629", "BAIRRO_L7": "ÁLVARO WEYNE", "DISTRITO8": "FORTALEZA", "MUNICIPI9": "FORTALEZA", "CEP10": "60336-190", "REGIAO_D11": "GRANDE FORTALEZA", "SETOR_IB12": "URBANA", "DATA_DE_13": "2025-02-03", "TIPO_DE_14": "CAGECE - COMPANHIA DE ÁGUA E ESGOTO DO ESTADO DO CEARÁ", "DESIGNAC15": null, "LATITUDE16": "-3.724766", "LONGITUD17": "-38.572539", "OBS18": "COORDENADAS APROXIMADAS", "CONTAGEM19": "1" }, "geometry": { "type": "Point", "coordinates": [ -38.572539, -3.724766 ] } },
{ "type": "Feature", "properties": { "ID0": "1470", "NOME_USP1": "COZINHA SOCIAL NOSSA SENHORA DAS GRAÇAS", "NOME_UG2": "ASSOCIAÇÃO BENEFICENTE DE APOIO A COMUNIDADE DO CEARÁ", "TIPO3": "INFORMAL", "LOTE4": "LOTE 16", "ENDERECO5": "POVOADO PANTANAL", "NUMERO6": "0", "BAIRRO_L7": "PANTANAL", "DISTRITO8": "SÃO LUÍS DO CURU", "MUNICIPI9": "SÃO LUÍS DO CURU", "CEP10": "62665-000", "REGIAO_D11": "GRANDE FORTALEZA", "SETOR_IB12": "URBANA", "DATA_DE_13": "2025-02-03", "TIPO_DE_14": "NASCENTE", "DESIGNAC15": null, "LATITUDE16": "-3.684226", "LONGITUD17": "-39.241364", "OBS18": "COORDENADAS APROXIMADAS", "CONTAGEM19": "1" }, "geometry": { "type": "Point", "coordinates": [ -39.241364, -3.684226 ] } },
{ "type": "Feature", "properties": { "ID0": "1471", "NOME_USP1": "COZINHA DE SANTO ANTÔNIO", "NOME_UG2": "ACFLOR", "TIPO3": "INFORMAL", "LOTE4": "LOTE 2", "ENDERECO5": "RUA LUIZ GUIMARÃES", "NUMERO6": "642", "BAIRRO_L7": "FLORESTA", "DISTRITO8": "FORTALEZA", "MUNICIPI9": "FORTALEZA", "CEP10": "60336-305", "REGIAO_D11": "GRANDE FORTALEZA", "SETOR_IB12": "URBANA", "DATA_DE_13": "2025-02-03", "TIPO_DE_14": "CAGECE - COMPANHIA DE ÁGUA E ESGOTO DO ESTADO DO CEARÁ", "DESIGNAC15": null, "LATITUDE16": "-3.721078", "LONGITUD17": "-38.572651", "OBS18": "COORDENADAS APROXIMADAS", "CONTAGEM19": "1" }, "geometry": { "type": "Point", "coordinates": [ -38.572651, -3.721078 ] } },
{ "type": "Feature", "properties": { "ID0": "1472", "NOME_USP1": "COZINHA MUQUEM DOS CÂNDIDOS", "NOME_UG2": "INSTITUTO SEMENTES DA SUSTENTABILIDADE - ISS", "TIPO3": "INFORMAL", "LOTE4": "LOTE 24", "ENDERECO5": "SITIO MUQUEM DOS CANDIDOS", "NUMERO6": "0", "BAIRRO_L7": "ZONA RURAL", "DISTRITO8": "BREJO SANTO", "MUNICIPI9": "BREJO SANTO", "CEP10": "63260-000", "REGIAO_D11": "CARIRI", "SETOR_IB12": "RURAL", "DATA_DE_13": "2025-02-12", "TIPO_DE_14": "POÇO", "DESIGNAC15": null, "LATITUDE16": "-7.540098", "LONGITUD17": "-39.026744", "OBS18": "COORDENADAS APROXIMADAS", "CONTAGEM19": "1" }, "geometry": { "type": "Point", "coordinates": [ -39.026744, -7.540098 ] } },
{ "type": "Feature", "properties": { "ID0": "1473", "NOME_USP1": "CONSELHO COMUNITÁRIO DO ALTO JERUSALÉM", "NOME_UG2": "INSTITUTO DE ARTE E CIDADANIA DO CEARÁ", "TIPO3": "FORMAL", "LOTE4": "LOTE 5", "ENDERECO5": "RUA MOISÉS", "NUMERO6": "290", "BAIRRO_L7": "QUINTINO CUNHA", "DISTRITO8": "FORTALEZA", "MUNICIPI9": "FORTALEZA", "CEP10": "60353-160", "REGIAO_D11": "GRANDE FORTALEZA", "SETOR_IB12": "URBANA", "DATA_DE_13": "2025-02-20", "TIPO_DE_14": "CAGECE - COMPANHIA DE ÁGUA E ESGOTO DO ESTADO DO CEARÁ", "DESIGNAC15": null, "LATITUDE16": "-3.723903", "LONGITUD17": "-38.60402", "OBS18": "COORDENADAS APROXIMADAS", "CONTAGEM19": "1" }, "geometry": { "type": "Point", "coordinates": [ -38.60402, -3.723903 ] } },
{ "type": "Feature", "properties": { "ID0": "1474", "NOME_USP1": "ASSOCIAÇÃO NÚCLEO DE ASSISTENCIA SOCIAL VEM VIVER", "NOME_UG2": "VALE DO SALGADO INSTITUTO DE GESTAO PUBLICA AMBIENTAL E DE ASSISTENCIA SOCIAL", "TIPO3": "FORMAL", "LOTE4": "LOTE 25", "ENDERECO5": "SITIO ZABELÊ 2", "NUMERO6": "0", "BAIRRO_L7": "ZONA RURAL", "DISTRITO8": "NOVA OLINDA", "MUNICIPI9": "NOVA OLINDA", "CEP10": "63165-000", "REGIAO_D11": "CARIRI", "SETOR_IB12": "RURAL", "DATA_DE_13": "2025-02-11", "TIPO_DE_14": "CISTERNA", "DESIGNAC15": null, "LATITUDE16": "-7.177273", "LONGITUD17": "-39.63233", "OBS18": "COORDENADAS APROXIMADAS", "CONTAGEM19": "1" }, "geometry": { "type": "Point", "coordinates": [ -39.63233, -7.177273 ] } },
{ "type": "Feature", "properties": { "ID0": "1475", "NOME_USP1": "COZINHA COMUNITÁRIA DAS AMIGAS", "NOME_UG2": "ASSOCIAÇÃO DOS MORADORES DO CONJUNTO ACARACUZINHO", "TIPO3": "INFORMAL", "LOTE4": "LOTE 13", "ENDERECO5": "RUA PAULO AFONSO", "NUMERO6": "2201", "BAIRRO_L7": "ALTO ALEGRE I", "DISTRITO8": "MARACANAÚ", "MUNICIPI9": "MARACANAÚ", "CEP10": "61922-165", "REGIAO_D11": "GRANDE FORTALEZA", "SETOR_IB12": "URBANA", "DATA_DE_13": "2025-02-24", "TIPO_DE_14": "CAGECE - COMPANHIA DE ÁGUA E ESGOTO DO ESTADO DO CEARÁ", "DESIGNAC15": null, "LATITUDE16": "-3.836687", "LONGITUD17": "-38.617896", "OBS18": "COORDENADAS APROXIMADAS", "CONTAGEM19": "1" }, "geometry": { "type": "Point", "coordinates": [ -38.617896, -3.836687 ] } },
{ "type": "Feature", "properties": { "ID0": "1479", "NOME_USP1": "PROJETO LEONEL BRIZOLA", "NOME_UG2": "ASSOCIAÇÃO BENEFICENTE DO CENTRINHO DA UV10", "TIPO3": "INFORMAL", "LOTE4": "LOTE 6", "ENDERECO5": "RUA JOSÉ MARTINS", "NUMERO6": "3780", "BAIRRO_L7": "GRANJA LISBOA", "DISTRITO8": "FORTALEZA", "MUNICIPI9": "FORTALEZA", "CEP10": "60540-542", "REGIAO_D11": "GRANDE FORTALEZA", "SETOR_IB12": "URBANA", "DATA_DE_13": "2025-02-12", "TIPO_DE_14": "POÇO", "DESIGNAC15": null, "LATITUDE16": "-3.78212", "LONGITUD17": "-38.623744", "OBS18": "COORDENADAS APROXIMADAS", "CONTAGEM19": "1" }, "geometry": { "type": "Point", "coordinates": [ -38.623744, -3.78212 ] } },
{ "type": "Feature", "properties": { "ID0": "1480", "NOME_USP1": "COLETIVO UNIDOS", "NOME_UG2": "INSTITUTO DE DESENVOLVIMENTO E SOLIDARIEDADE", "TIPO3": "INFORMAL", "LOTE4": "LOTE 7", "ENDERECO5": "RUA CAJAZEIRAS", "NUMERO6": "788", "BAIRRO_L7": "LAGOA REDONDA", "DISTRITO8": "FORTALEZA", "MUNICIPI9": "FORTALEZA", "CEP10": "60831-310", "REGIAO_D11": "GRANDE FORTALEZA", "SETOR_IB12": "URBANA", "DATA_DE_13": "2025-02-13", "TIPO_DE_14": "CAGECE - COMPANHIA DE ÁGUA E ESGOTO DO ESTADO DO CEARÁ", "DESIGNAC15": null, "LATITUDE16": "-3.824158", "LONGITUD17": "-38.470146", "OBS18": "COORDENADAS APROXIMADAS", "CONTAGEM19": "1" }, "geometry": { "type": "Point", "coordinates": [ -38.470146, -3.824158 ] } },
{ "type": "Feature", "properties": { "ID0": "1481", "NOME_USP1": "COZINHA COMUNITÁRIA MARIA FELIPE DE CASTRO", "NOME_UG2": "ASSOCIAÇÃO DOS MORADORES DO CONJUNTO ACARACUZINHO", "TIPO3": "FORMAL", "LOTE4": "LOTE 13", "ENDERECO5": "RUA FRANCISCO ALVES DE OLIVEIRA", "NUMERO6": "635", "BAIRRO_L7": "MUCUNÃ", "DISTRITO8": "MARACANAÚ", "MUNICIPI9": "MARACANAÚ", "CEP10": "61914-100", "REGIAO_D11": "GRANDE FORTALEZA", "SETOR_IB12": "URBANA", "DATA_DE_13": "2025-03-06", "TIPO_DE_14": "CAGECE - COMPANHIA DE ÁGUA E ESGOTO DO ESTADO DO CEARÁ", "DESIGNAC15": null, "LATITUDE16": "-3.849502", "LONGITUD17": "-38.655086", "OBS18": "COORDENADAS APROXIMADAS", "CONTAGEM19": "1" }, "geometry": { "type": "Point", "coordinates": [ -38.6550857598683, -3.84950177630038 ] } },
{ "type": "Feature", "properties": { "ID0": "1484", "NOME_USP1": "DONA ANA", "NOME_UG2": "INSTITUTO SOS PERIFERIA - ISOP", "TIPO3": "INFORMAL", "LOTE4": "LOTE 14", "ENDERECO5": "BRUNO MARQUES", "NUMERO6": "0", "BAIRRO_L7": "ITAPEBUSSU", "DISTRITO8": "MARANGUAPE", "MUNICIPI9": "MARANGUAPE", "CEP10": "61988-000", "REGIAO_D11": "GRANDE FORTALEZA", "SETOR_IB12": "URBANA", "DATA_DE_13": "2025-04-02", "TIPO_DE_14": "CAGECE - COMPANHIA DE ÁGUA E ESGOTO DO ESTADO DO CEARÁ", "DESIGNAC15": null, "LATITUDE16": "-4.030786", "LONGITUD17": "-38.930609", "OBS18": "COORDENADAS APROXIMADAS", "CONTAGEM19": "1" }, "geometry": { "type": "Point", "coordinates": [ -38.930609080763404, -4.0307855751067 ] } },
{ "type": "Feature", "properties": { "ID0": "1485", "NOME_USP1": "COZINHA IGREJA CONGREGACIONAL", "NOME_UG2": "CENTRO DE APOIO AO DESENVOLVIMENTO SUSTENTÁVEL DO SEMIÁRIDO - CACTUS", "TIPO3": "FORMAL", "LOTE4": "LOTE 32", "ENDERECO5": "JOSE OTONI MAGALHAES", "NUMERO6": "1355", "BAIRRO_L7": "SANTA LUZIA", "DISTRITO8": "CANINDÉ", "MUNICIPI9": "CANINDÉ", "CEP10": "62700-000", "REGIAO_D11": "SERTÃO DE CANINDÉ", "SETOR_IB12": "URBANA", "DATA_DE_13": "2025-04-02", "TIPO_DE_14": "CAGECE - COMPANHIA DE ÁGUA E ESGOTO DO ESTADO DO CEARÁ", "DESIGNAC15": null, "LATITUDE16": "-4.350653", "LONGITUD17": "-39.320832", "OBS18": "COORDENADAS APROXIMADAS", "CONTAGEM19": "1" }, "geometry": { "type": "Point", "coordinates": [ -39.320831538323702, -4.35065289107667 ] } },
{ "type": "Feature", "properties": { "ID0": "1487", "NOME_USP1": "COZINHA SERVINDO COM AMOR", "NOME_UG2": "ACFLOR", "TIPO3": "INFORMAL", "LOTE4": "LOTE 2", "ENDERECO5": "RUA LUCIANA FERREIRA", "NUMERO6": "476", "BAIRRO_L7": "FLORESTA", "DISTRITO8": "FORTALEZA", "MUNICIPI9": "FORTALEZA", "CEP10": "60336-167", "REGIAO_D11": "GRANDE FORTALEZA", "SETOR_IB12": "URBANA", "DATA_DE_13": "2025-04-07", "TIPO_DE_14": "CAGECE - COMPANHIA DE ÁGUA E ESGOTO DO ESTADO DO CEARÁ", "DESIGNAC15": null, "LATITUDE16": "-3.722335", "LONGITUD17": "-38.572663", "OBS18": "COORDENADAS APROXIMADAS", "CONTAGEM19": "1" }, "geometry": { "type": "Point", "coordinates": [ -38.572662960374899, -3.72233547786861 ] } },
{ "type": "Feature", "properties": { "ID0": "1488", "NOME_USP1": "ASSOCIAÇÃO PRO-DESENVOLVIMENTO DO RESIDENCIAL FREI LUCAS DOLLE", "NOME_UG2": "CENTRO DE APOIO AO DESENVOLVIMENTO SUSTENTÁVEL DO SEMIÁRIDO - CACTUS", "TIPO3": "FORMAL", "LOTE4": "LOTE 32", "ENDERECO5": "JOSÉ DE SOUZA JUCÁ", "NUMERO6": "199", "BAIRRO_L7": "ALTO GUARAMIRANGA", "DISTRITO8": "CANINDÉ", "MUNICIPI9": "CANINDÉ", "CEP10": "62700-000", "REGIAO_D11": "SERTÃO DE CANINDÉ", "SETOR_IB12": "URBANA", "DATA_DE_13": "2025-04-28", "TIPO_DE_14": "SAAE - SERVIÇO AUTÔNOMO DE ÁGUA E ESGOTO", "DESIGNAC15": null, "LATITUDE16": "-4.355077", "LONGITUD17": "-39.302772", "OBS18": "COORDENADAS APROXIMADAS", "CONTAGEM19": "1" }, "geometry": { "type": "Point", "coordinates": [ -39.302772216353198, -4.3550769291683 ] } },
{ "type": "Feature", "properties": { "ID0": "1489", "NOME_USP1": "MÃOS QUE ACOLHEM - MIRIM", "NOME_UG2": "CARITAS BRASILEIRA", "TIPO3": "INFORMAL", "LOTE4": "LOTE 35", "ENDERECO5": "RUA DISTRITO DE IPAGUAÇU MIRIM", "NUMERO6": "0", "BAIRRO_L7": "MIRIM", "DISTRITO8": "IPAGUAÇU", "MUNICIPI9": "MASSAPÊ", "CEP10": "62140-000", "REGIAO_D11": "SERTÃO DE SOBRAL", "SETOR_IB12": "URBANA", "DATA_DE_13": "2025-04-09", "TIPO_DE_14": "CAGECE - COMPANHIA DE ÁGUA E ESGOTO DO ESTADO DO CEARÁ", "DESIGNAC15": null, "LATITUDE16": "-3.501002", "LONGITUD17": "-40.277222", "OBS18": "COORDENADAS APROXIMADAS", "CONTAGEM19": "1" }, "geometry": { "type": "Point", "coordinates": [ -40.2772224433172, -3.50100154041013 ] } },
{ "type": "Feature", "properties": { "ID0": "1490", "NOME_USP1": "COZINHA SOLIDARIA DO PERNAMBUQUINHO", "NOME_UG2": "ORGANIZAÇÃO BARREIRA AMIGOS SOLIDÁRIOS - OBAS", "TIPO3": "INFORMAL", "LOTE4": "LOTE 28", "ENDERECO5": "PRAÇA DO PERNAMBUQUINHO- CE 253", "NUMERO6": "0", "BAIRRO_L7": "PERNAMBUQUINHO", "DISTRITO8": "GUARAMIRANGA", "MUNICIPI9": "GUARAMIRANGA", "CEP10": "62766-000", "REGIAO_D11": "MACIÇO DE BATURITÉ", "SETOR_IB12": "URBANA", "DATA_DE_13": "2025-04-14", "TIPO_DE_14": "POÇO", "DESIGNAC15": null, "LATITUDE16": "-4.211382", "LONGITUD17": "-38.947472", "OBS18": "COORDENADAS APROXIMADAS", "CONTAGEM19": "1" }, "geometry": { "type": "Point", "coordinates": [ -38.947471956449, -4.21138226113843 ] } },
{ "type": "Feature", "properties": { "ID0": "1491", "NOME_USP1": "GRUPO SOLIDÁRIO JOÃO BRACINHO", "NOME_UG2": "ASSOCIAÇÃO DOS EDUCADORES POPULARES DO CEARÁ", "TIPO3": "INFORMAL", "LOTE4": "LOTE 39", "ENDERECO5": "SÍTIO ILHA DE SANTA TEREZINHA", "NUMERO6": "0", "BAIRRO_L7": "LIMOEIRO DO NORTE", "DISTRITO8": "LIMOEIRO DO NORTE", "MUNICIPI9": "LIMOEIRO DO NORTE", "CEP10": "62930-000", "REGIAO_D11": "VALE DO JAGUARIBE", "SETOR_IB12": "URBANA", "DATA_DE_13": "2024-08-30", "TIPO_DE_14": "SAAE - SERVIÇO AUTÔNOMO DE ÁGUA E ESGOTO", "DESIGNAC15": null, "LATITUDE16": "-5.141173", "LONGITUD17": "-38.103948", "OBS18": "COORDENADAS APROXIMADAS", "CONTAGEM19": "1" }, "geometry": { "type": "Point", "coordinates": [ -38.103947935119599, -5.14117306937561 ] } },
{ "type": "Feature", "properties": { "ID0": "1492", "NOME_USP1": "ASSOCIAÇÃO COMUNITARIA DO SABONETE", "NOME_UG2": "CENTRO DE APOIO AO DESENVOLVIMENTO SUSTENTÁVEL DO SEMIÁRIDO - CACTUS", "TIPO3": "FORMAL", "LOTE4": "LOTE 32", "ENDERECO5": "FAZENDA SABONETE", "NUMERO6": "1111", "BAIRRO_L7": "DISTRITO DE SÃO JOSE DA MACAOCA", "DISTRITO8": "MADALENA", "MUNICIPI9": "MADALENA", "CEP10": "63860-000", "REGIAO_D11": "SERTÃO DE CANINDÉ", "SETOR_IB12": "RURAL", "DATA_DE_13": "2025-05-26", "TIPO_DE_14": "CAGECE - COMPANHIA DE ÁGUA E ESGOTO DO ESTADO DO CEARÁ", "DESIGNAC15": null, "LATITUDE16": "-4.74313", "LONGITUD17": "-39.511705", "OBS18": "COORDENADAS APROXIMADAS", "CONTAGEM19": "1" }, "geometry": { "type": "Point", "coordinates": [ -39.511705, -4.74313 ] } },
{ "type": "Feature", "properties": { "ID0": "1493", "NOME_USP1": "NILIA COELHO", "NOME_UG2": "INSTITUTO SOS PERIFERIA - ISOP", "TIPO3": "INFORMAL", "LOTE4": "LOTE 14", "ENDERECO5": "ESTRADA DO PIRAPORA", "NUMERO6": "0", "BAIRRO_L7": "PIRAPORA", "DISTRITO8": "MARANGUAPE", "MUNICIPI9": "MARANGUAPE", "CEP10": "00000-000", "REGIAO_D11": "GRANDE FORTALEZA", "SETOR_IB12": "URBANA", "DATA_DE_13": "2025-06-12", "TIPO_DE_14": "NASCENTE", "DESIGNAC15": null, "LATITUDE16": "-3.891112", "LONGITUD17": "-38.692594", "OBS18": "COORDENADAS APROXIMADAS", "CONTAGEM19": "1" }, "geometry": { "type": "Point", "coordinates": [ -38.692593692248799, -3.89111166102954 ] } },
{ "type": "Feature", "properties": { "ID0": "1494", "NOME_USP1": "COZINHA SOLIDARIA NOSSA SENHORA DE FATIMA", "NOME_UG2": "ACFLOR", "TIPO3": "INFORMAL", "LOTE4": "LOTE 2", "ENDERECO5": "RUA TREZE DE AGOSTO", "NUMERO6": "58", "BAIRRO_L7": "FLORESTA", "DISTRITO8": "FORTALEZA", "MUNICIPI9": "FORTALEZA", "CEP10": "60336-155", "REGIAO_D11": "GRANDE FORTALEZA", "SETOR_IB12": "URBANA", "DATA_DE_13": "2025-06-02", "TIPO_DE_14": "CAGECE - COMPANHIA DE ÁGUA E ESGOTO DO ESTADO DO CEARÁ", "DESIGNAC15": null, "LATITUDE16": "-3.720564", "LONGITUD17": "-38.575287", "OBS18": "COORDENADAS APROXIMADAS", "CONTAGEM19": "1" }, "geometry": { "type": "Point", "coordinates": [ -38.575287210879203, -3.72056351512619 ] } },
{ "type": "Feature", "properties": { "ID0": "1495", "NOME_USP1": "AMOR SOLIDARIO", "NOME_UG2": "ASSOCIAÇÃO DOS MORADORES DO CONJUNTO ACARACUZINHO", "TIPO3": "INFORMAL", "LOTE4": "LOTE 13", "ENDERECO5": "RUA ANTÔNIO ÂNGELO DE SOUSA", "NUMERO6": "398", "BAIRRO_L7": "PAJUÇARA", "DISTRITO8": "MARACANAÚ", "MUNICIPI9": "MARACANAÚ", "CEP10": "61932-380", "REGIAO_D11": "GRANDE FORTALEZA", "SETOR_IB12": "URBANA", "DATA_DE_13": "2025-06-12", "TIPO_DE_14": "CAGECE - COMPANHIA DE ÁGUA E ESGOTO DO ESTADO DO CEARÁ", "DESIGNAC15": null, "LATITUDE16": "-3.86532", "LONGITUD17": "-38.583823", "OBS18": "COORDENADAS APROXIMADAS", "CONTAGEM19": "1" }, "geometry": { "type": "Point", "coordinates": [ -38.583822697168799, -3.86531976884435 ] } },
{ "type": "Feature", "properties": { "ID0": "1496", "NOME_USP1": "CÓRREGO DOS FERNANDES", "NOME_UG2": "CENTRO DE FORMAÇÃO E CAPACITAÇÃO E PESQUISA FREI HUMBERTO", "TIPO3": "INFORMAL", "LOTE4": "LOTE 19", "ENDERECO5": "CÓRREGO DOS FERNANDES", "NUMERO6": "0", "BAIRRO_L7": "CÓRREGO DOS FERNANDES", "DISTRITO8": "LAGOA DO CARNEIRO", "MUNICIPI9": "ACARAÚ", "CEP10": "62580-000", "REGIAO_D11": "LITORAL NORTE", "SETOR_IB12": "RURAL", "DATA_DE_13": "2025-07-07", "TIPO_DE_14": null, "DESIGNAC15": null, "LATITUDE16": "-3.061632", "LONGITUD17": "-40.006223", "OBS18": "COORDENADAS APROXIMADAS", "CONTAGEM19": "1" }, "geometry": { "type": "Point", "coordinates": [ -40.006223, -3.061632 ] } },
{ "type": "Feature", "properties": { "ID0": "1497", "NOME_USP1": "COZINHA SOLIDÁRIA MARIA IVONETE", "NOME_UG2": "ASSOCIAÇÃO DE COOPERAÇÃO AGRÍCOLA DO ESTADO DO CEARA", "TIPO3": "INFORMAL", "LOTE4": "LOTE 20", "ENDERECO5": "GARÇAS", "NUMERO6": "0", "BAIRRO_L7": "CENTRO", "DISTRITO8": "GARÇAS", "MUNICIPI9": "AMONTADA", "CEP10": "62540-000", "REGIAO_D11": "LITORAL OESTE / VALE DO CURU", "SETOR_IB12": "URBANA", "DATA_DE_13": "2025-07-07", "TIPO_DE_14": "SAAE - SERVIÇO AUTÔNOMO DE ÁGUA E ESGOTO", "DESIGNAC15": null, "LATITUDE16": "-3.154011", "LONGITUD17": "-39.753873", "OBS18": "COORDENADAS APROXIMADAS", "CONTAGEM19": "1" }, "geometry": { "type": "Point", "coordinates": [ -39.753872775310505, -3.15401065009 ] } },
{ "type": "Feature", "properties": { "ID0": "1498", "NOME_USP1": "COZINHA COMUNITARIA ATLETICO DE MILLA", "NOME_UG2": "INSTITUTO MARIA DA HORA", "TIPO3": "INFORMAL", "LOTE4": "LOTE 11", "ENDERECO5": "RUA CARDIAL ARCO VERDE", "NUMERO6": "938", "BAIRRO_L7": "AUTRAN NUNES", "DISTRITO8": "FORTALEZA", "MUNICIPI9": "FORTALEZA", "CEP10": "60526-400", "REGIAO_D11": "GRANDE FORTALEZA", "SETOR_IB12": "URBANA", "DATA_DE_13": "2025-07-16", "TIPO_DE_14": "CAGECE - COMPANHIA DE ÁGUA E ESGOTO DO ESTADO DO CEARÁ", "DESIGNAC15": null, "LATITUDE16": "-3.757902", "LONGITUD17": "-38.594278", "OBS18": "COORDENADAS APROXIMADAS", "CONTAGEM19": "1" }, "geometry": { "type": "Point", "coordinates": [ -38.594277809638101, -3.757901679763231 ] } },
{ "type": "Feature", "properties": { "ID0": "1499", "NOME_USP1": "COZINHA SOLIDARIA ALECIA TEXEIRA MARQUES", "NOME_UG2": "INSTITUTO ELO AMIGO", "TIPO3": "INFORMAL", "LOTE4": "LOTE 26", "ENDERECO5": "RUA SETE DE SETEMBRO", "NUMERO6": "303", "BAIRRO_L7": "7 DE SETEMBRO", "DISTRITO8": "IGUATU", "MUNICIPI9": "IGUATU", "CEP10": "63504-050", "REGIAO_D11": "CENTRO SUL", "SETOR_IB12": "URBANA", "DATA_DE_13": "2025-08-11", "TIPO_DE_14": "CAGECE - COMPANHIA DE ÁGUA E ESGOTO DO ESTADO DO CEARÁ", "DESIGNAC15": null, "LATITUDE16": "-6.368611", "LONGITUD17": "-39.301479", "OBS18": "COORDENADAS APROXIMADAS", "CONTAGEM19": "1" }, "geometry": { "type": "Point", "coordinates": [ -39.301479426467601, -6.36861119936748 ] } },
{ "type": "Feature", "properties": { "ID0": "1500", "NOME_USP1": "NOSSA SENHORA DAS DORES DE MANITUBA", "NOME_UG2": "CENTRO SOCIAL DOS MORADORES DO PARQUE SÃO JOSÉ", "TIPO3": "FORMAL", "LOTE4": "LOTE 30", "ENDERECO5": "VILA DE MANITUBA", "NUMERO6": "0", "BAIRRO_L7": "MANITUBA", "DISTRITO8": "MANITUBA", "MUNICIPI9": "QUIXERAMOBIM", "CEP10": "63800-000", "REGIAO_D11": "SERTÃO CENTRAL", "SETOR_IB12": "URBANA", "DATA_DE_13": "2025-08-25", "TIPO_DE_14": "CAGECE - COMPANHIA DE ÁGUA E ESGOTO DO ESTADO DO CEARÁ", "DESIGNAC15": null, "LATITUDE16": "-5.230455", "LONGITUD17": "-39.56939", "OBS18": "COORDENADAS APROXIMADAS", "CONTAGEM19": "1" }, "geometry": { "type": "Point", "coordinates": [ -39.5693895575128, -5.23045450584195 ] } },
{ "type": "Feature", "properties": { "ID0": "1501", "NOME_USP1": "COZINHA SOLIDÁRIA VÓ JOANA", "NOME_UG2": "CONSELHO COMUNITÁRIO DO PARQUE SÃO JOSÉ", "TIPO3": "INFORMAL", "LOTE4": "LOTE 10", "ENDERECO5": "RUA ANTÔNIO CHACON", "NUMERO6": "322", "BAIRRO_L7": "PARQUE PRESIDENTE VARGAS", "DISTRITO8": "FORTALEZA", "MUNICIPI9": "FORTALEZA", "CEP10": "60765-555", "REGIAO_D11": "GRANDE FORTALEZA", "SETOR_IB12": "URBANA", "DATA_DE_13": "2025-07-21", "TIPO_DE_14": "CAGECE - COMPANHIA DE ÁGUA E ESGOTO DO ESTADO DO CEARÁ", "DESIGNAC15": null, "LATITUDE16": "-3.829191", "LONGITUD17": "-38.597549", "OBS18": "COORDENADAS APROXIMADAS", "CONTAGEM19": "1" }, "geometry": { "type": "Point", "coordinates": [ -38.597549232980001, -3.82919122842356 ] } },
{ "type": "Feature", "properties": { "ID0": "1502", "NOME_USP1": "COZINHA NEGRO DOS BATISTAS", "NOME_UG2": "ASSOCIAÇÃO BENEFICENTE DE APOIO A COMUNIDADE DO CEARÁ", "TIPO3": "FORMAL", "LOTE4": "LOTE 16", "ENDERECO5": "COMUNIDADE BEIJA BODE", "NUMERO6": "0", "BAIRRO_L7": "ZONA RURAL", "DISTRITO8": "GUALDRAPAS", "MUNICIPI9": "TRAIRI", "CEP10": "62690-000", "REGIAO_D11": "GRANDE FORTALEZA", "SETOR_IB12": "RURAL", "DATA_DE_13": "2025-09-09", "TIPO_DE_14": "POÇO", "DESIGNAC15": null, "LATITUDE16": "-3.487711", "LONGITUD17": "-39.273884", "OBS18": "COORDENADAS APROXIMADAS", "CONTAGEM19": "1" }, "geometry": { "type": "Point", "coordinates": [ -39.273883701535397, -3.48771133601239 ] } },
{ "type": "Feature", "properties": { "ID0": "1503", "NOME_USP1": "COZINHA COLETIVO REBENTO", "NOME_UG2": "INSTITUTO DE ATIVISMO COMUNITÁRIO - REDE MOBILIZE", "TIPO3": "FORMAL", "LOTE4": "LOTE 9", "ENDERECO5": "RUA 3", "NUMERO6": "0", "BAIRRO_L7": "BARROSO", "DISTRITO8": "FORTALEZA", "MUNICIPI9": "FORTALEZA", "CEP10": "60863-840", "REGIAO_D11": "GRANDE FORTALEZA", "SETOR_IB12": "URBANA", "DATA_DE_13": "2025-09-01", "TIPO_DE_14": "CAGECE - COMPANHIA DE ÁGUA E ESGOTO DO ESTADO DO CEARÁ", "DESIGNAC15": null, "LATITUDE16": "-3.81685", "LONGITUD17": "-38.514779", "OBS18": "COORDENADAS APROXIMADAS", "CONTAGEM19": "1" }, "geometry": { "type": "Point", "coordinates": [ -38.514779356200201, -3.81685004122274 ] } },
{ "type": "Feature", "properties": { "ID0": "1504", "NOME_USP1": "COZINHA AME", "NOME_UG2": "ASSOCIAÇÃO CURUMINS", "TIPO3": "INFORMAL", "LOTE4": "LOTE 15", "ENDERECO5": "RUA D. POVOADO DE CURIMATÃ", "NUMERO6": "0", "BAIRRO_L7": "POVOADO DE CURIMATA", "DISTRITO8": "PACAJUS", "MUNICIPI9": "PACAJUS", "CEP10": "62870-000", "REGIAO_D11": "GRANDE FORTALEZA", "SETOR_IB12": "RURAL", "DATA_DE_13": "2025-09-08", "TIPO_DE_14": "POÇO", "DESIGNAC15": null, "LATITUDE16": "-4.18776", "LONGITUD17": "-38.540237", "OBS18": "COORDENADAS APROXIMADAS", "CONTAGEM19": "1" }, "geometry": { "type": "Point", "coordinates": [ -38.540237, -4.18776 ] } },
{ "type": "Feature", "properties": { "ID0": "1505", "NOME_USP1": "ASSOCIAÇÃO CASA DE ABRAÃO", "NOME_UG2": "ASSOCIAÇÃO CURUMINS", "TIPO3": "FORMAL", "LOTE4": "LOTE 15", "ENDERECO5": "RUA CANTO DO OITI", "NUMERO6": "133", "BAIRRO_L7": "TIMBU", "DISTRITO8": "EUSÉBIO", "MUNICIPI9": "EUSÉBIO", "CEP10": "61776-840", "REGIAO_D11": "GRANDE FORTALEZA", "SETOR_IB12": "URBANA", "DATA_DE_13": "2025-09-10", "TIPO_DE_14": "CAGECE - COMPANHIA DE ÁGUA E ESGOTO DO ESTADO DO CEARÁ", "DESIGNAC15": null, "LATITUDE16": "-3.876236", "LONGITUD17": "-38.430632", "OBS18": "COORDENADAS APROXIMADAS", "CONTAGEM19": "1" }, "geometry": { "type": "Point", "coordinates": [ -38.4306319279059, -3.87623621620072 ] } },
{ "type": "Feature", "properties": { "ID0": "1509", "NOME_USP1": "QUILOMBO DO CÓRREGO DAS UBARANAS", "NOME_UG2": "IMBRA", "TIPO3": "FORMAL", "LOTE4": "LOTE 17", "ENDERECO5": "ASSENTAMENTO QUILOMBOLA, CÓRREGO DE UBARANAS", "NUMERO6": "0", "BAIRRO_L7": "CÓRREGO DE UBARANAS", "DISTRITO8": "ARACATI", "MUNICIPI9": "ARACATI", "CEP10": "62800-000", "REGIAO_D11": "LITORAL LESTE", "SETOR_IB12": "RURAL", "DATA_DE_13": "2025-08-20", "TIPO_DE_14": "INFORMAÇÃO NÃO COLETADA", "DESIGNAC15": null, "LATITUDE16": "-4.612144", "LONGITUD17": "-37.673853", "OBS18": "COORDENADAS APROXIMADAS", "CONTAGEM19": "1" }, "geometry": { "type": "Point", "coordinates": [ -37.673853192970903, -4.61214437834701 ] } },
{ "type": "Feature", "properties": { "ID0": "1512", "NOME_USP1": "ASSOCIAÇÃO DE REMANESCENTE DE QUILOMBO DE SERRA DA CONCEIÇÃO", "NOME_UG2": "INSTITUTO INDACE", "TIPO3": "FORMAL", "LOTE4": "LOTE 12", "ENDERECO5": "BR-222 KM 19", "NUMERO6": "0", "BAIRRO_L7": "BOQUEIRÃO DO ARARA/SERRA DA CONCEIÇÃO", "DISTRITO8": "CAUCAIA", "MUNICIPI9": "CAUCAIA", "CEP10": "61616-992", "REGIAO_D11": "GRANDE FORTALEZA", "SETOR_IB12": "RURAL", "DATA_DE_13": "2025-09-22", "TIPO_DE_14": "CARRO PIPA", "DESIGNAC15": null, "LATITUDE16": "-3.728837", "LONGITUD17": "-38.782832", "OBS18": "COORDENADAS APROXIMADAS", "CONTAGEM19": "1" }, "geometry": { "type": "Point", "coordinates": [ -38.782832284309997, -3.728836514220311 ] } },
{ "type": "Feature", "properties": { "ID0": "1513", "NOME_USP1": "ÀIYÉ SANGÔ OBA IDARÁ INÃ", "NOME_UG2": "INSTITUTO INDACE", "TIPO3": "INFORMAL", "LOTE4": "LOTE 12", "ENDERECO5": "RUA RODOLFO TEÓFILO", "NUMERO6": "165", "BAIRRO_L7": "TABAPUÁ BRASÍLIA", "DISTRITO8": "CAUCAIA", "MUNICIPI9": "CAUCAIA", "CEP10": "61634-090", "REGIAO_D11": "GRANDE FORTALEZA", "SETOR_IB12": "URBANA", "DATA_DE_13": "2025-09-22", "TIPO_DE_14": "CAGECE - COMPANHIA DE ÁGUA E ESGOTO DO ESTADO DO CEARÁ", "DESIGNAC15": null, "LATITUDE16": "-3.747174", "LONGITUD17": "-38.622861", "OBS18": "COORDENADAS APROXIMADAS", "CONTAGEM19": "1" }, "geometry": { "type": "Point", "coordinates": [ -38.622860529410197, -3.74717374789726 ] } },
{ "type": "Feature", "properties": { "ID0": "1514", "NOME_USP1": "CAPELA SÃO JOSÉ", "NOME_UG2": "INSTITUTO INDACE", "TIPO3": "INFORMAL", "LOTE4": "LOTE 12", "ENDERECO5": "RUA SÃO JOSÉ", "NUMERO6": "131", "BAIRRO_L7": "CIGANA", "DISTRITO8": "CAUCAIA", "MUNICIPI9": "CAUCAIA", "CEP10": "61610-010", "REGIAO_D11": "GRANDE FORTALEZA", "SETOR_IB12": "URBANA", "DATA_DE_13": "2025-09-16", "TIPO_DE_14": "CAGECE - COMPANHIA DE ÁGUA E ESGOTO DO ESTADO DO CEARÁ", "DESIGNAC15": null, "LATITUDE16": "-3.740089", "LONGITUD17": "-38.660157", "OBS18": "COORDENADAS APROXIMADAS", "CONTAGEM19": "1" }, "geometry": { "type": "Point", "coordinates": [ -38.6601574454088, -3.74008888893917 ] } },
{ "type": "Feature", "properties": { "ID0": "1515", "NOME_USP1": "ASSOCIAÇÃO DOS REMANESCENTES DE QUILOMBO DA COMUNIDADE POVOADO BOQUEIRÃO DA ARARA", "NOME_UG2": "INSTITUTO INDACE", "TIPO3": "FORMAL", "LOTE4": "LOTE 12", "ENDERECO5": "BR-222 KM 19", "NUMERO6": "11", "BAIRRO_L7": "BOQUEIRÃO DA ARARA", "DISTRITO8": "CAUCAIA", "MUNICIPI9": "CAUCAIA", "CEP10": "61616-992", "REGIAO_D11": "GRANDE FORTALEZA", "SETOR_IB12": "RURAL", "DATA_DE_13": "2025-09-22", "TIPO_DE_14": "CISTERNA", "DESIGNAC15": null, "LATITUDE16": "-3.729261", "LONGITUD17": "-38.78734", "OBS18": "COORDENADAS APROXIMADAS", "CONTAGEM19": "1" }, "geometry": { "type": "Point", "coordinates": [ -38.787340487883498, -3.72926113941999 ] } },
{ "type": "Feature", "properties": { "ID0": "1516", "NOME_USP1": "COZINHA ASSOCIAÇÃO SOCIAL E CULTURAL SERPENTEAR", "NOME_UG2": "INSTITUTO SOS PERIFERIA - ISOP", "TIPO3": "FORMAL", "LOTE4": "LOTE 14", "ENDERECO5": "PV ALTO FECHADO", "NUMERO6": "409", "BAIRRO_L7": "ALTO FECHADO", "DISTRITO8": "PAVUNA", "MUNICIPI9": "PACATUBA", "CEP10": "00000-000", "REGIAO_D11": "GRANDE FORTALEZA", "SETOR_IB12": "URBANA", "DATA_DE_13": "2025-09-17", "TIPO_DE_14": "CAGECE - COMPANHIA DE ÁGUA E ESGOTO DO ESTADO DO CEARÁ", "DESIGNAC15": null, "LATITUDE16": "-3.891259", "LONGITUD17": "-38.576447", "OBS18": "COORDENADAS APROXIMADAS", "CONTAGEM19": "1" }, "geometry": { "type": "Point", "coordinates": [ -38.576447, -3.891259 ] } },
{ "type": "Feature", "properties": { "ID0": "1517", "NOME_USP1": "ASSOCIAÇÃO DA COMUNIDADE REMANESCENTE QUILOMBO DE JUÁ", "NOME_UG2": "INSTITUTO INDACE", "TIPO3": "FORMAL", "LOTE4": "LOTE 12", "ENDERECO5": "SERRA DE JUÁ", "NUMERO6": "0", "BAIRRO_L7": "GUARARU", "DISTRITO8": "CAUCAIA", "MUNICIPI9": "CAUCAIA", "CEP10": "61690-000", "REGIAO_D11": "GRANDE FORTALEZA", "SETOR_IB12": "RURAL", "DATA_DE_13": "2025-09-22", "TIPO_DE_14": "CISTERNA", "DESIGNAC15": null, "LATITUDE16": "-3.771899", "LONGITUD17": "-38.779259", "OBS18": "COORDENADAS APROXIMADAS", "CONTAGEM19": "1" }, "geometry": { "type": "Point", "coordinates": [ -38.779259254938601, -3.771899393438701 ] } },
{ "type": "Feature", "properties": { "ID0": "1518", "NOME_USP1": "INSTITUTO CONEXÃO HUMANITARIA", "NOME_UG2": "ORGANIZAÇÃO BARREIRA AMIGOS SOLIDÁRIOS - OBAS", "TIPO3": "FORMAL", "LOTE4": "LOTE 28", "ENDERECO5": "RUA VILA ITAPAI", "NUMERO6": "0", "BAIRRO_L7": "ITAPAI", "DISTRITO8": "REDENÇÃO", "MUNICIPI9": "REDENÇÃO", "CEP10": "62790-000", "REGIAO_D11": "MACIÇO DE BATURITÉ", "SETOR_IB12": "RURAL", "DATA_DE_13": "2025-09-11", "TIPO_DE_14": "CAGECE - COMPANHIA DE ÁGUA E ESGOTO DO ESTADO DO CEARÁ", "DESIGNAC15": null, "LATITUDE16": "-4.276678", "LONGITUD17": "-38.727023", "OBS18": "COORDENADAS APROXIMADAS", "CONTAGEM19": "1" }, "geometry": { "type": "Point", "coordinates": [ -38.727023295247498, -4.27667754730034 ] } },
{ "type": "Feature", "properties": { "ID0": "1519", "NOME_USP1": "COZINHA DONA ZENA", "NOME_UG2": "ASSOCIAÇÃO CURUMINS", "TIPO3": "FORMAL", "LOTE4": "LOTE 15", "ENDERECO5": "ESTRADA DA CAPONGA", "NUMERO6": "0", "BAIRRO_L7": "POVOADO CAMURIM", "DISTRITO8": "CASCAVEL", "MUNICIPI9": "CASCAVEL", "CEP10": "62850-000", "REGIAO_D11": "GRANDE FORTALEZA", "SETOR_IB12": "RURAL", "DATA_DE_13": "2025-09-22", "TIPO_DE_14": "POÇO", "DESIGNAC15": null, "LATITUDE16": "-4.076199", "LONGITUD17": "-38.198138", "OBS18": "COORDENADAS APROXIMADAS", "CONTAGEM19": "1" }, "geometry": { "type": "Point", "coordinates": [ -38.1981376366559, -4.07619856742019 ] } },
{ "type": "Feature", "properties": { "ID0": "1520", "NOME_USP1": "COZINHA MARIA NECIR", "NOME_UG2": "INSTITUTO SOS PERIFERIA - ISOP", "TIPO3": "INFORMAL", "LOTE4": "LOTE 14", "ENDERECO5": "RUA JOÃO SOUSA FIALHO", "NUMERO6": "350", "BAIRRO_L7": "NOVO MARANGUAPE I", "DISTRITO8": "MARANGUAPE", "MUNICIPI9": "MARANGUAPE", "CEP10": "61943-150", "REGIAO_D11": "GRANDE FORTALEZA", "SETOR_IB12": "URBANA", "DATA_DE_13": "2025-09-17", "TIPO_DE_14": "CAGECE - COMPANHIA DE ÁGUA E ESGOTO DO ESTADO DO CEARÁ", "DESIGNAC15": null, "LATITUDE16": "-3.867199", "LONGITUD17": "-38.667881", "OBS18": "COORDENADAS APROXIMADAS", "CONTAGEM19": "1" }, "geometry": { "type": "Point", "coordinates": [ -38.6678805473775, -3.86719859953682 ] } },
{ "type": "Feature", "properties": { "ID0": "1521", "NOME_USP1": "ASSOCIAÇÃO DOS MORADORES E AMIGOS DO URUCARÁ", "NOME_UG2": "INSTITUTO SOS PERIFERIA - ISOP", "TIPO3": "FORMAL", "LOTE4": "LOTE 14", "ENDERECO5": "AVENIDA JOAQUIM LOPES DE ABREU", "NUMERO6": "1599", "BAIRRO_L7": "URUCARÁ", "DISTRITO8": "MARANGUAPE", "MUNICIPI9": "MARANGUAPE", "CEP10": "61948-805", "REGIAO_D11": "GRANDE FORTALEZA", "SETOR_IB12": "URBANA", "DATA_DE_13": "2025-09-17", "TIPO_DE_14": "CAGECE - COMPANHIA DE ÁGUA E ESGOTO DO ESTADO DO CEARÁ", "DESIGNAC15": null, "LATITUDE16": "-3.926782", "LONGITUD17": "-38.692431", "OBS18": "COORDENADAS APROXIMADAS", "CONTAGEM19": "1" }, "geometry": { "type": "Point", "coordinates": [ -38.692431306968203, -3.92678227848716 ] } },
{ "type": "Feature", "properties": { "ID0": "1522", "NOME_USP1": "COZINHA SOLIDÁRIA AGUA VERDE", "NOME_UG2": "INSTITUTO SOS PERIFERIA - ISOP", "TIPO3": "INFORMAL", "LOTE4": "LOTE 14", "ENDERECO5": "RUA FRANCISCA FERREIRA CAVALCANTE", "NUMERO6": "266", "BAIRRO_L7": "AGUA VERDE", "DISTRITO8": "ÁGUA VERDE", "MUNICIPI9": "GUAIÚBA", "CEP10": "61890-000", "REGIAO_D11": "GRANDE FORTALEZA", "SETOR_IB12": "URBANA", "DATA_DE_13": "2025-09-18", "TIPO_DE_14": "CAGECE - COMPANHIA DE ÁGUA E ESGOTO DO ESTADO DO CEARÁ", "DESIGNAC15": null, "LATITUDE16": "-4.155812", "LONGITUD17": "-38.681627", "OBS18": "COORDENADAS APROXIMADAS", "CONTAGEM19": "1" }, "geometry": { "type": "Point", "coordinates": [ -38.681626599256198, -4.155812384433361 ] } },
{ "type": "Feature", "properties": { "ID0": "1525", "NOME_USP1": "COZINHA SOCIAL DA TABUBINHA", "NOME_UG2": "INSTITUTO INDACE", "TIPO3": "INFORMAL", "LOTE4": "LOTE 12", "ENDERECO5": "RUA JOSÉ SALES", "NUMERO6": "0", "BAIRRO_L7": "TABUBA", "DISTRITO8": "CAUCAIA", "MUNICIPI9": "CAUCAIA", "CEP10": "61618-337", "REGIAO_D11": "GRANDE FORTALEZA", "SETOR_IB12": "URBANA", "DATA_DE_13": "2025-10-01", "TIPO_DE_14": "CAGECE - COMPANHIA DE ÁGUA E ESGOTO DO ESTADO DO CEARÁ", "DESIGNAC15": null, "LATITUDE16": "-3.651608", "LONGITUD17": "-38.699117", "OBS18": "COORDENADAS APROXIMADAS", "CONTAGEM19": "1" }, "geometry": { "type": "Point", "coordinates": [ -38.699116834217897, -3.65160837991243 ] } },
{ "type": "Feature", "properties": { "ID0": "1528", "NOME_USP1": "COAÇU EM MOVIMENTO", "NOME_UG2": "ASSOCIAÇÃO CURUMINS", "TIPO3": "INFORMAL", "LOTE4": "LOTE 15", "ENDERECO5": "RUA JORGE MIGUEL", "NUMERO6": "551", "BAIRRO_L7": "COAÇU", "DISTRITO8": "EUSÉBIO", "MUNICIPI9": "EUSÉBIO", "CEP10": "61771-250", "REGIAO_D11": "GRANDE FORTALEZA", "SETOR_IB12": "URBANA", "DATA_DE_13": "2025-10-02", "TIPO_DE_14": "CAGECE - COMPANHIA DE ÁGUA E ESGOTO DO ESTADO DO CEARÁ", "DESIGNAC15": null, "LATITUDE16": "-3.85664", "LONGITUD17": "-38.459252", "OBS18": "COORDENADAS APROXIMADAS", "CONTAGEM19": "1" }, "geometry": { "type": "Point", "coordinates": [ -38.459252416773701, -3.85664003388519 ] } },
{ "type": "Feature", "properties": { "ID0": "1529", "NOME_USP1": "ASSOCIAÇÃO DOS PRODUTORES RURAIS DO SITIO TRÊS IRMÃOS", "NOME_UG2": "INSTITUTO FRANCISCO DE ASSIS", "TIPO3": "FORMAL", "LOTE4": "LOTE 40", "ENDERECO5": "ST CAATINGA GRANDE", "NUMERO6": "0", "BAIRRO_L7": "POTIRETAMA", "DISTRITO8": "POTIRETAMA", "MUNICIPI9": "POTIRETAMA", "CEP10": "62990-000", "REGIAO_D11": "VALE DO JAGUARIBE", "SETOR_IB12": "RURAL", "DATA_DE_13": "2025-09-30", "TIPO_DE_14": "CARRO PIPA", "DESIGNAC15": null, "LATITUDE16": "-5.677013", "LONGITUD17": "-38.217359", "OBS18": "COORDENADAS APROXIMADAS", "CONTAGEM19": "1" }, "geometry": { "type": "Point", "coordinates": [ -38.217359200531398, -5.6770132043509 ] } },
{ "type": "Feature", "properties": { "ID0": "1530", "NOME_USP1": "FEDERAÇÃO DOS AMIGOS NO COMBATE A EXCLUSÃO SOCIAL DE IRACEMA/CEARÁ", "NOME_UG2": "INSTITUTO FRANCISCO DE ASSIS", "TIPO3": "FORMAL", "LOTE4": "LOTE 40", "ENDERECO5": "RUA LEODEGARIO DE HOLANDA GUERRA", "NUMERO6": "25", "BAIRRO_L7": "IRACEMA", "DISTRITO8": "IRACEMA", "MUNICIPI9": "IRACEMA", "CEP10": "62980-000", "REGIAO_D11": "VALE DO JAGUARIBE", "SETOR_IB12": "URBANA", "DATA_DE_13": "2025-09-30", "TIPO_DE_14": "CAGECE - COMPANHIA DE ÁGUA E ESGOTO DO ESTADO DO CEARÁ", "DESIGNAC15": null, "LATITUDE16": "-5.814172", "LONGITUD17": "-38.305592", "OBS18": "COORDENADAS APROXIMADAS", "CONTAGEM19": "1" }, "geometry": { "type": "Point", "coordinates": [ -38.305591696975199, -5.814171939829711 ] } }
]
}
