{
"type": "FeatureCollection",
"name": "municipios_com_qualificacao_simplificado",
"crs": { "type": "name", "properties": { "name": "urn:ogc:def:crs:EPSG::4674" } },
"features": [
{ "type": "Feature", "properties": { "CD_MUN": "2307403", "NM_MUN": "Jucás", "CD_RGI": "230009", "NM_RGI": "Iguatu", "CD_RGINT": "2303", "NM_RGINT": "Iguatu", "CD_UF": "23", "NM_UF": "Ceará", "SIGLA_UF": "CE", "CD_REGIA": "2", "NM_REGIA": "Nordeste", "SIGLA_RG": "NE", "CD_CONCU": null, "NM_CONCU": null, "AREA_KM2": 940.336, "mun_upp": "JUCÁS", "has_qualif": 1, "municipio": "Jucás", "REGIÃO DE PLANEJAMENTO": "Centro Sul", "auxiliary_storage_labeling_positionx": null, "auxiliary_storage_labeling_positiony": null, "auxiliary_storage_labeling_lineanchorpercent": null, "auxiliary_storage_labeling_lineanchorclipping": null, "auxiliary_storage_labeling_lineanchortype": null, "auxiliary_storage_labeling_lineanchortextpoint": null, "auxiliary_storage_callouts_originx": null, "auxiliary_storage_callouts_originy": null, "auxiliary_storage_callouts_destinationx": null, "auxiliary_storage_callouts_destinationy": null }, "geometry": { "type": "Polygon", "coordinates": [ [ [ -39.5241387, -6.3389744 ], [ -39.5178433, -6.3379552 ], [ -39.5170281, -6.3339433 ], [ -39.5132976, -6.335249 ], [ -39.5084935, -6.3302718 ], [ -39.5035168, -6.3344689 ], [ -39.5008558, -6.3347408 ], [ -39.4986374, -6.328909 ], [ -39.4950523, -6.3321136 ], [ -39.4911093, -6.3256794 ], [ -39.4874329, -6.3292822 ], [ -39.4837415, -6.3303196 ], [ -39.4828663, -6.3342427 ], [ -39.4742157, -6.3373528 ], [ -39.4684094, -6.3315241 ], [ -39.4679682, -6.3233976 ], [ -39.4624861, -6.3258033 ], [ -39.4594781, -6.3248263 ], [ -39.4586268, -6.3294813 ], [ -39.4641955, -6.3425443 ], [ -39.4625979, -6.3457625 ], [ -39.4646882, -6.3477854 ], [ -39.4647481, -6.3505426 ], [ -39.462718, -6.3516071 ], [ -39.4649334, -6.3571339 ], [ -39.4685169, -6.3570109 ], [ -39.4732116, -6.3743594 ], [ -39.464247, -6.37716 ], [ -39.4639588, -6.3811558 ], [ -39.4518411, -6.3901546 ], [ -39.4502064, -6.3946139 ], [ -39.4412095, -6.394867 ], [ -39.4340708, -6.3982059 ], [ -39.42737, -6.3925474 ], [ -39.4168545, -6.3904272 ], [ -39.4148179, -6.3912376 ], [ -39.4131008, -6.4089099 ], [ -39.4078921, -6.4087309 ], [ -39.4072984, -6.4417868 ], [ -39.3981702, -6.4649217 ], [ -39.4015655, -6.4618435 ], [ -39.4114711, -6.4643414 ], [ -39.4206749, -6.462692 ], [ -39.4284885, -6.4669553 ], [ -39.4317096, -6.4730989 ], [ -39.4305839, -6.4773888 ], [ -39.4317891, -6.4821028 ], [ -39.441327, -6.4874749 ], [ -39.4412159, -6.4918597 ], [ -39.4425572, -6.4932563 ], [ -39.4554885, -6.4943242 ], [ -39.4619395, -6.5101234 ], [ -39.4746762, -6.5119143 ], [ -39.4895354, -6.5105215 ], [ -39.4925666, -6.5122418 ], [ -39.4960641, -6.5187359 ], [ -39.5118421, -6.5252156 ], [ -39.5172587, -6.5348362 ], [ -39.5170952, -6.5412254 ], [ -39.5325659, -6.5517729 ], [ -39.5375168, -6.5589987 ], [ -39.5838474, -6.5780225 ], [ -39.5845259, -6.5736641 ], [ -39.5899595, -6.5744475 ], [ -39.5986044, -6.5787931 ], [ -39.5998781, -6.5831953 ], [ -39.6028236, -6.5859611 ], [ -39.6227793, -6.5952056 ], [ -39.6296975, -6.6013717 ], [ -39.6546286, -6.6136651 ], [ -39.6697854, -6.6184794 ], [ -39.6777669, -6.6228422 ], [ -39.6923556, -6.618616 ], [ -39.710791, -6.6228739 ], [ -39.7146994, -6.6220814 ], [ -39.7320618, -6.6286239 ], [ -39.7374069, -6.6332039 ], [ -39.7380118, -6.6275993 ], [ -39.7341316, -6.6232227 ], [ -39.7365563, -6.6127249 ], [ -39.7192633, -6.6167146 ], [ -39.7210474, -6.6134151 ], [ -39.7270369, -6.6142249 ], [ -39.7332394, -6.6042792 ], [ -39.7335176, -6.6002531 ], [ -39.7444195, -6.6055985 ], [ -39.7451171, -6.6075073 ], [ -39.7560585, -6.613158 ], [ -39.7628817, -6.6192599 ], [ -39.7745143, -6.6243305 ], [ -39.7758796, -6.617965 ], [ -39.7709744, -6.6119046 ], [ -39.7738633, -6.6072802 ], [ -39.7658084, -6.6004534 ], [ -39.7624473, -6.5935852 ], [ -39.7641467, -6.5906695 ], [ -39.7702998, -6.587861 ], [ -39.7704436, -6.5860654 ], [ -39.7608566, -6.5819536 ], [ -39.7557726, -6.5834041 ], [ -39.751433, -6.5815153 ], [ -39.7532442, -6.5764772 ], [ -39.7498873, -6.5649576 ], [ -39.7414068, -6.5619427 ], [ -39.7375346, -6.5499232 ], [ -39.7287995, -6.5433889 ], [ -39.7271887, -6.5384959 ], [ -39.7350859, -6.5379329 ], [ -39.73539, -6.5364582 ], [ -39.7379102, -6.5358747 ], [ -39.7398985, -6.5291467 ], [ -39.742389, -6.5303684 ], [ -39.7451018, -6.5265926 ], [ -39.7456264, -6.5223057 ], [ -39.7480062, -6.5229123 ], [ -39.7503771, -6.5209367 ], [ -39.7491059, -6.51575 ], [ -39.7509187, -6.5123694 ], [ -39.7430113, -6.5049619 ], [ -39.7248463, -6.4963551 ], [ -39.728055, -6.4917085 ], [ -39.7357932, -6.4884422 ], [ -39.7389554, -6.4827835 ], [ -39.7451729, -6.4818808 ], [ -39.7460199, -6.4785769 ], [ -39.7513579, -6.4779404 ], [ -39.7521672, -6.4756474 ], [ -39.7582359, -6.4754077 ], [ -39.7600646, -6.471827 ], [ -39.7661113, -6.4703843 ], [ -39.7683474, -6.4680834 ], [ -39.7718441, -6.4597039 ], [ -39.7695537, -6.4500488 ], [ -39.7653694, -6.4456854 ], [ -39.765023, -6.4427522 ], [ -39.775772, -6.4297389 ], [ -39.7738629, -6.4258576 ], [ -39.7749929, -6.4216761 ], [ -39.7738204, -6.4183465 ], [ -39.7764975, -6.4143977 ], [ -39.775974, -6.4108464 ], [ -39.772085, -6.4060655 ], [ -39.7631626, -6.4001885 ], [ -39.7581623, -6.3995265 ], [ -39.750743, -6.3887869 ], [ -39.7423827, -6.3847964 ], [ -39.7393827, -6.3747828 ], [ -39.734387, -6.3733228 ], [ -39.7339151, -6.3708603 ], [ -39.7277166, -6.3710428 ], [ -39.7272227, -6.3670219 ], [ -39.7237443, -6.3656284 ], [ -39.7196835, -6.3595718 ], [ -39.7141674, -6.3589688 ], [ -39.7137434, -6.3563498 ], [ -39.7161119, -6.3540603 ], [ -39.7145238, -6.3473852 ], [ -39.7000018, -6.3283065 ], [ -39.6906203, -6.3313466 ], [ -39.688758, -6.3293844 ], [ -39.685737, -6.3330998 ], [ -39.6831784, -6.3331032 ], [ -39.6802745, -6.3372562 ], [ -39.6729411, -6.3328985 ], [ -39.6690091, -6.3363916 ], [ -39.6609642, -6.3355507 ], [ -39.6519975, -6.3373545 ], [ -39.647969, -6.3324887 ], [ -39.641277, -6.3298429 ], [ -39.6392162, -6.3269496 ], [ -39.6305296, -6.3218012 ], [ -39.6281384, -6.3224623 ], [ -39.6257662, -6.3191025 ], [ -39.6198577, -6.3213726 ], [ -39.6170105, -6.3208973 ], [ -39.6177334, -6.3253481 ], [ -39.614695, -6.3249448 ], [ -39.6105832, -6.3210725 ], [ -39.6048325, -6.3230298 ], [ -39.6056469, -6.319714 ], [ -39.5996887, -6.3180455 ], [ -39.5964226, -6.3152241 ], [ -39.5972043, -6.3127245 ], [ -39.5897956, -6.3072936 ], [ -39.5888712, -6.3131994 ], [ -39.5861997, -6.3116361 ], [ -39.5849746, -6.3153578 ], [ -39.5815258, -6.3158585 ], [ -39.57904, -6.3132621 ], [ -39.5715071, -6.3195984 ], [ -39.5691878, -6.3247767 ], [ -39.5619492, -6.3293043 ], [ -39.5600982, -6.3327429 ], [ -39.5509013, -6.3235853 ], [ -39.5443051, -6.3223613 ], [ -39.5408709, -6.3198504 ], [ -39.5400023, -6.3218809 ], [ -39.5340572, -6.324867 ], [ -39.5312937, -6.3242955 ], [ -39.5274312, -6.3269596 ], [ -39.5237281, -6.3269059 ], [ -39.524021, -6.3292713 ], [ -39.5282936, -6.3328751 ], [ -39.5248669, -6.3345375 ], [ -39.5241387, -6.3389744 ] ] ] } },
{ "type": "Feature", "properties": { "CD_MUN": "2312809", "NM_MUN": "Senador Sá", "CD_RGI": "230015", "NM_RGI": "Sobral", "CD_RGINT": "2306", "NM_RGINT": "Sobral", "CD_UF": "23", "NM_UF": "Ceará", "SIGLA_UF": "CE", "CD_REGIA": "2", "NM_REGIA": "Nordeste", "SIGLA_RG": "NE", "CD_CONCU": null, "NM_CONCU": null, "AREA_KM2": 424.642, "mun_upp": "SENADOR SÁ", "has_qualif": 1, "municipio": "Senador Sá", "REGIÃO DE PLANEJAMENTO": "Sertão de Sobral", "auxiliary_storage_labeling_positionx": -40.474451970040249, "auxiliary_storage_labeling_positiony": -3.3297903711751125, "auxiliary_storage_labeling_lineanchorpercent": null, "auxiliary_storage_labeling_lineanchorclipping": null, "auxiliary_storage_labeling_lineanchortype": null, "auxiliary_storage_labeling_lineanchortextpoint": null, "auxiliary_storage_callouts_originx": null, "auxiliary_storage_callouts_originy": null, "auxiliary_storage_callouts_destinationx": null, "auxiliary_storage_callouts_destinationy": null }, "geometry": { "type": "Polygon", "coordinates": [ [ [ -40.487176, -3.282617 ], [ -40.4873978, -3.2722965 ], [ -40.4821496, -3.2651867 ], [ -40.4816756, -3.2609914 ], [ -40.4933495, -3.2600169 ], [ -40.4940322, -3.258025 ], [ -40.4978201, -3.2574466 ], [ -40.5022048, -3.2533873 ], [ -40.507289, -3.2526816 ], [ -40.5107238, -3.2486695 ], [ -40.5138577, -3.2476279 ], [ -40.5158559, -3.2495622 ], [ -40.5188187, -3.2430229 ], [ -40.5233208, -3.2401921 ], [ -40.5296303, -3.2388012 ], [ -40.5324933, -3.2403828 ], [ -40.5345673, -3.23863 ], [ -40.5385676, -3.2383579 ], [ -40.5350817, -3.2286838 ], [ -40.5373684, -3.2284958 ], [ -40.5369566, -3.2232442 ], [ -40.539741, -3.2192877 ], [ -40.541365, -3.2100202 ], [ -40.5441061, -3.2079279 ], [ -40.5475131, -3.1879282 ], [ -40.5549556, -3.1824371 ], [ -40.557265, -3.1748212 ], [ -40.5665139, -3.1722085 ], [ -40.5754432, -3.1662241 ], [ -40.5713652, -3.1536726 ], [ -40.5743859, -3.135641 ], [ -40.5095497, -3.1096413 ], [ -40.505237, -3.1135211 ], [ -40.5047835, -3.1160582 ], [ -40.5033254, -3.115151 ], [ -40.5035614, -3.1169897 ], [ -40.4891685, -3.1217716 ], [ -40.4826711, -3.1207224 ], [ -40.4810107, -3.1249937 ], [ -40.4763669, -3.1270581 ], [ -40.4745642, -3.1309467 ], [ -40.4667894, -3.1323629 ], [ -40.4626272, -3.1356431 ], [ -40.4619558, -3.1407875 ], [ -40.45569, -3.1466321 ], [ -40.4536875, -3.1538489 ], [ -40.4521604, -3.154515 ], [ -40.4540916, -3.1597615 ], [ -40.4534971, -3.1639155 ], [ -40.4516843, -3.1650767 ], [ -40.4523492, -3.1715038 ], [ -40.4501902, -3.180584 ], [ -40.4451171, -3.1830245 ], [ -40.4433607, -3.1919781 ], [ -40.437389, -3.1961556 ], [ -40.4342237, -3.2007582 ], [ -40.4322857, -3.213551 ], [ -40.4301887, -3.2152275 ], [ -40.4309648, -3.2180642 ], [ -40.4284824, -3.2202264 ], [ -40.4242761, -3.2159149 ], [ -40.4219872, -3.2195473 ], [ -40.4230383, -3.2237752 ], [ -40.4213603, -3.2274749 ], [ -40.4197452, -3.2276545 ], [ -40.4182796, -3.2376571 ], [ -40.4139374, -3.2386864 ], [ -40.4112198, -3.2367119 ], [ -40.4065644, -3.2370322 ], [ -40.4049687, -3.2413594 ], [ -40.402158, -3.2425183 ], [ -40.4025905, -3.2454132 ], [ -40.3999609, -3.2485012 ], [ -40.4010267, -3.2513861 ], [ -40.3979443, -3.2560715 ], [ -40.3939502, -3.2570397 ], [ -40.3897241, -3.2628865 ], [ -40.3873076, -3.2715838 ], [ -40.385823, -3.2729059 ], [ -40.3819953, -3.2719489 ], [ -40.3770639, -3.2734893 ], [ -40.3725832, -3.2720281 ], [ -40.3680035, -3.2747109 ], [ -40.3665913, -3.2722032 ], [ -40.3638185, -3.274306 ], [ -40.3614825, -3.2728058 ], [ -40.3565548, -3.2761603 ], [ -40.3587205, -3.2815738 ], [ -40.3562778, -3.2821366 ], [ -40.3551885, -3.2847133 ], [ -40.3544765, -3.2833252 ], [ -40.3520869, -3.284412 ], [ -40.352322, -3.2855825 ], [ -40.3494018, -3.2865952 ], [ -40.3502178, -3.2885461 ], [ -40.3407053, -3.2900932 ], [ -40.3420253, -3.3509198 ], [ -40.3449825, -3.3530611 ], [ -40.3424315, -3.3614168 ], [ -40.3551663, -3.3714797 ], [ -40.3640047, -3.3730981 ], [ -40.3765708, -3.3798134 ], [ -40.3942079, -3.381899 ], [ -40.400862, -3.37898 ], [ -40.4016325, -3.3756539 ], [ -40.4000354, -3.3725498 ], [ -40.4057304, -3.373119 ], [ -40.4144028, -3.376624 ], [ -40.4157608, -3.3754087 ], [ -40.4162059, -3.3696116 ], [ -40.4224886, -3.3697444 ], [ -40.4568587, -3.386054 ], [ -40.4622161, -3.3812772 ], [ -40.4847859, -3.3893555 ], [ -40.5033148, -3.3930711 ], [ -40.5156145, -3.3930415 ], [ -40.5309881, -3.4384033 ], [ -40.537283, -3.4483899 ], [ -40.5481582, -3.4465823 ], [ -40.5535539, -3.4382518 ], [ -40.570256, -3.4383458 ], [ -40.5634019, -3.4169047 ], [ -40.5617036, -3.4064524 ], [ -40.5597425, -3.406249 ], [ -40.5593444, -3.4080373 ], [ -40.5574945, -3.4075563 ], [ -40.5555886, -3.4093228 ], [ -40.5526119, -3.4080285 ], [ -40.5411041, -3.4105398 ], [ -40.5452452, -3.3924529 ], [ -40.5281761, -3.3880682 ], [ -40.5253625, -3.385347 ], [ -40.5256433, -3.3821736 ], [ -40.5221661, -3.3785755 ], [ -40.5060077, -3.3688092 ], [ -40.5033788, -3.3627653 ], [ -40.5046932, -3.3585925 ], [ -40.5014506, -3.3494519 ], [ -40.4956983, -3.343201 ], [ -40.4931961, -3.3361738 ], [ -40.4863654, -3.3350833 ], [ -40.4860807, -3.3194404 ], [ -40.4825508, -3.31533 ], [ -40.4792058, -3.3055231 ], [ -40.480821, -3.3029962 ], [ -40.4804286, -3.2997454 ], [ -40.4845573, -3.2967146 ], [ -40.4843821, -3.2941688 ], [ -40.4869021, -3.2921103 ], [ -40.4844393, -3.2882088 ], [ -40.4882787, -3.2827856 ], [ -40.487176, -3.282617 ] ] ] } },
{ "type": "Feature", "properties": { "CD_MUN": "2308708", "NM_MUN": "Morada Nova", "CD_RGI": "230007", "NM_RGI": "Russas - Limoeiro do Norte", "CD_RGINT": "2302", "NM_RGINT": "Quixadá", "CD_UF": "23", "NM_UF": "Ceará", "SIGLA_UF": "CE", "CD_REGIA": "2", "NM_REGIA": "Nordeste", "SIGLA_RG": "NE", "CD_CONCU": null, "NM_CONCU": null, "AREA_KM2": 2822.836, "mun_upp": "MORADA NOVA", "has_qualif": 1, "municipio": "Morada Nova", "REGIÃO DE PLANEJAMENTO": "Vale do Jaguaribe", "auxiliary_storage_labeling_positionx": null, "auxiliary_storage_labeling_positiony": null, "auxiliary_storage_labeling_lineanchorpercent": null, "auxiliary_storage_labeling_lineanchorclipping": null, "auxiliary_storage_labeling_lineanchortype": null, "auxiliary_storage_labeling_lineanchortextpoint": null, "auxiliary_storage_callouts_originx": null, "auxiliary_storage_callouts_originy": null, "auxiliary_storage_callouts_destinationx": null, "auxiliary_storage_callouts_destinationy": null }, "geometry": { "type": "Polygon", "coordinates": [ [ [ -38.2268175, -5.090451 ], [ -38.2441257, -5.1610762 ], [ -38.2427803, -5.163284 ], [ -38.2485001, -5.1687387 ], [ -38.2461811, -5.1740881 ], [ -38.2485577, -5.1806025 ], [ -38.2381239, -5.1893452 ], [ -38.2370342, -5.1972226 ], [ -38.2380566, -5.2109101 ], [ -38.2582884, -5.2244929 ], [ -38.2625123, -5.225724 ], [ -38.278379, -5.242092 ], [ -38.2868279, -5.2459308 ], [ -38.2979099, -5.2571223 ], [ -38.3001159, -5.258638 ], [ -38.3114281, -5.2595579 ], [ -38.3151315, -5.2619573 ], [ -38.3166533, -5.2666601 ], [ -38.3277896, -5.2727312 ], [ -38.333583, -5.293014 ], [ -38.337184, -5.2945041 ], [ -38.3384648, -5.2968747 ], [ -38.3374903, -5.3009262 ], [ -38.3305152, -5.3060079 ], [ -38.327769, -5.3110191 ], [ -38.3297036, -5.3171498 ], [ -38.3494976, -5.3266331 ], [ -38.3626287, -5.3494038 ], [ -38.3891047, -5.3564469 ], [ -38.3944479, -5.3629531 ], [ -38.3945226, -5.3690647 ], [ -38.3960196, -5.3706288 ], [ -38.4085324, -5.3709798 ], [ -38.4429935, -5.3962619 ], [ -38.5055471, -5.4371236 ], [ -38.5171456, -5.4425901 ], [ -38.5424496, -5.4219855 ], [ -38.5987031, -5.3666704 ], [ -38.7152501, -5.268343 ], [ -38.6917041, -5.2272656 ], [ -38.6772592, -5.2272883 ], [ -38.6103839, -5.1473805 ], [ -38.609849, -5.143582 ], [ -38.6136934, -5.1420809 ], [ -38.6173491, -5.1317535 ], [ -38.6144405, -5.1254089 ], [ -38.617573, -5.1214898 ], [ -38.6191834, -5.1156163 ], [ -38.6153479, -5.1126131 ], [ -38.6171452, -5.1108549 ], [ -38.6175324, -5.1070913 ], [ -38.6155824, -5.104583 ], [ -38.6207701, -5.1016809 ], [ -38.6194169, -5.0992447 ], [ -38.6220782, -5.0945863 ], [ -38.6196304, -5.0912459 ], [ -38.6237371, -5.0896057 ], [ -38.6230715, -5.0849215 ], [ -38.6295579, -5.0855176 ], [ -38.6251773, -5.0810945 ], [ -38.6295044, -5.080011 ], [ -38.626645, -5.0764654 ], [ -38.6278758, -5.0737764 ], [ -38.6258814, -5.0708207 ], [ -38.6279174, -5.0688098 ], [ -38.6270529, -5.0675228 ], [ -38.6251214, -5.0666064 ], [ -38.4858264, -5.0878388 ], [ -38.4883012, -5.0862022 ], [ -38.4886467, -5.0822084 ], [ -38.4918408, -5.0802573 ], [ -38.4903121, -5.0777519 ], [ -38.4929036, -5.0756207 ], [ -38.4929417, -5.0726932 ], [ -38.4962545, -5.071508 ], [ -38.4975851, -5.0678814 ], [ -38.4952597, -5.0653889 ], [ -38.4957107, -5.0609119 ], [ -38.4988707, -5.0560947 ], [ -38.4963399, -5.0552465 ], [ -38.49621, -5.0526175 ], [ -38.4951718, -5.0539124 ], [ -38.4941795, -5.052757 ], [ -38.4966089, -5.048279 ], [ -38.4917844, -5.0468782 ], [ -38.4894663, -5.0402731 ], [ -38.4834999, -5.0358758 ], [ -38.4858487, -5.0333215 ], [ -38.4852024, -5.0280941 ], [ -38.4827685, -5.0270609 ], [ -38.4790403, -5.0198229 ], [ -38.4804172, -5.0179257 ], [ -38.4794686, -5.0102239 ], [ -38.4805747, -5.0073211 ], [ -38.4853405, -5.0056001 ], [ -38.4873062, -5.0099623 ], [ -38.4911184, -5.0106504 ], [ -38.4945173, -5.0057718 ], [ -38.4935691, -5.0050276 ], [ -38.4962427, -5.0044013 ], [ -38.4959554, -4.9977711 ], [ -38.5054264, -4.9833709 ], [ -38.4988799, -4.9732816 ], [ -38.5027619, -4.9682582 ], [ -38.4971922, -4.9633469 ], [ -38.5084574, -4.9619724 ], [ -38.5073549, -4.9563075 ], [ -38.4245652, -4.930665 ], [ -38.4175504, -4.9361175 ], [ -38.4142569, -4.9465815 ], [ -38.4042015, -4.9479813 ], [ -38.403676, -4.946427 ], [ -38.4071621, -4.9444346 ], [ -38.4174501, -4.9211058 ], [ -38.4212765, -4.9080916 ], [ -38.4209373, -4.9036409 ], [ -38.4380956, -4.8755498 ], [ -38.4508924, -4.8798026 ], [ -38.453953, -4.8757825 ], [ -38.4615429, -4.8736539 ], [ -38.4636617, -4.8761419 ], [ -38.4636331, -4.8820568 ], [ -38.4671223, -4.8829616 ], [ -38.4693494, -4.880525 ], [ -38.4728307, -4.8800969 ], [ -38.4750387, -4.8829215 ], [ -38.4806937, -4.8797081 ], [ -38.4853068, -4.8813213 ], [ -38.4910705, -4.8802501 ], [ -38.4958548, -4.8843586 ], [ -38.5050527, -4.8860424 ], [ -38.5060714, -4.8879355 ], [ -38.5110545, -4.8896251 ], [ -38.5131521, -4.888759 ], [ -38.517879, -4.8901806 ], [ -38.5215213, -4.8856893 ], [ -38.5283601, -4.8826529 ], [ -38.5336174, -4.8847374 ], [ -38.5424291, -4.8843067 ], [ -38.5445906, -4.8828458 ], [ -38.5469464, -4.883739 ], [ -38.5585298, -4.8777599 ], [ -38.5614264, -4.8785466 ], [ -38.5924443, -4.8739809 ], [ -38.6089132, -4.8862872 ], [ -38.6164821, -4.8939484 ], [ -38.6267621, -4.9004744 ], [ -38.6303412, -4.9008951 ], [ -38.6324021, -4.90686 ], [ -38.6305241, -4.9086842 ], [ -38.6318348, -4.9113616 ], [ -38.6255211, -4.9128191 ], [ -38.6278293, -4.9222478 ], [ -38.6343258, -4.9289439 ], [ -38.6475384, -4.9375525 ], [ -38.6473203, -4.9345431 ], [ -38.6380651, -4.9264958 ], [ -38.637513, -4.9236233 ], [ -38.6401798, -4.9206442 ], [ -38.6391008, -4.9169618 ], [ -38.649662, -4.9029688 ], [ -38.6458318, -4.8971273 ], [ -38.6462895, -4.8946506 ], [ -38.6483055, -4.892628 ], [ -38.6501515, -4.8931356 ], [ -38.6527611, -4.8890262 ], [ -38.6562671, -4.8884011 ], [ -38.6591888, -4.8803629 ], [ -38.6646343, -4.8761905 ], [ -38.6668316, -4.8693941 ], [ -38.6651656, -4.8665135 ], [ -38.6596572, -4.8648801 ], [ -38.6579842, -4.8581938 ], [ -38.6495095, -4.8536745 ], [ -38.6506205, -4.8508253 ], [ -38.6420604, -4.8502119 ], [ -38.6404252, -4.851366 ], [ -38.6368, -4.8479502 ], [ -38.6335071, -4.8478078 ], [ -38.6256008, -4.8407709 ], [ -38.6222485, -4.8403861 ], [ -38.6214443, -4.838402 ], [ -38.6141187, -4.8385968 ], [ -38.6117637, -4.8363006 ], [ -38.6120106, -4.8321195 ], [ -38.6005214, -4.8219403 ], [ -38.6016805, -4.8187261 ], [ -38.5963962, -4.8173273 ], [ -38.5971754, -4.8110117 ], [ -38.5897121, -4.8126155 ], [ -38.5850413, -4.8078285 ], [ -38.5807351, -4.802026 ], [ -38.5817391, -4.7989793 ], [ -38.5781701, -4.7972029 ], [ -38.5796044, -4.792855 ], [ -38.5778392, -4.7920192 ], [ -38.5768483, -4.7883879 ], [ -38.5793413, -4.784081 ], [ -38.5767768, -4.7833614 ], [ -38.5746653, -4.7785161 ], [ -38.5790071, -4.7744917 ], [ -38.5793552, -4.7711185 ], [ -38.5750542, -4.7668748 ], [ -38.5721417, -4.764819 ], [ -38.5687626, -4.7649485 ], [ -38.5613043, -4.7593728 ], [ -38.553954, -4.7577151 ], [ -38.551856, -4.7552873 ], [ -38.541873, -4.7571162 ], [ -38.5374808, -4.7560975 ], [ -38.5375622, -4.7547123 ], [ -38.5356417, -4.7546153 ], [ -38.534862, -4.7521225 ], [ -38.5277742, -4.7461114 ], [ -38.5265795, -4.7400699 ], [ -38.5219229, -4.7376552 ], [ -38.5196529, -4.734186 ], [ -38.5197184, -4.7300168 ], [ -38.52531, -4.7256136 ], [ -38.5281613, -4.7206624 ], [ -38.5337524, -4.7033684 ], [ -38.5327303, -4.6977938 ], [ -38.5295635, -4.6976181 ], [ -38.5307344, -4.6947152 ], [ -38.528179, -4.6899279 ], [ -38.5285926, -4.6867987 ], [ -38.5260294, -4.6848133 ], [ -38.5291033, -4.681237 ], [ -38.5285146, -4.6785693 ], [ -38.5250702, -4.6745578 ], [ -38.518607, -4.6721539 ], [ -38.5157789, -4.6652316 ], [ -38.5134066, -4.6633361 ], [ -38.5082543, -4.6626982 ], [ -38.5048362, -4.6554165 ], [ -38.4979093, -4.6513007 ], [ -38.4750188, -4.6498988 ], [ -38.4685965, -4.6452206 ], [ -38.4662193, -4.646254 ], [ -38.4641761, -4.6510664 ], [ -38.4607696, -4.652654 ], [ -38.4578916, -4.6534162 ], [ -38.449464, -4.6508591 ], [ -38.4487029, -4.6441357 ], [ -38.4374874, -4.6379262 ], [ -38.4340283, -4.6382047 ], [ -38.4289754, -4.6293835 ], [ -38.4210985, -4.6246784 ], [ -38.4228057, -4.6189324 ], [ -38.4061964, -4.6063349 ], [ -38.4076834, -4.5965332 ], [ -38.4011647, -4.5941807 ], [ -38.3986393, -4.5905973 ], [ -38.3939855, -4.5902194 ], [ -38.3922498, -4.5837405 ], [ -38.3863179, -4.5856741 ], [ -38.385155, -4.5822669 ], [ -38.3884344, -4.5790998 ], [ -38.3688278, -4.5762435 ], [ -38.370952, -4.564287 ], [ -38.3678732, -4.5598159 ], [ -38.3694539, -4.5591771 ], [ -38.3678021, -4.5558038 ], [ -38.3686554, -4.5482711 ], [ -38.3644507, -4.5425978 ], [ -38.3680153, -4.540363 ], [ -38.3673389, -4.5365673 ], [ -38.3716103, -4.5305544 ], [ -38.3814562, -4.5284925 ], [ -38.3823342, -4.5197585 ], [ -38.3774574, -4.5157123 ], [ -38.363404, -4.5088533 ], [ -38.3617796, -4.5007746 ], [ -38.3588743, -4.5052486 ], [ -38.3486615, -4.5124733 ], [ -38.3233392, -4.5191044 ], [ -38.3061167, -4.5314871 ], [ -38.3034738, -4.5374109 ], [ -38.2351171, -4.5740438 ], [ -38.2301274, -4.5811465 ], [ -38.214633, -4.5901517 ], [ -38.2172621, -4.5902945 ], [ -38.237474, -4.6173501 ], [ -38.2484616, -4.6258009 ], [ -38.2603296, -4.6392386 ], [ -38.2695463, -4.6451976 ], [ -38.2813493, -4.6576743 ], [ -38.3070679, -4.6499891 ], [ -38.3263758, -4.7099129 ], [ -38.3376967, -4.7539345 ], [ -38.3684936, -4.7523144 ], [ -38.3690301, -4.8510327 ], [ -38.3656874, -4.8483707 ], [ -38.3592949, -4.8468052 ], [ -38.3565761, -4.8484987 ], [ -38.3550508, -4.8535838 ], [ -38.3418914, -4.857186 ], [ -38.3375825, -4.8607966 ], [ -38.325443, -4.854955 ], [ -38.3217666, -4.8790112 ], [ -38.3191148, -4.8760552 ], [ -38.3157064, -4.8769239 ], [ -38.312471, -4.8801741 ], [ -38.3080407, -4.8798031 ], [ -38.3076538, -4.8818986 ], [ -38.3018377, -4.8851721 ], [ -38.2996673, -4.8924181 ], [ -38.2940503, -4.8926002 ], [ -38.2930564, -4.8908258 ], [ -38.2888897, -4.8897847 ], [ -38.286249, -4.8917888 ], [ -38.2852578, -4.8903034 ], [ -38.2806505, -4.8906642 ], [ -38.2713605, -4.8874365 ], [ -38.2690691, -4.8845443 ], [ -38.2614663, -4.8837611 ], [ -38.2133382, -4.9742023 ], [ -38.2375834, -4.9695989 ], [ -38.2443788, -4.9633814 ], [ -38.2528169, -4.9589648 ], [ -38.2506111, -4.9746781 ], [ -38.259228, -4.9888008 ], [ -38.2565277, -4.9969229 ], [ -38.2570451, -5.002435 ], [ -38.2638524, -5.0074291 ], [ -38.2605091, -5.0175082 ], [ -38.2671277, -5.0362355 ], [ -38.2548214, -5.0301661 ], [ -38.2522762, -5.0379826 ], [ -38.2539199, -5.0429931 ], [ -38.2535776, -5.050556 ], [ -38.2496395, -5.051169 ], [ -38.2478165, -5.0479053 ], [ -38.2381299, -5.0451063 ], [ -38.2381138, -5.0505569 ], [ -38.2335441, -5.0515523 ], [ -38.2345511, -5.0562665 ], [ -38.2302495, -5.0560506 ], [ -38.2294967, -5.0651665 ], [ -38.2327627, -5.0752277 ], [ -38.2321333, -5.0818974 ], [ -38.2336495, -5.0886101 ], [ -38.2268175, -5.090451 ] ] ] } },
{ "type": "Feature", "properties": { "CD_MUN": "2303907", "NM_MUN": "Chaval", "CD_RGI": "230018", "NM_RGI": "Camocim", "CD_RGINT": "2306", "NM_RGINT": "Sobral", "CD_UF": "23", "NM_UF": "Ceará", "SIGLA_UF": "CE", "CD_REGIA": "2", "NM_REGIA": "Nordeste", "SIGLA_RG": "NE", "CD_CONCU": null, "NM_CONCU": null, "AREA_KM2": 237.24, "mun_upp": "CHAVAL", "has_qualif": 1, "municipio": "Chaval", "REGIÃO DE PLANEJAMENTO": "Litoral Norte", "auxiliary_storage_labeling_positionx": -41.251366513060148, "auxiliary_storage_labeling_positiony": -3.092679397190008, "auxiliary_storage_labeling_lineanchorpercent": null, "auxiliary_storage_labeling_lineanchorclipping": null, "auxiliary_storage_labeling_lineanchortype": null, "auxiliary_storage_labeling_lineanchortextpoint": null, "auxiliary_storage_callouts_originx": null, "auxiliary_storage_callouts_originy": null, "auxiliary_storage_callouts_destinationx": null, "auxiliary_storage_callouts_destinationy": null }, "geometry": { "type": "Polygon", "coordinates": [ [ [ -41.2560363, -3.0880181 ], [ -41.255035, -3.0786638 ], [ -41.2577808, -3.0759918 ], [ -41.2559495, -3.0713804 ], [ -41.2605032, -3.067362 ], [ -41.2584649, -3.0586328 ], [ -41.2607533, -3.0554861 ], [ -41.2613493, -3.0500598 ], [ -41.2600293, -3.0469545 ], [ -41.2567547, -3.045154 ], [ -41.2525524, -3.0356505 ], [ -41.2550132, -3.0315013 ], [ -41.2517967, -3.0295835 ], [ -41.2491684, -3.0308518 ], [ -41.2479121, -3.0269342 ], [ -41.2548446, -3.0212887 ], [ -41.2579529, -3.0027745 ], [ -41.2704867, -2.9806274 ], [ -41.2706947, -2.9717489 ], [ -41.247878, -2.972052 ], [ -41.193452, -2.9983874 ], [ -41.1886835, -3.0208128 ], [ -41.1860011, -3.0216727 ], [ -41.1861109, -3.0301615 ], [ -41.1892208, -3.0442028 ], [ -41.1839742, -3.0441998 ], [ -41.1805902, -3.0417004 ], [ -41.1801891, -3.0475472 ], [ -41.1684146, -3.0537351 ], [ -41.157618, -3.070961 ], [ -41.1593751, -3.0740604 ], [ -41.1686395, -3.0795731 ], [ -41.1717553, -3.0859035 ], [ -41.1688988, -3.0898918 ], [ -41.1703198, -3.0973641 ], [ -41.1679172, -3.1027603 ], [ -41.168399, -3.1060222 ], [ -41.1620787, -3.1134862 ], [ -41.1587107, -3.1224177 ], [ -41.1544358, -3.1227352 ], [ -41.1511225, -3.1251171 ], [ -41.2374287, -3.1795118 ], [ -41.3221708, -3.1786426 ], [ -41.3261357, -3.175806 ], [ -41.3247219, -3.171634 ], [ -41.3274802, -3.1594768 ], [ -41.3233815, -3.1568633 ], [ -41.3188799, -3.1495605 ], [ -41.3188243, -3.1448185 ], [ -41.3145059, -3.1414505 ], [ -41.311132, -3.135762 ], [ -41.2991511, -3.1279563 ], [ -41.2974818, -3.1234696 ], [ -41.2937292, -3.1224034 ], [ -41.2932348, -3.1171818 ], [ -41.2895396, -3.1176078 ], [ -41.2876343, -3.1142973 ], [ -41.2851365, -3.1136944 ], [ -41.2856113, -3.1102566 ], [ -41.2834598, -3.1082677 ], [ -41.2850581, -3.1015073 ], [ -41.2714547, -3.1000814 ], [ -41.2679211, -3.0968504 ], [ -41.2675025, -3.0928897 ], [ -41.2560363, -3.0880181 ] ] ] } },
{ "type": "Feature", "properties": { "CD_MUN": "2310704", "NM_MUN": "Pentecoste", "CD_RGI": "230005", "NM_RGI": "Itapagé", "CD_RGINT": "2301", "NM_RGINT": "Fortaleza", "CD_UF": "23", "NM_UF": "Ceará", "SIGLA_UF": "CE", "CD_REGIA": "2", "NM_REGIA": "Nordeste", "SIGLA_RG": "NE", "CD_CONCU": null, "NM_CONCU": null, "AREA_KM2": 1379.836, "mun_upp": "PENTECOSTE", "has_qualif": 1, "municipio": "Pentecoste", "REGIÃO DE PLANEJAMENTO": "Litoral Oeste / Vale do Curu", "auxiliary_storage_labeling_positionx": null, "auxiliary_storage_labeling_positiony": null, "auxiliary_storage_labeling_lineanchorpercent": null, "auxiliary_storage_labeling_lineanchorclipping": null, "auxiliary_storage_labeling_lineanchortype": null, "auxiliary_storage_labeling_lineanchortextpoint": null, "auxiliary_storage_callouts_originx": null, "auxiliary_storage_callouts_originy": null, "auxiliary_storage_callouts_destinationx": null, "auxiliary_storage_callouts_destinationy": null }, "geometry": { "type": "Polygon", "coordinates": [ [ [ -39.2521451, -3.8997463 ], [ -39.2688122, -3.9151672 ], [ -39.2795897, -3.9167818 ], [ -39.2873359, -3.9214306 ], [ -39.2904783, -3.919397 ], [ -39.2939369, -3.9197767 ], [ -39.3087407, -3.9363837 ], [ -39.3419201, -3.8578061 ], [ -39.3487947, -3.8357655 ], [ -39.3488785, -3.8387979 ], [ -39.3542064, -3.8444171 ], [ -39.4147735, -3.8298594 ], [ -39.4164712, -3.8247475 ], [ -39.4238275, -3.8250383 ], [ -39.4302201, -3.7991842 ], [ -39.4293822, -3.7962118 ], [ -39.4357564, -3.7915483 ], [ -39.4350821, -3.786838 ], [ -39.4322981, -3.7847285 ], [ -39.423073, -3.7860525 ], [ -39.4200978, -3.7831051 ], [ -39.4153133, -3.7837584 ], [ -39.3975277, -3.7759074 ], [ -39.3965739, -3.7742921 ], [ -39.3979713, -3.7688161 ], [ -39.3954377, -3.7646284 ], [ -39.3809913, -3.7630491 ], [ -39.3742928, -3.7676286 ], [ -39.3669656, -3.7674522 ], [ -39.3631506, -3.7614099 ], [ -39.3610615, -3.7512977 ], [ -39.3551708, -3.7418722 ], [ -39.3558868, -3.7394993 ], [ -39.3506919, -3.7382376 ], [ -39.3516429, -3.7329999 ], [ -39.3481931, -3.7339396 ], [ -39.3447646, -3.7407868 ], [ -39.3388091, -3.7443891 ], [ -39.3298294, -3.7404095 ], [ -39.3224874, -3.7317378 ], [ -39.3100787, -3.7335039 ], [ -39.2980523, -3.7383145 ], [ -39.2860302, -3.738942 ], [ -39.2767243, -3.7370584 ], [ -39.2136206, -3.6929319 ], [ -39.1433258, -3.7039421 ], [ -39.0015375, -3.6849674 ], [ -38.9601647, -3.7123984 ], [ -38.9608792, -3.7203406 ], [ -38.9577196, -3.7217336 ], [ -38.9549462, -3.7194929 ], [ -38.9516864, -3.7234854 ], [ -38.9515147, -3.7270328 ], [ -38.9556176, -3.7306379 ], [ -38.9545596, -3.73239 ], [ -38.9568229, -3.7386663 ], [ -38.9552974, -3.7490835 ], [ -38.957718, -3.7562455 ], [ -38.9576797, -3.7594051 ], [ -38.9557734, -3.7606115 ], [ -38.9570883, -3.7683479 ], [ -38.9784695, -3.7787411 ], [ -38.9828157, -3.7903457 ], [ -38.9833871, -3.8161399 ], [ -38.9881339, -3.8247572 ], [ -38.9944938, -3.8307696 ], [ -38.9965194, -3.8307696 ], [ -38.9993436, -3.8353851 ], [ -38.998116, -3.8396979 ], [ -38.9996411, -3.8452991 ], [ -38.9926825, -3.8565493 ], [ -38.9913364, -3.8544578 ], [ -38.9883897, -3.8569131 ], [ -38.9879162, -3.8602594 ], [ -38.9859028, -3.8594557 ], [ -38.9844845, -3.8618153 ], [ -38.9843874, -3.8644955 ], [ -38.9862973, -3.863738 ], [ -38.98821, -3.8693286 ], [ -38.985132, -3.8720744 ], [ -38.9868436, -3.8733288 ], [ -38.9839007, -3.8753688 ], [ -38.9849846, -3.8776374 ], [ -38.981529, -3.8780203 ], [ -38.9817196, -3.8824965 ], [ -38.9782166, -3.8843425 ], [ -38.9788835, -3.8876428 ], [ -38.9774059, -3.8889593 ], [ -38.9803809, -3.894059 ], [ -38.9742893, -3.8977547 ], [ -38.9719252, -3.8969503 ], [ -38.9702086, -3.8983093 ], [ -38.9687222, -3.8966917 ], [ -38.9635168, -3.9054619 ], [ -38.9610764, -3.9058543 ], [ -38.9619304, -3.9077789 ], [ -38.958155, -3.9144426 ], [ -38.9609826, -3.9173707 ], [ -38.9624541, -3.9232132 ], [ -38.9540168, -3.9301257 ], [ -38.9546943, -3.9337539 ], [ -38.9478278, -3.9363674 ], [ -38.9469435, -3.9424794 ], [ -38.9434661, -3.9446729 ], [ -39.0035461, -3.9917706 ], [ -39.0277519, -4.0631345 ], [ -39.0638732, -4.0664676 ], [ -39.2036807, -4.046781 ], [ -39.192265, -4.030058 ], [ -39.1936904, -4.0226811 ], [ -39.1923551, -4.0116741 ], [ -39.187404, -4.0073266 ], [ -39.1854329, -4.0016568 ], [ -39.1917392, -3.9922761 ], [ -39.1883159, -3.9848842 ], [ -39.1845116, -3.9821139 ], [ -39.1825386, -3.9779735 ], [ -39.1846544, -3.9753437 ], [ -39.1914459, -3.9721021 ], [ -39.193839, -3.9671049 ], [ -39.1926489, -3.9608381 ], [ -39.1854312, -3.9543274 ], [ -39.1940938, -3.9553748 ], [ -39.2144969, -3.9454341 ], [ -39.2312982, -3.9184193 ], [ -39.2415471, -3.8985861 ], [ -39.2453571, -3.8975054 ], [ -39.2521451, -3.8997463 ] ] ] } },
{ "type": "Feature", "properties": { "CD_MUN": "2302602", "NM_MUN": "Camocim", "CD_RGI": "230018", "NM_RGI": "Camocim", "CD_RGINT": "2306", "NM_RGINT": "Sobral", "CD_UF": "23", "NM_UF": "Ceará", "SIGLA_UF": "CE", "CD_REGIA": "2", "NM_REGIA": "Nordeste", "SIGLA_RG": "NE", "CD_CONCU": null, "NM_CONCU": null, "AREA_KM2": 1120.449, "mun_upp": "CAMOCIM", "has_qualif": 1, "municipio": "Camocim", "REGIÃO DE PLANEJAMENTO": "Litoral Norte", "auxiliary_storage_labeling_positionx": null, "auxiliary_storage_labeling_positiony": null, "auxiliary_storage_labeling_lineanchorpercent": null, "auxiliary_storage_labeling_lineanchorclipping": null, "auxiliary_storage_labeling_lineanchortype": null, "auxiliary_storage_labeling_lineanchortextpoint": null, "auxiliary_storage_callouts_originx": null, "auxiliary_storage_callouts_originy": null, "auxiliary_storage_callouts_destinationx": null, "auxiliary_storage_callouts_destinationy": null }, "geometry": { "type": "Polygon", "coordinates": [ [ [ -40.8458965, -2.8845372 ], [ -40.8442785, -2.8856157 ], [ -40.8411205, -2.8816986 ], [ -40.8338432, -2.8783189 ], [ -40.8172789, -2.8768725 ], [ -40.8017627, -2.8726713 ], [ -40.789863, -2.8659525 ], [ -40.7743912, -2.852787 ], [ -40.7587106, -2.8485589 ], [ -40.7339512, -2.8511238 ], [ -40.7185481, -2.8489869 ], [ -40.7057433, -2.8493818 ], [ -40.6991411, -2.8464318 ], [ -40.6904207, -2.8470304 ], [ -40.6907717, -2.8513294 ], [ -40.6857226, -2.8464364 ], [ -40.6702384, -2.8434164 ], [ -40.6550949, -2.8483017 ], [ -40.6433173, -2.849247 ], [ -40.6281684, -2.8461439 ], [ -40.6186349, -2.8458663 ], [ -40.6174691, -2.8451429 ], [ -40.6207619, -2.8452093 ], [ -40.6111235, -2.8412372 ], [ -40.6080637, -2.8423932 ], [ -40.6031393, -2.8482853 ], [ -40.5922525, -2.8463806 ], [ -40.5875185, -2.8477252 ], [ -40.5831034, -2.8469997 ], [ -40.5808293, -2.8509318 ], [ -40.5744194, -2.8555366 ], [ -40.573529, -2.8686418 ], [ -40.5627393, -2.8815078 ], [ -40.559139, -2.8830782 ], [ -40.5386149, -2.8844262 ], [ -40.5279568, -2.8895908 ], [ -40.5306742, -2.8990706 ], [ -40.5333608, -2.9027907 ], [ -40.5319918, -2.9076644 ], [ -40.5342809, -2.9161743 ], [ -40.5325341, -2.9188064 ], [ -40.5279875, -2.9206441 ], [ -40.5247302, -2.9276575 ], [ -40.5299411, -2.9428244 ], [ -40.5275555, -2.9472377 ], [ -40.5234277, -2.950272 ], [ -40.5211784, -2.9501728 ], [ -40.5180244, -2.9541091 ], [ -40.5119172, -2.9543693 ], [ -40.4950246, -3.062025 ], [ -40.5047286, -3.0576734 ], [ -40.5063323, -3.0546463 ], [ -40.5153427, -3.050935 ], [ -40.5163911, -3.0485558 ], [ -40.5191706, -3.0473709 ], [ -40.5196666, -3.044796 ], [ -40.5249618, -3.0420647 ], [ -40.5265103, -3.037588 ], [ -40.5314043, -3.0340107 ], [ -40.5352442, -3.0337649 ], [ -40.5368129, -3.0317514 ], [ -40.5412898, -3.0320119 ], [ -40.5460883, -3.0286795 ], [ -40.5587661, -3.0255048 ], [ -40.562646, -3.0227343 ], [ -40.5635847, -3.0163528 ], [ -40.6917775, -3.0085358 ], [ -40.8388492, -3.0362637 ], [ -40.8799273, -3.0107798 ], [ -40.9918486, -3.0301573 ], [ -41.1014882, -3.0938361 ], [ -41.1036903, -3.0919132 ], [ -41.1093291, -3.0807696 ], [ -41.1118649, -3.0797401 ], [ -41.112973, -3.0756344 ], [ -41.1168368, -3.0723068 ], [ -41.1195762, -3.064988 ], [ -41.1153763, -3.0596594 ], [ -41.107989, -3.0555771 ], [ -41.1032698, -3.0509402 ], [ -41.1027615, -3.0473884 ], [ -41.0990343, -3.0429789 ], [ -41.1001307, -3.0415314 ], [ -41.098391, -3.037225 ], [ -41.1005573, -3.0356992 ], [ -41.1004755, -3.0295733 ], [ -41.0944745, -3.0258557 ], [ -41.0914686, -3.0262393 ], [ -41.088286, -3.0230759 ], [ -41.0857782, -3.023186 ], [ -41.0817177, -3.0194569 ], [ -41.0833384, -3.0125834 ], [ -41.0774386, -3.0108707 ], [ -41.0770988, -3.0073262 ], [ -41.0787694, -3.0045508 ], [ -41.0760588, -3.0034577 ], [ -41.0749723, -3.0001778 ], [ -41.0710984, -2.9966942 ], [ -41.0718649, -2.9944867 ], [ -41.0735484, -2.9971138 ], [ -41.0759583, -2.9958139 ], [ -41.0751237, -2.9895564 ], [ -41.0774071, -2.9874992 ], [ -41.0747954, -2.9761463 ], [ -41.070734, -2.9709167 ], [ -41.0696136, -2.9650027 ], [ -41.0646646, -2.9623336 ], [ -41.0762263, -2.944787 ], [ -41.0753355, -2.9423701 ], [ -41.0696567, -2.9426535 ], [ -41.0663065, -2.9404958 ], [ -41.0672809, -2.9314745 ], [ -41.0696215, -2.928474 ], [ -41.0759375, -2.9296393 ], [ -41.078569, -2.9207679 ], [ -41.0834826, -2.9167388 ], [ -41.0864291, -2.9077851 ], [ -41.0996816, -2.9028137 ], [ -41.1058994, -2.8961864 ], [ -41.108548, -2.8903758 ], [ -41.1022348, -2.8922534 ], [ -41.0954865, -2.8908895 ], [ -41.0865549, -2.894304 ], [ -41.0690787, -2.8952051 ], [ -41.0461567, -2.8941205 ], [ -41.03466, -2.8915503 ], [ -41.0160625, -2.8922596 ], [ -41.002405, -2.8897412 ], [ -40.9997107, -2.8867687 ], [ -40.9927987, -2.8836962 ], [ -40.9813752, -2.8847571 ], [ -40.9662171, -2.8817238 ], [ -40.9596844, -2.8787387 ], [ -40.9554683, -2.8720289 ], [ -40.9310187, -2.8744606 ], [ -40.9145106, -2.87288 ], [ -40.9072801, -2.8678457 ], [ -40.907216, -2.8600778 ], [ -40.9058288, -2.8589397 ], [ -40.898209, -2.8621292 ], [ -40.8896931, -2.8625144 ], [ -40.8835286, -2.8605575 ], [ -40.8774851, -2.8606823 ], [ -40.8756268, -2.8591925 ], [ -40.8764259, -2.8605977 ], [ -40.8672704, -2.8623655 ], [ -40.8648924, -2.8617141 ], [ -40.8642722, -2.8576027 ], [ -40.8634531, -2.8561783 ], [ -40.858076, -2.8614827 ], [ -40.8579595, -2.8655605 ], [ -40.855177, -2.8654968 ], [ -40.8552881, -2.8682238 ], [ -40.8535759, -2.8681526 ], [ -40.8556543, -2.8688709 ], [ -40.8529444, -2.8702491 ], [ -40.8525789, -2.8748539 ], [ -40.8501329, -2.8740297 ], [ -40.8512111, -2.8760839 ], [ -40.8474573, -2.878847 ], [ -40.8458965, -2.8845372 ] ] ] } },
{ "type": "Feature", "properties": { "CD_MUN": "2303956", "NM_MUN": "Chorozinho", "CD_RGI": "230001", "NM_RGI": "Fortaleza", "CD_RGINT": "2301", "NM_RGINT": "Fortaleza", "CD_UF": "23", "NM_UF": "Ceará", "SIGLA_UF": "CE", "CD_REGIA": "2", "NM_REGIA": "Nordeste", "SIGLA_RG": "NE", "CD_CONCU": null, "NM_CONCU": null, "AREA_KM2": 296.431, "mun_upp": "CHOROZINHO", "has_qualif": 1, "municipio": "Chorozinho", "REGIÃO DE PLANEJAMENTO": "Grande Fortaleza", "auxiliary_storage_labeling_positionx": null, "auxiliary_storage_labeling_positiony": null, "auxiliary_storage_labeling_lineanchorpercent": null, "auxiliary_storage_labeling_lineanchorclipping": null, "auxiliary_storage_labeling_lineanchortype": null, "auxiliary_storage_labeling_lineanchortextpoint": null, "auxiliary_storage_callouts_originx": null, "auxiliary_storage_callouts_originy": null, "auxiliary_storage_callouts_destinationx": null, "auxiliary_storage_callouts_destinationy": null }, "geometry": { "type": "Polygon", "coordinates": [ [ [ -38.5343856, -4.3673634 ], [ -38.5484115, -4.3230636 ], [ -38.5539364, -4.2833289 ], [ -38.5478204, -4.2715208 ], [ -38.5672293, -4.2500088 ], [ -38.570474, -4.2354845 ], [ -38.5680908, -4.2328549 ], [ -38.5647204, -4.2322939 ], [ -38.5527899, -4.2353047 ], [ -38.5407535, -4.231342 ], [ -38.5314559, -4.2325921 ], [ -38.5246938, -4.225892 ], [ -38.504462, -4.2314024 ], [ -38.4951402, -4.2313078 ], [ -38.4645896, -4.2454331 ], [ -38.4473606, -4.240266 ], [ -38.4443095, -4.2298435 ], [ -38.437443, -4.2316678 ], [ -38.4223195, -4.2290673 ], [ -38.4177288, -4.229911 ], [ -38.3800035, -4.2192322 ], [ -38.3842914, -4.23384 ], [ -38.359625, -4.2667286 ], [ -38.3625909, -4.2683854 ], [ -38.3645235, -4.2666206 ], [ -38.3897762, -4.2634902 ], [ -38.3853724, -4.3379279 ], [ -38.3835605, -4.3376392 ], [ -38.3799247, -4.3450156 ], [ -38.380428, -4.3509651 ], [ -38.3861576, -4.3497944 ], [ -38.3868246, -4.3517509 ], [ -38.3931015, -4.3527797 ], [ -38.3973284, -4.3510696 ], [ -38.4005518, -4.3571945 ], [ -38.4103941, -4.3600612 ], [ -38.4151324, -4.3602412 ], [ -38.4237196, -4.3561908 ], [ -38.4294377, -4.3569339 ], [ -38.4474702, -4.3714825 ], [ -38.4368197, -4.3838672 ], [ -38.4390857, -4.4065755 ], [ -38.4433967, -4.4090827 ], [ -38.4621668, -4.395916 ], [ -38.4687007, -4.3954585 ], [ -38.4716876, -4.3904608 ], [ -38.4861831, -4.3877087 ], [ -38.4874119, -4.390151 ], [ -38.4940945, -4.3887928 ], [ -38.5046837, -4.3792377 ], [ -38.5200217, -4.3769905 ], [ -38.5312207, -4.3713585 ], [ -38.5343856, -4.3673634 ] ] ] } },
{ "type": "Feature", "properties": { "CD_MUN": "2309201", "NM_MUN": "Nova Olinda", "CD_RGI": "230011", "NM_RGI": "Juazeiro do Norte", "CD_RGINT": "2304", "NM_RGINT": "Juazeiro do Norte", "CD_UF": "23", "NM_UF": "Ceará", "SIGLA_UF": "CE", "CD_REGIA": "2", "NM_REGIA": "Nordeste", "SIGLA_RG": "NE", "CD_CONCU": null, "NM_CONCU": null, "AREA_KM2": 282.584, "mun_upp": "NOVA OLINDA", "has_qualif": 1, "municipio": "Nova Olinda", "REGIÃO DE PLANEJAMENTO": "Cariri", "auxiliary_storage_labeling_positionx": null, "auxiliary_storage_labeling_positiony": null, "auxiliary_storage_labeling_lineanchorpercent": null, "auxiliary_storage_labeling_lineanchorclipping": null, "auxiliary_storage_labeling_lineanchortype": null, "auxiliary_storage_labeling_lineanchortextpoint": null, "auxiliary_storage_callouts_originx": null, "auxiliary_storage_callouts_originy": null, "auxiliary_storage_callouts_destinationx": null, "auxiliary_storage_callouts_destinationy": null }, "geometry": { "type": "Polygon", "coordinates": [ [ [ -39.6271058, -7.1947496 ], [ -39.6932078, -7.170375 ], [ -39.6994306, -7.1616363 ], [ -39.7030867, -7.1590401 ], [ -39.7065638, -7.1466734 ], [ -39.7447254, -7.0904272 ], [ -39.7465237, -7.0812966 ], [ -39.7497196, -7.0795016 ], [ -39.7454665, -7.0704379 ], [ -39.7480614, -7.0700567 ], [ -39.7486672, -7.0663608 ], [ -39.7546916, -7.0597996 ], [ -39.7546111, -7.0541639 ], [ -39.757413, -7.0450243 ], [ -39.7474521, -7.0224802 ], [ -39.7590667, -7.0133439 ], [ -39.7165684, -7.0022183 ], [ -39.6910355, -7.0160128 ], [ -39.6806289, -7.0161477 ], [ -39.6752909, -7.0232943 ], [ -39.6590103, -7.0210705 ], [ -39.6564146, -7.0191484 ], [ -39.6512308, -7.0206536 ], [ -39.6439447, -7.0195402 ], [ -39.6438822, -7.0148864 ], [ -39.6378694, -7.014038 ], [ -39.6336766, -7.0159694 ], [ -39.6286548, -7.0147994 ], [ -39.6323937, -7.0226553 ], [ -39.5796875, -7.0437943 ], [ -39.5797478, -7.0453741 ], [ -39.583365, -7.0477852 ], [ -39.5776864, -7.0530674 ], [ -39.5809341, -7.0553638 ], [ -39.577465, -7.074524 ], [ -39.583743, -7.0761915 ], [ -39.5864912, -7.0737421 ], [ -39.5897609, -7.0752218 ], [ -39.5937666, -7.0806056 ], [ -39.5967432, -7.0816867 ], [ -39.5994946, -7.0800773 ], [ -39.5998015, -7.209633 ], [ -39.6071586, -7.2101292 ], [ -39.6271058, -7.1947496 ] ] ] } },
{ "type": "Feature", "properties": { "CD_MUN": "2303931", "NM_MUN": "Choró", "CD_RGI": "230006", "NM_RGI": "Quixadá", "CD_RGINT": "2302", "NM_RGINT": "Quixadá", "CD_UF": "23", "NM_UF": "Ceará", "SIGLA_UF": "CE", "CD_REGIA": "2", "NM_REGIA": "Nordeste", "SIGLA_RG": "NE", "CD_CONCU": null, "NM_CONCU": null, "AREA_KM2": 815.268, "mun_upp": "CHORÓ", "has_qualif": 1, "municipio": "Choró", "REGIÃO DE PLANEJAMENTO": "Sertão Central", "auxiliary_storage_labeling_positionx": null, "auxiliary_storage_labeling_positiony": null, "auxiliary_storage_labeling_lineanchorpercent": null, "auxiliary_storage_labeling_lineanchorclipping": null, "auxiliary_storage_labeling_lineanchortype": null, "auxiliary_storage_labeling_lineanchortextpoint": null, "auxiliary_storage_callouts_originx": null, "auxiliary_storage_callouts_originy": null, "auxiliary_storage_callouts_destinationx": null, "auxiliary_storage_callouts_destinationy": null }, "geometry": { "type": "Polygon", "coordinates": [ [ [ -39.242134, -4.6444056 ], [ -39.2379044, -4.643664 ], [ -39.234844, -4.6497418 ], [ -39.2304319, -4.6529192 ], [ -39.2210268, -4.6525213 ], [ -39.2189787, -4.6540538 ], [ -39.2131243, -4.6512566 ], [ -39.2044712, -4.6527627 ], [ -39.2020449, -4.6457606 ], [ -39.1989017, -4.6447442 ], [ -39.1947314, -4.6498542 ], [ -39.1883386, -4.6511844 ], [ -39.1814203, -4.6503889 ], [ -39.1809801, -4.6547318 ], [ -39.1781444, -4.6552113 ], [ -39.1714605, -4.6493262 ], [ -39.1700457, -4.6436268 ], [ -39.1610872, -4.6395642 ], [ -39.1600843, -4.6355238 ], [ -39.1459018, -4.6315998 ], [ -39.1403796, -4.6326811 ], [ -39.1383096, -4.6295129 ], [ -39.1353697, -4.630456 ], [ -39.1200918, -4.6253613 ], [ -39.1183985, -4.6273064 ], [ -39.1191212, -4.6338647 ], [ -39.113391, -4.6398691 ], [ -39.1127236, -4.6432098 ], [ -39.1044514, -4.6401847 ], [ -39.100962, -4.6361265 ], [ -39.0955718, -4.6439289 ], [ -39.0891959, -4.6389555 ], [ -39.0784432, -4.6386157 ], [ -39.0730829, -4.6491781 ], [ -39.064549, -4.6540036 ], [ -39.0552748, -4.6488506 ], [ -39.0480102, -4.639902 ], [ -39.0392315, -4.6395091 ], [ -39.0321945, -4.6438554 ], [ -39.0287713, -4.6440889 ], [ -39.0262068, -4.643718 ], [ -39.025163, -4.6398613 ], [ -39.0202907, -4.6426785 ], [ -39.0128896, -4.6426053 ], [ -39.0065561, -4.6507961 ], [ -39.0002941, -4.6495574 ], [ -38.9970855, -4.6464188 ], [ -38.9940678, -4.6465863 ], [ -38.9919446, -4.6531283 ], [ -38.984627, -4.6534184 ], [ -38.9767723, -4.6603462 ], [ -38.9780737, -4.6678658 ], [ -38.9812687, -4.667964 ], [ -38.9841763, -4.6650364 ], [ -38.9887022, -4.6670565 ], [ -38.9924881, -4.6663456 ], [ -38.996725, -4.6678824 ], [ -38.9995519, -4.673706 ], [ -39.0015487, -4.6720616 ], [ -39.0030495, -4.6668338 ], [ -39.0075951, -4.6657957 ], [ -39.0116376, -4.6668241 ], [ -39.0145999, -4.6648224 ], [ -39.0187085, -4.6660867 ], [ -39.0199586, -4.6644111 ], [ -39.0228594, -4.6643153 ], [ -39.0250638, -4.6670727 ], [ -39.0293197, -4.6657991 ], [ -39.0349021, -4.6678286 ], [ -39.0351354, -4.6725175 ], [ -39.0381374, -4.6752391 ], [ -39.0375938, -4.6818838 ], [ -39.0405332, -4.6858666 ], [ -39.041631, -4.6922527 ], [ -39.044389, -4.6949142 ], [ -39.0423947, -4.6967622 ], [ -39.0430533, -4.7001515 ], [ -39.0406965, -4.7040197 ], [ -39.0427197, -4.7067483 ], [ -39.0405537, -4.7109899 ], [ -39.0424771, -4.7136686 ], [ -39.0421006, -4.7158256 ], [ -39.0444492, -4.7170387 ], [ -39.0474345, -4.7148576 ], [ -39.0505129, -4.7180566 ], [ -39.0510414, -4.716188 ], [ -39.0543477, -4.7163295 ], [ -39.0538045, -4.7183665 ], [ -39.0568346, -4.7196469 ], [ -39.0565962, -4.7218281 ], [ -39.0587674, -4.7236859 ], [ -39.0658446, -4.7264409 ], [ -39.0691727, -4.725184 ], [ -39.072671, -4.7263206 ], [ -39.0739508, -4.7306753 ], [ -39.0865738, -4.7403984 ], [ -39.1041273, -4.7618331 ], [ -39.091082, -4.762437 ], [ -39.0889022, -4.7656149 ], [ -39.0857525, -4.7632815 ], [ -39.0831027, -4.7644577 ], [ -39.0809155, -4.7680454 ], [ -39.0774797, -4.7672738 ], [ -39.0742176, -4.7734736 ], [ -39.0744082, -4.7712819 ], [ -39.0716464, -4.7712045 ], [ -39.0695405, -4.7674901 ], [ -39.0707094, -4.7655721 ], [ -39.0669306, -4.7647467 ], [ -39.0664238, -4.7670655 ], [ -39.0634325, -4.7681729 ], [ -39.0609941, -4.7659276 ], [ -39.0578463, -4.7675675 ], [ -39.057196, -4.7658681 ], [ -39.0557737, -4.7703532 ], [ -39.0472082, -4.7710495 ], [ -39.0426246, -4.7790669 ], [ -39.0388686, -4.7816685 ], [ -39.0459513, -4.7823554 ], [ -39.0499154, -4.7869988 ], [ -39.0554227, -4.7874711 ], [ -39.0562163, -4.7909268 ], [ -39.0599896, -4.7949896 ], [ -39.0590651, -4.796396 ], [ -39.0665558, -4.7993747 ], [ -39.0677108, -4.8030763 ], [ -39.0656052, -4.8049705 ], [ -39.0697975, -4.8074669 ], [ -39.0655317, -4.8119033 ], [ -39.0707128, -4.814253 ], [ -39.0703376, -4.8207457 ], [ -39.0728072, -4.8202847 ], [ -39.0780646, -4.8243174 ], [ -39.0810218, -4.8228135 ], [ -39.0814335, -4.8240282 ], [ -39.0834258, -4.8228072 ], [ -39.0853894, -4.824252 ], [ -39.0833334, -4.8263614 ], [ -39.0776838, -4.8268438 ], [ -39.0775231, -4.8367197 ], [ -39.0807253, -4.840849 ], [ -39.0866536, -4.8343931 ], [ -39.0898192, -4.8354007 ], [ -39.0879143, -4.8345587 ], [ -39.0880484, -4.8322382 ], [ -39.0960472, -4.8331527 ], [ -39.0982498, -4.8348929 ], [ -39.1013529, -4.8339543 ], [ -39.1010078, -4.835685 ], [ -39.1032491, -4.8371611 ], [ -39.1001061, -4.8368051 ], [ -39.1029145, -4.8427394 ], [ -39.1053648, -4.8422812 ], [ -39.1053746, -4.8468806 ], [ -39.1087606, -4.8433717 ], [ -39.1130202, -4.8436071 ], [ -39.1107487, -4.8406049 ], [ -39.1126485, -4.837735 ], [ -39.1154285, -4.8400731 ], [ -39.1180969, -4.8388396 ], [ -39.1211843, -4.8405995 ], [ -39.1234544, -4.8458398 ], [ -39.1220382, -4.8496659 ], [ -39.1236343, -4.8520493 ], [ -39.1236836, -4.8571554 ], [ -39.1202473, -4.8564205 ], [ -39.1205502, -4.8625818 ], [ -39.1279619, -4.8665859 ], [ -39.1264591, -4.8699821 ], [ -39.1340081, -4.8740303 ], [ -39.1350771, -4.8798166 ], [ -39.1408538, -4.8810556 ], [ -39.1435491, -4.8903314 ], [ -39.1526852, -4.9042306 ], [ -39.1626531, -4.9065649 ], [ -39.1632995, -4.9116992 ], [ -39.1683523, -4.9167126 ], [ -39.1660278, -4.9253875 ], [ -39.1730359, -4.9306899 ], [ -39.1768909, -4.9391723 ], [ -39.1799314, -4.9415588 ], [ -39.1843022, -4.9422601 ], [ -39.1831982, -4.9470024 ], [ -39.1857391, -4.9575865 ], [ -39.1989274, -4.966079 ], [ -39.2011402, -4.9651035 ], [ -39.2046647, -4.9594805 ], [ -39.2151738, -4.9568267 ], [ -39.2188121, -4.9574442 ], [ -39.2207419, -4.9607143 ], [ -39.2249775, -4.9612602 ], [ -39.2266593, -4.9579302 ], [ -39.2242165, -4.9536127 ], [ -39.224329, -4.9504327 ], [ -39.2299688, -4.9492568 ], [ -39.2331083, -4.9448614 ], [ -39.2429242, -4.9400585 ], [ -39.2447011, -4.9346238 ], [ -39.2499969, -4.9275059 ], [ -39.2494735, -4.9242531 ], [ -39.2534958, -4.9190517 ], [ -39.2591577, -4.9183365 ], [ -39.2614526, -4.9141873 ], [ -39.2723321, -4.9086633 ], [ -39.2741205, -4.9057708 ], [ -39.273639, -4.9017176 ], [ -39.2854005, -4.8931461 ], [ -39.2835608, -4.8850556 ], [ -39.2860933, -4.8802377 ], [ -39.3000809, -4.8801769 ], [ -39.3017519, -4.8748242 ], [ -39.3012901, -4.872562 ], [ -39.2982333, -4.8703009 ], [ -39.3006795, -4.8630505 ], [ -39.2967473, -4.8550486 ], [ -39.3019365, -4.853684 ], [ -39.3038743, -4.8485989 ], [ -39.306614, -4.8470164 ], [ -39.3037409, -4.8435461 ], [ -39.3121631, -4.8378912 ], [ -39.3191966, -4.8394935 ], [ -39.3238025, -4.835599 ], [ -39.3335995, -4.8351321 ], [ -39.331076, -4.8321411 ], [ -39.3424084, -4.8129689 ], [ -39.3415368, -4.8060498 ], [ -39.3434769, -4.8001197 ], [ -39.3385676, -4.7945178 ], [ -39.3410459, -4.7915553 ], [ -39.3465632, -4.7900227 ], [ -39.346981, -4.7839525 ], [ -39.3450619, -4.7784574 ], [ -39.3462052, -4.7762584 ], [ -39.3420146, -4.7741056 ], [ -39.3424435, -4.7707793 ], [ -39.3301959, -4.7640952 ], [ -39.3208138, -4.757167 ], [ -39.3174332, -4.7525059 ], [ -39.3132446, -4.7545854 ], [ -39.3034414, -4.749975 ], [ -39.3026179, -4.7441849 ], [ -39.298759, -4.741784 ], [ -39.2976056, -4.73751 ], [ -39.2907539, -4.7384449 ], [ -39.2911021, -4.7357959 ], [ -39.2967054, -4.7291503 ], [ -39.2970276, -4.7256956 ], [ -39.3008537, -4.7222182 ], [ -39.3066656, -4.7242338 ], [ -39.309964, -4.7278763 ], [ -39.3130094, -4.7282674 ], [ -39.3168642, -4.7268361 ], [ -39.3144876, -4.7227167 ], [ -39.3186507, -4.7233595 ], [ -39.3289642, -4.7326046 ], [ -39.3335491, -4.7387971 ], [ -39.3462935, -4.7475923 ], [ -39.3556832, -4.7518762 ], [ -39.3592585, -4.7501082 ], [ -39.3652279, -4.7431579 ], [ -39.3695381, -4.7421219 ], [ -39.3725982, -4.7315551 ], [ -39.370869, -4.7277623 ], [ -39.3669928, -4.7249762 ], [ -39.3648059, -4.7287667 ], [ -39.3649218, -4.7338305 ], [ -39.3670518, -4.73508 ], [ -39.3668022, -4.7368184 ], [ -39.3616854, -4.7382273 ], [ -39.3557553, -4.7355332 ], [ -39.3543227, -4.73326 ], [ -39.34485, -4.7309371 ], [ -39.3416745, -4.7260244 ], [ -39.3356134, -4.7234168 ], [ -39.332826, -4.7190425 ], [ -39.3292468, -4.7178354 ], [ -39.3279932, -4.7155591 ], [ -39.3213011, -4.7151314 ], [ -39.3178755, -4.7106615 ], [ -39.3135685, -4.7087561 ], [ -39.3112106, -4.711404 ], [ -39.3072823, -4.7091852 ], [ -39.3040545, -4.7065627 ], [ -39.3018351, -4.6981383 ], [ -39.2979605, -4.6959678 ], [ -39.2971412, -4.6908683 ], [ -39.2958173, -4.6912159 ], [ -39.2947355, -4.6883899 ], [ -39.2926642, -4.6634426 ], [ -39.2848782, -4.6594218 ], [ -39.2852606, -4.6563424 ], [ -39.2822389, -4.6515254 ], [ -39.2779383, -4.6493371 ], [ -39.2716756, -4.6491359 ], [ -39.2701785, -4.6469121 ], [ -39.2666728, -4.6497304 ], [ -39.2605216, -4.6481031 ], [ -39.2529046, -4.6483776 ], [ -39.246006, -4.6431137 ], [ -39.242134, -4.6444056 ] ] ] } },
{ "type": "Feature", "properties": { "CD_MUN": "2303501", "NM_MUN": "Cascavel", "CD_RGI": "230001", "NM_RGI": "Fortaleza", "CD_RGINT": "2301", "NM_RGINT": "Fortaleza", "CD_UF": "23", "NM_UF": "Ceará", "SIGLA_UF": "CE", "CD_REGIA": "2", "NM_REGIA": "Nordeste", "SIGLA_RG": "NE", "CD_CONCU": null, "NM_CONCU": null, "AREA_KM2": 838.115, "mun_upp": "CASCAVEL", "has_qualif": 1, "municipio": "Cascavel", "REGIÃO DE PLANEJAMENTO": "Grande Fortaleza", "auxiliary_storage_labeling_positionx": null, "auxiliary_storage_labeling_positiony": null, "auxiliary_storage_labeling_lineanchorpercent": null, "auxiliary_storage_labeling_lineanchorclipping": null, "auxiliary_storage_labeling_lineanchortype": null, "auxiliary_storage_labeling_lineanchortextpoint": null, "auxiliary_storage_callouts_originx": null, "auxiliary_storage_callouts_originy": null, "auxiliary_storage_callouts_destinationx": null, "auxiliary_storage_callouts_destinationy": null }, "geometry": { "type": "Polygon", "coordinates": [ [ [ -38.1792822, -4.058533 ], [ -38.1564634, -4.0903655 ], [ -38.1485043, -4.0980694 ], [ -38.1500673, -4.1014947 ], [ -38.1476893, -4.1021297 ], [ -38.1570272, -4.1107539 ], [ -38.1609971, -4.1167869 ], [ -38.1622193, -4.1298394 ], [ -38.1612694, -4.1397543 ], [ -38.1632424, -4.1449261 ], [ -38.1611244, -4.148303 ], [ -38.1728661, -4.162709 ], [ -38.1713446, -4.1633144 ], [ -38.1724764, -4.1650133 ], [ -38.1701228, -4.1678785 ], [ -38.1709958, -4.1714805 ], [ -38.168748, -4.1753953 ], [ -38.1735823, -4.1746304 ], [ -38.1734159, -4.1779307 ], [ -38.1768329, -4.1817389 ], [ -38.1775712, -4.1863554 ], [ -38.180471, -4.1877295 ], [ -38.1819775, -4.1952907 ], [ -38.1841843, -4.1946084 ], [ -38.1888137, -4.1977718 ], [ -38.191422, -4.1941378 ], [ -38.1931907, -4.1965546 ], [ -38.1995238, -4.1949262 ], [ -38.201931, -4.196753 ], [ -38.2047528, -4.1941908 ], [ -38.207431, -4.1971832 ], [ -38.2116139, -4.1969295 ], [ -38.2122543, -4.1999929 ], [ -38.2157323, -4.2022201 ], [ -38.217342, -4.2025528 ], [ -38.2170054, -4.2003798 ], [ -38.2189345, -4.2002177 ], [ -38.227413, -4.2056059 ], [ -38.2262491, -4.3146923 ], [ -38.2305439, -4.3231288 ], [ -38.2282737, -4.3395258 ], [ -38.2290542, -4.3450012 ], [ -38.2273064, -4.3502601 ], [ -38.2228198, -4.3498206 ], [ -38.2195019, -4.3598366 ], [ -38.2293939, -4.3573141 ], [ -38.2310236, -4.3540618 ], [ -38.2357366, -4.3504409 ], [ -38.2496433, -4.3570533 ], [ -38.2511351, -4.3611462 ], [ -38.2500074, -4.3656625 ], [ -38.2565071, -4.3691846 ], [ -38.2551286, -4.3761475 ], [ -38.2575401, -4.376406 ], [ -38.2626679, -4.3807595 ], [ -38.2611422, -4.3900409 ], [ -38.2627966, -4.3940331 ], [ -38.2648282, -4.3963897 ], [ -38.2717576, -4.396489 ], [ -38.2689071, -4.4052543 ], [ -38.2717475, -4.4067011 ], [ -38.2784955, -4.4063969 ], [ -38.2807005, -4.4164146 ], [ -38.2909284, -4.4164576 ], [ -38.293748, -4.4188284 ], [ -38.2946654, -4.4232139 ], [ -38.2897696, -4.4291488 ], [ -38.293112, -4.4319831 ], [ -38.2935743, -4.4388989 ], [ -38.3036532, -4.4413447 ], [ -38.3071404, -4.445538 ], [ -38.3141386, -4.4385563 ], [ -38.317739, -4.4399278 ], [ -38.3185246, -4.4339783 ], [ -38.3199182, -4.4329839 ], [ -38.3288603, -4.4362074 ], [ -38.3270401, -4.4427121 ], [ -38.3307936, -4.4475176 ], [ -38.326596, -4.4501888 ], [ -38.3284522, -4.4519951 ], [ -38.3356165, -4.4522283 ], [ -38.3384507, -4.4570538 ], [ -38.338368, -4.4610495 ], [ -38.3334211, -4.467226 ], [ -38.3403411, -4.4703449 ], [ -38.3421992, -4.4774269 ], [ -38.3406603, -4.4821547 ], [ -38.3370938, -4.4856457 ], [ -38.3371969, -4.4892257 ], [ -38.3420242, -4.4920214 ], [ -38.3513418, -4.4903961 ], [ -38.3546986, -4.4936783 ], [ -38.3560989, -4.4998226 ], [ -38.3603824, -4.5014681 ], [ -38.361659, -4.49181 ], [ -38.3587512, -4.4797851 ], [ -38.3624691, -4.4688549 ], [ -38.4474702, -4.3714825 ], [ -38.4294377, -4.3569339 ], [ -38.4237196, -4.3561908 ], [ -38.4151324, -4.3602412 ], [ -38.4103941, -4.3600612 ], [ -38.4005518, -4.3571945 ], [ -38.3973284, -4.3510696 ], [ -38.3931015, -4.3527797 ], [ -38.3868246, -4.3517509 ], [ -38.3861576, -4.3497944 ], [ -38.380428, -4.3509651 ], [ -38.3799247, -4.3450156 ], [ -38.3835605, -4.3376392 ], [ -38.3853724, -4.3379279 ], [ -38.3897762, -4.2634902 ], [ -38.3645235, -4.2666206 ], [ -38.3625909, -4.2683854 ], [ -38.359625, -4.2667286 ], [ -38.3842914, -4.23384 ], [ -38.3800035, -4.2192322 ], [ -38.3840372, -4.2193647 ], [ -38.3928506, -4.223148 ], [ -38.3702716, -4.0655868 ], [ -38.3564078, -4.0734701 ], [ -38.3530966, -4.0784938 ], [ -38.3533917, -4.0821142 ], [ -38.348847, -4.0881209 ], [ -38.2947574, -4.0952365 ], [ -38.2913478, -4.0964302 ], [ -38.2840929, -4.1035659 ], [ -38.2946619, -4.0615137 ], [ -38.2858114, -4.0654515 ], [ -38.2801654, -4.0648082 ], [ -38.2628281, -4.073369 ], [ -38.2601757, -4.056537 ], [ -38.25842, -4.0550073 ], [ -38.2566248, -4.0482703 ], [ -38.2568876, -4.0443165 ], [ -38.2447205, -4.0415831 ], [ -38.2387941, -4.0421624 ], [ -38.2356646, -4.0399419 ], [ -38.2364026, -4.0227746 ], [ -38.2316172, -4.0233143 ], [ -38.232306, -4.0210017 ], [ -38.2305179, -4.0194658 ], [ -38.2301758, -4.0149414 ], [ -38.226177, -4.0134034 ], [ -38.2277847, -4.0083888 ], [ -38.2236009, -4.0070799 ], [ -38.2032361, -4.0338569 ], [ -38.1914638, -4.0413882 ], [ -38.1811663, -4.0552574 ], [ -38.1821897, -4.0587753 ], [ -38.1792822, -4.058533 ] ] ] } },
{ "type": "Feature", "properties": { "CD_MUN": "2302206", "NM_MUN": "Beberibe", "CD_RGI": "230001", "NM_RGI": "Fortaleza", "CD_RGINT": "2301", "NM_RGINT": "Fortaleza", "CD_UF": "23", "NM_UF": "Ceará", "SIGLA_UF": "CE", "CD_REGIA": "2", "NM_REGIA": "Nordeste", "SIGLA_RG": "NE", "CD_CONCU": null, "NM_CONCU": null, "AREA_KM2": 1596.75, "mun_upp": "BEBERIBE", "has_qualif": 1, "municipio": "Beberibe", "REGIÃO DE PLANEJAMENTO": "Litoral Leste", "auxiliary_storage_labeling_positionx": null, "auxiliary_storage_labeling_positiony": null, "auxiliary_storage_labeling_lineanchorpercent": null, "auxiliary_storage_labeling_lineanchorclipping": null, "auxiliary_storage_labeling_lineanchortype": null, "auxiliary_storage_labeling_lineanchortextpoint": null, "auxiliary_storage_callouts_originx": null, "auxiliary_storage_callouts_originy": null, "auxiliary_storage_callouts_destinationx": null, "auxiliary_storage_callouts_destinationy": null }, "geometry": { "type": "Polygon", "coordinates": [ [ [ -37.9065917, -4.339753 ], [ -37.8541657, -4.3794976 ], [ -37.8451205, -4.3816564 ], [ -37.8428816, -4.384808 ], [ -37.8362027, -4.388147 ], [ -37.8307608, -4.388161 ], [ -37.8261989, -4.3942086 ], [ -37.8180474, -4.3980316 ], [ -37.81679, -4.4013788 ], [ -37.822551, -4.4010028 ], [ -37.8245753, -4.4069146 ], [ -37.8352817, -4.4016959 ], [ -37.8394378, -4.4039144 ], [ -37.8412465, -4.4073597 ], [ -37.8462909, -4.4076139 ], [ -37.8445722, -4.4012624 ], [ -37.8543678, -4.4032467 ], [ -37.8581381, -4.4008753 ], [ -37.8681951, -4.403698 ], [ -37.8703031, -4.4008942 ], [ -37.8737061, -4.3998372 ], [ -37.8746748, -4.4006985 ], [ -37.8714965, -4.4031593 ], [ -37.8753503, -4.4053822 ], [ -37.8713526, -4.4066869 ], [ -37.8708513, -4.4092124 ], [ -37.8743526, -4.4112828 ], [ -37.8775317, -4.4082814 ], [ -37.879642, -4.4123814 ], [ -37.8822049, -4.4107446 ], [ -37.8851768, -4.413632 ], [ -37.8868713, -4.4114629 ], [ -37.8831688, -4.4084379 ], [ -37.8837397, -4.4058071 ], [ -37.8869311, -4.4090376 ], [ -37.8888115, -4.4070878 ], [ -37.8915751, -4.4071062 ], [ -37.8923127, -4.4119718 ], [ -37.8959087, -4.4105788 ], [ -37.8957794, -4.4066902 ], [ -37.8996479, -4.4070373 ], [ -37.8995493, -4.4114683 ], [ -37.90491, -4.4139444 ], [ -37.908033, -4.4105064 ], [ -37.9086228, -4.4070465 ], [ -37.906502, -4.403936 ], [ -37.912868, -4.3997295 ], [ -37.9238683, -4.4003773 ], [ -37.9311255, -4.3974298 ], [ -37.9432973, -4.3992277 ], [ -37.9504009, -4.4038327 ], [ -37.9479971, -4.4120202 ], [ -37.9503761, -4.4155394 ], [ -37.9573257, -4.4209207 ], [ -37.9676208, -4.4237274 ], [ -37.9763482, -4.4324283 ], [ -37.9699744, -4.4510376 ], [ -37.9654309, -4.4553062 ], [ -37.9669133, -4.4646327 ], [ -37.9636317, -4.4669435 ], [ -37.9612569, -4.4717967 ], [ -37.9555974, -4.4695671 ], [ -37.9537544, -4.4784022 ], [ -37.9549376, -4.4848177 ], [ -37.9603561, -4.4908462 ], [ -37.9586693, -4.4943569 ], [ -37.9639557, -4.4981832 ], [ -37.9650713, -4.5022437 ], [ -37.9625567, -4.5073702 ], [ -37.9667358, -4.5101706 ], [ -37.9690188, -4.5162806 ], [ -37.9677957, -4.5218389 ], [ -37.9655949, -4.5212636 ], [ -37.9639235, -4.5227943 ], [ -37.964262, -4.525282 ], [ -37.9622135, -4.526018 ], [ -37.9633258, -4.5323567 ], [ -37.9723136, -4.5354215 ], [ -37.9730377, -4.5369814 ], [ -37.9754032, -4.5361821 ], [ -37.9831747, -4.5451152 ], [ -37.9814121, -4.546922 ], [ -37.9840208, -4.5505099 ], [ -37.982378, -4.556122 ], [ -37.9840547, -4.5603038 ], [ -37.9924842, -4.5615601 ], [ -37.9929923, -4.5630102 ], [ -37.9930139, -4.5653973 ], [ -37.9891766, -4.5701843 ], [ -37.9884513, -4.5751528 ], [ -37.9859809, -4.5756298 ], [ -37.9843964, -4.5822661 ], [ -37.987974, -4.5853155 ], [ -37.9864888, -4.5862712 ], [ -37.9898191, -4.5904772 ], [ -37.9907654, -4.589644 ], [ -37.992434, -4.5925958 ], [ -37.9976955, -4.5925378 ], [ -38.0012489, -4.596085 ], [ -38.0007149, -4.5977344 ], [ -38.0054925, -4.5977269 ], [ -38.0050915, -4.5955 ], [ -38.0080516, -4.5958313 ], [ -38.0087856, -4.5935689 ], [ -38.0128695, -4.5928159 ], [ -38.0202399, -4.5937916 ], [ -38.0202729, -4.5973575 ], [ -38.0220519, -4.5988479 ], [ -38.0272724, -4.5990226 ], [ -38.0326256, -4.5954198 ], [ -38.037075, -4.5946292 ], [ -38.0382872, -4.5910293 ], [ -38.0470079, -4.5894714 ], [ -38.0557435, -4.5945759 ], [ -38.0651727, -4.591461 ], [ -38.0680463, -4.5947509 ], [ -38.0720256, -4.5926649 ], [ -38.0765193, -4.592998 ], [ -38.0816299, -4.5879781 ], [ -38.0843399, -4.5874884 ], [ -38.0896481, -4.5920591 ], [ -38.1011052, -4.5964915 ], [ -38.1099968, -4.6063619 ], [ -38.1066328, -4.6142557 ], [ -38.1079339, -4.617197 ], [ -38.1216144, -4.6173202 ], [ -38.1237798, -4.6197553 ], [ -38.13169, -4.6171557 ], [ -38.1368628, -4.6184328 ], [ -38.1478217, -4.6143104 ], [ -38.1526473, -4.6151339 ], [ -38.1582972, -4.6193856 ], [ -38.1613295, -4.6187477 ], [ -38.1820574, -4.6227477 ], [ -38.2113282, -4.592122 ], [ -38.2299846, -4.5812573 ], [ -38.2347683, -4.5742611 ], [ -38.3033367, -4.5374964 ], [ -38.3061167, -4.5314871 ], [ -38.3233392, -4.5191044 ], [ -38.3485236, -4.5125327 ], [ -38.3600109, -4.503622 ], [ -38.3603824, -4.5014681 ], [ -38.3560989, -4.4998226 ], [ -38.3546986, -4.4936783 ], [ -38.3513418, -4.4903961 ], [ -38.3420242, -4.4920214 ], [ -38.3371969, -4.4892257 ], [ -38.3370938, -4.4856457 ], [ -38.3406603, -4.4821547 ], [ -38.3421992, -4.4774269 ], [ -38.3403411, -4.4703449 ], [ -38.3334211, -4.467226 ], [ -38.338368, -4.4610495 ], [ -38.3384507, -4.4570538 ], [ -38.3356165, -4.4522283 ], [ -38.3284522, -4.4519951 ], [ -38.326596, -4.4501888 ], [ -38.3307936, -4.4475176 ], [ -38.3270401, -4.4427121 ], [ -38.3288603, -4.4362074 ], [ -38.3199182, -4.4329839 ], [ -38.3185246, -4.4339783 ], [ -38.317739, -4.4399278 ], [ -38.3141386, -4.4385563 ], [ -38.3071404, -4.445538 ], [ -38.3036532, -4.4413447 ], [ -38.2935743, -4.4388989 ], [ -38.293112, -4.4319831 ], [ -38.2897696, -4.4291488 ], [ -38.2946654, -4.4232139 ], [ -38.293748, -4.4188284 ], [ -38.2909284, -4.4164576 ], [ -38.2807005, -4.4164146 ], [ -38.2784955, -4.4063969 ], [ -38.2717475, -4.4067011 ], [ -38.2689071, -4.4052543 ], [ -38.2717576, -4.396489 ], [ -38.2648282, -4.3963897 ], [ -38.2627966, -4.3940331 ], [ -38.2611422, -4.3900409 ], [ -38.2626679, -4.3807595 ], [ -38.2575401, -4.376406 ], [ -38.2551286, -4.3761475 ], [ -38.2565071, -4.3691846 ], [ -38.2500074, -4.3656625 ], [ -38.2511351, -4.3611462 ], [ -38.2496433, -4.3570533 ], [ -38.2357366, -4.3504409 ], [ -38.2310236, -4.3540618 ], [ -38.2293939, -4.3573141 ], [ -38.2195019, -4.3598366 ], [ -38.2228198, -4.3498206 ], [ -38.2273064, -4.3502601 ], [ -38.2290542, -4.3450012 ], [ -38.2282737, -4.3395258 ], [ -38.2305439, -4.3231288 ], [ -38.2262491, -4.3146923 ], [ -38.227413, -4.2056059 ], [ -38.2189345, -4.2002177 ], [ -38.2170054, -4.2003798 ], [ -38.217342, -4.2025528 ], [ -38.2157323, -4.2022201 ], [ -38.2122543, -4.1999929 ], [ -38.2116139, -4.1969295 ], [ -38.207431, -4.1971832 ], [ -38.2047528, -4.1941908 ], [ -38.201931, -4.196753 ], [ -38.1995238, -4.1949262 ], [ -38.1931907, -4.1965546 ], [ -38.191422, -4.1941378 ], [ -38.1886104, -4.1977796 ], [ -38.1841843, -4.1946084 ], [ -38.181436, -4.19481 ], [ -38.180471, -4.1877295 ], [ -38.1775712, -4.1863554 ], [ -38.1768329, -4.1817389 ], [ -38.1734159, -4.1779307 ], [ -38.1735823, -4.1746304 ], [ -38.1694012, -4.1757281 ], [ -38.1684459, -4.1747188 ], [ -38.1709958, -4.1714805 ], [ -38.1700308, -4.1681745 ], [ -38.1724764, -4.1650133 ], [ -38.1713446, -4.1633144 ], [ -38.1728661, -4.162709 ], [ -38.1611244, -4.148303 ], [ -38.1632424, -4.1449261 ], [ -38.1612694, -4.1397543 ], [ -38.1622193, -4.1298394 ], [ -38.1609971, -4.1167869 ], [ -38.1570272, -4.1107539 ], [ -38.1476893, -4.1021297 ], [ -38.1458263, -4.1029952 ], [ -38.129484, -4.1303177 ], [ -38.1159673, -4.1480004 ], [ -38.0861122, -4.1751869 ], [ -38.0688217, -4.1940058 ], [ -38.0603409, -4.2005331 ], [ -38.0437477, -4.2192212 ], [ -38.0334424, -4.2249523 ], [ -38.0093224, -4.2510906 ], [ -37.9995568, -4.2550099 ], [ -37.9921323, -4.2604159 ], [ -37.9883175, -4.2608416 ], [ -37.9601217, -4.2917965 ], [ -37.9362072, -4.3112444 ], [ -37.9065917, -4.339753 ] ] ] } },
{ "type": "Feature", "properties": { "CD_MUN": "2305308", "NM_MUN": "Ibiapina", "CD_RGI": "230016", "NM_RGI": "São Benedito - Ipu - Guaraciaba do Norte - Tianguá", "CD_RGINT": "2306", "NM_RGINT": "Sobral", "CD_UF": "23", "NM_UF": "Ceará", "SIGLA_UF": "CE", "CD_REGIA": "2", "NM_REGIA": "Nordeste", "SIGLA_RG": "NE", "CD_CONCU": null, "NM_CONCU": null, "AREA_KM2": 414.092, "mun_upp": "IBIAPINA", "has_qualif": 1, "municipio": "Ibiapina", "REGIÃO DE PLANEJAMENTO": "Serra da Ibiapaba", "auxiliary_storage_labeling_positionx": null, "auxiliary_storage_labeling_positiony": null, "auxiliary_storage_labeling_lineanchorpercent": null, "auxiliary_storage_labeling_lineanchorclipping": null, "auxiliary_storage_labeling_lineanchortype": null, "auxiliary_storage_labeling_lineanchortextpoint": null, "auxiliary_storage_callouts_originx": null, "auxiliary_storage_callouts_originy": null, "auxiliary_storage_callouts_destinationx": null, "auxiliary_storage_callouts_destinationy": null }, "geometry": { "type": "Polygon", "coordinates": [ [ [ -40.8360601, -3.9584279 ], [ -40.8376172, -3.9859311 ], [ -40.8457321, -3.9775294 ], [ -40.8554991, -3.9752493 ], [ -40.8632631, -3.9788448 ], [ -40.8668348, -3.9823701 ], [ -40.8697981, -3.9824651 ], [ -40.8729934, -3.9891624 ], [ -40.8762033, -3.9921599 ], [ -40.8811494, -3.9905311 ], [ -40.8847625, -3.9929063 ], [ -40.891823, -3.9914864 ], [ -40.8929721, -3.9935217 ], [ -40.8961222, -3.9919824 ], [ -40.8994886, -3.9930827 ], [ -40.9092702, -3.9892285 ], [ -40.9136192, -3.9887278 ], [ -40.9180246, -3.9902559 ], [ -40.9194012, -3.9878213 ], [ -40.9222256, -3.9885303 ], [ -40.9264456, -3.9859464 ], [ -40.9332061, -3.9877672 ], [ -40.9561646, -3.9859446 ], [ -40.9643251, -3.9820822 ], [ -40.9700375, -3.9853928 ], [ -40.9827053, -3.9864227 ], [ -40.9862883, -3.9886077 ], [ -40.9980293, -3.9866677 ], [ -41.0032862, -3.9886771 ], [ -41.0077762, -3.9873011 ], [ -41.0112468, -3.9901702 ], [ -41.0177448, -3.9895358 ], [ -41.0198948, -3.9912085 ], [ -41.0243336, -3.9905308 ], [ -41.025242, -3.9920421 ], [ -41.0287266, -3.9909426 ], [ -41.0334692, -3.9958109 ], [ -41.0422662, -3.9950393 ], [ -41.0437523, -3.9931221 ], [ -41.0476888, -3.9921955 ], [ -41.0557562, -3.9951753 ], [ -41.063437, -3.9943908 ], [ -41.0721475, -3.9971389 ], [ -41.0743586, -3.9954827 ], [ -41.0907338, -4.0056025 ], [ -41.0960235, -4.0062922 ], [ -41.1079798, -4.0007794 ], [ -41.1176395, -3.9871682 ], [ -41.1247724, -3.987431 ], [ -41.1400151, -3.991827 ], [ -41.1435134, -3.9950605 ], [ -41.150115, -3.9947562 ], [ -41.1564301, -3.9996479 ], [ -41.1619868, -3.998686 ], [ -41.1657213, -3.9999877 ], [ -41.1711002, -4.0074937 ], [ -41.1778588, -4.0124987 ], [ -41.1805171, -4.0125634 ], [ -41.1807222, -4.0144716 ], [ -41.1817351, -4.0138087 ], [ -41.1817638, -4.0175935 ], [ -41.18862, -4.0175613 ], [ -41.1926075, -4.0206604 ], [ -41.1994726, -4.018356 ], [ -41.2089047, -4.0255829 ], [ -41.2140791, -4.0242019 ], [ -41.2235254, -4.0285517 ], [ -41.2267668, -4.0272424 ], [ -41.2403066, -4.0308495 ], [ -41.2501799, -4.0377533 ], [ -41.2547322, -4.0371021 ], [ -41.2567269, -4.0348486 ], [ -41.2544095, -4.0276776 ], [ -41.2495457, -4.0263913 ], [ -41.2388289, -4.015405 ], [ -41.2392268, -4.0130768 ], [ -41.245729, -4.0065818 ], [ -41.2478627, -3.9993528 ], [ -41.2473926, -3.9932165 ], [ -41.24924, -3.9898697 ], [ -41.2441908, -3.9863901 ], [ -41.2443622, -3.9797596 ], [ -41.2401175, -3.9791985 ], [ -41.2382054, -3.9727572 ], [ -41.2337658, -3.9706092 ], [ -41.23425, -3.9677987 ], [ -41.2318883, -3.9664993 ], [ -41.2218186, -3.9689495 ], [ -41.2156486, -3.9732264 ], [ -41.2118476, -3.9724089 ], [ -41.1635243, -3.9437217 ], [ -41.1507255, -3.9471494 ], [ -41.1435054, -3.9425935 ], [ -41.1336438, -3.9420449 ], [ -41.1305669, -3.9402588 ], [ -41.122248, -3.9282243 ], [ -41.1193886, -3.9276575 ], [ -41.1137542, -3.9316905 ], [ -41.1081885, -3.9318819 ], [ -40.9771047, -3.8925188 ], [ -40.9731184, -3.8919923 ], [ -40.9703958, -3.8942492 ], [ -40.9650207, -3.8931512 ], [ -40.9614938, -3.8978626 ], [ -40.959409, -3.8977308 ], [ -40.9568092, -3.9005181 ], [ -40.9463455, -3.9043067 ], [ -40.9425319, -3.9073298 ], [ -40.9404604, -3.904665 ], [ -40.9323856, -3.9076021 ], [ -40.9308257, -3.9035161 ], [ -40.9260979, -3.8998129 ], [ -40.9238865, -3.894895 ], [ -40.9180838, -3.8891196 ], [ -40.8943305, -3.8882061 ], [ -40.896189, -3.8777546 ], [ -40.8931991, -3.870234 ], [ -40.8915431, -3.8680641 ], [ -40.8878388, -3.8685228 ], [ -40.8815723, -3.8653645 ], [ -40.8757425, -3.8658225 ], [ -40.8725401, -3.8685298 ], [ -40.8766707, -3.872101 ], [ -40.8772213, -3.8745308 ], [ -40.8713567, -3.8745839 ], [ -40.8707766, -3.8768693 ], [ -40.8629737, -3.8795134 ], [ -40.8592042, -3.8771121 ], [ -40.856443, -3.8786425 ], [ -40.8598049, -3.8883067 ], [ -40.8583993, -3.8893003 ], [ -40.8560221, -3.8850724 ], [ -40.853911, -3.8850225 ], [ -40.8532241, -3.8913506 ], [ -40.8553893, -3.8932727 ], [ -40.8538538, -3.8953235 ], [ -40.8356487, -3.8944244 ], [ -40.7774334, -3.883722 ], [ -40.7770959, -3.8864099 ], [ -40.7829631, -3.8886295 ], [ -40.7838967, -3.8952449 ], [ -40.7903439, -3.9008917 ], [ -40.7922168, -3.9045791 ], [ -40.7912479, -3.9063123 ], [ -40.7968847, -3.9133218 ], [ -40.7955503, -3.9163212 ], [ -40.8007047, -3.918179 ], [ -40.8060622, -3.9171626 ], [ -40.8161223, -3.9207055 ], [ -40.8197736, -3.9187959 ], [ -40.8289598, -3.9203309 ], [ -40.8338272, -3.9244188 ], [ -40.8331794, -3.9301324 ], [ -40.8284238, -3.9364049 ], [ -40.8279168, -3.9422309 ], [ -40.8256989, -3.9459289 ], [ -40.8264437, -3.948901 ], [ -40.8240063, -3.9498306 ], [ -40.8227332, -3.956325 ], [ -40.8295763, -3.9586624 ], [ -40.8360601, -3.9584279 ] ] ] } },
{ "type": "Feature", "properties": { "CD_MUN": "2305332", "NM_MUN": "Ibicuitinga", "CD_RGI": "230006", "NM_RGI": "Quixadá", "CD_RGINT": "2302", "NM_RGINT": "Quixadá", "CD_UF": "23", "NM_UF": "Ceará", "SIGLA_UF": "CE", "CD_REGIA": "2", "NM_REGIA": "Nordeste", "SIGLA_RG": "NE", "CD_CONCU": null, "NM_CONCU": null, "AREA_KM2": 423.856, "mun_upp": "IBICUITINGA", "has_qualif": 1, "municipio": "Ibicuitinga", "REGIÃO DE PLANEJAMENTO": "Sertão Central", "auxiliary_storage_labeling_positionx": null, "auxiliary_storage_labeling_positiony": null, "auxiliary_storage_labeling_lineanchorpercent": null, "auxiliary_storage_labeling_lineanchorclipping": null, "auxiliary_storage_labeling_lineanchortype": null, "auxiliary_storage_labeling_lineanchortextpoint": null, "auxiliary_storage_callouts_originx": null, "auxiliary_storage_callouts_originy": null, "auxiliary_storage_callouts_destinationx": null, "auxiliary_storage_callouts_destinationy": null }, "geometry": { "type": "Polygon", "coordinates": [ [ [ -38.4858264, -5.0878388 ], [ -38.6251214, -5.0666064 ], [ -38.6263823, -5.0588325 ], [ -38.630115, -5.0579104 ], [ -38.6308691, -5.0545231 ], [ -38.6325105, -5.0553407 ], [ -38.6358503, -5.0520928 ], [ -38.6436451, -5.0531068 ], [ -38.6510535, -5.0490224 ], [ -38.6548939, -5.0489352 ], [ -38.6583414, -5.0453388 ], [ -38.6606038, -5.0475188 ], [ -38.6632021, -5.0454972 ], [ -38.6668904, -5.0469802 ], [ -38.6691655, -5.0516793 ], [ -38.6729425, -5.0525871 ], [ -38.6790225, -5.0576367 ], [ -38.6859037, -5.054908 ], [ -38.6823733, -5.0511655 ], [ -38.6836516, -5.0485684 ], [ -38.6767077, -5.0282588 ], [ -38.6768579, -5.0180997 ], [ -38.6789576, -5.015243 ], [ -38.6771306, -5.010252 ], [ -38.6774553, -5.004817 ], [ -38.6710907, -4.9988579 ], [ -38.661254, -4.9968203 ], [ -38.660134, -4.9902648 ], [ -38.6536938, -4.9826904 ], [ -38.6473813, -4.9799183 ], [ -38.6465936, -4.9664721 ], [ -38.641774, -4.9613036 ], [ -38.6460497, -4.9575514 ], [ -38.6450999, -4.9508061 ], [ -38.6486961, -4.9387862 ], [ -38.6343258, -4.9289439 ], [ -38.6278293, -4.9222478 ], [ -38.6255211, -4.9128191 ], [ -38.6318348, -4.9113616 ], [ -38.6305241, -4.9086842 ], [ -38.6324021, -4.90686 ], [ -38.6313404, -4.9024776 ], [ -38.6164821, -4.8939484 ], [ -38.6089132, -4.8862872 ], [ -38.5924443, -4.8739809 ], [ -38.5614264, -4.8785466 ], [ -38.5585298, -4.8777599 ], [ -38.5469464, -4.883739 ], [ -38.5445906, -4.8828458 ], [ -38.5424291, -4.8843067 ], [ -38.5336174, -4.8847374 ], [ -38.5283601, -4.8826529 ], [ -38.5215213, -4.8856893 ], [ -38.517879, -4.8901806 ], [ -38.5131521, -4.888759 ], [ -38.5110545, -4.8896251 ], [ -38.5060714, -4.8879355 ], [ -38.5050527, -4.8860424 ], [ -38.4958548, -4.8843586 ], [ -38.4910705, -4.8802501 ], [ -38.4853068, -4.8813213 ], [ -38.4806937, -4.8797081 ], [ -38.4750387, -4.8829215 ], [ -38.4728307, -4.8800969 ], [ -38.4693494, -4.880525 ], [ -38.4671223, -4.8829616 ], [ -38.4636331, -4.8820568 ], [ -38.4624735, -4.8737025 ], [ -38.453953, -4.8757825 ], [ -38.4508924, -4.8798026 ], [ -38.4380956, -4.8755498 ], [ -38.4209373, -4.9036409 ], [ -38.4212765, -4.9080916 ], [ -38.4174501, -4.9211058 ], [ -38.4071621, -4.9444346 ], [ -38.403676, -4.946427 ], [ -38.4042015, -4.9479813 ], [ -38.4142569, -4.9465815 ], [ -38.4175504, -4.9361175 ], [ -38.4245652, -4.930665 ], [ -38.5073549, -4.9563075 ], [ -38.5084574, -4.9619724 ], [ -38.4971922, -4.9633469 ], [ -38.5027619, -4.9682582 ], [ -38.4988799, -4.9732816 ], [ -38.5054264, -4.9833709 ], [ -38.4959554, -4.9977711 ], [ -38.4962427, -5.0044013 ], [ -38.4935691, -5.0050276 ], [ -38.4945173, -5.0057718 ], [ -38.4911184, -5.0106504 ], [ -38.4873062, -5.0099623 ], [ -38.4853405, -5.0056001 ], [ -38.4805747, -5.0073211 ], [ -38.4794686, -5.0102239 ], [ -38.4804172, -5.0179257 ], [ -38.4790403, -5.0198229 ], [ -38.4827685, -5.0270609 ], [ -38.4852024, -5.0280941 ], [ -38.4858487, -5.0333215 ], [ -38.4834999, -5.0358758 ], [ -38.4894663, -5.0402731 ], [ -38.4917844, -5.0468782 ], [ -38.4966089, -5.048279 ], [ -38.4941795, -5.052757 ], [ -38.4951718, -5.0539124 ], [ -38.49621, -5.0526175 ], [ -38.4963399, -5.0552465 ], [ -38.4988707, -5.0560947 ], [ -38.4957107, -5.0609119 ], [ -38.4952597, -5.0653889 ], [ -38.4975851, -5.0678814 ], [ -38.4962545, -5.071508 ], [ -38.4929417, -5.0726932 ], [ -38.4929036, -5.0756207 ], [ -38.4903121, -5.0777519 ], [ -38.4918408, -5.0802573 ], [ -38.4886467, -5.0822084 ], [ -38.4883012, -5.0862022 ], [ -38.4858264, -5.0878388 ] ] ] } },
{ "type": "Feature", "properties": { "CD_MUN": "2306603", "NM_MUN": "Itatira", "CD_RGI": "230004", "NM_RGI": "Canindé", "CD_RGINT": "2301", "NM_RGINT": "Fortaleza", "CD_UF": "23", "NM_UF": "Ceará", "SIGLA_UF": "CE", "CD_REGIA": "2", "NM_REGIA": "Nordeste", "SIGLA_RG": "NE", "CD_CONCU": null, "NM_CONCU": null, "AREA_KM2": 829.225, "mun_upp": "ITATIRA", "has_qualif": 1, "municipio": "Itatira", "REGIÃO DE PLANEJAMENTO": "Sertão de Canindé", "auxiliary_storage_labeling_positionx": null, "auxiliary_storage_labeling_positiony": null, "auxiliary_storage_labeling_lineanchorpercent": null, "auxiliary_storage_labeling_lineanchorclipping": null, "auxiliary_storage_labeling_lineanchortype": null, "auxiliary_storage_labeling_lineanchortextpoint": null, "auxiliary_storage_callouts_originx": null, "auxiliary_storage_callouts_originy": null, "auxiliary_storage_callouts_destinationx": null, "auxiliary_storage_callouts_destinationy": null }, "geometry": { "type": "Polygon", "coordinates": [ [ [ -39.5729294, -4.4702604 ], [ -39.5624865, -4.470723 ], [ -39.5609613, -4.4749855 ], [ -39.5494824, -4.4839422 ], [ -39.5400407, -4.48766 ], [ -39.5378437, -4.4855388 ], [ -39.536485, -4.4803138 ], [ -39.5380087, -4.4767702 ], [ -39.5436868, -4.4737637 ], [ -39.5419539, -4.465513 ], [ -39.5328936, -4.4686592 ], [ -39.5290997, -4.4916632 ], [ -39.52645, -4.4935869 ], [ -39.5259007, -4.497985 ], [ -39.5242755, -4.4988302 ], [ -39.5210821, -4.4980088 ], [ -39.5192022, -4.4902017 ], [ -39.5152721, -4.4876589 ], [ -39.5145464, -4.4826009 ], [ -39.5109518, -4.4812248 ], [ -39.5120445, -4.4736705 ], [ -39.5108866, -4.4697359 ], [ -39.5086153, -4.4684163 ], [ -39.5044961, -4.4683808 ], [ -39.502798, -4.4749379 ], [ -39.4930751, -4.4822825 ], [ -39.4928452, -4.4844303 ], [ -39.4961148, -4.4874272 ], [ -39.4930663, -4.4880232 ], [ -39.4917097, -4.4938167 ], [ -39.4868081, -4.4955771 ], [ -39.4851128, -4.4992187 ], [ -39.4838456, -4.5140367 ], [ -39.4816428, -4.520463 ], [ -39.4825946, -4.5271487 ], [ -39.4732074, -4.5332195 ], [ -39.4694176, -4.5337976 ], [ -39.4668799, -4.5391581 ], [ -39.464632, -4.5491856 ], [ -39.4659968, -4.5542136 ], [ -39.4634652, -4.5585109 ], [ -39.4641377, -4.5658025 ], [ -39.4611037, -4.5683232 ], [ -39.4585772, -4.5683684 ], [ -39.4569102, -4.5617955 ], [ -39.4521719, -4.5617509 ], [ -39.448402, -4.5662397 ], [ -39.4476377, -4.5726254 ], [ -39.4432423, -4.5759696 ], [ -39.4456599, -4.5788122 ], [ -39.4482068, -4.5899986 ], [ -39.4534879, -4.5957136 ], [ -39.4489452, -4.6054246 ], [ -39.4456838, -4.6087693 ], [ -39.4412924, -4.6095795 ], [ -39.435503, -4.6179897 ], [ -39.4313082, -4.6370358 ], [ -39.425389, -4.6412177 ], [ -39.4206845, -4.6470464 ], [ -39.4209523, -4.6514037 ], [ -39.4241058, -4.6557112 ], [ -39.4202907, -4.6596335 ], [ -39.4224945, -4.6659352 ], [ -39.4255266, -4.6686941 ], [ -39.4268052, -4.6777817 ], [ -39.4201336, -4.6838007 ], [ -39.4185378, -4.6874375 ], [ -39.4009954, -4.6865633 ], [ -39.3969508, -4.6881688 ], [ -39.3927163, -4.6946751 ], [ -39.3875249, -4.6979508 ], [ -39.3791707, -4.694257 ], [ -39.3778689, -4.6980335 ], [ -39.3816934, -4.7014088 ], [ -39.3816996, -4.7128872 ], [ -39.3800262, -4.7140332 ], [ -39.3739815, -4.7125865 ], [ -39.3712705, -4.7173442 ], [ -39.3897982, -4.7248085 ], [ -39.5101129, -4.7247348 ], [ -39.5756512, -4.7487624 ], [ -39.6288737, -4.7314207 ], [ -39.6657421, -4.7318766 ], [ -39.6921533, -4.7449385 ], [ -39.7036002, -4.7408494 ], [ -39.7064405, -4.7475128 ], [ -39.7262384, -4.7495004 ], [ -39.7314491, -4.7454159 ], [ -39.7374456, -4.7359147 ], [ -39.7365695, -4.7328725 ], [ -39.7258151, -4.7210356 ], [ -39.7333152, -4.7151036 ], [ -39.7279481, -4.6997715 ], [ -39.7294176, -4.6959029 ], [ -39.727459, -4.691722 ], [ -39.7290788, -4.6877451 ], [ -39.7218922, -4.6870647 ], [ -39.7172093, -4.6827156 ], [ -39.7122703, -4.6808891 ], [ -39.7174648, -4.6778251 ], [ -39.7223566, -4.6721266 ], [ -39.7277499, -4.671148 ], [ -39.7303646, -4.6667507 ], [ -39.7272067, -4.6658569 ], [ -39.7264867, -4.6639043 ], [ -39.7157553, -4.6565364 ], [ -39.7208492, -4.6537471 ], [ -39.7378711, -4.6529247 ], [ -39.7441439, -4.6448709 ], [ -39.7481386, -4.64902 ], [ -39.751396, -4.646784 ], [ -39.7580401, -4.6457161 ], [ -39.7612912, -4.6470006 ], [ -39.7675443, -4.6463243 ], [ -39.7720293, -4.6411897 ], [ -39.7695035, -4.6358816 ], [ -39.7700402, -4.6307371 ], [ -39.7601996, -4.6251626 ], [ -39.7551644, -4.6188848 ], [ -39.7384047, -4.6093421 ], [ -39.736905, -4.6049053 ], [ -39.7332199, -4.6012835 ], [ -39.7303097, -4.5998023 ], [ -39.7230936, -4.6000757 ], [ -39.7170887, -4.5973609 ], [ -39.7008618, -4.5836919 ], [ -39.6862195, -4.5755365 ], [ -39.6863979, -4.566158 ], [ -39.6901095, -4.5651679 ], [ -39.6933214, -4.5619941 ], [ -39.6944259, -4.5556488 ], [ -39.697382, -4.5540953 ], [ -39.7013247, -4.5454287 ], [ -39.7044186, -4.5441222 ], [ -39.7092221, -4.5328021 ], [ -39.6774347, -4.530904 ], [ -39.6750861, -4.5139212 ], [ -39.661458, -4.5175976 ], [ -39.659278, -4.5117017 ], [ -39.6566064, -4.5135087 ], [ -39.6448242, -4.5086959 ], [ -39.6427347, -4.5068779 ], [ -39.6447125, -4.5042526 ], [ -39.6445612, -4.5006751 ], [ -39.6435378, -4.5022874 ], [ -39.6430373, -4.5012133 ], [ -39.6396563, -4.5021662 ], [ -39.6402203, -4.4993594 ], [ -39.6382066, -4.5001009 ], [ -39.6366638, -4.4967451 ], [ -39.6344286, -4.5009443 ], [ -39.6282394, -4.505126 ], [ -39.6072699, -4.5026383 ], [ -39.5814841, -4.4801338 ], [ -39.5768339, -4.4780245 ], [ -39.576566, -4.474724 ], [ -39.5739823, -4.4731842 ], [ -39.5729294, -4.4702604 ] ] ] } },
{ "type": "Feature", "properties": { "CD_MUN": "2311207", "NM_MUN": "Potengi", "CD_RGI": "230011", "NM_RGI": "Juazeiro do Norte", "CD_RGINT": "2304", "NM_RGINT": "Juazeiro do Norte", "CD_UF": "23", "NM_UF": "Ceará", "SIGLA_UF": "CE", "CD_REGIA": "2", "NM_REGIA": "Nordeste", "SIGLA_RG": "NE", "CD_CONCU": null, "NM_CONCU": null, "AREA_KM2": 343.264, "mun_upp": "POTENGI", "has_qualif": 1, "municipio": "Potengi", "REGIÃO DE PLANEJAMENTO": "Cariri", "auxiliary_storage_labeling_positionx": null, "auxiliary_storage_labeling_positiony": null, "auxiliary_storage_labeling_lineanchorpercent": null, "auxiliary_storage_labeling_lineanchorclipping": null, "auxiliary_storage_labeling_lineanchortype": null, "auxiliary_storage_labeling_lineanchortextpoint": null, "auxiliary_storage_callouts_originx": null, "auxiliary_storage_callouts_originy": null, "auxiliary_storage_callouts_destinationx": null, "auxiliary_storage_callouts_destinationy": null }, "geometry": { "type": "Polygon", "coordinates": [ [ [ -39.9999657, -7.1511363 ], [ -40.0719375, -7.1456868 ], [ -40.0951962, -7.1290701 ], [ -40.1361952, -7.1123428 ], [ -40.1658799, -7.0448972 ], [ -40.1651649, -7.0432636 ], [ -40.167051, -7.0425482 ], [ -40.1672903, -7.039013 ], [ -40.1461873, -7.032008 ], [ -40.1428442, -7.0296093 ], [ -40.1441378, -7.0280686 ], [ -40.1429623, -7.0269053 ], [ -40.1230505, -7.0177638 ], [ -40.1241519, -7.0213389 ], [ -40.1203728, -7.0245559 ], [ -40.1206527, -7.0216819 ], [ -40.116956, -7.0182425 ], [ -40.1123001, -7.0163367 ], [ -40.1091731, -7.0167797 ], [ -40.1026048, -7.0103245 ], [ -40.0964041, -7.0098221 ], [ -40.097417, -7.0072521 ], [ -40.1005589, -7.005328 ], [ -40.0999091, -7.0019745 ], [ -40.0958868, -6.9991458 ], [ -40.0984725, -6.9983271 ], [ -40.0961045, -6.9877531 ], [ -40.0924238, -6.98381 ], [ -40.087212, -6.9853711 ], [ -40.0818257, -6.9829209 ], [ -40.073168, -7.0051127 ], [ -39.9991221, -7.0083988 ], [ -39.9668708, -7.0028528 ], [ -39.9494203, -7.0108213 ], [ -39.9430176, -7.07681 ], [ -39.93683, -7.0733111 ], [ -39.9329909, -7.0749828 ], [ -39.9242282, -7.0747893 ], [ -39.9075672, -7.0690694 ], [ -39.9011362, -7.0683926 ], [ -39.8977425, -7.0625935 ], [ -39.8946919, -7.0613992 ], [ -39.8945856, -7.0563362 ], [ -39.8898577, -7.0532074 ], [ -39.8881992, -7.0649702 ], [ -39.8903751, -7.0674959 ], [ -39.8905277, -7.0706007 ], [ -39.8868968, -7.0756899 ], [ -39.8874869, -7.0793583 ], [ -39.8829888, -7.0869899 ], [ -39.8835754, -7.0898126 ], [ -39.8945023, -7.0926155 ], [ -39.897337, -7.0969516 ], [ -39.9175296, -7.0942934 ], [ -39.9808683, -7.1451457 ], [ -39.995163, -7.1476104 ], [ -39.9999657, -7.1511363 ] ] ] } },
{ "type": "Feature", "properties": { "CD_MUN": "2301802", "NM_MUN": "Baixio", "CD_RGI": "230010", "NM_RGI": "Icó", "CD_RGINT": "2303", "NM_RGINT": "Iguatu", "CD_UF": "23", "NM_UF": "Ceará", "SIGLA_UF": "CE", "CD_REGIA": "2", "NM_REGIA": "Nordeste", "SIGLA_RG": "NE", "CD_CONCU": null, "NM_CONCU": null, "AREA_KM2": 145.556, "mun_upp": "BAIXIO", "has_qualif": 1, "municipio": "Baixio", "REGIÃO DE PLANEJAMENTO": "Centro Sul", "auxiliary_storage_labeling_positionx": null, "auxiliary_storage_labeling_positiony": null, "auxiliary_storage_labeling_lineanchorpercent": null, "auxiliary_storage_labeling_lineanchorclipping": null, "auxiliary_storage_labeling_lineanchortype": null, "auxiliary_storage_labeling_lineanchortextpoint": null, "auxiliary_storage_callouts_originx": null, "auxiliary_storage_callouts_originy": null, "auxiliary_storage_callouts_destinationx": null, "auxiliary_storage_callouts_destinationy": null }, "geometry": { "type": "Polygon", "coordinates": [ [ [ -38.6987421, -6.7628272 ], [ -38.7198325, -6.7675037 ], [ -38.7260822, -6.7613758 ], [ -38.7329095, -6.7590412 ], [ -38.7342182, -6.756414 ], [ -38.7484764, -6.755603 ], [ -38.7517767, -6.752616 ], [ -38.7517179, -6.7504739 ], [ -38.7552038, -6.7458085 ], [ -38.7592102, -6.74397 ], [ -38.7594963, -6.7367539 ], [ -38.7622375, -6.7369826 ], [ -38.7651965, -6.7323289 ], [ -38.769267, -6.7313615 ], [ -38.7708006, -6.7283704 ], [ -38.7739159, -6.7268568 ], [ -38.7725281, -6.7251808 ], [ -38.7745459, -6.717586 ], [ -38.7774512, -6.7185054 ], [ -38.7791722, -6.7216314 ], [ -38.7883107, -6.7186308 ], [ -38.7964712, -6.7245334 ], [ -38.8024945, -6.7242559 ], [ -38.8229552, -6.7168124 ], [ -38.8362302, -6.7098474 ], [ -38.8433832, -6.7083264 ], [ -38.8465922, -6.7092104 ], [ -38.8535558, -6.704183 ], [ -38.8531512, -6.6941579 ], [ -38.8563044, -6.6943805 ], [ -38.8593744, -6.691198 ], [ -38.8547062, -6.6735003 ], [ -38.843739, -6.667271 ], [ -38.8422053, -6.6677817 ], [ -38.8384003, -6.6639467 ], [ -38.8340353, -6.6652569 ], [ -38.8307416, -6.6591707 ], [ -38.8150192, -6.6585675 ], [ -38.8096327, -6.6599153 ], [ -38.8051809, -6.6582908 ], [ -38.8012166, -6.6587919 ], [ -38.7985354, -6.6618722 ], [ -38.7947003, -6.662404 ], [ -38.7942149, -6.6647589 ], [ -38.7857928, -6.6645418 ], [ -38.7762837, -6.6689792 ], [ -38.7727451, -6.6691479 ], [ -38.769785, -6.6718751 ], [ -38.7682917, -6.6709266 ], [ -38.7597178, -6.6760536 ], [ -38.7506363, -6.6744072 ], [ -38.7457865, -6.6775301 ], [ -38.7387282, -6.6779606 ], [ -38.7154361, -6.6925078 ], [ -38.7025027, -6.698336 ], [ -38.6926414, -6.7002951 ], [ -38.6865474, -6.7041246 ], [ -38.6791212, -6.7018022 ], [ -38.675427, -6.702928 ], [ -38.6725406, -6.7062314 ], [ -38.6733838, -6.7096471 ], [ -38.6664649, -6.717044 ], [ -38.6648867, -6.7240935 ], [ -38.659685, -6.7260991 ], [ -38.6559754, -6.7302437 ], [ -38.6575338, -6.7407602 ], [ -38.6554654, -6.7458069 ], [ -38.6524699, -6.7476037 ], [ -38.649972, -6.7522363 ], [ -38.6523385, -6.7568652 ], [ -38.6634206, -6.7592325 ], [ -38.674899, -6.7582706 ], [ -38.681015, -6.7550921 ], [ -38.6830996, -6.7578626 ], [ -38.6836639, -6.7638803 ], [ -38.6876542, -6.7673421 ], [ -38.6957854, -6.7667936 ], [ -38.6987421, -6.7628272 ] ] ] } },
{ "type": "Feature", "properties": { "CD_MUN": "2300507", "NM_MUN": "Alcântaras", "CD_RGI": "230015", "NM_RGI": "Sobral", "CD_RGINT": "2306", "NM_RGINT": "Sobral", "CD_UF": "23", "NM_UF": "Ceará", "SIGLA_UF": "CE", "CD_REGIA": "2", "NM_REGIA": "Nordeste", "SIGLA_RG": "NE", "CD_CONCU": null, "NM_CONCU": null, "AREA_KM2": 135.76, "mun_upp": "ALCÂNTARAS", "has_qualif": 1, "municipio": "Alcântaras", "REGIÃO DE PLANEJAMENTO": "Sertão de Sobral", "auxiliary_storage_labeling_positionx": null, "auxiliary_storage_labeling_positiony": null, "auxiliary_storage_labeling_lineanchorpercent": null, "auxiliary_storage_labeling_lineanchorclipping": null, "auxiliary_storage_labeling_lineanchortype": null, "auxiliary_storage_labeling_lineanchortextpoint": null, "auxiliary_storage_callouts_originx": null, "auxiliary_storage_callouts_originy": null, "auxiliary_storage_callouts_destinationx": null, "auxiliary_storage_callouts_destinationy": null }, "geometry": { "type": "Polygon", "coordinates": [ [ [ -40.4805699, -3.5952507 ], [ -40.4979407, -3.604674 ], [ -40.4992451, -3.6179113 ], [ -40.5027528, -3.6237606 ], [ -40.5045428, -3.6240955 ], [ -40.4942314, -3.6347009 ], [ -40.4917315, -3.6354768 ], [ -40.5049661, -3.6435574 ], [ -40.512525, -3.6431283 ], [ -40.5198722, -3.6375188 ], [ -40.5146339, -3.6489082 ], [ -40.5281511, -3.6519936 ], [ -40.5344095, -3.6515521 ], [ -40.5356507, -3.6531867 ], [ -40.5432416, -3.6553463 ], [ -40.5734562, -3.6449535 ], [ -40.5779172, -3.6448878 ], [ -40.578347, -3.6435712 ], [ -40.5752623, -3.6405553 ], [ -40.5803211, -3.6369616 ], [ -40.5889875, -3.6394902 ], [ -40.5880491, -3.637656 ], [ -40.5908925, -3.6345573 ], [ -40.5895191, -3.6310318 ], [ -40.592771, -3.6309248 ], [ -40.5944122, -3.6289929 ], [ -40.5919846, -3.6254187 ], [ -40.5921955, -3.6225127 ], [ -40.5887806, -3.6199884 ], [ -40.5961709, -3.6166655 ], [ -40.6036153, -3.6200634 ], [ -40.6081803, -3.6137521 ], [ -40.6142591, -3.609405 ], [ -40.6148869, -3.6066276 ], [ -40.6038207, -3.60578 ], [ -40.6078669, -3.5911 ], [ -40.6068123, -3.5886584 ], [ -40.6035179, -3.5890983 ], [ -40.6029363, -3.5854123 ], [ -40.6053485, -3.5823432 ], [ -40.5942223, -3.579978 ], [ -40.5892065, -3.5748835 ], [ -40.5994472, -3.5727115 ], [ -40.5979578, -3.5686808 ], [ -40.586984, -3.5626859 ], [ -40.5803669, -3.5638106 ], [ -40.5776814, -3.5665762 ], [ -40.5700513, -3.5638139 ], [ -40.5717804, -3.5569587 ], [ -40.5646258, -3.5462434 ], [ -40.5561678, -3.5390726 ], [ -40.5494609, -3.5375519 ], [ -40.5474893, -3.5285487 ], [ -40.5441759, -3.526154 ], [ -40.5405072, -3.5261168 ], [ -40.540786, -3.5223205 ], [ -40.5301085, -3.513868 ], [ -40.5217423, -3.5124458 ], [ -40.5149458, -3.5322201 ], [ -40.5218008, -3.5450254 ], [ -40.5106283, -3.5492825 ], [ -40.4932884, -3.5509106 ], [ -40.4902674, -3.5538286 ], [ -40.476463, -3.557619 ], [ -40.4985239, -3.5775767 ], [ -40.4963935, -3.5841095 ], [ -40.4873096, -3.585401 ], [ -40.4790844, -3.5907445 ], [ -40.4805699, -3.5952507 ] ] ] } },
{ "type": "Feature", "properties": { "CD_MUN": "2301851", "NM_MUN": "Banabuiú", "CD_RGI": "230006", "NM_RGI": "Quixadá", "CD_RGINT": "2302", "NM_RGINT": "Quixadá", "CD_UF": "23", "NM_UF": "Ceará", "SIGLA_UF": "CE", "CD_REGIA": "2", "NM_REGIA": "Nordeste", "SIGLA_RG": "NE", "CD_CONCU": null, "NM_CONCU": null, "AREA_KM2": 1080.986, "mun_upp": "BANABUIÚ", "has_qualif": 1, "municipio": "Banabuiú", "REGIÃO DE PLANEJAMENTO": "Sertão Central", "auxiliary_storage_labeling_positionx": null, "auxiliary_storage_labeling_positiony": null, "auxiliary_storage_labeling_lineanchorpercent": null, "auxiliary_storage_labeling_lineanchorclipping": null, "auxiliary_storage_labeling_lineanchortype": null, "auxiliary_storage_labeling_lineanchortextpoint": null, "auxiliary_storage_callouts_originx": null, "auxiliary_storage_callouts_originy": null, "auxiliary_storage_callouts_destinationx": null, "auxiliary_storage_callouts_destinationy": null }, "geometry": { "type": "Polygon", "coordinates": [ [ [ -38.8977483, -5.3098943 ], [ -38.9161901, -5.3207227 ], [ -38.9184404, -5.3236312 ], [ -38.9183533, -5.3276838 ], [ -38.9229843, -5.3291801 ], [ -38.9242988, -5.3552886 ], [ -38.9228824, -5.3642101 ], [ -38.9243744, -5.3794782 ], [ -38.9210771, -5.4000088 ], [ -38.9217383, -5.4034701 ], [ -38.9255985, -5.4074882 ], [ -38.9258283, -5.4112886 ], [ -38.9221308, -5.4118301 ], [ -38.9218205, -5.4174805 ], [ -38.919986, -5.4192127 ], [ -38.9219578, -5.4236385 ], [ -38.9214633, -5.4295901 ], [ -38.922935, -5.4338395 ], [ -38.9205436, -5.435235 ], [ -38.9164322, -5.4321967 ], [ -38.910831, -5.4376816 ], [ -38.9100343, -5.4468899 ], [ -38.907175, -5.4492597 ], [ -38.9067991, -5.4518126 ], [ -38.9090497, -5.4514483 ], [ -38.9110477, -5.4555096 ], [ -38.9181411, -5.4579215 ], [ -38.9244767, -5.4536089 ], [ -38.9288514, -5.4856706 ], [ -38.9382938, -5.485786 ], [ -38.9440275, -5.4890168 ], [ -38.9505502, -5.5037533 ], [ -38.9562983, -5.5071698 ], [ -38.9589639, -5.5127155 ], [ -38.9633724, -5.5128301 ], [ -38.9668103, -5.5167251 ], [ -38.977299, -5.5214701 ], [ -38.9785066, -5.5203132 ], [ -38.9778221, -5.517826 ], [ -38.9806179, -5.514703 ], [ -38.9830856, -5.5141028 ], [ -38.9857244, -5.5161611 ], [ -38.9897664, -5.5124735 ], [ -38.9928017, -5.51515 ], [ -38.9949324, -5.5093647 ], [ -39.0004952, -5.5099223 ], [ -39.0046163, -5.505863 ], [ -39.0061301, -5.5102566 ], [ -39.009281, -5.5111992 ], [ -39.0132898, -5.5056513 ], [ -39.020734, -5.5002455 ], [ -39.0224453, -5.493607 ], [ -39.0269683, -5.489886 ], [ -39.030992, -5.4920327 ], [ -39.0464391, -5.5113817 ], [ -39.0568946, -5.5099357 ], [ -39.0602938, -5.5110889 ], [ -39.0631065, -5.4975946 ], [ -39.0684549, -5.4934229 ], [ -39.0695442, -5.4878628 ], [ -39.071325, -5.486274 ], [ -39.0687502, -5.473563 ], [ -39.0607276, -5.4606538 ], [ -39.0554768, -5.4296724 ], [ -39.0576791, -5.4185784 ], [ -39.0590386, -5.4151742 ], [ -39.0689054, -5.4081034 ], [ -39.0851105, -5.4024881 ], [ -39.0545358, -5.299992 ], [ -39.0496314, -5.2895475 ], [ -39.0446492, -5.2853334 ], [ -39.0432436, -5.2794648 ], [ -39.0343014, -5.2717103 ], [ -39.0335348, -5.2662654 ], [ -39.041042, -5.2513886 ], [ -39.0330649, -5.2353093 ], [ -39.0315317, -5.2257054 ], [ -39.0286288, -5.2221369 ], [ -39.0370722, -5.22224 ], [ -39.0469321, -5.2264037 ], [ -39.0539819, -5.2240297 ], [ -39.0580604, -5.2207231 ], [ -39.08874, -5.1730247 ], [ -39.0832133, -5.1512058 ], [ -39.0755939, -5.151089 ], [ -39.0746569, -5.1529977 ], [ -39.0693553, -5.1546456 ], [ -39.0606685, -5.1501838 ], [ -39.0566181, -5.1501824 ], [ -39.0546665, -5.1508502 ], [ -39.0511769, -5.1571152 ], [ -39.0426211, -5.1581975 ], [ -39.0316124, -5.164138 ], [ -39.0207229, -5.1626425 ], [ -39.0186401, -5.1668179 ], [ -39.0159066, -5.1681703 ], [ -39.0136295, -5.1633593 ], [ -39.0091262, -5.1600083 ], [ -39.0022626, -5.1645397 ], [ -38.9982876, -5.1632891 ], [ -38.9920417, -5.1545914 ], [ -38.9877057, -5.1530265 ], [ -38.9863898, -5.1484083 ], [ -38.9826865, -5.1479909 ], [ -38.9784402, -5.1437601 ], [ -38.9727943, -5.1428234 ], [ -38.972093, -5.1414949 ], [ -38.965835, -5.147308 ], [ -38.9603471, -5.1489144 ], [ -38.9563093, -5.1529802 ], [ -38.9504423, -5.1542484 ], [ -38.9471986, -5.1529107 ], [ -38.9409585, -5.1553187 ], [ -38.9379357, -5.1534036 ], [ -38.9236646, -5.1600412 ], [ -38.9215783, -5.1629103 ], [ -38.9127897, -5.1631395 ], [ -38.9082115, -5.1659244 ], [ -38.9025146, -5.1659445 ], [ -38.8130645, -5.0665911 ], [ -38.7933024, -5.0781909 ], [ -38.7856938, -5.0777591 ], [ -38.7803237, -5.075636 ], [ -38.7617044, -5.0787021 ], [ -38.7558198, -5.0860332 ], [ -38.7442241, -5.0949208 ], [ -38.7341814, -5.0924484 ], [ -38.7204077, -5.0930679 ], [ -38.715435, -5.0901061 ], [ -38.7107101, -5.093089 ], [ -38.699046, -5.0934951 ], [ -38.6744114, -5.1111295 ], [ -38.6731109, -5.1102313 ], [ -38.669192, -5.1120828 ], [ -38.6659132, -5.1167814 ], [ -38.6501639, -5.1224173 ], [ -38.6430425, -5.119927 ], [ -38.6375061, -5.1219465 ], [ -38.6282934, -5.1188131 ], [ -38.6181848, -5.1188635 ], [ -38.6144405, -5.1254089 ], [ -38.6173671, -5.1314842 ], [ -38.6157397, -5.1383632 ], [ -38.6136516, -5.1421467 ], [ -38.609849, -5.143582 ], [ -38.6108756, -5.1484609 ], [ -38.6772592, -5.2272883 ], [ -38.6917041, -5.2272656 ], [ -38.7082144, -5.2009538 ], [ -38.712808, -5.202335 ], [ -38.7183663, -5.1992109 ], [ -38.7230789, -5.1983558 ], [ -38.7306466, -5.1999463 ], [ -38.7352136, -5.1975442 ], [ -38.7376391, -5.1994092 ], [ -38.7469678, -5.2005844 ], [ -38.7520028, -5.199623 ], [ -38.7572724, -5.201694 ], [ -38.7638357, -5.1998549 ], [ -38.7735099, -5.2031795 ], [ -38.7833102, -5.2130953 ], [ -38.7963306, -5.2152718 ], [ -38.8007997, -5.2200948 ], [ -38.8035695, -5.2196663 ], [ -38.8106297, -5.2228968 ], [ -38.8218737, -5.2423705 ], [ -38.827488, -5.2485877 ], [ -38.8277493, -5.2536352 ], [ -38.8412769, -5.2724791 ], [ -38.8443783, -5.2831582 ], [ -38.8487766, -5.2884775 ], [ -38.8581186, -5.2905277 ], [ -38.8596371, -5.2937474 ], [ -38.8687241, -5.3021134 ], [ -38.8775492, -5.3080528 ], [ -38.8833515, -5.3101423 ], [ -38.8977483, -5.3098943 ] ] ] } },
{ "type": "Feature", "properties": { "CD_MUN": "2311264", "NM_MUN": "Quiterianópolis", "CD_RGI": "230013", "NM_RGI": "Crateús", "CD_RGINT": "2305", "NM_RGINT": "Crateús", "CD_UF": "23", "NM_UF": "Ceará", "SIGLA_UF": "CE", "CD_REGIA": "2", "NM_REGIA": "Nordeste", "SIGLA_RG": "NE", "CD_CONCU": null, "NM_CONCU": null, "AREA_KM2": 1022.896, "mun_upp": "QUITERIANÓPOLIS", "has_qualif": 1, "municipio": "Quiterianópolis", "REGIÃO DE PLANEJAMENTO": "Sertão dos Inhamuns", "auxiliary_storage_labeling_positionx": -41.075451853475585, "auxiliary_storage_labeling_positiony": -5.8959524462847659, "auxiliary_storage_labeling_lineanchorpercent": null, "auxiliary_storage_labeling_lineanchorclipping": null, "auxiliary_storage_labeling_lineanchortype": null, "auxiliary_storage_labeling_lineanchortextpoint": null, "auxiliary_storage_callouts_originx": null, "auxiliary_storage_callouts_originy": null, "auxiliary_storage_callouts_destinationx": null, "auxiliary_storage_callouts_destinationy": null }, "geometry": { "type": "Polygon", "coordinates": [ [ [ -40.6602188, -5.8463865 ], [ -40.6631039, -5.850982 ], [ -40.6666293, -5.851474 ], [ -40.6673669, -5.8544744 ], [ -40.6710785, -5.8549155 ], [ -40.669451, -5.860186 ], [ -40.6709955, -5.8683771 ], [ -40.6813995, -5.8720254 ], [ -40.6827248, -5.8795828 ], [ -40.6777226, -5.8864178 ], [ -40.6765674, -5.8929909 ], [ -40.6728157, -5.9006323 ], [ -40.664189, -5.9086714 ], [ -40.6628222, -5.9133007 ], [ -40.6717458, -5.9146521 ], [ -40.6852589, -5.9115241 ], [ -40.6956448, -5.9120674 ], [ -40.6993489, -5.9178449 ], [ -40.7020082, -5.9276614 ], [ -40.7043133, -5.9286303 ], [ -40.7054159, -5.9385698 ], [ -40.7099925, -5.9365818 ], [ -40.7099216, -5.9422531 ], [ -40.7145725, -5.9406331 ], [ -40.7115948, -5.9466818 ], [ -40.7123548, -5.9490398 ], [ -40.7097941, -5.9497917 ], [ -40.7131929, -5.9540824 ], [ -40.7113265, -5.9585442 ], [ -40.7142391, -5.9622617 ], [ -40.7129158, -5.9666039 ], [ -40.7211103, -5.9660849 ], [ -40.72774, -5.9731139 ], [ -40.7330589, -5.9741229 ], [ -40.7378552, -5.9718762 ], [ -40.7372445, -5.9762015 ], [ -40.7387099, -5.9796881 ], [ -40.7436026, -5.9794608 ], [ -40.7464597, -5.9840736 ], [ -40.7436646, -5.991882 ], [ -40.7391056, -5.9927186 ], [ -40.7358817, -6.0010483 ], [ -40.7364359, -6.0067326 ], [ -40.7391483, -6.0125892 ], [ -40.7337692, -6.0211498 ], [ -40.7336461, -6.029786 ], [ -40.7249157, -6.0366598 ], [ -40.7140776, -6.0394795 ], [ -40.712104, -6.042723 ], [ -40.7145837, -6.0452761 ], [ -40.7216457, -6.0477984 ], [ -40.7243712, -6.0528455 ], [ -40.7314144, -6.05241 ], [ -40.73208, -6.0544319 ], [ -40.7378596, -6.0582135 ], [ -40.7389695, -6.064782 ], [ -40.7380921, -6.0665152 ], [ -40.7318788, -6.0688482 ], [ -40.7332114, -6.0733049 ], [ -40.7403664, -6.0819562 ], [ -40.7470176, -6.0814868 ], [ -40.7465822, -6.0883229 ], [ -40.7479807, -6.0907967 ], [ -40.7537263, -6.0903032 ], [ -40.7600569, -6.0928484 ], [ -40.767342, -6.0891052 ], [ -40.7725829, -6.0911383 ], [ -40.7764497, -6.089604 ], [ -40.7809618, -6.0913296 ], [ -40.79048, -6.0886549 ], [ -40.801773, -6.0939688 ], [ -40.8075379, -6.0920957 ], [ -40.8104805, -6.0929471 ], [ -40.8121817, -6.0958959 ], [ -40.808422, -6.0991501 ], [ -40.8069475, -6.1049531 ], [ -40.8576806, -6.1053561 ], [ -40.8649999, -6.0877508 ], [ -40.8735951, -6.055405 ], [ -40.8772659, -6.0514877 ], [ -40.8842798, -6.0477909 ], [ -40.9022038, -6.0492042 ], [ -40.9075475, -6.0446616 ], [ -40.9080189, -6.0362806 ], [ -40.9039474, -6.020877 ], [ -40.8898194, -6.0039828 ], [ -40.8873548, -5.9893269 ], [ -40.8781915, -5.9820797 ], [ -40.8755733, -5.9778307 ], [ -40.8735913, -5.9730536 ], [ -40.8736344, -5.9667581 ], [ -40.8741331, -5.9613441 ], [ -40.8763648, -5.9577836 ], [ -40.8762477, -5.9478534 ], [ -40.8795287, -5.9355945 ], [ -40.880216, -5.9176672 ], [ -40.888587, -5.9126334 ], [ -40.8975193, -5.9012974 ], [ -40.8979186, -5.8964545 ], [ -40.894406, -5.889362 ], [ -40.8936441, -5.8838093 ], [ -40.9056455, -5.8492766 ], [ -40.9057772, -5.8405004 ], [ -40.9090572, -5.8255508 ], [ -40.9058188, -5.8014544 ], [ -40.9095725, -5.781742 ], [ -40.9098841, -5.7642034 ], [ -40.8822775, -5.76977 ], [ -40.8724062, -5.7624716 ], [ -40.8661126, -5.7658813 ], [ -40.8617202, -5.7657372 ], [ -40.8602807, -5.7674284 ], [ -40.8498133, -5.7692082 ], [ -40.8485281, -5.7675407 ], [ -40.8432745, -5.7705445 ], [ -40.8327858, -5.7628646 ], [ -40.8328844, -5.7600892 ], [ -40.8274015, -5.75598 ], [ -40.8173895, -5.7553793 ], [ -40.8130299, -5.7535946 ], [ -40.8062095, -5.7456796 ], [ -40.8006562, -5.7427337 ], [ -40.7941892, -5.7346798 ], [ -40.7882037, -5.7334214 ], [ -40.7858225, -5.7357734 ], [ -40.7792077, -5.7362007 ], [ -40.7699954, -5.7269587 ], [ -40.7656786, -5.7248412 ], [ -40.7602237, -5.7245493 ], [ -40.7586798, -5.7211377 ], [ -40.7502576, -5.7201052 ], [ -40.7255088, -5.6901661 ], [ -40.6796025, -5.6900762 ], [ -40.6752143, -5.6844147 ], [ -40.6641636, -5.6767333 ], [ -40.6624678, -5.6787166 ], [ -40.6646255, -5.6795492 ], [ -40.6618529, -5.6829964 ], [ -40.66249, -5.6860924 ], [ -40.6602452, -5.6867349 ], [ -40.6581387, -5.6906888 ], [ -40.659639, -5.6926579 ], [ -40.6538559, -5.6975929 ], [ -40.6535808, -5.7008218 ], [ -40.6434539, -5.7035505 ], [ -40.6378834, -5.7078133 ], [ -40.6354567, -5.7119254 ], [ -40.6390665, -5.7178559 ], [ -40.6242367, -5.7331306 ], [ -40.6169367, -5.7350095 ], [ -40.6153249, -5.7340877 ], [ -40.6154308, -5.7298546 ], [ -40.6129368, -5.7257531 ], [ -40.605924, -5.7252935 ], [ -40.6014981, -5.7284869 ], [ -40.5997133, -5.7371577 ], [ -40.592388, -5.7382545 ], [ -40.5862788, -5.7359828 ], [ -40.5840242, -5.7401064 ], [ -40.5788956, -5.7378318 ], [ -40.5736119, -5.7383914 ], [ -40.5698132, -5.7415188 ], [ -40.5647095, -5.7361685 ], [ -40.5591936, -5.7358402 ], [ -40.5555442, -5.7295179 ], [ -40.5455896, -5.7267578 ], [ -40.5378072, -5.7217123 ], [ -40.541465, -5.7259361 ], [ -40.541055, -5.728934 ], [ -40.5435621, -5.7307278 ], [ -40.5440331, -5.737097 ], [ -40.5479188, -5.738558 ], [ -40.5568612, -5.7383274 ], [ -40.5581207, -5.7425291 ], [ -40.5646123, -5.7469078 ], [ -40.5698575, -5.7541013 ], [ -40.5704011, -5.762839 ], [ -40.5689045, -5.7702424 ], [ -40.5705331, -5.7728608 ], [ -40.5632921, -5.786622 ], [ -40.5638656, -5.789697 ], [ -40.5668451, -5.7925835 ], [ -40.565921, -5.7993023 ], [ -40.5689242, -5.8106614 ], [ -40.5651835, -5.8217468 ], [ -40.5692059, -5.8279933 ], [ -40.5671065, -5.8306917 ], [ -40.5673431, -5.8329158 ], [ -40.5643046, -5.8337284 ], [ -40.5642181, -5.8402224 ], [ -40.5696899, -5.8411284 ], [ -40.5748616, -5.8398694 ], [ -40.5772066, -5.8410403 ], [ -40.5791695, -5.8385625 ], [ -40.5849059, -5.8391656 ], [ -40.5871752, -5.8352497 ], [ -40.5961123, -5.836473 ], [ -40.5995376, -5.8387374 ], [ -40.6029053, -5.8378194 ], [ -40.6023254, -5.8431413 ], [ -40.6071283, -5.8484599 ], [ -40.6280006, -5.8532857 ], [ -40.6323443, -5.8521052 ], [ -40.6419495, -5.840237 ], [ -40.6539286, -5.8455452 ], [ -40.6602188, -5.8463865 ] ] ] } },
{ "type": "Feature", "properties": { "CD_MUN": "2305357", "NM_MUN": "Icapuí", "CD_RGI": "230008", "NM_RGI": "Aracati", "CD_RGINT": "2302", "NM_RGINT": "Quixadá", "CD_UF": "23", "NM_UF": "Ceará", "SIGLA_UF": "CE", "CD_REGIA": "2", "NM_REGIA": "Nordeste", "SIGLA_RG": "NE", "CD_CONCU": null, "NM_CONCU": null, "AREA_KM2": 421.442, "mun_upp": "ICAPUÍ", "has_qualif": 1, "municipio": "Icapuí", "REGIÃO DE PLANEJAMENTO": "Litoral Leste", "auxiliary_storage_labeling_positionx": null, "auxiliary_storage_labeling_positiony": null, "auxiliary_storage_labeling_lineanchorpercent": null, "auxiliary_storage_labeling_lineanchorclipping": null, "auxiliary_storage_labeling_lineanchortype": null, "auxiliary_storage_labeling_lineanchortextpoint": null, "auxiliary_storage_callouts_originx": null, "auxiliary_storage_callouts_originy": null, "auxiliary_storage_callouts_destinationx": null, "auxiliary_storage_callouts_destinationy": null }, "geometry": { "type": "Polygon", "coordinates": [ [ [ -37.3557194, -4.7942275 ], [ -37.3654926, -4.7850228 ], [ -37.3745783, -4.7828869 ], [ -37.3828036, -4.7782317 ], [ -37.3991482, -4.7759027 ], [ -37.4016532, -4.7721718 ], [ -37.411665, -4.7806242 ], [ -37.4167235, -4.7823563 ], [ -37.4205559, -4.7817415 ], [ -37.4221958, -4.7773458 ], [ -37.434126, -4.7817941 ], [ -37.4456178, -4.780616 ], [ -37.4504987, -4.7833795 ], [ -37.4647366, -4.7811752 ], [ -37.504005, -4.7918785 ], [ -37.5276726, -4.7551441 ], [ -37.5572171, -4.7225141 ], [ -37.5402159, -4.6603353 ], [ -37.5435473, -4.6540501 ], [ -37.5399065, -4.6501018 ], [ -37.5405848, -4.644682 ], [ -37.5368762, -4.6441091 ], [ -37.5356904, -4.6415874 ], [ -37.5269009, -4.6426166 ], [ -37.5207375, -4.6411801 ], [ -37.5086185, -4.6291756 ], [ -37.4978126, -4.6269612 ], [ -37.4918354, -4.6313331 ], [ -37.47856, -4.6463392 ], [ -37.4713223, -4.6508377 ], [ -37.4619713, -4.6516462 ], [ -37.4444302, -4.66035 ], [ -37.4313804, -4.6641726 ], [ -37.4075504, -4.6751417 ], [ -37.3712188, -4.6824223 ], [ -37.3534397, -4.6911933 ], [ -37.3502875, -4.6907123 ], [ -37.3497105, -4.6926729 ], [ -37.3445691, -4.6903844 ], [ -37.3300078, -4.6970597 ], [ -37.2950338, -4.7302004 ], [ -37.2860853, -4.7432444 ], [ -37.2804374, -4.7544823 ], [ -37.2622072, -4.8110096 ], [ -37.2526586, -4.8313903 ], [ -37.3568981, -4.8580565 ], [ -37.3557194, -4.7942275 ] ] ] } },
{ "type": "Feature", "properties": { "CD_MUN": "2311231", "NM_MUN": "Potiretama", "CD_RGI": "230007", "NM_RGI": "Russas - Limoeiro do Norte", "CD_RGINT": "2302", "NM_RGINT": "Quixadá", "CD_UF": "23", "NM_UF": "Ceará", "SIGLA_UF": "CE", "CD_REGIA": "2", "NM_REGIA": "Nordeste", "SIGLA_RG": "NE", "CD_CONCU": null, "NM_CONCU": null, "AREA_KM2": 409.137, "mun_upp": "POTIRETAMA", "has_qualif": 1, "municipio": "Potiretama", "REGIÃO DE PLANEJAMENTO": "Vale do Jaguaribe", "auxiliary_storage_labeling_positionx": null, "auxiliary_storage_labeling_positiony": null, "auxiliary_storage_labeling_lineanchorpercent": null, "auxiliary_storage_labeling_lineanchorclipping": null, "auxiliary_storage_labeling_lineanchortype": null, "auxiliary_storage_labeling_lineanchortextpoint": null, "auxiliary_storage_callouts_originx": null, "auxiliary_storage_callouts_originy": null, "auxiliary_storage_callouts_destinationx": null, "auxiliary_storage_callouts_destinationy": null }, "geometry": { "type": "Polygon", "coordinates": [ [ [ -38.146515, -5.8920319 ], [ -38.1472653, -5.8870904 ], [ -38.1490913, -5.8863468 ], [ -38.1491928, -5.8820524 ], [ -38.1517797, -5.8813215 ], [ -38.1525209, -5.8769014 ], [ -38.1466419, -5.8730323 ], [ -38.1458049, -5.8699662 ], [ -38.1485623, -5.867956 ], [ -38.1488651, -5.8656695 ], [ -38.1471136, -5.8641452 ], [ -38.1496496, -5.8611205 ], [ -38.1545295, -5.8593251 ], [ -38.1611082, -5.8599197 ], [ -38.1647175, -5.8544005 ], [ -38.1753982, -5.8515067 ], [ -38.1757575, -5.8488529 ], [ -38.1781606, -5.8500816 ], [ -38.1808131, -5.8477685 ], [ -38.1851795, -5.8476352 ], [ -38.1842262, -5.8453134 ], [ -38.1857548, -5.8428359 ], [ -38.1878291, -5.8426402 ], [ -38.1902676, -5.8451951 ], [ -38.1967425, -5.845009 ], [ -38.1999687, -5.8469459 ], [ -38.2015976, -5.8425616 ], [ -38.2046169, -5.8424137 ], [ -38.2054456, -5.8439574 ], [ -38.2068932, -5.8419432 ], [ -38.2126956, -5.841676 ], [ -38.2139452, -5.8392417 ], [ -38.2166915, -5.8393178 ], [ -38.2170258, -5.8374407 ], [ -38.2273922, -5.8335144 ], [ -38.2232053, -5.8305013 ], [ -38.2269682, -5.824479 ], [ -38.2268472, -5.8159316 ], [ -38.2373762, -5.8080581 ], [ -38.235744, -5.8011562 ], [ -38.2459778, -5.7973772 ], [ -38.2415543, -5.7907037 ], [ -38.2452512, -5.7880904 ], [ -38.2450697, -5.7815745 ], [ -38.2507586, -5.7652189 ], [ -38.2491955, -5.7611081 ], [ -38.2506223, -5.7520377 ], [ -38.2516134, -5.749264 ], [ -38.2545119, -5.7484864 ], [ -38.2558446, -5.7407605 ], [ -38.2551501, -5.736005 ], [ -38.2508753, -5.7340148 ], [ -38.2486399, -5.7307904 ], [ -38.2560925, -5.7168046 ], [ -38.2599287, -5.713474 ], [ -38.2632391, -5.6999589 ], [ -38.2664911, -5.6976015 ], [ -38.2641117, -5.6894986 ], [ -38.2670445, -5.6871607 ], [ -38.2668956, -5.6820145 ], [ -38.2665817, -5.6778456 ], [ -38.2622615, -5.6714584 ], [ -38.2602677, -5.6619306 ], [ -38.2472986, -5.6517044 ], [ -38.2487529, -5.6454596 ], [ -38.2463836, -5.6454335 ], [ -38.243949, -5.6416104 ], [ -38.2409029, -5.6416662 ], [ -38.239165, -5.636997 ], [ -38.2357727, -5.6369207 ], [ -38.2328915, -5.6399686 ], [ -38.232915, -5.6427366 ], [ -38.23095, -5.6436276 ], [ -38.2303682, -5.6409344 ], [ -38.2259795, -5.6406678 ], [ -38.2242971, -5.634225 ], [ -38.2214036, -5.6363392 ], [ -38.2195424, -5.6346255 ], [ -38.2199183, -5.6393768 ], [ -38.2188427, -5.6398061 ], [ -38.2140106, -5.6391606 ], [ -38.2145624, -5.6339776 ], [ -38.2130304, -5.6318215 ], [ -38.2047778, -5.6308351 ], [ -38.2039683, -5.6331734 ], [ -38.193463, -5.6328264 ], [ -38.1925733, -5.6363655 ], [ -38.1869665, -5.6413741 ], [ -38.1817618, -5.6407502 ], [ -38.1771207, -5.6436195 ], [ -38.1759813, -5.6420012 ], [ -38.1740144, -5.6440076 ], [ -38.1673282, -5.6454714 ], [ -38.1712423, -5.651862 ], [ -38.1616224, -5.6563572 ], [ -38.1579831, -5.6552318 ], [ -38.1541463, -5.658529 ], [ -38.1493811, -5.6587159 ], [ -38.147313, -5.661434 ], [ -38.148454, -5.6702525 ], [ -38.1383405, -5.6753711 ], [ -38.1336403, -5.674323 ], [ -38.1297961, -5.6759614 ], [ -38.1239788, -5.6719284 ], [ -38.0828404, -5.6724407 ], [ -38.0845297, -5.6842612 ], [ -38.082842, -5.6984034 ], [ -38.0896939, -5.7148464 ], [ -38.0882363, -5.7300377 ], [ -38.075226, -5.7234691 ], [ -38.068352, -5.725449 ], [ -38.0617667, -5.7252449 ], [ -38.0575032, -5.7297463 ], [ -38.0505907, -5.7282798 ], [ -38.0470084, -5.7302628 ], [ -38.049654, -5.7398249 ], [ -38.0575365, -5.7481631 ], [ -38.0615092, -5.7620533 ], [ -38.0657642, -5.7652436 ], [ -38.0761553, -5.7810562 ], [ -38.1004934, -5.8045298 ], [ -38.114361, -5.8222554 ], [ -38.1158544, -5.8293916 ], [ -38.1188643, -5.8328348 ], [ -38.1162857, -5.8479868 ], [ -38.1205458, -5.8583475 ], [ -38.1225154, -5.8817401 ], [ -38.1249373, -5.8876121 ], [ -38.1276392, -5.891561 ], [ -38.1425539, -5.9016407 ], [ -38.1446253, -5.9137543 ], [ -38.1467201, -5.9161778 ], [ -38.1592981, -5.9245759 ], [ -38.1657167, -5.9145608 ], [ -38.1634083, -5.9141911 ], [ -38.1575431, -5.9039231 ], [ -38.1536272, -5.9038759 ], [ -38.1501743, -5.9012136 ], [ -38.1502858, -5.897616 ], [ -38.146515, -5.8920319 ] ] ] } },
{ "type": "Feature", "properties": { "CD_MUN": "2304004", "NM_MUN": "Coreaú", "CD_RGI": "230015", "NM_RGI": "Sobral", "CD_RGINT": "2306", "NM_RGINT": "Sobral", "CD_UF": "23", "NM_UF": "Ceará", "SIGLA_UF": "CE", "CD_REGIA": "2", "NM_REGIA": "Nordeste", "SIGLA_RG": "NE", "CD_CONCU": null, "NM_CONCU": null, "AREA_KM2": 750.333, "mun_upp": "COREAÚ", "has_qualif": 1, "municipio": "Coreaú", "REGIÃO DE PLANEJAMENTO": "Sertão de Sobral", "auxiliary_storage_labeling_positionx": null, "auxiliary_storage_labeling_positiony": null, "auxiliary_storage_labeling_lineanchorpercent": null, "auxiliary_storage_labeling_lineanchorclipping": null, "auxiliary_storage_labeling_lineanchortype": null, "auxiliary_storage_labeling_lineanchortextpoint": null, "auxiliary_storage_callouts_originx": null, "auxiliary_storage_callouts_originy": null, "auxiliary_storage_callouts_destinationx": null, "auxiliary_storage_callouts_destinationy": null }, "geometry": { "type": "Polygon", "coordinates": [ [ [ -40.6518303, -3.5273779 ], [ -40.6454369, -3.5317086 ], [ -40.6444872, -3.53065 ], [ -40.5588816, -3.5304372 ], [ -40.5539656, -3.5381367 ], [ -40.5669756, -3.5487843 ], [ -40.5719255, -3.5575653 ], [ -40.5698494, -3.5636261 ], [ -40.5776814, -3.5665762 ], [ -40.5803669, -3.5638106 ], [ -40.586984, -3.5626859 ], [ -40.5968912, -3.5676128 ], [ -40.5994472, -3.5727115 ], [ -40.5892065, -3.5748835 ], [ -40.5942223, -3.579978 ], [ -40.6053485, -3.5823432 ], [ -40.6029363, -3.5854123 ], [ -40.6035179, -3.5890983 ], [ -40.6068123, -3.5886584 ], [ -40.6078669, -3.5911 ], [ -40.6038207, -3.60578 ], [ -40.6148589, -3.6070472 ], [ -40.6142591, -3.609405 ], [ -40.6081803, -3.6137521 ], [ -40.6036153, -3.6200634 ], [ -40.5961709, -3.6166655 ], [ -40.5887806, -3.6199884 ], [ -40.5921955, -3.6225127 ], [ -40.5919846, -3.6254187 ], [ -40.5944122, -3.6289929 ], [ -40.592771, -3.6309248 ], [ -40.5895191, -3.6310318 ], [ -40.5908925, -3.6345573 ], [ -40.5880491, -3.637656 ], [ -40.5889875, -3.6394902 ], [ -40.5803211, -3.6369616 ], [ -40.5752337, -3.6406566 ], [ -40.5784208, -3.6446265 ], [ -40.5734562, -3.6449535 ], [ -40.5486593, -3.6536704 ], [ -40.6105111, -3.6499619 ], [ -40.6557295, -3.7972558 ], [ -40.6888386, -3.8007183 ], [ -40.7153613, -3.8060479 ], [ -40.7121282, -3.8111356 ], [ -40.7127811, -3.8148648 ], [ -40.7182619, -3.8204239 ], [ -40.725593, -3.8214199 ], [ -40.7405763, -3.8288968 ], [ -40.744912, -3.8347854 ], [ -40.7472608, -3.8419104 ], [ -40.7523188, -3.844119 ], [ -40.7573784, -3.8551078 ], [ -40.7661721, -3.8631114 ], [ -40.7938303, -3.8316485 ], [ -40.7907534, -3.8263547 ], [ -40.7919356, -3.8226148 ], [ -40.7878275, -3.822004 ], [ -40.7865029, -3.8200095 ], [ -40.78455, -3.8225911 ], [ -40.7825977, -3.8216757 ], [ -40.7833048, -3.8186891 ], [ -40.7794503, -3.8130568 ], [ -40.7799185, -3.8114193 ], [ -40.7773851, -3.8095153 ], [ -40.7788916, -3.8054497 ], [ -40.7766015, -3.8041575 ], [ -40.777434, -3.7985192 ], [ -40.7756461, -3.7982236 ], [ -40.7759575, -3.795217 ], [ -40.7805052, -3.7942229 ], [ -40.781464, -3.7884968 ], [ -40.7795013, -3.7858982 ], [ -40.7803686, -3.7813889 ], [ -40.7824361, -3.7814516 ], [ -40.7829763, -3.7800437 ], [ -40.7818583, -3.7737585 ], [ -40.7839998, -3.7727301 ], [ -40.7841285, -3.7704522 ], [ -40.7863388, -3.7704955 ], [ -40.7843498, -3.7668629 ], [ -40.7847633, -3.7640581 ], [ -40.7785773, -3.7578311 ], [ -40.7831103, -3.7428638 ], [ -40.7806188, -3.7403615 ], [ -40.7813741, -3.7369817 ], [ -40.7792807, -3.7334642 ], [ -40.7712592, -3.7286284 ], [ -40.7663156, -3.7194128 ], [ -40.7674239, -3.7162715 ], [ -40.7639252, -3.714977 ], [ -40.7602273, -3.7093285 ], [ -40.7544485, -3.7064019 ], [ -40.7516887, -3.7029717 ], [ -40.7443986, -3.7017037 ], [ -40.7364701, -3.6906178 ], [ -40.7336264, -3.6890036 ], [ -40.7662521, -3.6484023 ], [ -40.8286627, -3.6336922 ], [ -40.833401, -3.6339617 ], [ -40.8390948, -3.6410676 ], [ -40.8436811, -3.6422305 ], [ -40.8500491, -3.647086 ], [ -40.8613139, -3.6477325 ], [ -40.8627148, -3.6457439 ], [ -40.8621249, -3.6425752 ], [ -40.8664529, -3.6397192 ], [ -40.8720534, -3.6476623 ], [ -40.8721472, -3.6527101 ], [ -40.8743674, -3.65649 ], [ -40.8871992, -3.6612161 ], [ -40.8909351, -3.6679472 ], [ -40.8991227, -3.5955934 ], [ -40.9040368, -3.5753322 ], [ -40.8924672, -3.5591284 ], [ -40.8568439, -3.5359012 ], [ -40.7619274, -3.5050728 ], [ -40.706548, -3.5211029 ], [ -40.6999076, -3.5140306 ], [ -40.6960923, -3.5137994 ], [ -40.6916224, -3.5101217 ], [ -40.6897253, -3.5118048 ], [ -40.6882086, -3.5105155 ], [ -40.67687, -3.5126924 ], [ -40.6715226, -3.5117617 ], [ -40.6701492, -3.5298806 ], [ -40.6580077, -3.5264309 ], [ -40.6518303, -3.5273779 ] ] ] } },
{ "type": "Feature", "properties": { "CD_MUN": "2307908", "NM_MUN": "Martinópole", "CD_RGI": "230015", "NM_RGI": "Sobral", "CD_RGINT": "2306", "NM_RGINT": "Sobral", "CD_UF": "23", "NM_UF": "Ceará", "SIGLA_UF": "CE", "CD_REGIA": "2", "NM_REGIA": "Nordeste", "SIGLA_RG": "NE", "CD_CONCU": null, "NM_CONCU": null, "AREA_KM2": 303.445, "mun_upp": "MARTINÓPOLE", "has_qualif": 0, "municipio": null, "REGIÃO DE PLANEJAMENTO": "Litoral Norte", "auxiliary_storage_labeling_positionx": -40.659991107433768, "auxiliary_storage_labeling_positiony": -3.1580461026517725, "auxiliary_storage_labeling_lineanchorpercent": null, "auxiliary_storage_labeling_lineanchorclipping": null, "auxiliary_storage_labeling_lineanchortype": null, "auxiliary_storage_labeling_lineanchortextpoint": null, "auxiliary_storage_callouts_originx": null, "auxiliary_storage_callouts_originy": null, "auxiliary_storage_callouts_destinationx": null, "auxiliary_storage_callouts_destinationy": null }, "geometry": { "type": "Polygon", "coordinates": [ [ [ -40.7510415, -3.0507806 ], [ -40.5744196, -3.1356788 ], [ -40.5713652, -3.1536726 ], [ -40.5754432, -3.1662241 ], [ -40.5665139, -3.1722085 ], [ -40.557265, -3.1748212 ], [ -40.5549556, -3.1824371 ], [ -40.5475131, -3.1879282 ], [ -40.5441061, -3.2079279 ], [ -40.541365, -3.2100202 ], [ -40.539741, -3.2192877 ], [ -40.5369566, -3.2232442 ], [ -40.5373684, -3.2284958 ], [ -40.5350817, -3.2286838 ], [ -40.5388318, -3.2380096 ], [ -40.5324933, -3.2403828 ], [ -40.5394272, -3.2435879 ], [ -40.6690641, -3.2476425 ], [ -40.7279212, -3.2339412 ], [ -40.7100746, -3.2132073 ], [ -40.7510415, -3.0507806 ] ] ] } },
{ "type": "Feature", "properties": { "CD_MUN": "2309706", "NM_MUN": "Pacatuba", "CD_RGI": "230001", "NM_RGI": "Fortaleza", "CD_RGINT": "2301", "NM_RGINT": "Fortaleza", "CD_UF": "23", "NM_UF": "Ceará", "SIGLA_UF": "CE", "CD_REGIA": "2", "NM_REGIA": "Nordeste", "SIGLA_RG": "NE", "CD_CONCU": "2304400", "NM_CONCU": "Fortaleza/CE", "AREA_KM2": 133.223, "mun_upp": "PACATUBA", "has_qualif": 1, "municipio": "Pacatuba", "REGIÃO DE PLANEJAMENTO": "Grande Fortaleza", "auxiliary_storage_labeling_positionx": null, "auxiliary_storage_labeling_positiony": null, "auxiliary_storage_labeling_lineanchorpercent": null, "auxiliary_storage_labeling_lineanchorclipping": null, "auxiliary_storage_labeling_lineanchortype": null, "auxiliary_storage_labeling_lineanchortextpoint": null, "auxiliary_storage_callouts_originx": null, "auxiliary_storage_callouts_originy": null, "auxiliary_storage_callouts_destinationx": null, "auxiliary_storage_callouts_destinationy": null }, "geometry": { "type": "Polygon", "coordinates": [ [ [ -38.6070148, -4.0101361 ], [ -38.6098481, -4.0146308 ], [ -38.6154531, -4.0163287 ], [ -38.6247068, -4.0144803 ], [ -38.6276595, -4.0233225 ], [ -38.6357711, -4.0235864 ], [ -38.6494478, -4.0060501 ], [ -38.6547915, -4.0131206 ], [ -38.6677142, -4.0184326 ], [ -38.6664863, -4.0131059 ], [ -38.6697667, -4.0088197 ], [ -38.6700567, -4.0050424 ], [ -38.6568754, -3.9857812 ], [ -38.6430801, -3.9746541 ], [ -38.6347334, -3.9582708 ], [ -38.6312887, -3.9569866 ], [ -38.6287923, -3.9512131 ], [ -38.6206461, -3.9447087 ], [ -38.6175472, -3.9384922 ], [ -38.6161366, -3.9287311 ], [ -38.6141824, -3.9236886 ], [ -38.6115394, -3.9223863 ], [ -38.6125593, -3.9156339 ], [ -38.6179425, -3.8992506 ], [ -38.6218744, -3.8996537 ], [ -38.6229508, -3.8936015 ], [ -38.6253823, -3.8909623 ], [ -38.620956, -3.8901469 ], [ -38.6128076, -3.8843969 ], [ -38.6043206, -3.8815267 ], [ -38.5969775, -3.8829135 ], [ -38.5871019, -3.8811836 ], [ -38.5773808, -3.873862 ], [ -38.5727472, -3.8657863 ], [ -38.5680079, -3.8656203 ], [ -38.5648521, -3.850854 ], [ -38.5423193, -3.8591902 ], [ -38.5469697, -3.8877434 ], [ -38.5527458, -3.8869842 ], [ -38.5487614, -3.8940359 ], [ -38.5559615, -3.9060374 ], [ -38.5737216, -3.9959682 ], [ -38.5747217, -4.0541547 ], [ -38.5941798, -4.0285029 ], [ -38.5994734, -4.0241683 ], [ -38.6057736, -4.0145829 ], [ -38.6052198, -4.0111207 ], [ -38.6070148, -4.0101361 ] ] ] } },
{ "type": "Feature", "properties": { "CD_MUN": "2310803", "NM_MUN": "Pereiro", "CD_RGI": "230007", "NM_RGI": "Russas - Limoeiro do Norte", "CD_RGINT": "2302", "NM_RGINT": "Quixadá", "CD_UF": "23", "NM_UF": "Ceará", "SIGLA_UF": "CE", "CD_REGIA": "2", "NM_REGIA": "Nordeste", "SIGLA_RG": "NE", "CD_CONCU": null, "NM_CONCU": null, "AREA_KM2": 449.741, "mun_upp": "PEREIRO", "has_qualif": 1, "municipio": "Pereiro", "REGIÃO DE PLANEJAMENTO": "Vale do Jaguaribe", "auxiliary_storage_labeling_positionx": null, "auxiliary_storage_labeling_positiony": null, "auxiliary_storage_labeling_lineanchorpercent": null, "auxiliary_storage_labeling_lineanchorclipping": null, "auxiliary_storage_labeling_lineanchortype": null, "auxiliary_storage_labeling_lineanchortextpoint": null, "auxiliary_storage_callouts_originx": null, "auxiliary_storage_callouts_originy": null, "auxiliary_storage_callouts_destinationx": null, "auxiliary_storage_callouts_destinationy": null }, "geometry": { "type": "Polygon", "coordinates": [ [ [ -38.4221377, -6.0120598 ], [ -38.4048456, -6.0572729 ], [ -38.4121149, -6.0592569 ], [ -38.4131871, -6.0583208 ], [ -38.4161344, -6.0619685 ], [ -38.4274361, -6.0693766 ], [ -38.4281242, -6.0735413 ], [ -38.4330571, -6.0781317 ], [ -38.437347, -6.0784482 ], [ -38.443507, -6.0847041 ], [ -38.4473166, -6.0852777 ], [ -38.4457775, -6.0895414 ], [ -38.4434504, -6.0907638 ], [ -38.4432719, -6.0952833 ], [ -38.4407712, -6.0968743 ], [ -38.4453103, -6.1023386 ], [ -38.4501968, -6.1026851 ], [ -38.4515, -6.1067252 ], [ -38.4576708, -6.1080195 ], [ -38.4620852, -6.112321 ], [ -38.4705037, -6.1328599 ], [ -38.4734248, -6.1360032 ], [ -38.4746294, -6.1433227 ], [ -38.4764155, -6.1444131 ], [ -38.4720657, -6.1487492 ], [ -38.4736382, -6.1537972 ], [ -38.4781193, -6.1593764 ], [ -38.4870728, -6.1651605 ], [ -38.4935554, -6.1750615 ], [ -38.5007583, -6.1796825 ], [ -38.5013253, -6.1909471 ], [ -38.5030872, -6.1921533 ], [ -38.5123274, -6.1921185 ], [ -38.5185433, -6.1908619 ], [ -38.5272039, -6.193378 ], [ -38.5258773, -6.1993964 ], [ -38.5279558, -6.2018661 ], [ -38.5292859, -6.2137404 ], [ -38.5197118, -6.2230376 ], [ -38.5360987, -6.229313 ], [ -38.5427091, -6.2298036 ], [ -38.5511922, -6.2343055 ], [ -38.5556445, -6.2306404 ], [ -38.560766, -6.2303994 ], [ -38.5649816, -6.2228516 ], [ -38.5678554, -6.2218817 ], [ -38.5704549, -6.2172532 ], [ -38.5705449, -6.2122802 ], [ -38.5719812, -6.2107137 ], [ -38.5710913, -6.2075118 ], [ -38.5793626, -6.2066388 ], [ -38.5873545, -6.2015949 ], [ -38.5918343, -6.1972045 ], [ -38.5939522, -6.1899559 ], [ -38.6006751, -6.1864187 ], [ -38.5994724, -6.1812478 ], [ -38.600543, -6.1753258 ], [ -38.598894, -6.1757407 ], [ -38.5988009, -6.1709806 ], [ -38.5949046, -6.1705724 ], [ -38.5882036, -6.1657945 ], [ -38.5848079, -6.1552967 ], [ -38.5787781, -6.1442169 ], [ -38.5794938, -6.1431546 ], [ -38.5754495, -6.1406329 ], [ -38.5744013, -6.1380087 ], [ -38.5829658, -6.1437878 ], [ -38.5847145, -6.1428483 ], [ -38.5843995, -6.1399552 ], [ -38.5798045, -6.1365873 ], [ -38.5667437, -6.1152997 ], [ -38.5651375, -6.1154866 ], [ -38.5664041, -6.1228565 ], [ -38.5650717, -6.1243019 ], [ -38.5672984, -6.1312646 ], [ -38.5597676, -6.1174515 ], [ -38.5585231, -6.1053352 ], [ -38.5569067, -6.1026137 ], [ -38.5576394, -6.098478 ], [ -38.5604782, -6.1016189 ], [ -38.5591024, -6.094209 ], [ -38.5619562, -6.0933963 ], [ -38.5598027, -6.0898675 ], [ -38.5561563, -6.0898401 ], [ -38.5591919, -6.086424 ], [ -38.5545486, -6.0787356 ], [ -38.5479988, -6.0775216 ], [ -38.5466926, -6.0747334 ], [ -38.544115, -6.0740591 ], [ -38.5451773, -6.0712748 ], [ -38.5397004, -6.0549213 ], [ -38.5427729, -6.0527094 ], [ -38.540829, -6.0517624 ], [ -38.5399309, -6.0484463 ], [ -38.5359251, -6.0462158 ], [ -38.5400629, -6.0450804 ], [ -38.5403274, -6.0421949 ], [ -38.5370067, -6.0378066 ], [ -38.5334491, -6.0272089 ], [ -38.5336567, -6.0243252 ], [ -38.5352747, -6.0236707 ], [ -38.5288733, -6.0019257 ], [ -38.5261423, -6.0013815 ], [ -38.5275113, -6.0096888 ], [ -38.5264379, -6.0127228 ], [ -38.5246698, -6.0114214 ], [ -38.523914, -6.012926 ], [ -38.5256435, -6.0170733 ], [ -38.5271981, -6.0133757 ], [ -38.5303775, -6.018001 ], [ -38.5291369, -6.0231814 ], [ -38.5263244, -6.0227114 ], [ -38.5320199, -6.0299693 ], [ -38.5268365, -6.0272403 ], [ -38.5340389, -6.0370025 ], [ -38.5336409, -6.0407473 ], [ -38.5161661, -6.0217228 ], [ -38.5078504, -6.0076641 ], [ -38.5090797, -6.0061437 ], [ -38.5075094, -6.0029717 ], [ -38.4940198, -5.9846313 ], [ -38.4943433, -5.9805926 ], [ -38.4843245, -5.9617694 ], [ -38.4711032, -5.9471946 ], [ -38.4648305, -5.9461003 ], [ -38.4640709, -5.9393432 ], [ -38.4559894, -5.94011 ], [ -38.4520305, -5.9376425 ], [ -38.4506373, -5.9350196 ], [ -38.4573057, -5.9368517 ], [ -38.458046, -5.9336094 ], [ -38.4472612, -5.9211692 ], [ -38.450224, -5.9208161 ], [ -38.4567311, -5.9294434 ], [ -38.4556734, -5.9208694 ], [ -38.4570501, -5.9209875 ], [ -38.458316, -5.9254158 ], [ -38.4627505, -5.9314592 ], [ -38.4760859, -5.9385297 ], [ -38.4742314, -5.9410418 ], [ -38.4752047, -5.9435856 ], [ -38.4881215, -5.9563941 ], [ -38.4839804, -5.9462352 ], [ -38.4852117, -5.9462852 ], [ -38.4904201, -5.955251 ], [ -38.4903778, -5.9590368 ], [ -38.5072943, -5.9857569 ], [ -38.5097512, -5.9855574 ], [ -38.5130583, -5.9884821 ], [ -38.5163399, -5.9875453 ], [ -38.5163452, -5.9815839 ], [ -38.511351, -5.976871 ], [ -38.5109219, -5.9696998 ], [ -38.505202, -5.9663233 ], [ -38.503282, -5.9633553 ], [ -38.5057015, -5.957483 ], [ -38.5017279, -5.9565975 ], [ -38.4985767, -5.9534131 ], [ -38.4967235, -5.9436454 ], [ -38.4919623, -5.9336606 ], [ -38.492293, -5.921759 ], [ -38.490795, -5.9169035 ], [ -38.4820031, -5.9148076 ], [ -38.4928715, -5.9154979 ], [ -38.4986475, -5.9290849 ], [ -38.5006739, -5.929065 ], [ -38.4977895, -5.9127397 ], [ -38.4995558, -5.910582 ], [ -38.5006819, -5.9141155 ], [ -38.5037431, -5.9166792 ], [ -38.5054941, -5.9144237 ], [ -38.5059493, -5.9053953 ], [ -38.5042547, -5.8940356 ], [ -38.5086179, -5.8941553 ], [ -38.5102685, -5.8909879 ], [ -38.5122483, -5.8903962 ], [ -38.5111112, -5.8859536 ], [ -38.5127203, -5.8795305 ], [ -38.5071631, -5.8730151 ], [ -38.5033207, -5.8716078 ], [ -38.4968254, -5.8636876 ], [ -38.4935943, -5.8665387 ], [ -38.4915416, -5.8738958 ], [ -38.4878601, -5.8663218 ], [ -38.4819305, -5.845762 ], [ -38.4822504, -5.8358506 ], [ -38.4846156, -5.8354448 ], [ -38.4857149, -5.8314067 ], [ -38.4775234, -5.821264 ], [ -38.4784163, -5.8197306 ], [ -38.47709, -5.8181083 ], [ -38.4787286, -5.8180031 ], [ -38.4778955, -5.8163324 ], [ -38.4798583, -5.8114024 ], [ -38.4848782, -5.813835 ], [ -38.4841253, -5.8104746 ], [ -38.4874701, -5.8093613 ], [ -38.4888119, -5.8048088 ], [ -38.4838592, -5.8040281 ], [ -38.4795039, -5.7970342 ], [ -38.4761803, -5.7956914 ], [ -38.4806109, -5.7944725 ], [ -38.4839915, -5.7976987 ], [ -38.4853623, -5.7930204 ], [ -38.4829242, -5.7873291 ], [ -38.4734297, -5.7784996 ], [ -38.462862, -5.7806951 ], [ -38.4626136, -5.7952485 ], [ -38.4677238, -5.802184 ], [ -38.4629617, -5.8099718 ], [ -38.4649092, -5.8213924 ], [ -38.4834095, -5.8837594 ], [ -38.4827055, -5.8854563 ], [ -38.4793218, -5.8886205 ], [ -38.4757568, -5.8888271 ], [ -38.4749591, -5.8879145 ], [ -38.4774936, -5.8844106 ], [ -38.4741443, -5.8773705 ], [ -38.4593438, -5.8708583 ], [ -38.4569088, -5.8711775 ], [ -38.4494832, -5.8791084 ], [ -38.4427382, -5.8771965 ], [ -38.4367762, -5.8853444 ], [ -38.4337913, -5.8855232 ], [ -38.4225128, -5.8795295 ], [ -38.4193436, -5.879709 ], [ -38.4176615, -5.8815191 ], [ -38.417004, -5.886595 ], [ -38.4190058, -5.9012001 ], [ -38.4145696, -5.9011189 ], [ -38.4117525, -5.8984954 ], [ -38.4076173, -5.8989957 ], [ -38.4076933, -5.9122114 ], [ -38.4034377, -5.9140214 ], [ -38.4028009, -5.9169938 ], [ -38.3793268, -5.9508681 ], [ -38.3976217, -5.9945595 ], [ -38.4028571, -5.9986659 ], [ -38.4035537, -6.0024774 ], [ -38.4058952, -6.0013158 ], [ -38.4145262, -6.0060552 ], [ -38.4154815, -6.0091273 ], [ -38.4210639, -6.0098759 ], [ -38.4221377, -6.0120598 ] ] ] } },
{ "type": "Feature", "properties": { "CD_MUN": "2313807", "NM_MUN": "Uruburetama", "CD_RGI": "230002", "NM_RGI": "Itapipoca", "CD_RGINT": "2301", "NM_RGINT": "Fortaleza", "CD_UF": "23", "NM_UF": "Ceará", "SIGLA_UF": "CE", "CD_REGIA": "2", "NM_REGIA": "Nordeste", "SIGLA_RG": "NE", "CD_CONCU": null, "NM_CONCU": null, "AREA_KM2": 103.478, "mun_upp": "URUBURETAMA", "has_qualif": 1, "municipio": "Uruburetama", "REGIÃO DE PLANEJAMENTO": "Litoral Oeste / Vale do Curu", "auxiliary_storage_labeling_positionx": -39.567555568770459, "auxiliary_storage_labeling_positiony": -3.6293386229161602, "auxiliary_storage_labeling_lineanchorpercent": null, "auxiliary_storage_labeling_lineanchorclipping": null, "auxiliary_storage_labeling_lineanchortype": null, "auxiliary_storage_labeling_lineanchortextpoint": null, "auxiliary_storage_callouts_originx": null, "auxiliary_storage_callouts_originy": null, "auxiliary_storage_callouts_destinationx": null, "auxiliary_storage_callouts_destinationy": null }, "geometry": { "type": "Polygon", "coordinates": [ [ [ -39.5141006, -3.6581732 ], [ -39.5239473, -3.6555349 ], [ -39.5255733, -3.6593182 ], [ -39.5303997, -3.6577438 ], [ -39.5363457, -3.6585079 ], [ -39.5426479, -3.6547913 ], [ -39.5547498, -3.6530151 ], [ -39.5576706, -3.6508051 ], [ -39.5571494, -3.6404417 ], [ -39.5665189, -3.6302496 ], [ -39.5780835, -3.6272503 ], [ -39.5827763, -3.6283141 ], [ -39.5902679, -3.6260452 ], [ -39.5964181, -3.6266191 ], [ -39.5474654, -3.5803992 ], [ -39.5453266, -3.5749736 ], [ -39.5045409, -3.5744713 ], [ -39.4981309, -3.5924233 ], [ -39.4913921, -3.6021521 ], [ -39.4204972, -3.626223 ], [ -39.4414166, -3.6362775 ], [ -39.4347007, -3.6533507 ], [ -39.426329, -3.6558151 ], [ -39.4499644, -3.6579714 ], [ -39.4541156, -3.6543214 ], [ -39.4553386, -3.6511325 ], [ -39.4542038, -3.6462273 ], [ -39.4556274, -3.6431076 ], [ -39.5145669, -3.6692932 ], [ -39.5141006, -3.6581732 ] ] ] } },
{ "type": "Feature", "properties": { "CD_MUN": "2304905", "NM_MUN": "Groaíras", "CD_RGI": "230015", "NM_RGI": "Sobral", "CD_RGINT": "2306", "NM_RGINT": "Sobral", "CD_UF": "23", "NM_UF": "Ceará", "SIGLA_UF": "CE", "CD_REGIA": "2", "NM_REGIA": "Nordeste", "SIGLA_RG": "NE", "CD_CONCU": null, "NM_CONCU": null, "AREA_KM2": 155.681, "mun_upp": "GROAÍRAS", "has_qualif": 1, "municipio": "Groaíras", "REGIÃO DE PLANEJAMENTO": "Sertão de Sobral", "auxiliary_storage_labeling_positionx": -40.393103928819002, "auxiliary_storage_labeling_positiony": -3.9297735279681949, "auxiliary_storage_labeling_lineanchorpercent": null, "auxiliary_storage_labeling_lineanchorclipping": null, "auxiliary_storage_labeling_lineanchortype": null, "auxiliary_storage_labeling_lineanchortextpoint": null, "auxiliary_storage_callouts_originx": null, "auxiliary_storage_callouts_originy": null, "auxiliary_storage_callouts_destinationx": null, "auxiliary_storage_callouts_destinationy": null }, "geometry": { "type": "Polygon", "coordinates": [ [ [ -40.3991798, -3.9411601 ], [ -40.3999026, -3.9350535 ], [ -40.4027086, -3.9365501 ], [ -40.4072641, -3.92899 ], [ -40.4059347, -3.9204543 ], [ -40.4076064, -3.9191496 ], [ -40.4047324, -3.9153067 ], [ -40.4041529, -3.9106845 ], [ -40.4156697, -3.8064802 ], [ -40.3896639, -3.799494 ], [ -40.3866202, -3.8076212 ], [ -40.3875829, -3.810764 ], [ -40.3845686, -3.8207188 ], [ -40.3847474, -3.8252843 ], [ -40.3820654, -3.8285766 ], [ -40.3825981, -3.8309448 ], [ -40.3788211, -3.8377422 ], [ -40.3798612, -3.8445461 ], [ -40.373022, -3.8583407 ], [ -40.3685715, -3.8631222 ], [ -40.3663548, -3.8694142 ], [ -40.3598012, -3.8689847 ], [ -40.35871, -3.8717023 ], [ -40.3525076, -3.8737632 ], [ -40.3401441, -3.8699328 ], [ -40.3362643, -3.8634854 ], [ -40.3283391, -3.8613895 ], [ -40.3199636, -3.8631077 ], [ -40.3049498, -3.9332107 ], [ -40.3374771, -3.9700518 ], [ -40.3601696, -4.0319041 ], [ -40.3611653, -4.0259918 ], [ -40.3717367, -4.0145706 ], [ -40.3716346, -4.0117804 ], [ -40.36811, -4.0073292 ], [ -40.370772, -4.0015345 ], [ -40.3711474, -3.9953286 ], [ -40.3778258, -3.9927595 ], [ -40.3779857, -3.9895096 ], [ -40.38084, -3.9884469 ], [ -40.3869115, -3.9769003 ], [ -40.392461, -3.9737859 ], [ -40.3919223, -3.9707276 ], [ -40.394558, -3.9672096 ], [ -40.3931261, -3.9574975 ], [ -40.3984927, -3.9557158 ], [ -40.3995676, -3.9532849 ], [ -40.3956629, -3.942489 ], [ -40.3991798, -3.9411601 ] ] ] } },
{ "type": "Feature", "properties": { "CD_MUN": "2312502", "NM_MUN": "São João do Jaguaribe", "CD_RGI": "230007", "NM_RGI": "Russas - Limoeiro do Norte", "CD_RGINT": "2302", "NM_RGINT": "Quixadá", "CD_UF": "23", "NM_UF": "Ceará", "SIGLA_UF": "CE", "CD_REGIA": "2", "NM_REGIA": "Nordeste", "SIGLA_RG": "NE", "CD_CONCU": null, "NM_CONCU": null, "AREA_KM2": 279.451, "mun_upp": "SÃO JOÃO DO JAGUARIBE", "has_qualif": 1, "municipio": "São João do Jaguaribe", "REGIÃO DE PLANEJAMENTO": "Vale do Jaguaribe", "auxiliary_storage_labeling_positionx": null, "auxiliary_storage_labeling_positiony": null, "auxiliary_storage_labeling_lineanchorpercent": null, "auxiliary_storage_labeling_lineanchorclipping": null, "auxiliary_storage_labeling_lineanchortype": null, "auxiliary_storage_labeling_lineanchortextpoint": null, "auxiliary_storage_callouts_originx": null, "auxiliary_storage_callouts_originy": null, "auxiliary_storage_callouts_destinationx": null, "auxiliary_storage_callouts_destinationy": null }, "geometry": { "type": "Polygon", "coordinates": [ [ [ -38.1585493, -5.357813 ], [ -38.2315332, -5.3942445 ], [ -38.2429141, -5.3955826 ], [ -38.245381, -5.3936615 ], [ -38.2539934, -5.3927818 ], [ -38.2599459, -5.3945125 ], [ -38.2607122, -5.4104572 ], [ -38.3136625, -5.3834202 ], [ -38.3147613, -5.389527 ], [ -38.3209948, -5.3942909 ], [ -38.3218574, -5.3971041 ], [ -38.3323899, -5.4016931 ], [ -38.3413075, -5.4035487 ], [ -38.3944479, -5.3629531 ], [ -38.3877569, -5.3558295 ], [ -38.3626287, -5.3494038 ], [ -38.3494976, -5.3266331 ], [ -38.3297036, -5.3171498 ], [ -38.327769, -5.3110191 ], [ -38.3305152, -5.3060079 ], [ -38.3374903, -5.3009262 ], [ -38.3384648, -5.2968747 ], [ -38.337184, -5.2945041 ], [ -38.333583, -5.293014 ], [ -38.3277896, -5.2727312 ], [ -38.3166533, -5.2666601 ], [ -38.3151315, -5.2619573 ], [ -38.3114281, -5.2595579 ], [ -38.3001159, -5.258638 ], [ -38.2979099, -5.2571223 ], [ -38.2868279, -5.2459308 ], [ -38.278379, -5.242092 ], [ -38.2625123, -5.225724 ], [ -38.2582884, -5.2244929 ], [ -38.2380566, -5.2109101 ], [ -38.210669, -5.2452356 ], [ -38.2232132, -5.2765289 ], [ -38.2213581, -5.280332 ], [ -38.2251872, -5.2827301 ], [ -38.2240719, -5.2867974 ], [ -38.2251885, -5.2913103 ], [ -38.222834, -5.2934255 ], [ -38.2214197, -5.297971 ], [ -38.2190437, -5.2981475 ], [ -38.2179948, -5.296684 ], [ -38.2159033, -5.2986103 ], [ -38.2165805, -5.3046632 ], [ -38.2123203, -5.3092681 ], [ -38.2125444, -5.3121163 ], [ -38.2043979, -5.3148823 ], [ -38.2067839, -5.318946 ], [ -38.2113871, -5.3198077 ], [ -38.2026335, -5.3234989 ], [ -38.2013574, -5.3303991 ], [ -38.1994026, -5.3301948 ], [ -38.1981799, -5.3258919 ], [ -38.1915548, -5.3253234 ], [ -38.184871, -5.3330844 ], [ -38.1771759, -5.3344 ], [ -38.1730544, -5.3414593 ], [ -38.170162, -5.3507575 ], [ -38.1585493, -5.357813 ] ] ] } },
{ "type": "Feature", "properties": { "CD_MUN": "2308401", "NM_MUN": "Missão Velha", "CD_RGI": "230011", "NM_RGI": "Juazeiro do Norte", "CD_RGINT": "2304", "NM_RGINT": "Juazeiro do Norte", "CD_UF": "23", "NM_UF": "Ceará", "SIGLA_UF": "CE", "CD_REGIA": "2", "NM_REGIA": "Nordeste", "SIGLA_RG": "NE", "CD_CONCU": null, "NM_CONCU": null, "AREA_KM2": 613.317, "mun_upp": "MISSÃO VELHA", "has_qualif": 1, "municipio": "Missão Velha", "REGIÃO DE PLANEJAMENTO": "Cariri", "auxiliary_storage_labeling_positionx": null, "auxiliary_storage_labeling_positiony": null, "auxiliary_storage_labeling_lineanchorpercent": null, "auxiliary_storage_labeling_lineanchorclipping": null, "auxiliary_storage_labeling_lineanchortype": null, "auxiliary_storage_labeling_lineanchortextpoint": null, "auxiliary_storage_callouts_originx": null, "auxiliary_storage_callouts_originy": null, "auxiliary_storage_callouts_destinationx": null, "auxiliary_storage_callouts_destinationy": null }, "geometry": { "type": "Polygon", "coordinates": [ [ [ -39.1990102, -7.1580489 ], [ -39.1956914, -7.1563458 ], [ -39.1934026, -7.1506421 ], [ -39.1812311, -7.1476743 ], [ -39.1757145, -7.1446298 ], [ -39.1646412, -7.1336547 ], [ -39.1541816, -7.1326735 ], [ -39.1530696, -7.1302916 ], [ -39.1495611, -7.130596 ], [ -39.1465682, -7.1345965 ], [ -39.1454401, -7.1316009 ], [ -39.1403078, -7.132496 ], [ -39.1367915, -7.1295913 ], [ -39.1353824, -7.1315673 ], [ -39.1359282, -7.1371129 ], [ -39.1319212, -7.1394822 ], [ -39.1337122, -7.1424733 ], [ -39.1292797, -7.1439968 ], [ -39.1219052, -7.1427616 ], [ -39.1219637, -7.1448718 ], [ -39.1177118, -7.1463088 ], [ -39.1150909, -7.1552608 ], [ -39.1121501, -7.1584338 ], [ -39.1107912, -7.1558642 ], [ -39.1092525, -7.1570743 ], [ -39.1081379, -7.1556295 ], [ -39.1051666, -7.1559174 ], [ -39.1042765, -7.1581794 ], [ -39.1023784, -7.1583683 ], [ -39.1015483, -7.1562796 ], [ -39.1028459, -7.1547671 ], [ -39.1003164, -7.1560451 ], [ -39.0960579, -7.1538515 ], [ -39.0950986, -7.1578782 ], [ -39.0907064, -7.1631605 ], [ -39.0897656, -7.161949 ], [ -39.0910885, -7.1562256 ], [ -39.0898107, -7.1574285 ], [ -39.0774864, -7.1557943 ], [ -39.0787796, -7.1507918 ], [ -39.0757869, -7.1484558 ], [ -39.0756547, -7.1463716 ], [ -39.0733513, -7.1462363 ], [ -39.0726048, -7.1421537 ], [ -39.0705153, -7.1459646 ], [ -39.0722025, -7.1470784 ], [ -39.0676035, -7.1470928 ], [ -39.0613172, -7.1404616 ], [ -39.05132, -7.1376577 ], [ -39.0482849, -7.1420571 ], [ -39.0418116, -7.1421296 ], [ -39.0413498, -7.1471677 ], [ -39.0387179, -7.14931 ], [ -39.0318649, -7.1490667 ], [ -39.0310727, -7.1519711 ], [ -39.0254536, -7.1501061 ], [ -39.0253431, -7.1943868 ], [ -39.0766524, -7.2284167 ], [ -39.0829687, -7.2309605 ], [ -39.0862444, -7.2345411 ], [ -39.0832596, -7.2388751 ], [ -39.0873304, -7.2405675 ], [ -39.0865674, -7.2417346 ], [ -39.0892478, -7.2433604 ], [ -39.0877527, -7.251194 ], [ -39.0928023, -7.2530471 ], [ -39.089774, -7.265385 ], [ -39.0819776, -7.2688258 ], [ -39.0840847, -7.2732472 ], [ -39.0844704, -7.2796055 ], [ -39.0907027, -7.2811441 ], [ -39.0857445, -7.289135 ], [ -39.0821735, -7.2916826 ], [ -39.0829801, -7.2947579 ], [ -39.0811505, -7.3012044 ], [ -39.0858744, -7.3101947 ], [ -39.0923474, -7.3140467 ], [ -39.0929113, -7.3168409 ], [ -39.0996446, -7.3223258 ], [ -39.1016695, -7.329852 ], [ -39.1020794, -7.3403923 ], [ -39.0969858, -7.3583125 ], [ -39.0941254, -7.3633408 ], [ -39.0947601, -7.3700109 ], [ -39.0931916, -7.3740334 ], [ -39.0957533, -7.3791821 ], [ -39.0887747, -7.3841341 ], [ -39.0887755, -7.3907764 ], [ -39.0843331, -7.3985519 ], [ -39.0857249, -7.404154 ], [ -39.0805054, -7.4178041 ], [ -39.0780631, -7.4204316 ], [ -39.0760669, -7.4310635 ], [ -39.0781807, -7.4448823 ], [ -39.0808918, -7.4503931 ], [ -39.0805746, -7.4572417 ], [ -39.0861482, -7.4585465 ], [ -39.0886377, -7.4614641 ], [ -39.0952764, -7.464141 ], [ -39.1111311, -7.4605107 ], [ -39.1173769, -7.4614401 ], [ -39.1337933, -7.4543233 ], [ -39.1474466, -7.4538379 ], [ -39.153497, -7.4509129 ], [ -39.1872473, -7.473946 ], [ -39.1949002, -7.5035995 ], [ -39.2540967, -7.4877414 ], [ -39.2544072, -7.4476719 ], [ -39.2268756, -7.4135212 ], [ -39.2229382, -7.3973029 ], [ -39.2318775, -7.3815284 ], [ -39.2284514, -7.3727862 ], [ -39.2320061, -7.3672948 ], [ -39.2409422, -7.3628539 ], [ -39.2251474, -7.3287431 ], [ -39.2136664, -7.3204681 ], [ -39.2115338, -7.3206692 ], [ -39.2074153, -7.3132379 ], [ -39.2092389, -7.31158 ], [ -39.2066933, -7.3018411 ], [ -39.2340939, -7.2810155 ], [ -39.2393943, -7.274723 ], [ -39.2577429, -7.2631116 ], [ -39.2528171, -7.2494575 ], [ -39.2486706, -7.2451463 ], [ -39.2347717, -7.2474612 ], [ -39.2372896, -7.233508 ], [ -39.2336577, -7.22547 ], [ -39.2158233, -7.2214101 ], [ -39.2132437, -7.1984572 ], [ -39.2082376, -7.1898474 ], [ -39.2000403, -7.1858179 ], [ -39.1969954, -7.1808542 ], [ -39.2012289, -7.1752261 ], [ -39.2042705, -7.1655357 ], [ -39.1990102, -7.1580489 ] ] ] } },
{ "type": "Feature", "properties": { "CD_MUN": "2301000", "NM_MUN": "Aquiraz", "CD_RGI": "230001", "NM_RGI": "Fortaleza", "CD_RGINT": "2301", "NM_RGINT": "Fortaleza", "CD_UF": "23", "NM_UF": "Ceará", "SIGLA_UF": "CE", "CD_REGIA": "2", "NM_REGIA": "Nordeste", "SIGLA_RG": "NE", "CD_CONCU": "2304400", "NM_CONCU": "Fortaleza/CE", "AREA_KM2": 480.236, "mun_upp": "AQUIRAZ", "has_qualif": 1, "municipio": "Aquiraz", "REGIÃO DE PLANEJAMENTO": "Grande Fortaleza", "auxiliary_storage_labeling_positionx": null, "auxiliary_storage_labeling_positiony": null, "auxiliary_storage_labeling_lineanchorpercent": null, "auxiliary_storage_labeling_lineanchorclipping": null, "auxiliary_storage_labeling_lineanchortype": null, "auxiliary_storage_labeling_lineanchortextpoint": null, "auxiliary_storage_callouts_originx": null, "auxiliary_storage_callouts_originy": null, "auxiliary_storage_callouts_destinationx": null, "auxiliary_storage_callouts_destinationy": null }, "geometry": { "type": "Polygon", "coordinates": [ [ [ -38.3874289, -4.0704461 ], [ -38.413049, -4.068871 ], [ -38.4423054, -4.0712367 ], [ -38.4471863, -4.0685917 ], [ -38.4533509, -4.0687941 ], [ -38.4603876, -4.0656414 ], [ -38.4657465, -4.0653683 ], [ -38.4728849, -4.0615033 ], [ -38.4919602, -4.0596646 ], [ -38.501031, -4.0611573 ], [ -38.5364894, -4.0406225 ], [ -38.5258577, -4.0293093 ], [ -38.5272021, -4.0229492 ], [ -38.5186127, -4.0180145 ], [ -38.5140795, -3.9793473 ], [ -38.5154258, -3.962674 ], [ -38.5129239, -3.9576472 ], [ -38.5088292, -3.9367357 ], [ -38.5013902, -3.9379305 ], [ -38.4934929, -3.934198 ], [ -38.4858225, -3.924482 ], [ -38.4826411, -3.9248685 ], [ -38.4783764, -3.9285903 ], [ -38.4719782, -3.9284957 ], [ -38.4673989, -3.9239715 ], [ -38.4635649, -3.9139373 ], [ -38.4486, -3.9234596 ], [ -38.4473544, -3.9130651 ], [ -38.4435448, -3.902498 ], [ -38.4399014, -3.9007596 ], [ -38.4339757, -3.8943932 ], [ -38.4324381, -3.8861675 ], [ -38.4236466, -3.8844601 ], [ -38.4143699, -3.8780439 ], [ -38.4125609, -3.871283 ], [ -38.4139726, -3.8632617 ], [ -38.4123774, -3.8612117 ], [ -38.4145414, -3.8582397 ], [ -38.4129575, -3.8570159 ], [ -38.416486, -3.8543426 ], [ -38.4151959, -3.8523404 ], [ -38.4174988, -3.8455515 ], [ -38.4189718, -3.8451289 ], [ -38.4204146, -3.8470615 ], [ -38.4222678, -3.84465 ], [ -38.4207335, -3.8405417 ], [ -38.4221042, -3.8364786 ], [ -38.417813, -3.828548 ], [ -38.4200266, -3.8255135 ], [ -38.4191651, -3.823097 ], [ -38.415596, -3.820922 ], [ -38.412106, -3.82193 ], [ -38.409396, -3.819093 ], [ -38.4058699, -3.8215425 ], [ -38.4059311, -3.8239857 ], [ -38.4029657, -3.826465 ], [ -38.4013571, -3.8265851 ], [ -38.401767, -3.8237594 ], [ -38.4002767, -3.8248242 ], [ -38.3755661, -3.8637809 ], [ -38.360323, -3.8848564 ], [ -38.3346599, -3.9124336 ], [ -38.3185531, -3.926197 ], [ -38.3035409, -3.9359841 ], [ -38.2913106, -3.9415745 ], [ -38.285757, -3.942575 ], [ -38.2839882, -3.9406816 ], [ -38.2789274, -3.9412111 ], [ -38.2734442, -3.944154 ], [ -38.2232859, -4.0071535 ], [ -38.2277847, -4.0083888 ], [ -38.226177, -4.0134034 ], [ -38.2301758, -4.0149414 ], [ -38.2305179, -4.0194658 ], [ -38.232306, -4.0210017 ], [ -38.2316172, -4.0233143 ], [ -38.2385819, -4.023054 ], [ -38.2395154, -4.0264009 ], [ -38.2532639, -4.0286864 ], [ -38.2657968, -4.0260705 ], [ -38.269264, -4.0273979 ], [ -38.2755891, -4.0263988 ], [ -38.2810942, -4.0221736 ], [ -38.2916588, -4.0222527 ], [ -38.2947284, -4.0184215 ], [ -38.3001258, -4.0154044 ], [ -38.3131571, -4.010903 ], [ -38.3145211, -4.0179103 ], [ -38.3178125, -4.0205946 ], [ -38.3210208, -4.0184053 ], [ -38.3207282, -4.0307972 ], [ -38.325776, -4.0309345 ], [ -38.3264333, -4.0256356 ], [ -38.3362266, -4.0308855 ], [ -38.3425027, -4.0383624 ], [ -38.3416091, -4.0395334 ], [ -38.3441534, -4.0458104 ], [ -38.3496525, -4.0472495 ], [ -38.3702716, -4.0655868 ], [ -38.3725084, -4.0784555 ], [ -38.3874289, -4.0704461 ] ] ] } },
{ "type": "Feature", "properties": { "CD_MUN": "2310852", "NM_MUN": "Pindoretama", "CD_RGI": "230001", "NM_RGI": "Fortaleza", "CD_RGINT": "2301", "NM_RGINT": "Fortaleza", "CD_UF": "23", "NM_UF": "Ceará", "SIGLA_UF": "CE", "CD_REGIA": "2", "NM_REGIA": "Nordeste", "SIGLA_RG": "NE", "CD_CONCU": null, "NM_CONCU": null, "AREA_KM2": 74.033, "mun_upp": "PINDORETAMA", "has_qualif": 1, "municipio": "Pindoretama", "REGIÃO DE PLANEJAMENTO": "Grande Fortaleza", "auxiliary_storage_labeling_positionx": null, "auxiliary_storage_labeling_positiony": null, "auxiliary_storage_labeling_lineanchorpercent": null, "auxiliary_storage_labeling_lineanchorclipping": null, "auxiliary_storage_labeling_lineanchortype": null, "auxiliary_storage_labeling_lineanchortextpoint": null, "auxiliary_storage_callouts_originx": null, "auxiliary_storage_callouts_originy": null, "auxiliary_storage_callouts_destinationx": null, "auxiliary_storage_callouts_destinationy": null }, "geometry": { "type": "Polygon", "coordinates": [ [ [ -38.2946619, -4.0615137 ], [ -38.2840929, -4.1035659 ], [ -38.2913478, -4.0964302 ], [ -38.2947574, -4.0952365 ], [ -38.348847, -4.0881209 ], [ -38.3533917, -4.0821142 ], [ -38.3530966, -4.0784938 ], [ -38.3564078, -4.0734701 ], [ -38.3702716, -4.0655868 ], [ -38.3496525, -4.0472495 ], [ -38.3441534, -4.0458104 ], [ -38.3416091, -4.0395334 ], [ -38.3425027, -4.0383624 ], [ -38.3360325, -4.0307325 ], [ -38.3264333, -4.0256356 ], [ -38.325776, -4.0309345 ], [ -38.3207282, -4.0307972 ], [ -38.3210208, -4.0184053 ], [ -38.3178125, -4.0205946 ], [ -38.3145211, -4.0179103 ], [ -38.3131571, -4.010903 ], [ -38.3001258, -4.0154044 ], [ -38.2947284, -4.0184215 ], [ -38.2916588, -4.0222527 ], [ -38.2810942, -4.0221736 ], [ -38.2755891, -4.0263988 ], [ -38.2697375, -4.0274119 ], [ -38.2657968, -4.0260705 ], [ -38.2598632, -4.0279757 ], [ -38.2474271, -4.028435 ], [ -38.2395154, -4.0264009 ], [ -38.2388178, -4.0231547 ], [ -38.2364026, -4.0227746 ], [ -38.235555, -4.0397942 ], [ -38.2387941, -4.0421624 ], [ -38.2447205, -4.0415831 ], [ -38.2568876, -4.0443165 ], [ -38.2566248, -4.0482703 ], [ -38.25842, -4.0550073 ], [ -38.2601757, -4.056537 ], [ -38.2628281, -4.073369 ], [ -38.2801654, -4.0648082 ], [ -38.2858114, -4.0654515 ], [ -38.2946619, -4.0615137 ] ] ] } },
{ "type": "Feature", "properties": { "CD_MUN": "2304954", "NM_MUN": "Guaiúba", "CD_RGI": "230001", "NM_RGI": "Fortaleza", "CD_RGINT": "2301", "NM_RGINT": "Fortaleza", "CD_UF": "23", "NM_UF": "Ceará", "SIGLA_UF": "CE", "CD_REGIA": "2", "NM_REGIA": "Nordeste", "SIGLA_RG": "NE", "CD_CONCU": null, "NM_CONCU": null, "AREA_KM2": 256.053, "mun_upp": "GUAIÚBA", "has_qualif": 1, "municipio": "Guaiúba", "REGIÃO DE PLANEJAMENTO": "Grande Fortaleza", "auxiliary_storage_labeling_positionx": null, "auxiliary_storage_labeling_positiony": null, "auxiliary_storage_labeling_lineanchorpercent": null, "auxiliary_storage_labeling_lineanchorclipping": null, "auxiliary_storage_labeling_lineanchortype": null, "auxiliary_storage_labeling_lineanchortextpoint": null, "auxiliary_storage_callouts_originx": null, "auxiliary_storage_callouts_originy": null, "auxiliary_storage_callouts_destinationx": null, "auxiliary_storage_callouts_destinationy": null }, "geometry": { "type": "Polygon", "coordinates": [ [ [ -38.6045807, -4.0587584 ], [ -38.6128473, -4.1040409 ], [ -38.6056817, -4.1018619 ], [ -38.6024921, -4.1046428 ], [ -38.5976345, -4.1059868 ], [ -38.5762876, -4.1057301 ], [ -38.5667177, -4.1202757 ], [ -38.571065, -4.1323556 ], [ -38.5792736, -4.1349594 ], [ -38.5837594, -4.1345087 ], [ -38.5948486, -4.1435692 ], [ -38.5983759, -4.1451508 ], [ -38.6035253, -4.1448422 ], [ -38.6043825, -4.1467336 ], [ -38.6065884, -4.1468034 ], [ -38.6100148, -4.1511106 ], [ -38.6138663, -4.1520203 ], [ -38.6153509, -4.158972 ], [ -38.6175045, -4.1595636 ], [ -38.6202261, -4.1650266 ], [ -38.6235057, -4.1656745 ], [ -38.6263178, -4.1635335 ], [ -38.6315744, -4.1634882 ], [ -38.6387571, -4.1608843 ], [ -38.6411484, -4.158095 ], [ -38.6510767, -4.1599545 ], [ -38.6534974, -4.1576936 ], [ -38.6584559, -4.158007 ], [ -38.6644022, -4.1618273 ], [ -38.665452, -4.1596735 ], [ -38.6694015, -4.1617065 ], [ -38.6724916, -4.1606593 ], [ -38.6777669, -4.1674259 ], [ -38.68263, -4.1679257 ], [ -38.6850704, -4.1698033 ], [ -38.688199, -4.1677939 ], [ -38.6974073, -4.1716648 ], [ -38.6998316, -4.1775318 ], [ -38.7043176, -4.1806083 ], [ -38.7060945, -4.1843113 ], [ -38.7090298, -4.186101 ], [ -38.7123573, -4.1856269 ], [ -38.7126069, -4.1880448 ], [ -38.7157625, -4.1889937 ], [ -38.7175178, -4.1871752 ], [ -38.71518, -4.1731015 ], [ -38.7191823, -4.1683172 ], [ -38.7567227, -4.1572294 ], [ -38.7756157, -4.1624731 ], [ -38.7912141, -4.1383253 ], [ -38.7906511, -4.1351175 ], [ -38.7844209, -4.1349425 ], [ -38.7817998, -4.1305135 ], [ -38.7767104, -4.1298359 ], [ -38.7729234, -4.1319782 ], [ -38.7690751, -4.1283015 ], [ -38.7550107, -4.1282792 ], [ -38.7453875, -4.0778604 ], [ -38.7456655, -4.0725076 ], [ -38.7336276, -4.0710352 ], [ -38.7310593, -4.073059 ], [ -38.7263236, -4.0736917 ], [ -38.7228106, -4.0720638 ], [ -38.7227334, -4.0681741 ], [ -38.7187616, -4.0676838 ], [ -38.7097189, -4.0620944 ], [ -38.7011861, -4.0551839 ], [ -38.6996011, -4.052128 ], [ -38.6858525, -4.0483904 ], [ -38.6726099, -4.039651 ], [ -38.6718614, -4.0368868 ], [ -38.6745055, -4.0331524 ], [ -38.6743153, -4.0285071 ], [ -38.6679883, -4.0234601 ], [ -38.6683506, -4.018694 ], [ -38.6547915, -4.0131206 ], [ -38.6494478, -4.0060501 ], [ -38.6357711, -4.0235864 ], [ -38.6276595, -4.0233225 ], [ -38.6247068, -4.0144803 ], [ -38.6154531, -4.0163287 ], [ -38.6098481, -4.0146308 ], [ -38.6070148, -4.0101361 ], [ -38.6055917, -4.0107905 ], [ -38.6057736, -4.0145829 ], [ -38.5994734, -4.0241683 ], [ -38.5941798, -4.0285029 ], [ -38.5747217, -4.0541547 ], [ -38.6045807, -4.0587584 ] ] ] } },
{ "type": "Feature", "properties": { "CD_MUN": "2303600", "NM_MUN": "Catarina", "CD_RGI": "230009", "NM_RGI": "Iguatu", "CD_RGINT": "2303", "NM_RGINT": "Iguatu", "CD_UF": "23", "NM_UF": "Ceará", "SIGLA_UF": "CE", "CD_REGIA": "2", "NM_REGIA": "Nordeste", "SIGLA_RG": "NE", "CD_CONCU": null, "NM_CONCU": null, "AREA_KM2": 488.153, "mun_upp": "CATARINA", "has_qualif": 0, "municipio": null, "REGIÃO DE PLANEJAMENTO": "Centro Sul", "auxiliary_storage_labeling_positionx": null, "auxiliary_storage_labeling_positiony": null, "auxiliary_storage_labeling_lineanchorpercent": null, "auxiliary_storage_labeling_lineanchorclipping": null, "auxiliary_storage_labeling_lineanchortype": null, "auxiliary_storage_labeling_lineanchortextpoint": null, "auxiliary_storage_callouts_originx": null, "auxiliary_storage_callouts_originy": null, "auxiliary_storage_callouts_destinationx": null, "auxiliary_storage_callouts_destinationy": null }, "geometry": { "type": "Polygon", "coordinates": [ [ [ -39.7930793, -6.1760568 ], [ -39.8003419, -6.1952758 ], [ -39.7942352, -6.1961733 ], [ -39.7978114, -6.2062518 ], [ -39.7945584, -6.2080377 ], [ -39.7892953, -6.2064763 ], [ -39.7890942, -6.2101987 ], [ -39.7853801, -6.2136506 ], [ -39.7864924, -6.2206107 ], [ -39.792313, -6.2297771 ], [ -39.7964412, -6.2416476 ], [ -39.8017411, -6.2453943 ], [ -39.8078066, -6.2462571 ], [ -39.8067372, -6.2514181 ], [ -39.8093853, -6.252305 ], [ -39.8086805, -6.2565538 ], [ -39.8057327, -6.2595252 ], [ -39.8087924, -6.2646601 ], [ -39.8168351, -6.263166 ], [ -39.8179189, -6.2695079 ], [ -39.8203089, -6.2718026 ], [ -39.8191739, -6.2766409 ], [ -39.8221894, -6.2794573 ], [ -39.8211652, -6.2881262 ], [ -39.8241781, -6.2897324 ], [ -39.8286737, -6.2880809 ], [ -39.8308217, -6.2910335 ], [ -39.836429, -6.2937453 ], [ -39.8381985, -6.2967655 ], [ -39.8324951, -6.2995958 ], [ -39.8325022, -6.3040298 ], [ -39.8304299, -6.3072569 ], [ -39.8352307, -6.3227691 ], [ -39.8386587, -6.3243763 ], [ -39.8401183, -6.3291101 ], [ -39.8480252, -6.3407855 ], [ -39.8449151, -6.3424043 ], [ -39.8452352, -6.3474438 ], [ -39.8527868, -6.3572141 ], [ -39.8661356, -6.3568495 ], [ -39.8747308, -6.35969 ], [ -39.8796158, -6.3635086 ], [ -39.8864619, -6.3614817 ], [ -39.8946725, -6.3680162 ], [ -39.8958085, -6.364085 ], [ -39.8946634, -6.3622735 ], [ -39.9070106, -6.3617491 ], [ -39.9121968, -6.3583137 ], [ -39.9134362, -6.3556911 ], [ -39.9187325, -6.3567907 ], [ -39.920698, -6.3527549 ], [ -39.9244331, -6.3519432 ], [ -39.9211074, -6.3501338 ], [ -39.9229724, -6.3480157 ], [ -39.9247209, -6.3404545 ], [ -39.9313417, -6.3408647 ], [ -39.9325032, -6.3385267 ], [ -39.9409056, -6.335589 ], [ -39.9466273, -6.3311321 ], [ -39.9512771, -6.3328467 ], [ -39.9557362, -6.3311281 ], [ -39.9577132, -6.3330374 ], [ -39.9744337, -6.33855 ], [ -39.9795012, -6.3319964 ], [ -39.9921562, -6.3270284 ], [ -40.0013031, -6.3336616 ], [ -40.0071128, -6.3325406 ], [ -40.0102292, -6.3335439 ], [ -40.0148927, -6.3306133 ], [ -40.0157291, -6.3339348 ], [ -40.0222639, -6.3319077 ], [ -40.0245409, -6.3290821 ], [ -40.029837, -6.3310859 ], [ -40.0411636, -6.3389241 ], [ -40.0396225, -6.3453761 ], [ -40.0475171, -6.3496918 ], [ -40.0490888, -6.3570464 ], [ -40.0565763, -6.3637812 ], [ -40.0619802, -6.3665912 ], [ -40.0638119, -6.3624827 ], [ -40.0668469, -6.3622488 ], [ -40.0757893, -6.3685948 ], [ -40.0841055, -6.3674083 ], [ -40.0826139, -6.3633988 ], [ -40.0832822, -6.3603965 ], [ -40.0758512, -6.3550563 ], [ -40.0705118, -6.3547515 ], [ -40.0720634, -6.3486173 ], [ -40.0778356, -6.3500124 ], [ -40.0800471, -6.3465282 ], [ -40.0783991, -6.3439096 ], [ -40.0749109, -6.3452199 ], [ -40.070685, -6.3420554 ], [ -40.065904, -6.3350247 ], [ -40.0652017, -6.3308263 ], [ -40.0628555, -6.3297303 ], [ -40.0618036, -6.3241446 ], [ -40.0637954, -6.3214962 ], [ -40.0624134, -6.3123574 ], [ -40.058876, -6.3076503 ], [ -40.0610839, -6.3054441 ], [ -40.0605789, -6.304117 ], [ -40.0569634, -6.3021142 ], [ -40.0566256, -6.2983333 ], [ -40.0506969, -6.3020311 ], [ -40.0456474, -6.3005336 ], [ -40.0502901, -6.2959535 ], [ -40.0505893, -6.2901377 ], [ -40.0471379, -6.2864114 ], [ -40.0506832, -6.2832813 ], [ -40.0503088, -6.2814393 ], [ -40.0478822, -6.2790135 ], [ -40.0420347, -6.2819225 ], [ -40.0394406, -6.2795229 ], [ -40.0286109, -6.2799828 ], [ -40.025485, -6.2775479 ], [ -40.0257269, -6.2728211 ], [ -40.0213437, -6.2654986 ], [ -40.0252921, -6.2545359 ], [ -40.024747, -6.2510637 ], [ -40.0192148, -6.240235 ], [ -40.0213567, -6.2315168 ], [ -40.0162943, -6.2236561 ], [ -40.0007498, -6.2158742 ], [ -39.9869311, -6.2207814 ], [ -39.9741293, -6.2144784 ], [ -39.9659746, -6.2055594 ], [ -39.9480407, -6.1964788 ], [ -39.9440758, -6.197501 ], [ -39.9425317, -6.1948651 ], [ -39.9398696, -6.1940351 ], [ -39.9260785, -6.1958309 ], [ -39.9153953, -6.1895567 ], [ -39.9185083, -6.1860064 ], [ -39.9187345, -6.1822457 ], [ -39.906649, -6.1677053 ], [ -39.8956231, -6.1598905 ], [ -39.8939605, -6.1558789 ], [ -39.9012282, -6.1448104 ], [ -39.899408, -6.1398244 ], [ -39.8948719, -6.1352766 ], [ -39.8922255, -6.129857 ], [ -39.897338, -6.1223349 ], [ -39.8925117, -6.1138704 ], [ -39.8880837, -6.1143769 ], [ -39.8757453, -6.1201997 ], [ -39.8657638, -6.1201688 ], [ -39.865621, -6.1233678 ], [ -39.8641077, -6.1243534 ], [ -39.851381, -6.1140157 ], [ -39.8397393, -6.1311125 ], [ -39.8358063, -6.131234 ], [ -39.8319813, -6.1342295 ], [ -39.8278188, -6.1329795 ], [ -39.8264214, -6.1282867 ], [ -39.82355, -6.1253842 ], [ -39.8181972, -6.1243441 ], [ -39.8142679, -6.133755 ], [ -39.8026442, -6.1375934 ], [ -39.8049899, -6.142896 ], [ -39.7998773, -6.1474305 ], [ -39.796741, -6.1477018 ], [ -39.7960703, -6.1543963 ], [ -39.7932978, -6.1573637 ], [ -39.7950822, -6.1665115 ], [ -39.7974507, -6.1704525 ], [ -39.7967206, -6.1738001 ], [ -39.7930793, -6.1760568 ] ] ] } },
{ "type": "Feature", "properties": { "CD_MUN": "2302305", "NM_MUN": "Bela Cruz", "CD_RGI": "230017", "NM_RGI": "Acaraú", "CD_RGINT": "2306", "NM_RGINT": "Sobral", "CD_UF": "23", "NM_UF": "Ceará", "SIGLA_UF": "CE", "CD_REGIA": "2", "NM_REGIA": "Nordeste", "SIGLA_RG": "NE", "CD_CONCU": null, "NM_CONCU": null, "AREA_KM2": 842.106, "mun_upp": "BELA CRUZ", "has_qualif": 1, "municipio": "Bela Cruz", "REGIÃO DE PLANEJAMENTO": "Litoral Norte", "auxiliary_storage_labeling_positionx": null, "auxiliary_storage_labeling_positiony": null, "auxiliary_storage_labeling_lineanchorpercent": null, "auxiliary_storage_labeling_lineanchorclipping": null, "auxiliary_storage_labeling_lineanchortype": null, "auxiliary_storage_labeling_lineanchortextpoint": null, "auxiliary_storage_callouts_originx": null, "auxiliary_storage_callouts_originy": null, "auxiliary_storage_callouts_destinationx": null, "auxiliary_storage_callouts_destinationy": null }, "geometry": { "type": "Polygon", "coordinates": [ [ [ -40.1491573, -3.0835207 ], [ -40.1495078, -3.0863678 ], [ -40.15278, -3.0904627 ], [ -40.148578, -3.0992224 ], [ -40.1495198, -3.1008498 ], [ -40.146932, -3.1066381 ], [ -40.1479362, -3.1081361 ], [ -40.1544301, -3.1106541 ], [ -40.1547673, -3.1136278 ], [ -40.1621897, -3.117406 ], [ -40.1636683, -3.1196251 ], [ -40.1703887, -3.1209735 ], [ -40.1703596, -3.1222783 ], [ -40.1816219, -3.1306765 ], [ -40.1874673, -3.1324403 ], [ -40.1881286, -3.1365533 ], [ -40.1990733, -3.1417394 ], [ -40.2002199, -3.1473561 ], [ -40.2069669, -3.149887 ], [ -40.2101051, -3.1540327 ], [ -40.2163488, -3.155411 ], [ -40.2218616, -3.1602471 ], [ -40.22743, -3.1597585 ], [ -40.2365752, -3.1684128 ], [ -40.2454926, -3.1645331 ], [ -40.2534345, -3.163715 ], [ -40.2558661, -3.1620244 ], [ -40.2608927, -3.1529965 ], [ -40.2684158, -3.1504026 ], [ -40.2969228, -3.2046158 ], [ -40.3018458, -3.2022901 ], [ -40.309933, -3.1943512 ], [ -40.319959, -3.1929168 ], [ -40.3357657, -3.202276 ], [ -40.3428639, -3.2039262 ], [ -40.3544509, -3.202141 ], [ -40.3579149, -3.1992555 ], [ -40.3633139, -3.1847876 ], [ -40.3640259, -3.1806526 ], [ -40.3621816, -3.1761008 ], [ -40.3638425, -3.1747342 ], [ -40.3604284, -3.1694548 ], [ -40.3645694, -3.1548411 ], [ -40.3693158, -3.1504934 ], [ -40.370379, -3.1469629 ], [ -40.3746659, -3.1453382 ], [ -40.3755477, -3.1415532 ], [ -40.3821231, -3.1341186 ], [ -40.3943547, -3.1291918 ], [ -40.3994857, -3.1291002 ], [ -40.403297, -3.1255485 ], [ -40.4108279, -3.1275273 ], [ -40.4176743, -3.1251831 ], [ -40.4246122, -3.1153721 ], [ -40.4275528, -3.1140759 ], [ -40.4282077, -3.1104427 ], [ -40.435432, -3.1017968 ], [ -40.441802, -3.1016853 ], [ -40.448441, -3.0992108 ], [ -40.4637597, -3.0850663 ], [ -40.4773073, -3.0767808 ], [ -40.4796361, -3.070406 ], [ -40.4850294, -3.064896 ], [ -40.4898888, -3.0651528 ], [ -40.4950246, -3.062025 ], [ -40.5119172, -2.9543693 ], [ -40.409783, -2.9662687 ], [ -40.4101101, -2.9509711 ], [ -40.4022606, -2.9498846 ], [ -40.4025063, -2.9480528 ], [ -40.392372, -2.9477621 ], [ -40.3914209, -2.9498678 ], [ -40.382697, -2.9475545 ], [ -40.382939, -2.9556014 ], [ -40.3798516, -2.9600846 ], [ -40.3721958, -2.9649838 ], [ -40.36175, -2.9665274 ], [ -40.3310564, -2.9640097 ], [ -40.3220166, -2.956515 ], [ -40.3224754, -2.947361 ], [ -40.3201005, -2.943769 ], [ -40.2638884, -2.9398278 ], [ -40.2606247, -2.9427511 ], [ -40.2368261, -2.9521351 ], [ -40.210708, -2.9473468 ], [ -40.2084204, -2.9450519 ], [ -40.1713924, -2.9420814 ], [ -40.1701666, -2.9440894 ], [ -40.1727797, -2.9484564 ], [ -40.1748721, -2.9585433 ], [ -40.1707952, -2.966967 ], [ -40.1693819, -2.9895795 ], [ -40.1679404, -2.9908445 ], [ -40.1634956, -2.989321 ], [ -40.1581263, -2.9906506 ], [ -40.1550701, -2.9945167 ], [ -40.1557973, -3.0029199 ], [ -40.1538805, -3.0106714 ], [ -40.1587638, -3.0169047 ], [ -40.1549955, -3.0270802 ], [ -40.1558225, -3.0321507 ], [ -40.1530016, -3.0340591 ], [ -40.1506265, -3.0405664 ], [ -40.1467137, -3.0423855 ], [ -40.1428618, -3.0412021 ], [ -40.1413215, -3.0381848 ], [ -40.1215665, -3.0349948 ], [ -40.110474, -3.0559472 ], [ -40.0888547, -3.0727765 ], [ -40.0826752, -3.0849641 ], [ -40.083848, -3.1153592 ], [ -40.1395505, -3.0733412 ], [ -40.1401319, -3.0791095 ], [ -40.1444982, -3.0782349 ], [ -40.1491573, -3.0835207 ] ] ] } },
{ "type": "Feature", "properties": { "CD_MUN": "2307106", "NM_MUN": "Jardim", "CD_RGI": "230011", "NM_RGI": "Juazeiro do Norte", "CD_RGINT": "2304", "NM_RGINT": "Juazeiro do Norte", "CD_UF": "23", "NM_UF": "Ceará", "SIGLA_UF": "CE", "CD_REGIA": "2", "NM_REGIA": "Nordeste", "SIGLA_RG": "NE", "CD_CONCU": null, "NM_CONCU": null, "AREA_KM2": 544.995, "mun_upp": "JARDIM", "has_qualif": 1, "municipio": "Jardim", "REGIÃO DE PLANEJAMENTO": "Cariri", "auxiliary_storage_labeling_positionx": null, "auxiliary_storage_labeling_positiony": null, "auxiliary_storage_labeling_lineanchorpercent": null, "auxiliary_storage_labeling_lineanchorclipping": null, "auxiliary_storage_labeling_lineanchortype": null, "auxiliary_storage_labeling_lineanchortextpoint": null, "auxiliary_storage_callouts_originx": null, "auxiliary_storage_callouts_originy": null, "auxiliary_storage_callouts_destinationx": null, "auxiliary_storage_callouts_destinationy": null }, "geometry": { "type": "Polygon", "coordinates": [ [ [ -39.2703214, -7.6598973 ], [ -39.2837518, -7.6642084 ], [ -39.2888451, -7.6649009 ], [ -39.297709, -7.6629573 ], [ -39.3055665, -7.6659316 ], [ -39.3113886, -7.6552366 ], [ -39.3214403, -7.6542258 ], [ -39.3346566, -7.6470417 ], [ -39.3384437, -7.6446469 ], [ -39.3428445, -7.6356178 ], [ -39.3592912, -7.6268109 ], [ -39.3681031, -7.62387 ], [ -39.3719673, -7.6151742 ], [ -39.3718397, -7.4580733 ], [ -39.1949002, -7.5035995 ], [ -39.1708518, -7.5628256 ], [ -39.0725537, -7.6261523 ], [ -39.1064588, -7.6157845 ], [ -39.1183096, -7.6861333 ], [ -39.1240399, -7.6938327 ], [ -39.1297252, -7.6973868 ], [ -39.1307785, -7.7052989 ], [ -39.1465294, -7.7182247 ], [ -39.1628857, -7.7168077 ], [ -39.1673819, -7.7138779 ], [ -39.1710014, -7.7152403 ], [ -39.1777211, -7.7095656 ], [ -39.1811337, -7.7094777 ], [ -39.1920231, -7.6973445 ], [ -39.2007761, -7.6955088 ], [ -39.2083352, -7.6894803 ], [ -39.2227425, -7.6968037 ], [ -39.2286317, -7.6956854 ], [ -39.2347382, -7.696801 ], [ -39.2441724, -7.7053431 ], [ -39.2525649, -7.7049309 ], [ -39.2484223, -7.6967092 ], [ -39.2501201, -7.6929326 ], [ -39.2474637, -7.6906486 ], [ -39.2500624, -7.6880152 ], [ -39.2497404, -7.6835446 ], [ -39.252816, -7.6772868 ], [ -39.265338, -7.669831 ], [ -39.2663959, -7.6647654 ], [ -39.2703214, -7.6598973 ] ] ] } },
{ "type": "Feature", "properties": { "CD_MUN": "2306702", "NM_MUN": "Jaguaretama", "CD_RGI": "230007", "NM_RGI": "Russas - Limoeiro do Norte", "CD_RGINT": "2302", "NM_RGINT": "Quixadá", "CD_UF": "23", "NM_UF": "Ceará", "SIGLA_UF": "CE", "CD_REGIA": "2", "NM_REGIA": "Nordeste", "SIGLA_RG": "NE", "CD_CONCU": null, "NM_CONCU": null, "AREA_KM2": 1826.826, "mun_upp": "JAGUARETAMA", "has_qualif": 1, "municipio": "Jaguaretama", "REGIÃO DE PLANEJAMENTO": "Vale do Jaguaribe", "auxiliary_storage_labeling_positionx": null, "auxiliary_storage_labeling_positiony": null, "auxiliary_storage_labeling_lineanchorpercent": null, "auxiliary_storage_labeling_lineanchorclipping": null, "auxiliary_storage_labeling_lineanchortype": null, "auxiliary_storage_labeling_lineanchortextpoint": null, "auxiliary_storage_callouts_originx": null, "auxiliary_storage_callouts_originy": null, "auxiliary_storage_callouts_destinationx": null, "auxiliary_storage_callouts_destinationy": null }, "geometry": { "type": "Polygon", "coordinates": [ [ [ -38.80487, -5.7867357 ], [ -38.8808267, -5.6556751 ], [ -38.9091849, -5.5952724 ], [ -38.9037046, -5.4712421 ], [ -38.9091434, -5.4622293 ], [ -38.9078581, -5.4581522 ], [ -38.9110477, -5.4555096 ], [ -38.9090497, -5.4514483 ], [ -38.9067991, -5.4518126 ], [ -38.907175, -5.4492597 ], [ -38.9100343, -5.4468899 ], [ -38.910831, -5.4376816 ], [ -38.9164322, -5.4321967 ], [ -38.9205436, -5.435235 ], [ -38.922935, -5.4338395 ], [ -38.9214633, -5.4295901 ], [ -38.9219578, -5.4236385 ], [ -38.919986, -5.4192127 ], [ -38.9218205, -5.4174805 ], [ -38.9221308, -5.4118301 ], [ -38.9258283, -5.4112886 ], [ -38.9255985, -5.4074882 ], [ -38.9217383, -5.4034701 ], [ -38.9210771, -5.4000088 ], [ -38.9243744, -5.3794782 ], [ -38.9228824, -5.3642101 ], [ -38.9242988, -5.3552886 ], [ -38.9229843, -5.3291801 ], [ -38.9183533, -5.3276838 ], [ -38.9184404, -5.3236312 ], [ -38.9161901, -5.3207227 ], [ -38.9062568, -5.3161167 ], [ -38.8988923, -5.310338 ], [ -38.8833515, -5.3101423 ], [ -38.8775492, -5.3080528 ], [ -38.8687241, -5.3021134 ], [ -38.8596371, -5.2937474 ], [ -38.8581186, -5.2905277 ], [ -38.8487766, -5.2884775 ], [ -38.8443783, -5.2831582 ], [ -38.8412769, -5.2724791 ], [ -38.8277493, -5.2536352 ], [ -38.827488, -5.2485877 ], [ -38.8218737, -5.2423705 ], [ -38.8159459, -5.230293 ], [ -38.8092722, -5.2214334 ], [ -38.8007997, -5.2200948 ], [ -38.7961038, -5.215194 ], [ -38.7833102, -5.2130953 ], [ -38.7755925, -5.2043591 ], [ -38.7638357, -5.1998549 ], [ -38.7572724, -5.201694 ], [ -38.7520028, -5.199623 ], [ -38.7469678, -5.2005844 ], [ -38.7376391, -5.1994092 ], [ -38.7344855, -5.197538 ], [ -38.7306466, -5.1999463 ], [ -38.7230789, -5.1983558 ], [ -38.7183663, -5.1992109 ], [ -38.712808, -5.202335 ], [ -38.7082144, -5.2009538 ], [ -38.6917041, -5.2272656 ], [ -38.7152501, -5.268343 ], [ -38.5987031, -5.3666704 ], [ -38.5424496, -5.4219855 ], [ -38.5171456, -5.4425901 ], [ -38.5295248, -5.4471363 ], [ -38.5520068, -5.4692962 ], [ -38.529264, -5.4902736 ], [ -38.5346268, -5.494206 ], [ -38.5451836, -5.4963993 ], [ -38.5555739, -5.5052663 ], [ -38.5628446, -5.5081507 ], [ -38.56656, -5.5132408 ], [ -38.5690463, -5.5210438 ], [ -38.5680876, -5.5307766 ], [ -38.5601844, -5.565556 ], [ -38.5826727, -5.5698297 ], [ -38.5982316, -5.585515 ], [ -38.5992304, -5.5922713 ], [ -38.6083183, -5.6046518 ], [ -38.6112033, -5.6132463 ], [ -38.6131791, -5.6240184 ], [ -38.6163293, -5.6293071 ], [ -38.6142471, -5.6347928 ], [ -38.6145832, -5.6397696 ], [ -38.6214122, -5.6569164 ], [ -38.6298553, -5.6616789 ], [ -38.6362943, -5.6618146 ], [ -38.6425282, -5.6652113 ], [ -38.6432189, -5.668784 ], [ -38.6472909, -5.6717933 ], [ -38.6539249, -5.6806967 ], [ -38.6553929, -5.688282 ], [ -38.6642115, -5.6955275 ], [ -38.6663616, -5.7065777 ], [ -38.6649668, -5.711711 ], [ -38.6728469, -5.7261319 ], [ -38.6745816, -5.7432389 ], [ -38.6762403, -5.7456531 ], [ -38.6932446, -5.752374 ], [ -38.6937553, -5.7581037 ], [ -38.698049, -5.761602 ], [ -38.7019977, -5.7620185 ], [ -38.7054462, -5.7594398 ], [ -38.7189598, -5.759828 ], [ -38.7331972, -5.7648089 ], [ -38.7442018, -5.7651101 ], [ -38.7474385, -5.7681902 ], [ -38.7520873, -5.7665408 ], [ -38.7589926, -5.7690898 ], [ -38.7646213, -5.7744208 ], [ -38.7624801, -5.7799638 ], [ -38.7628425, -5.7852495 ], [ -38.7665339, -5.7869307 ], [ -38.7714066, -5.7837504 ], [ -38.7830935, -5.7842774 ], [ -38.791917, -5.7869181 ], [ -38.80487, -5.7867357 ] ] ] } },
{ "type": "Feature", "properties": { "CD_MUN": "2311306", "NM_MUN": "Quixadá", "CD_RGI": "230006", "NM_RGI": "Quixadá", "CD_RGINT": "2302", "NM_RGINT": "Quixadá", "CD_UF": "23", "NM_UF": "Ceará", "SIGLA_UF": "CE", "CD_REGIA": "2", "NM_REGIA": "Nordeste", "SIGLA_RG": "NE", "CD_CONCU": null, "NM_CONCU": null, "AREA_KM2": 2020.586, "mun_upp": "QUIXADÁ", "has_qualif": 1, "municipio": "Quixadá", "REGIÃO DE PLANEJAMENTO": "Sertão Central", "auxiliary_storage_labeling_positionx": null, "auxiliary_storage_labeling_positiony": null, "auxiliary_storage_labeling_lineanchorpercent": null, "auxiliary_storage_labeling_lineanchorclipping": null, "auxiliary_storage_labeling_lineanchortype": null, "auxiliary_storage_labeling_lineanchortextpoint": null, "auxiliary_storage_callouts_originx": null, "auxiliary_storage_callouts_originy": null, "auxiliary_storage_callouts_destinationx": null, "auxiliary_storage_callouts_destinationy": null }, "geometry": { "type": "Polygon", "coordinates": [ [ [ -38.978317, -4.6677192 ], [ -38.9774659, -4.6697059 ], [ -38.9737566, -4.6697564 ], [ -38.9646157, -4.665279 ], [ -38.9531514, -4.6641065 ], [ -38.9505036, -4.6716021 ], [ -38.952021, -4.6792218 ], [ -38.949245, -4.68402 ], [ -38.9609787, -4.6958837 ], [ -38.9650881, -4.7049487 ], [ -38.9596568, -4.7120239 ], [ -38.9512165, -4.7169728 ], [ -38.94974, -4.7217811 ], [ -38.946628, -4.7249544 ], [ -38.9437605, -4.7407936 ], [ -38.9233287, -4.7391012 ], [ -38.9212994, -4.7346193 ], [ -38.9175504, -4.7312427 ], [ -38.911932, -4.7290304 ], [ -38.905657, -4.7212771 ], [ -38.9013823, -4.7198933 ], [ -38.9050552, -4.7130404 ], [ -38.8912588, -4.7148097 ], [ -38.8871465, -4.7099479 ], [ -38.8834309, -4.7089955 ], [ -38.8809466, -4.6937115 ], [ -38.8753515, -4.6899273 ], [ -38.8777815, -4.6861636 ], [ -38.8744039, -4.6794854 ], [ -38.8022725, -4.741018 ], [ -38.8601483, -4.8289657 ], [ -38.8603392, -4.8391475 ], [ -38.871373, -4.8458623 ], [ -38.8752164, -4.8519463 ], [ -38.8788768, -4.8473885 ], [ -38.8807106, -4.8473888 ], [ -38.8860175, -4.8424647 ], [ -38.8967892, -4.8404548 ], [ -38.8988811, -4.8351641 ], [ -38.9046734, -4.8341992 ], [ -38.9219382, -4.8267049 ], [ -38.9231063, -4.8353701 ], [ -38.91927, -4.8406853 ], [ -38.9182714, -4.8455092 ], [ -38.9199778, -4.8510393 ], [ -38.9140874, -4.8567259 ], [ -38.913803, -4.8599191 ], [ -38.9064274, -4.8693725 ], [ -38.903596, -4.8778368 ], [ -38.9005813, -4.8785478 ], [ -38.8969977, -4.8880044 ], [ -38.8907218, -4.8948286 ], [ -38.8909746, -4.9042804 ], [ -38.8893061, -4.9103335 ], [ -38.8906207, -4.9159774 ], [ -38.8862591, -4.9234567 ], [ -38.8867338, -4.9260754 ], [ -38.8827394, -4.9283317 ], [ -38.8850463, -4.9344212 ], [ -38.8826573, -4.9352112 ], [ -38.7012424, -4.9023912 ], [ -38.6475384, -4.9375525 ], [ -38.6486956, -4.9396897 ], [ -38.6450999, -4.9508061 ], [ -38.6460497, -4.9575514 ], [ -38.641774, -4.9613036 ], [ -38.6465936, -4.9664721 ], [ -38.6473813, -4.9799183 ], [ -38.6536938, -4.9826904 ], [ -38.660134, -4.9902648 ], [ -38.661254, -4.9968203 ], [ -38.6710907, -4.9988579 ], [ -38.6774553, -5.004817 ], [ -38.6771306, -5.010252 ], [ -38.6789576, -5.015243 ], [ -38.6768579, -5.0180997 ], [ -38.6767077, -5.0282588 ], [ -38.6836516, -5.0485684 ], [ -38.6823733, -5.0511655 ], [ -38.6859037, -5.054908 ], [ -38.6790225, -5.0576367 ], [ -38.6729425, -5.0525871 ], [ -38.6691655, -5.0516793 ], [ -38.6668904, -5.0469802 ], [ -38.6632021, -5.0454972 ], [ -38.6606038, -5.0475188 ], [ -38.6584554, -5.0453388 ], [ -38.6548939, -5.0489352 ], [ -38.6510535, -5.0490224 ], [ -38.6436451, -5.0531068 ], [ -38.6358503, -5.0520928 ], [ -38.6325105, -5.0553407 ], [ -38.6308691, -5.0545231 ], [ -38.630115, -5.0579104 ], [ -38.6263823, -5.0588325 ], [ -38.6246395, -5.0637899 ], [ -38.6251749, -5.0667388 ], [ -38.6279295, -5.0686183 ], [ -38.6258814, -5.070701 ], [ -38.6278819, -5.0734951 ], [ -38.626645, -5.0764654 ], [ -38.6295044, -5.080011 ], [ -38.6251773, -5.0810945 ], [ -38.6295579, -5.0855176 ], [ -38.6229401, -5.0850052 ], [ -38.6237371, -5.0896057 ], [ -38.6195587, -5.0915151 ], [ -38.6220782, -5.0945863 ], [ -38.6194169, -5.0992447 ], [ -38.6207701, -5.1016809 ], [ -38.6155945, -5.1043855 ], [ -38.6175324, -5.1070913 ], [ -38.6171452, -5.1108549 ], [ -38.6153479, -5.1126131 ], [ -38.6191298, -5.1154727 ], [ -38.6181848, -5.1188635 ], [ -38.6282934, -5.1188131 ], [ -38.6375061, -5.1219465 ], [ -38.6430425, -5.119927 ], [ -38.6501639, -5.1224173 ], [ -38.6659132, -5.1167814 ], [ -38.669192, -5.1120828 ], [ -38.6731109, -5.1102313 ], [ -38.6744114, -5.1111295 ], [ -38.699046, -5.0934951 ], [ -38.7107101, -5.093089 ], [ -38.715435, -5.0901061 ], [ -38.7204077, -5.0930679 ], [ -38.7341814, -5.0924484 ], [ -38.7442241, -5.0949208 ], [ -38.7558198, -5.0860332 ], [ -38.7617044, -5.0787021 ], [ -38.7803237, -5.075636 ], [ -38.7856938, -5.0777591 ], [ -38.7933024, -5.0781909 ], [ -38.8130645, -5.0665911 ], [ -38.9008913, -5.1652486 ], [ -38.904132, -5.1662619 ], [ -38.9086174, -5.1657808 ], [ -38.9127897, -5.1631395 ], [ -38.9215783, -5.1629103 ], [ -38.9236646, -5.1600412 ], [ -38.9379357, -5.1534036 ], [ -38.9409585, -5.1553187 ], [ -38.9471986, -5.1529107 ], [ -38.9504423, -5.1542484 ], [ -38.9563093, -5.1529802 ], [ -38.9603471, -5.1489144 ], [ -38.965835, -5.147308 ], [ -38.972093, -5.1414949 ], [ -38.9727943, -5.1428234 ], [ -38.9784402, -5.1437601 ], [ -38.9826865, -5.1479909 ], [ -38.9863898, -5.1484083 ], [ -38.9877057, -5.1530265 ], [ -38.9920417, -5.1545914 ], [ -38.9982876, -5.1632891 ], [ -39.0022626, -5.1645397 ], [ -39.0091262, -5.1600083 ], [ -39.0136295, -5.1633593 ], [ -39.0159066, -5.1681703 ], [ -39.0186401, -5.1668179 ], [ -39.0207229, -5.1626425 ], [ -39.0316124, -5.164138 ], [ -39.0426211, -5.1581975 ], [ -39.0511769, -5.1571152 ], [ -39.0546665, -5.1508502 ], [ -39.0566181, -5.1501824 ], [ -39.0606685, -5.1501838 ], [ -39.0699968, -5.1546528 ], [ -39.0746569, -5.1529977 ], [ -39.0755939, -5.151089 ], [ -39.0898234, -5.1525547 ], [ -39.0937864, -5.1498403 ], [ -39.1031373, -5.156623 ], [ -39.1102411, -5.1500596 ], [ -39.1196943, -5.1482238 ], [ -39.1268308, -5.1490193 ], [ -39.1278909, -5.141823 ], [ -39.135929, -5.1359112 ], [ -39.1374605, -5.1362189 ], [ -39.1373584, -5.1444611 ], [ -39.1386258, -5.1463698 ], [ -39.1480902, -5.1446625 ], [ -39.1544752, -5.1382938 ], [ -39.1662711, -5.1317331 ], [ -39.1689441, -5.1284355 ], [ -39.1690151, -5.1238343 ], [ -39.1609932, -5.1216626 ], [ -39.160487, -5.1202497 ], [ -39.168443, -5.1124405 ], [ -39.1649364, -5.1058658 ], [ -39.1625877, -5.1051055 ], [ -39.1599143, -5.1066641 ], [ -39.1590826, -5.1035847 ], [ -39.1508815, -5.1069923 ], [ -39.1518563, -5.1038039 ], [ -39.1587471, -5.0985489 ], [ -39.1562347, -5.0930063 ], [ -39.1559037, -5.0873183 ], [ -39.1596886, -5.0886579 ], [ -39.1618243, -5.086393 ], [ -39.1589332, -5.0835315 ], [ -39.1582634, -5.0780246 ], [ -39.1478497, -5.061606 ], [ -39.1573063, -5.0616763 ], [ -39.1555073, -5.0546483 ], [ -39.1570785, -5.0524923 ], [ -39.1599188, -5.0514589 ], [ -39.16304, -5.0539762 ], [ -39.1659886, -5.0522818 ], [ -39.1703557, -5.0525975 ], [ -39.1764974, -5.0434796 ], [ -39.179661, -5.0438819 ], [ -39.1851507, -5.0366704 ], [ -39.1864626, -5.0291487 ], [ -39.1915514, -5.0287488 ], [ -39.1920539, -5.0180081 ], [ -39.1953042, -5.0159424 ], [ -39.1986882, -5.0083342 ], [ -39.2005305, -5.0085872 ], [ -39.2046603, -5.018421 ], [ -39.2056568, -5.0154684 ], [ -39.2081633, -5.0161558 ], [ -39.2113044, -5.0117716 ], [ -39.2146451, -5.010068 ], [ -39.2261372, -5.0133877 ], [ -39.227039, -5.0100638 ], [ -39.2292378, -5.0096283 ], [ -39.2286404, -5.0055534 ], [ -39.2312657, -4.9985612 ], [ -39.2297812, -4.9885638 ], [ -39.2341117, -4.9777495 ], [ -39.2272375, -4.9743194 ], [ -39.2249775, -4.9612602 ], [ -39.2207419, -4.9607143 ], [ -39.2188121, -4.9574442 ], [ -39.2064955, -4.9585364 ], [ -39.1989274, -4.966079 ], [ -39.1857391, -4.9575865 ], [ -39.1831982, -4.9470024 ], [ -39.1843022, -4.9422601 ], [ -39.1799314, -4.9415588 ], [ -39.1768909, -4.9391723 ], [ -39.1730359, -4.9306899 ], [ -39.1660278, -4.9253875 ], [ -39.1683523, -4.9167126 ], [ -39.1632995, -4.9116992 ], [ -39.1626531, -4.9065649 ], [ -39.1526852, -4.9042306 ], [ -39.1435491, -4.8903314 ], [ -39.1408538, -4.8810556 ], [ -39.1350771, -4.8798166 ], [ -39.1340081, -4.8740303 ], [ -39.1264591, -4.8699821 ], [ -39.1279619, -4.8665859 ], [ -39.1205502, -4.8625818 ], [ -39.1202473, -4.8564205 ], [ -39.1236836, -4.8571554 ], [ -39.1236343, -4.8520493 ], [ -39.1220382, -4.8496659 ], [ -39.1234544, -4.8458398 ], [ -39.1211843, -4.8405995 ], [ -39.1180969, -4.8388396 ], [ -39.1154285, -4.8400731 ], [ -39.1126485, -4.837735 ], [ -39.1107487, -4.8406049 ], [ -39.1130202, -4.8436071 ], [ -39.1087606, -4.8433717 ], [ -39.1053746, -4.8468806 ], [ -39.1053648, -4.8422812 ], [ -39.1029145, -4.8427394 ], [ -39.1001061, -4.8368051 ], [ -39.1032491, -4.8371611 ], [ -39.1010078, -4.835685 ], [ -39.1013529, -4.8339543 ], [ -39.0982498, -4.8348929 ], [ -39.0960472, -4.8331527 ], [ -39.0880484, -4.8322382 ], [ -39.0879143, -4.8345587 ], [ -39.0898192, -4.8354007 ], [ -39.0866536, -4.8343931 ], [ -39.0807253, -4.840849 ], [ -39.0775231, -4.8367197 ], [ -39.0776838, -4.8268438 ], [ -39.0833334, -4.8263614 ], [ -39.0853894, -4.824252 ], [ -39.0834258, -4.8228072 ], [ -39.0814335, -4.8240282 ], [ -39.0810218, -4.8228135 ], [ -39.0780646, -4.8243174 ], [ -39.0728072, -4.8202847 ], [ -39.0703376, -4.8207457 ], [ -39.0707128, -4.814253 ], [ -39.0655317, -4.8119033 ], [ -39.0697975, -4.8074669 ], [ -39.0656052, -4.8049705 ], [ -39.0677108, -4.8030763 ], [ -39.0665558, -4.7993747 ], [ -39.0590651, -4.796396 ], [ -39.0599896, -4.7949896 ], [ -39.0562163, -4.7909268 ], [ -39.0554227, -4.7874711 ], [ -39.0499154, -4.7869988 ], [ -39.0459513, -4.7823554 ], [ -39.0388686, -4.7816685 ], [ -39.0426246, -4.7790669 ], [ -39.0472082, -4.7710495 ], [ -39.0557737, -4.7703532 ], [ -39.057196, -4.7658681 ], [ -39.0578463, -4.7675675 ], [ -39.0609941, -4.7659276 ], [ -39.0634325, -4.7681729 ], [ -39.0664238, -4.7670655 ], [ -39.0669306, -4.7647467 ], [ -39.0707094, -4.7655721 ], [ -39.0695405, -4.7674901 ], [ -39.0716464, -4.7712045 ], [ -39.0744082, -4.7712819 ], [ -39.0742176, -4.7734736 ], [ -39.0774797, -4.7672738 ], [ -39.0809155, -4.7680454 ], [ -39.0831027, -4.7644577 ], [ -39.0857525, -4.7632815 ], [ -39.0889022, -4.7656149 ], [ -39.091082, -4.762437 ], [ -39.1041273, -4.7618331 ], [ -39.0865738, -4.7403984 ], [ -39.0739508, -4.7306753 ], [ -39.072671, -4.7263206 ], [ -39.0691727, -4.725184 ], [ -39.0658446, -4.7264409 ], [ -39.0587674, -4.7236859 ], [ -39.0565962, -4.7218281 ], [ -39.0568346, -4.7196469 ], [ -39.0538045, -4.7183665 ], [ -39.0543477, -4.7163295 ], [ -39.0510414, -4.716188 ], [ -39.0505129, -4.7180566 ], [ -39.0474345, -4.7148576 ], [ -39.0444492, -4.7170387 ], [ -39.0421006, -4.7158256 ], [ -39.0424771, -4.7136686 ], [ -39.0405537, -4.7109899 ], [ -39.0427197, -4.7067483 ], [ -39.0406965, -4.7040197 ], [ -39.0430533, -4.7001515 ], [ -39.0423947, -4.6967622 ], [ -39.044389, -4.6949142 ], [ -39.041631, -4.6922527 ], [ -39.0405332, -4.6858666 ], [ -39.0375938, -4.6818838 ], [ -39.0381374, -4.6752391 ], [ -39.0351354, -4.6725175 ], [ -39.0349021, -4.6678286 ], [ -39.0293197, -4.6657991 ], [ -39.0250638, -4.6670727 ], [ -39.0228594, -4.6643153 ], [ -39.0199586, -4.6644111 ], [ -39.0187085, -4.6660867 ], [ -39.0145999, -4.6648224 ], [ -39.0116376, -4.6668241 ], [ -39.0075951, -4.6657957 ], [ -39.0030495, -4.6668338 ], [ -39.0015487, -4.6720616 ], [ -38.9995519, -4.673706 ], [ -38.996725, -4.6678824 ], [ -38.9924881, -4.6663456 ], [ -38.9887022, -4.6670565 ], [ -38.9841763, -4.6650364 ], [ -38.9812687, -4.667964 ], [ -38.978317, -4.6677192 ] ] ] } },
{ "type": "Feature", "properties": { "CD_MUN": "2301901", "NM_MUN": "Barbalha", "CD_RGI": "230011", "NM_RGI": "Juazeiro do Norte", "CD_RGINT": "2304", "NM_RGINT": "Juazeiro do Norte", "CD_UF": "23", "NM_UF": "Ceará", "SIGLA_UF": "CE", "CD_REGIA": "2", "NM_REGIA": "Nordeste", "SIGLA_RG": "NE", "CD_CONCU": "2307304", "NM_CONCU": "Juazeiro do Norte/CE", "AREA_KM2": 608.142, "mun_upp": "BARBALHA", "has_qualif": 1, "municipio": "Barbalha", "REGIÃO DE PLANEJAMENTO": "Cariri", "auxiliary_storage_labeling_positionx": null, "auxiliary_storage_labeling_positiony": null, "auxiliary_storage_labeling_lineanchorpercent": null, "auxiliary_storage_labeling_lineanchorclipping": null, "auxiliary_storage_labeling_lineanchortype": null, "auxiliary_storage_labeling_lineanchortextpoint": null, "auxiliary_storage_callouts_originx": null, "auxiliary_storage_callouts_originy": null, "auxiliary_storage_callouts_destinationx": null, "auxiliary_storage_callouts_destinationy": null }, "geometry": { "type": "Polygon", "coordinates": [ [ [ -39.2067021, -7.3016191 ], [ -39.2092389, -7.31158 ], [ -39.2074153, -7.3132379 ], [ -39.2115338, -7.3206692 ], [ -39.2136664, -7.3204681 ], [ -39.2254497, -7.3292247 ], [ -39.2409422, -7.3628539 ], [ -39.2320061, -7.3672948 ], [ -39.2284514, -7.3727862 ], [ -39.2318775, -7.3815284 ], [ -39.2229382, -7.3973029 ], [ -39.2268756, -7.4135212 ], [ -39.2544072, -7.4476719 ], [ -39.2540322, -7.4877068 ], [ -39.3718397, -7.4580733 ], [ -39.3719673, -7.6151742 ], [ -39.3839743, -7.6085737 ], [ -39.4196561, -7.6044123 ], [ -39.4232728, -7.5868058 ], [ -39.4348597, -7.5738183 ], [ -39.4450564, -7.5725434 ], [ -39.4462942, -7.335859 ], [ -39.4010693, -7.3071544 ], [ -39.3755308, -7.305138 ], [ -39.3747264, -7.2948716 ], [ -39.3697278, -7.2949482 ], [ -39.3637609, -7.2877305 ], [ -39.3599186, -7.2801973 ], [ -39.3616868, -7.2740986 ], [ -39.3577441, -7.2703412 ], [ -39.3467002, -7.2655077 ], [ -39.3266325, -7.2620321 ], [ -39.3264773, -7.263086 ], [ -39.319254, -7.262722 ], [ -39.3200782, -7.2606005 ], [ -39.2857927, -7.2638443 ], [ -39.2780447, -7.2614214 ], [ -39.27534, -7.2582935 ], [ -39.2654433, -7.2593257 ], [ -39.2393943, -7.274723 ], [ -39.2340939, -7.2810155 ], [ -39.2067021, -7.3016191 ] ] ] } },
{ "type": "Feature", "properties": { "CD_MUN": "2300606", "NM_MUN": "Altaneira", "CD_RGI": "230011", "NM_RGI": "Juazeiro do Norte", "CD_RGINT": "2304", "NM_RGINT": "Juazeiro do Norte", "CD_UF": "23", "NM_UF": "Ceará", "SIGLA_UF": "CE", "CD_REGIA": "2", "NM_REGIA": "Nordeste", "SIGLA_RG": "NE", "CD_CONCU": null, "NM_CONCU": null, "AREA_KM2": 72.675, "mun_upp": "ALTANEIRA", "has_qualif": 0, "municipio": null, "REGIÃO DE PLANEJAMENTO": "Cariri", "auxiliary_storage_labeling_positionx": null, "auxiliary_storage_labeling_positiony": null, "auxiliary_storage_labeling_lineanchorpercent": null, "auxiliary_storage_labeling_lineanchorclipping": null, "auxiliary_storage_labeling_lineanchortype": null, "auxiliary_storage_labeling_lineanchortextpoint": null, "auxiliary_storage_callouts_originx": null, "auxiliary_storage_callouts_originy": null, "auxiliary_storage_callouts_destinationx": null, "auxiliary_storage_callouts_destinationy": null }, "geometry": { "type": "Polygon", "coordinates": [ [ [ -39.7091255, -6.9527419 ], [ -39.7023191, -6.9543346 ], [ -39.7014968, -6.9571516 ], [ -39.6982829, -6.9581613 ], [ -39.6976014, -6.9610389 ], [ -39.6911866, -6.9608351 ], [ -39.6902042, -6.9622933 ], [ -39.6933466, -6.9672351 ], [ -39.6929095, -6.9693267 ], [ -39.6906299, -6.969832 ], [ -39.6846841, -6.9661085 ], [ -39.6685231, -6.9603783 ], [ -39.6576831, -6.9535242 ], [ -39.6535092, -6.9532623 ], [ -39.6431801, -6.9474642 ], [ -39.642644, -6.9455467 ], [ -39.6399331, -6.9455832 ], [ -39.6212939, -6.9603589 ], [ -39.6232705, -6.9631515 ], [ -39.6335026, -6.9687827 ], [ -39.632183, -6.9716732 ], [ -39.6366049, -6.9774437 ], [ -39.6352875, -6.9813006 ], [ -39.6363921, -6.9834384 ], [ -39.6452303, -6.9912361 ], [ -39.6580894, -6.9932527 ], [ -39.6639919, -6.9926017 ], [ -39.6592038, -7.0022377 ], [ -39.6560083, -7.0050246 ], [ -39.6595637, -7.0071265 ], [ -39.6722356, -7.0089617 ], [ -39.6779558, -7.011818 ], [ -39.6806289, -7.0161477 ], [ -39.6910355, -7.0160128 ], [ -39.7165684, -7.0022183 ], [ -39.7590667, -7.0133439 ], [ -39.7474521, -7.0224802 ], [ -39.8001637, -7.0113093 ], [ -39.790999, -7.0088329 ], [ -39.7784962, -7.0020059 ], [ -39.7766653, -7.0024513 ], [ -39.7727548, -6.9998704 ], [ -39.767893, -6.9932375 ], [ -39.7636754, -6.9939336 ], [ -39.7611939, -6.9920673 ], [ -39.7581827, -6.9932165 ], [ -39.7554193, -6.9899479 ], [ -39.755504, -6.9872469 ], [ -39.7527746, -6.9874464 ], [ -39.7453861, -6.9796108 ], [ -39.7297226, -6.9686791 ], [ -39.7240963, -6.9657756 ], [ -39.7217111, -6.9665441 ], [ -39.7212429, -6.9645079 ], [ -39.7188733, -6.9643879 ], [ -39.718722, -6.9610136 ], [ -39.7155551, -6.9606365 ], [ -39.7134533, -6.9559709 ], [ -39.7091255, -6.9527419 ] ] ] } },
{ "type": "Feature", "properties": { "CD_MUN": "2310001", "NM_MUN": "Palhano", "CD_RGI": "230007", "NM_RGI": "Russas - Limoeiro do Norte", "CD_RGINT": "2302", "NM_RGINT": "Quixadá", "CD_UF": "23", "NM_UF": "Ceará", "SIGLA_UF": "CE", "CD_REGIA": "2", "NM_REGIA": "Nordeste", "SIGLA_RG": "NE", "CD_CONCU": null, "NM_CONCU": null, "AREA_KM2": 436.98, "mun_upp": "PALHANO", "has_qualif": 1, "municipio": "Palhano", "REGIÃO DE PLANEJAMENTO": "Vale do Jaguaribe", "auxiliary_storage_labeling_positionx": null, "auxiliary_storage_labeling_positiony": null, "auxiliary_storage_labeling_lineanchorpercent": null, "auxiliary_storage_labeling_lineanchorclipping": null, "auxiliary_storage_labeling_lineanchortype": null, "auxiliary_storage_labeling_lineanchortextpoint": null, "auxiliary_storage_callouts_originx": null, "auxiliary_storage_callouts_originy": null, "auxiliary_storage_callouts_destinationx": null, "auxiliary_storage_callouts_destinationy": null }, "geometry": { "type": "Polygon", "coordinates": [ [ [ -37.9555694, -4.7295448 ], [ -37.9004355, -4.8208553 ], [ -37.9708643, -4.8301331 ], [ -37.9826261, -4.8342513 ], [ -38.0300975, -4.8401182 ], [ -38.042265, -4.8446529 ], [ -38.0605316, -4.811375 ], [ -38.0579058, -4.7895963 ], [ -38.0484082, -4.7773096 ], [ -38.0502295, -4.7722452 ], [ -38.0583942, -4.7632042 ], [ -38.0609008, -4.7538326 ], [ -38.0693154, -4.7498099 ], [ -38.0772622, -4.7375877 ], [ -38.0842976, -4.7322256 ], [ -38.0871135, -4.7200907 ], [ -38.0940284, -4.7046208 ], [ -38.1464155, -4.6651206 ], [ -38.161677, -4.6413698 ], [ -38.1820574, -4.6227477 ], [ -38.1613295, -4.6187477 ], [ -38.1582972, -4.6193856 ], [ -38.1526473, -4.6151339 ], [ -38.1478217, -4.6143104 ], [ -38.1368628, -4.6184328 ], [ -38.13169, -4.6171557 ], [ -38.1237798, -4.6197553 ], [ -38.1216144, -4.6173202 ], [ -38.1079339, -4.617197 ], [ -38.1066328, -4.6142557 ], [ -38.1099968, -4.6063619 ], [ -38.1011052, -4.5964915 ], [ -38.0896481, -4.5920591 ], [ -38.0843399, -4.5874884 ], [ -38.0816299, -4.5879781 ], [ -38.0765193, -4.592998 ], [ -38.0720256, -4.5926649 ], [ -38.0680463, -4.5947509 ], [ -38.0651727, -4.591461 ], [ -38.0557435, -4.5945759 ], [ -38.048416, -4.5895492 ], [ -38.0417713, -4.5899765 ], [ -38.0382872, -4.5910293 ], [ -38.037075, -4.5946292 ], [ -38.0240895, -4.5995532 ], [ -38.0202729, -4.5973575 ], [ -38.0202399, -4.5937916 ], [ -38.0128695, -4.5928159 ], [ -38.0087856, -4.5935689 ], [ -38.0080516, -4.5958313 ], [ -38.0050915, -4.5955 ], [ -38.0054925, -4.5977269 ], [ -38.0007149, -4.5977344 ], [ -38.0012489, -4.596085 ], [ -37.9976955, -4.5925378 ], [ -37.992434, -4.5925958 ], [ -37.9907654, -4.589644 ], [ -37.9898191, -4.5904772 ], [ -37.9864888, -4.5862712 ], [ -37.987974, -4.5853155 ], [ -37.9864329, -4.5836341 ], [ -37.9734695, -4.6154823 ], [ -37.9752567, -4.6263392 ], [ -37.9788549, -4.6317717 ], [ -37.9943392, -4.6470498 ], [ -37.9932371, -4.6607374 ], [ -37.9867411, -4.6630067 ], [ -37.9685989, -4.6599169 ], [ -37.9505284, -4.6617678 ], [ -37.9555694, -4.7295448 ] ] ] } },
{ "type": "Feature", "properties": { "CD_MUN": "2313005", "NM_MUN": "Solonópole", "CD_RGI": "230006", "NM_RGI": "Quixadá", "CD_RGINT": "2302", "NM_RGINT": "Quixadá", "CD_UF": "23", "NM_UF": "Ceará", "SIGLA_UF": "CE", "CD_REGIA": "2", "NM_REGIA": "Nordeste", "SIGLA_RG": "NE", "CD_CONCU": null, "NM_CONCU": null, "AREA_KM2": 1535.855, "mun_upp": "SOLONÓPOLE", "has_qualif": 1, "municipio": "Solonópole", "REGIÃO DE PLANEJAMENTO": "Sertão Central", "auxiliary_storage_labeling_positionx": null, "auxiliary_storage_labeling_positiony": null, "auxiliary_storage_labeling_lineanchorpercent": null, "auxiliary_storage_labeling_lineanchorclipping": null, "auxiliary_storage_labeling_lineanchortype": null, "auxiliary_storage_labeling_lineanchortextpoint": null, "auxiliary_storage_callouts_originx": null, "auxiliary_storage_callouts_originy": null, "auxiliary_storage_callouts_destinationx": null, "auxiliary_storage_callouts_destinationy": null }, "geometry": { "type": "Polygon", "coordinates": [ [ [ -38.9836887, -6.04643 ], [ -38.9865131, -6.0285265 ], [ -38.9905687, -6.0241129 ], [ -38.9919305, -6.0200755 ], [ -38.9947553, -6.0217165 ], [ -39.0058699, -6.0189882 ], [ -39.0107836, -6.0070921 ], [ -39.0131862, -6.0056419 ], [ -39.0185263, -6.0052294 ], [ -39.0211086, -6.0103274 ], [ -39.0225832, -6.0200461 ], [ -39.0273483, -6.0140304 ], [ -39.0300104, -6.0137893 ], [ -39.0397089, -6.0197176 ], [ -39.0419946, -6.0227614 ], [ -39.0507418, -6.0253532 ], [ -39.0600694, -6.0033039 ], [ -39.0590769, -5.9995806 ], [ -39.0603625, -5.9976572 ], [ -39.0721354, -5.998261 ], [ -39.0781523, -5.9914518 ], [ -39.0866506, -5.9923733 ], [ -39.0963825, -5.98867 ], [ -39.1022926, -5.9831199 ], [ -39.1063588, -5.9835805 ], [ -39.1130119, -5.9888993 ], [ -39.1146111, -5.9838104 ], [ -39.1126391, -5.9771011 ], [ -39.1154715, -5.9764067 ], [ -39.1194143, -5.9791822 ], [ -39.1254493, -5.9798756 ], [ -39.130624, -5.9835752 ], [ -39.1354271, -5.978946 ], [ -39.1383085, -5.9715327 ], [ -39.1372723, -5.9650675 ], [ -39.142518, -5.967496 ], [ -39.1440294, -5.9667611 ], [ -39.1431778, -5.9615298 ], [ -39.145208, -5.9579514 ], [ -39.1493631, -5.9573071 ], [ -39.1526696, -5.9590504 ], [ -39.1610288, -5.9554692 ], [ -39.1652453, -5.9617878 ], [ -39.1680207, -5.962821 ], [ -39.1724552, -5.950314 ], [ -39.176895, -5.9453679 ], [ -39.1758187, -5.9297247 ], [ -39.1798747, -5.9198968 ], [ -39.1768271, -5.9156898 ], [ -39.1765553, -5.9098997 ], [ -39.1719037, -5.9043578 ], [ -39.1734772, -5.8802164 ], [ -39.1688046, -5.8711975 ], [ -39.1706428, -5.8653985 ], [ -39.1821734, -5.8598834 ], [ -39.1631537, -5.7985325 ], [ -39.1108466, -5.6774861 ], [ -39.0269683, -5.489886 ], [ -39.0224453, -5.493607 ], [ -39.020734, -5.5002455 ], [ -39.0132898, -5.5056513 ], [ -39.009281, -5.5111992 ], [ -39.0061301, -5.5102566 ], [ -39.0046163, -5.505863 ], [ -39.0004952, -5.5099223 ], [ -38.9949324, -5.5093647 ], [ -38.9928017, -5.51515 ], [ -38.9897664, -5.5124735 ], [ -38.9857244, -5.5161611 ], [ -38.9817876, -5.5140598 ], [ -38.9778221, -5.517826 ], [ -38.9780644, -5.5212277 ], [ -38.9754255, -5.5209705 ], [ -38.9734001, -5.5186693 ], [ -38.9668103, -5.5167251 ], [ -38.9633724, -5.5128301 ], [ -38.9589639, -5.5127155 ], [ -38.9562983, -5.5071698 ], [ -38.9516064, -5.5054247 ], [ -38.9440275, -5.4890168 ], [ -38.9382938, -5.485786 ], [ -38.9288514, -5.4856706 ], [ -38.9236283, -5.4535517 ], [ -38.918987, -5.4579216 ], [ -38.9126939, -5.4550975 ], [ -38.9089234, -5.4564058 ], [ -38.9078581, -5.4581522 ], [ -38.9091434, -5.4622293 ], [ -38.905963, -5.4689028 ], [ -38.9038388, -5.4698996 ], [ -38.9091849, -5.5952724 ], [ -38.8808267, -5.6556751 ], [ -38.8048489, -5.7886824 ], [ -38.8082472, -5.7952996 ], [ -38.8137568, -5.7969934 ], [ -38.8238928, -5.8039905 ], [ -38.827692, -5.8039408 ], [ -38.8294696, -5.8080939 ], [ -38.8370698, -5.8128246 ], [ -38.8381898, -5.8167991 ], [ -38.8328153, -5.8195086 ], [ -38.8359618, -5.8212519 ], [ -38.8382997, -5.8195831 ], [ -38.8395881, -5.8204241 ], [ -38.8399906, -5.8283613 ], [ -38.8421822, -5.8286389 ], [ -38.8395689, -5.8323549 ], [ -38.8468726, -5.8377046 ], [ -38.8545987, -5.8382908 ], [ -38.8569444, -5.8431354 ], [ -38.8566849, -5.8465748 ], [ -38.8623538, -5.8503154 ], [ -38.8612816, -5.8550705 ], [ -38.8645152, -5.8544624 ], [ -38.8691092, -5.8593027 ], [ -38.8731943, -5.8557678 ], [ -38.8749692, -5.8585773 ], [ -38.880874, -5.8598976 ], [ -38.8816235, -5.8618524 ], [ -38.8796078, -5.863165 ], [ -38.8791128, -5.8660728 ], [ -38.8761984, -5.8660412 ], [ -38.8755601, -5.8694646 ], [ -38.8814956, -5.8715076 ], [ -38.8791928, -5.8745255 ], [ -38.8803856, -5.8774009 ], [ -38.8828396, -5.8778066 ], [ -38.8820015, -5.8821796 ], [ -38.8846786, -5.8844932 ], [ -38.8846062, -5.8865744 ], [ -38.9198341, -5.9508188 ], [ -38.9271043, -5.9518372 ], [ -38.929767, -5.9511805 ], [ -38.9303449, -5.94826 ], [ -38.9337046, -5.9476947 ], [ -38.9335012, -5.9525904 ], [ -38.9381916, -5.9563598 ], [ -38.9350954, -5.9592518 ], [ -38.9341447, -5.9649968 ], [ -38.9431801, -5.9683109 ], [ -38.9460833, -5.9668744 ], [ -38.9484546, -5.9698285 ], [ -38.9474318, -5.9731847 ], [ -38.9448503, -5.9744501 ], [ -38.9468723, -5.9807209 ], [ -38.9455215, -5.9849258 ], [ -38.9496059, -5.9880392 ], [ -38.9530714, -5.9872874 ], [ -38.9542072, -5.9942072 ], [ -38.9517224, -5.9984 ], [ -38.9531922, -6.0007909 ], [ -38.9505876, -6.0039579 ], [ -38.9486483, -6.0024572 ], [ -38.9475304, -6.0059968 ], [ -38.9507449, -6.0129871 ], [ -38.9527489, -6.0141368 ], [ -38.9527132, -6.0164807 ], [ -38.9560962, -6.0168095 ], [ -38.9591753, -6.0146847 ], [ -38.9633307, -6.0208204 ], [ -38.9617234, -6.0254331 ], [ -38.9633302, -6.0280452 ], [ -38.9644932, -6.0393048 ], [ -38.9605831, -6.0428277 ], [ -38.9601504, -6.0487796 ], [ -38.9615458, -6.0495203 ], [ -38.9612391, -6.0524336 ], [ -38.9662789, -6.05381 ], [ -38.9689796, -6.0744067 ], [ -38.9727478, -6.0774069 ], [ -38.9745909, -6.0829217 ], [ -38.9719161, -6.0857401 ], [ -38.9761335, -6.1028124 ], [ -38.9797801, -6.1016876 ], [ -38.980702, -6.0995299 ], [ -38.9779115, -6.0917183 ], [ -38.983006, -6.0896225 ], [ -38.9856018, -6.0789117 ], [ -38.987777, -6.0793415 ], [ -38.9895936, -6.0775766 ], [ -38.9851502, -6.0691282 ], [ -38.9866414, -6.0652184 ], [ -38.9851811, -6.0620033 ], [ -38.9867093, -6.0617084 ], [ -38.9836887, -6.04643 ] ] ] } },
{ "type": "Feature", "properties": { "CD_MUN": "2303659", "NM_MUN": "Catunda", "CD_RGI": "230015", "NM_RGI": "Sobral", "CD_RGINT": "2306", "NM_RGINT": "Sobral", "CD_UF": "23", "NM_UF": "Ceará", "SIGLA_UF": "CE", "CD_REGIA": "2", "NM_REGIA": "Nordeste", "SIGLA_RG": "NE", "CD_CONCU": null, "NM_CONCU": null, "AREA_KM2": 784.022, "mun_upp": "CATUNDA", "has_qualif": 1, "municipio": "Catunda", "REGIÃO DE PLANEJAMENTO": "Sertão dos Crateús", "auxiliary_storage_labeling_positionx": null, "auxiliary_storage_labeling_positiony": null, "auxiliary_storage_labeling_lineanchorpercent": null, "auxiliary_storage_labeling_lineanchorclipping": null, "auxiliary_storage_labeling_lineanchortype": null, "auxiliary_storage_labeling_lineanchortextpoint": null, "auxiliary_storage_callouts_originx": null, "auxiliary_storage_callouts_originy": null, "auxiliary_storage_callouts_destinationx": null, "auxiliary_storage_callouts_destinationy": null }, "geometry": { "type": "Polygon", "coordinates": [ [ [ -40.2041023, -4.788755 ], [ -40.2097733, -4.7925548 ], [ -40.2172547, -4.790937 ], [ -40.2275039, -4.7864214 ], [ -40.2275843, -4.7839034 ], [ -40.2316806, -4.7804571 ], [ -40.240736, -4.7791103 ], [ -40.2457498, -4.7766757 ], [ -40.2617082, -4.7767207 ], [ -40.2674157, -4.7748461 ], [ -40.2730731, -4.7700619 ], [ -40.2727491, -4.764716 ], [ -40.2808018, -4.7584974 ], [ -40.2825232, -4.7550284 ], [ -40.2795245, -4.7520462 ], [ -40.2895879, -4.7475755 ], [ -40.2924942, -4.7440759 ], [ -40.291725, -4.7423176 ], [ -40.2970605, -4.7380729 ], [ -40.3005816, -4.7378098 ], [ -40.304933, -4.7324496 ], [ -40.3139686, -4.7282035 ], [ -40.3140479, -4.7259774 ], [ -40.3061688, -4.7242741 ], [ -40.3035277, -4.7207207 ], [ -40.3044401, -4.7165526 ], [ -40.3153426, -4.7076104 ], [ -40.3145803, -4.7025874 ], [ -40.308104, -4.6920045 ], [ -40.3213658, -4.6900057 ], [ -40.3205756, -4.6866147 ], [ -40.3222506, -4.6835209 ], [ -40.3204731, -4.6788943 ], [ -40.3250915, -4.6765726 ], [ -40.3251402, -4.6739072 ], [ -40.3309263, -4.6665004 ], [ -40.3373866, -4.6658709 ], [ -40.3389566, -4.6590332 ], [ -40.3423231, -4.6556126 ], [ -40.3334616, -4.65266 ], [ -40.3331601, -4.649635 ], [ -40.3303744, -4.6461629 ], [ -40.3321519, -4.6443135 ], [ -40.3311642, -4.6392183 ], [ -40.3164608, -4.6361551 ], [ -40.3188369, -4.6226304 ], [ -40.3154852, -4.6174766 ], [ -40.3106769, -4.6181565 ], [ -40.3092947, -4.6125552 ], [ -40.3029289, -4.6105438 ], [ -40.3036235, -4.6042825 ], [ -40.3001963, -4.6065315 ], [ -40.2973434, -4.6063084 ], [ -40.2937135, -4.6003777 ], [ -40.2894403, -4.6045104 ], [ -40.2841165, -4.6055183 ], [ -40.281821, -4.6084214 ], [ -40.2763634, -4.6072778 ], [ -40.2713553, -4.6104688 ], [ -40.2677521, -4.6105506 ], [ -40.2657923, -4.6080552 ], [ -40.2547597, -4.6053078 ], [ -40.2521552, -4.6060952 ], [ -40.2501812, -4.6033195 ], [ -40.247392, -4.6053981 ], [ -40.2359618, -4.5923846 ], [ -40.2400238, -4.5911336 ], [ -40.2409147, -4.5892707 ], [ -40.238944, -4.5784353 ], [ -40.243449, -4.5768112 ], [ -40.2396512, -4.570445 ], [ -40.2347577, -4.5666232 ], [ -40.2326021, -4.5618968 ], [ -40.2328356, -4.5572521 ], [ -40.2348102, -4.5589577 ], [ -40.2393497, -4.5591891 ], [ -40.2418832, -4.5562567 ], [ -40.2411622, -4.5517945 ], [ -40.2440444, -4.5512464 ], [ -40.2397588, -4.5489025 ], [ -40.2424788, -4.5410548 ], [ -40.2409845, -4.5370352 ], [ -40.2432146, -4.5345832 ], [ -40.24063, -4.5292903 ], [ -40.2461234, -4.5200112 ], [ -40.2484338, -4.5196612 ], [ -40.2535931, -4.5226524 ], [ -40.2566914, -4.5186422 ], [ -40.264098, -4.5148057 ], [ -40.2678628, -4.508569 ], [ -40.266051, -4.5043908 ], [ -40.2567756, -4.4933907 ], [ -40.2572936, -4.4884703 ], [ -40.2540708, -4.4868456 ], [ -40.2515179, -4.4905818 ], [ -40.2443979, -4.486066 ], [ -40.2462502, -4.4779727 ], [ -40.2539725, -4.4746191 ], [ -40.2544465, -4.4720502 ], [ -40.2078075, -4.4651598 ], [ -40.2004802, -4.4713467 ], [ -40.1982947, -4.477512 ], [ -40.1943615, -4.4820278 ], [ -40.19469, -4.4936702 ], [ -40.1882891, -4.4968394 ], [ -40.1868321, -4.500426 ], [ -40.1843534, -4.5018494 ], [ -40.1837033, -4.5081611 ], [ -40.1720368, -4.5056453 ], [ -40.1692345, -4.509069 ], [ -40.1630922, -4.5045926 ], [ -40.1606045, -4.5058239 ], [ -40.157501, -4.5035235 ], [ -40.1546066, -4.504718 ], [ -40.153166, -4.5036823 ], [ -40.1477176, -4.5065583 ], [ -40.1445581, -4.5051355 ], [ -40.1394278, -4.5095234 ], [ -40.1322601, -4.5094193 ], [ -40.1215302, -4.5031673 ], [ -40.1169921, -4.5037819 ], [ -40.1150819, -4.5073261 ], [ -40.1131014, -4.5077284 ], [ -40.1135788, -4.5097973 ], [ -40.1107355, -4.5111918 ], [ -40.1080398, -4.509048 ], [ -40.0968629, -4.506009 ], [ -40.0987036, -4.4981505 ], [ -40.1020139, -4.4956812 ], [ -40.097624, -4.4853454 ], [ -40.0914273, -4.4854804 ], [ -40.0897548, -4.4832572 ], [ -40.0851805, -4.4819657 ], [ -40.0798007, -4.4761312 ], [ -40.0736953, -4.4755299 ], [ -40.0714167, -4.4725358 ], [ -40.0680296, -4.4718228 ], [ -40.0627966, -4.4663798 ], [ -40.0631741, -4.4635882 ], [ -40.0605369, -4.4619646 ], [ -40.0594211, -4.4569965 ], [ -40.0569982, -4.4552051 ], [ -40.0538966, -4.4539172 ], [ -40.051466, -4.4571875 ], [ -40.0488433, -4.4573348 ], [ -40.0461436, -4.4537129 ], [ -40.0441238, -4.4544114 ], [ -40.0417001, -4.4514076 ], [ -40.035264, -4.4577998 ], [ -40.0225895, -4.4618679 ], [ -40.0068602, -4.4840249 ], [ -40.001542, -4.48844 ], [ -40.004011, -4.4978534 ], [ -40.0017127, -4.5043483 ], [ -40.0043971, -4.5076652 ], [ -40.0063309, -4.5178998 ], [ -40.008687, -4.523051 ], [ -40.0139595, -4.5278391 ], [ -40.0229691, -4.5413363 ], [ -40.0256679, -4.5546853 ], [ -40.0318096, -4.5666487 ], [ -40.0377679, -4.5680641 ], [ -40.0390194, -4.5718555 ], [ -40.0360129, -4.5790665 ], [ -40.0492097, -4.5713351 ], [ -40.0586017, -4.5681545 ], [ -40.0609679, -4.5732026 ], [ -40.0690907, -4.5790764 ], [ -40.0754426, -4.5876699 ], [ -40.0811849, -4.5890978 ], [ -40.0880973, -4.5866557 ], [ -40.105471, -4.5908824 ], [ -40.1109516, -4.5936324 ], [ -40.1169497, -4.600114 ], [ -40.1212248, -4.6102472 ], [ -40.1130696, -4.6115511 ], [ -40.113968, -4.6148062 ], [ -40.1111357, -4.6228588 ], [ -40.1065999, -4.6248757 ], [ -40.1066849, -4.6321373 ], [ -40.1046802, -4.6376457 ], [ -40.1058536, -4.6409778 ], [ -40.101476, -4.6446492 ], [ -40.1048073, -4.6527515 ], [ -40.1020374, -4.6574258 ], [ -40.102669, -4.6617344 ], [ -40.0908389, -4.6657608 ], [ -40.0836166, -4.676062 ], [ -40.0800446, -4.6780917 ], [ -40.0790421, -4.6808355 ], [ -40.0806105, -4.6837526 ], [ -40.0872016, -4.6849766 ], [ -40.0837575, -4.685675 ], [ -40.0811745, -4.6901416 ], [ -40.0819241, -4.6969266 ], [ -40.0683742, -4.7001577 ], [ -40.0616875, -4.6997653 ], [ -40.0615287, -4.7009303 ], [ -40.066874, -4.7028586 ], [ -40.0676524, -4.7065227 ], [ -40.0594998, -4.7168073 ], [ -40.1198853, -4.7480289 ], [ -40.1361009, -4.8129321 ], [ -40.1440437, -4.8072459 ], [ -40.1487471, -4.8073134 ], [ -40.154248, -4.8100618 ], [ -40.1579617, -4.8056008 ], [ -40.1599638, -4.7996509 ], [ -40.1654062, -4.7954331 ], [ -40.1692466, -4.7980326 ], [ -40.1730393, -4.7905946 ], [ -40.1819145, -4.7868724 ], [ -40.1855895, -4.783422 ], [ -40.1847776, -4.7861679 ], [ -40.1928368, -4.7905499 ], [ -40.1972595, -4.78647 ], [ -40.1986924, -4.79061 ], [ -40.2041023, -4.788755 ] ] ] } },
{ "type": "Feature", "properties": { "CD_MUN": "2305407", "NM_MUN": "Icó", "CD_RGI": "230010", "NM_RGI": "Icó", "CD_RGINT": "2303", "NM_RGINT": "Iguatu", "CD_UF": "23", "NM_UF": "Ceará", "SIGLA_UF": "CE", "CD_REGIA": "2", "NM_REGIA": "Nordeste", "SIGLA_RG": "NE", "CD_CONCU": null, "NM_CONCU": null, "AREA_KM2": 1865.86, "mun_upp": "ICÓ", "has_qualif": 1, "municipio": "Icó", "REGIÃO DE PLANEJAMENTO": "Centro Sul", "auxiliary_storage_labeling_positionx": null, "auxiliary_storage_labeling_positiony": null, "auxiliary_storage_labeling_lineanchorpercent": null, "auxiliary_storage_labeling_lineanchorclipping": null, "auxiliary_storage_labeling_lineanchortype": null, "auxiliary_storage_labeling_lineanchortextpoint": null, "auxiliary_storage_callouts_originx": null, "auxiliary_storage_callouts_originy": null, "auxiliary_storage_callouts_destinationx": null, "auxiliary_storage_callouts_destinationy": null }, "geometry": { "type": "Polygon", "coordinates": [ [ [ -38.8354585, -6.5990873 ], [ -38.8546121, -6.5968804 ], [ -38.8620103, -6.5875422 ], [ -38.8813415, -6.5800126 ], [ -38.8864726, -6.5818232 ], [ -38.8931511, -6.5792574 ], [ -38.9003072, -6.5783509 ], [ -38.9032119, -6.5795272 ], [ -38.9042744, -6.5768679 ], [ -38.9154257, -6.5747142 ], [ -38.9168831, -6.56838 ], [ -38.9187797, -6.5666126 ], [ -38.9215743, -6.5666814 ], [ -38.9249071, -6.5595544 ], [ -38.9239496, -6.5544862 ], [ -38.9177712, -6.549606 ], [ -38.9580643, -6.5270087 ], [ -39.0607949, -6.4454983 ], [ -39.0762385, -6.4496153 ], [ -39.0783564, -6.451446 ], [ -39.0936729, -6.4520655 ], [ -39.0920375, -6.4586813 ], [ -39.1005277, -6.4619303 ], [ -39.1029675, -6.457466 ], [ -39.1058475, -6.4645716 ], [ -39.1094755, -6.466433 ], [ -39.110023, -6.4635509 ], [ -39.116826, -6.4645548 ], [ -39.1176488, -6.4630516 ], [ -39.1191044, -6.4663829 ], [ -39.1335922, -6.4624434 ], [ -39.1401392, -6.4550644 ], [ -39.1445072, -6.4528164 ], [ -39.1429322, -6.4499314 ], [ -39.1448865, -6.44159 ], [ -39.1401925, -6.4373369 ], [ -39.1362223, -6.4298025 ], [ -39.1304201, -6.4260179 ], [ -39.1305247, -6.4198963 ], [ -39.1363319, -6.4169814 ], [ -39.138411, -6.4132216 ], [ -39.1293902, -6.4086288 ], [ -39.1250045, -6.4021564 ], [ -39.122315, -6.4009782 ], [ -39.1220651, -6.3964115 ], [ -39.118045, -6.393952 ], [ -39.1161686, -6.3907643 ], [ -39.1084549, -6.3899043 ], [ -39.1039556, -6.382744 ], [ -39.0927738, -6.3801418 ], [ -39.0922314, -6.3770689 ], [ -39.0891497, -6.3758632 ], [ -39.0818007, -6.3642584 ], [ -39.0765233, -6.3657731 ], [ -39.0738111, -6.371464 ], [ -39.0640217, -6.3783574 ], [ -39.0606933, -6.3852179 ], [ -39.0564348, -6.387205 ], [ -39.0470559, -6.3832327 ], [ -39.040055, -6.3768906 ], [ -39.036361, -6.3759527 ], [ -39.0342558, -6.3779633 ], [ -39.031289, -6.3763359 ], [ -39.0272889, -6.378519 ], [ -39.020913, -6.3770737 ], [ -39.0170012, -6.3740341 ], [ -39.00791, -6.377299 ], [ -39.0061587, -6.3762291 ], [ -39.0057711, -6.3778232 ], [ -39.000747, -6.376143 ], [ -38.997754, -6.3787423 ], [ -38.9918973, -6.3769615 ], [ -38.9816073, -6.378821 ], [ -38.9804753, -6.3771142 ], [ -38.9817721, -6.3715994 ], [ -38.9804802, -6.3695457 ], [ -38.9831504, -6.3639523 ], [ -38.9817222, -6.3602256 ], [ -38.9838397, -6.3521477 ], [ -38.9756073, -6.3411307 ], [ -38.957016, -6.3349492 ], [ -38.9514537, -6.3385174 ], [ -38.9480662, -6.3381078 ], [ -38.945937, -6.3395197 ], [ -38.9407102, -6.336501 ], [ -38.9344815, -6.3400191 ], [ -38.9334833, -6.3361116 ], [ -38.929335, -6.3360328 ], [ -38.9246557, -6.3322057 ], [ -38.9269434, -6.3293981 ], [ -38.9243532, -6.3247807 ], [ -38.9221959, -6.3240118 ], [ -38.9163396, -6.3096042 ], [ -38.8783307, -6.3274368 ], [ -38.8363342, -6.2922185 ], [ -38.8278114, -6.2783415 ], [ -38.824119, -6.2758128 ], [ -38.8218752, -6.2762381 ], [ -38.8219838, -6.2734736 ], [ -38.8203934, -6.2719218 ], [ -38.8213531, -6.2686616 ], [ -38.8278695, -6.2665959 ], [ -38.8283435, -6.2652317 ], [ -38.8264065, -6.2638955 ], [ -38.8294273, -6.2634032 ], [ -38.8275616, -6.2597214 ], [ -38.8311191, -6.24811 ], [ -38.830531, -6.2437965 ], [ -38.828151, -6.2442565 ], [ -38.8276496, -6.2413722 ], [ -38.8310207, -6.2382211 ], [ -38.828762, -6.2333951 ], [ -38.8302191, -6.2315982 ], [ -38.8270768, -6.2250463 ], [ -38.8267202, -6.2179413 ], [ -38.8007708, -6.1219448 ], [ -38.7983074, -6.123009 ], [ -38.7864062, -6.1195444 ], [ -38.785158, -6.1152307 ], [ -38.7822823, -6.1142031 ], [ -38.7796488, -6.1160259 ], [ -38.7803221, -6.1185968 ], [ -38.7653228, -6.1240162 ], [ -38.75529, -6.1111598 ], [ -38.7528548, -6.1134027 ], [ -38.7446074, -6.1110056 ], [ -38.7455024, -6.1147542 ], [ -38.7407518, -6.117976 ], [ -38.7391098, -6.1165032 ], [ -38.735579, -6.1180445 ], [ -38.7344077, -6.1230064 ], [ -38.7327573, -6.12386 ], [ -38.7271024, -6.1204366 ], [ -38.722645, -6.1213417 ], [ -38.7193588, -6.1164523 ], [ -38.7142474, -6.1139728 ], [ -38.7088783, -6.1076746 ], [ -38.7123154, -6.1192992 ], [ -38.7151638, -6.1231494 ], [ -38.7196945, -6.1245927 ], [ -38.7195736, -6.1271057 ], [ -38.7217014, -6.1280882 ], [ -38.722174, -6.1389548 ], [ -38.7248718, -6.1476205 ], [ -38.7324272, -6.1503051 ], [ -38.7352461, -6.1561705 ], [ -38.7353323, -6.1752465 ], [ -38.732412, -6.1805825 ], [ -38.7315039, -6.1863449 ], [ -38.7285651, -6.1879009 ], [ -38.7288206, -6.1894487 ], [ -38.7256353, -6.1928587 ], [ -38.7261692, -6.196363 ], [ -38.7279481, -6.1971681 ], [ -38.7266646, -6.2002502 ], [ -38.7216139, -6.19952 ], [ -38.7156244, -6.2012018 ], [ -38.7129819, -6.2052023 ], [ -38.7108011, -6.2045692 ], [ -38.7081405, -6.2064059 ], [ -38.6912903, -6.2070631 ], [ -38.6853687, -6.2121946 ], [ -38.6810069, -6.211158 ], [ -38.6789989, -6.2095484 ], [ -38.6786383, -6.2047804 ], [ -38.6748116, -6.201637 ], [ -38.6737587, -6.2025458 ], [ -38.6693816, -6.2005527 ], [ -38.6682878, -6.1959098 ], [ -38.6614892, -6.1950425 ], [ -38.6603025, -6.1904527 ], [ -38.6558501, -6.1912479 ], [ -38.6555582, -6.1858741 ], [ -38.6474748, -6.1858707 ], [ -38.6447423, -6.1808331 ], [ -38.6339564, -6.1792948 ], [ -38.6321687, -6.1776373 ], [ -38.6319127, -6.1743246 ], [ -38.6179353, -6.1715551 ], [ -38.6173461, -6.1696269 ], [ -38.6118138, -6.1705693 ], [ -38.6083671, -6.1746835 ], [ -38.6036084, -6.1742372 ], [ -38.5994724, -6.1812478 ], [ -38.6006751, -6.1864187 ], [ -38.5939522, -6.1899559 ], [ -38.5918343, -6.1972045 ], [ -38.5873545, -6.2015949 ], [ -38.5793626, -6.2066388 ], [ -38.5710913, -6.2075118 ], [ -38.5719812, -6.2107137 ], [ -38.5705449, -6.2122802 ], [ -38.5704549, -6.2172532 ], [ -38.5678554, -6.2218817 ], [ -38.5649816, -6.2228516 ], [ -38.560766, -6.2303994 ], [ -38.5556445, -6.2306404 ], [ -38.5511922, -6.2343055 ], [ -38.5427091, -6.2298036 ], [ -38.5360987, -6.229313 ], [ -38.5197118, -6.2230376 ], [ -38.5289654, -6.2398703 ], [ -38.5384653, -6.2468967 ], [ -38.5458512, -6.2454264 ], [ -38.5501477, -6.2573198 ], [ -38.5542785, -6.2597473 ], [ -38.554421, -6.2633956 ], [ -38.5597871, -6.2671627 ], [ -38.5650097, -6.2684934 ], [ -38.5753213, -6.2777503 ], [ -38.5795457, -6.2796264 ], [ -38.5760297, -6.2835221 ], [ -38.571513, -6.2844435 ], [ -38.5702964, -6.2999934 ], [ -38.5666288, -6.3008152 ], [ -38.5660227, -6.3025887 ], [ -38.5667178, -6.3044151 ], [ -38.5752961, -6.3086348 ], [ -38.5786638, -6.3147631 ], [ -38.5812962, -6.3162102 ], [ -38.5815423, -6.3310461 ], [ -38.5770754, -6.3474275 ], [ -38.5644277, -6.3518251 ], [ -38.5625059, -6.3556517 ], [ -38.5667375, -6.3570834 ], [ -38.5673533, -6.3615255 ], [ -38.5739691, -6.3619292 ], [ -38.5771031, -6.3642435 ], [ -38.5722746, -6.3723097 ], [ -38.5731081, -6.3749184 ], [ -38.5829634, -6.3740441 ], [ -38.5850503, -6.376207 ], [ -38.5882466, -6.3760102 ], [ -38.5924663, -6.3782461 ], [ -38.5949434, -6.3865701 ], [ -38.6007399, -6.387961 ], [ -38.6022145, -6.3908951 ], [ -38.594128, -6.3968616 ], [ -38.5871745, -6.3942738 ], [ -38.5815465, -6.3967341 ], [ -38.5823573, -6.4003107 ], [ -38.5809942, -6.4017636 ], [ -38.5719684, -6.4041066 ], [ -38.564353, -6.3997277 ], [ -38.5549609, -6.4001625 ], [ -38.5515225, -6.3981672 ], [ -38.5447741, -6.4022608 ], [ -38.5427155, -6.4019801 ], [ -38.5334912, -6.3975835 ], [ -38.5322136, -6.3943179 ], [ -38.5293999, -6.39289 ], [ -38.5245204, -6.396112 ], [ -38.5247981, -6.4012158 ], [ -38.5188566, -6.4057318 ], [ -38.5179093, -6.4087317 ], [ -38.5197595, -6.4093463 ], [ -38.5245176, -6.407083 ], [ -38.5362351, -6.4198544 ], [ -38.5426091, -6.4228392 ], [ -38.5542654, -6.4327631 ], [ -38.5564048, -6.4476426 ], [ -38.567021, -6.4520733 ], [ -38.5698166, -6.4548759 ], [ -38.5704101, -6.4701951 ], [ -38.5757771, -6.4779651 ], [ -38.5949723, -6.5004422 ], [ -38.5985607, -6.5038367 ], [ -38.6064063, -6.5071791 ], [ -38.6122882, -6.5131913 ], [ -38.6161115, -6.5281452 ], [ -38.6118874, -6.5307701 ], [ -38.6115996, -6.5326227 ], [ -38.6176957, -6.5328349 ], [ -38.6226263, -6.5308432 ], [ -38.6268131, -6.5315777 ], [ -38.6350116, -6.5349624 ], [ -38.6372225, -6.5383698 ], [ -38.6400927, -6.5380254 ], [ -38.6418695, -6.5413809 ], [ -38.6468418, -6.5423578 ], [ -38.6530621, -6.5476432 ], [ -38.6561195, -6.5481142 ], [ -38.6595596, -6.545852 ], [ -38.6636731, -6.5502719 ], [ -38.6723867, -6.5554736 ], [ -38.6792829, -6.5630686 ], [ -38.6949707, -6.5607219 ], [ -38.7020513, -6.5555542 ], [ -38.7352045, -6.5703915 ], [ -38.7361815, -6.5753483 ], [ -38.7344646, -6.5771874 ], [ -38.7361778, -6.5824613 ], [ -38.7312741, -6.5855243 ], [ -38.737279, -6.5885923 ], [ -38.7509234, -6.5917817 ], [ -38.7561469, -6.5968999 ], [ -38.7565389, -6.5999892 ], [ -38.7607019, -6.6057038 ], [ -38.7622465, -6.6068209 ], [ -38.7676511, -6.6060518 ], [ -38.773826, -6.6122349 ], [ -38.7755412, -6.6123207 ], [ -38.7908691, -6.6006606 ], [ -38.796008, -6.599029 ], [ -38.823085, -6.5971036 ], [ -38.8303557, -6.5940196 ], [ -38.8334992, -6.5941093 ], [ -38.8354585, -6.5990873 ] ] ] } },
{ "type": "Feature", "properties": { "CD_MUN": "2301950", "NM_MUN": "Barreira", "CD_RGI": "230003", "NM_RGI": "Redenção-Acarape", "CD_RGINT": "2301", "NM_RGINT": "Fortaleza", "CD_UF": "23", "NM_UF": "Ceará", "SIGLA_UF": "CE", "CD_REGIA": "2", "NM_REGIA": "Nordeste", "SIGLA_RG": "NE", "CD_CONCU": null, "NM_CONCU": null, "AREA_KM2": 260.237, "mun_upp": "BARREIRA", "has_qualif": 1, "municipio": "Barreira", "REGIÃO DE PLANEJAMENTO": "Maciço de Baturité", "auxiliary_storage_labeling_positionx": null, "auxiliary_storage_labeling_positiony": null, "auxiliary_storage_labeling_lineanchorpercent": null, "auxiliary_storage_labeling_lineanchorclipping": null, "auxiliary_storage_labeling_lineanchortype": null, "auxiliary_storage_labeling_lineanchortextpoint": null, "auxiliary_storage_callouts_originx": null, "auxiliary_storage_callouts_originy": null, "auxiliary_storage_callouts_destinationx": null, "auxiliary_storage_callouts_destinationy": null }, "geometry": { "type": "Polygon", "coordinates": [ [ [ -38.6122026, -4.22604 ], [ -38.5922345, -4.229761 ], [ -38.5750911, -4.2299644 ], [ -38.570474, -4.2354845 ], [ -38.5672293, -4.2500088 ], [ -38.5478204, -4.2715208 ], [ -38.5539364, -4.2833289 ], [ -38.5484115, -4.3230636 ], [ -38.533907, -4.368875 ], [ -38.5402041, -4.372952 ], [ -38.5457285, -4.3695667 ], [ -38.5511706, -4.3749 ], [ -38.5663296, -4.3766204 ], [ -38.5743072, -4.3852478 ], [ -38.5972586, -4.3835359 ], [ -38.6068284, -4.3786936 ], [ -38.6103331, -4.3784911 ], [ -38.6119167, -4.3797356 ], [ -38.6127098, -4.3862386 ], [ -38.6173636, -4.3911495 ], [ -38.6230462, -4.40444 ], [ -38.6314432, -4.4069179 ], [ -38.6386284, -4.4065641 ], [ -38.6427816, -4.4111309 ], [ -38.6435607, -4.4152542 ], [ -38.6469044, -4.4171468 ], [ -38.6533753, -4.4121251 ], [ -38.664516, -4.4155939 ], [ -38.6697377, -4.4125484 ], [ -38.6686593, -4.4114004 ], [ -38.6696851, -4.4085323 ], [ -38.6727615, -4.403391 ], [ -38.677206, -4.4001924 ], [ -38.6793952, -4.3915819 ], [ -38.6936101, -4.3799362 ], [ -38.6998501, -4.3301241 ], [ -38.6868976, -4.2870651 ], [ -38.6801751, -4.28642 ], [ -38.6738318, -4.2740836 ], [ -38.66963, -4.2720613 ], [ -38.6672781, -4.2743213 ], [ -38.6651828, -4.2737122 ], [ -38.663099, -4.2661388 ], [ -38.6588653, -4.2649867 ], [ -38.6628323, -4.2618227 ], [ -38.6609311, -4.2577912 ], [ -38.6513042, -4.2465376 ], [ -38.6409569, -4.2411186 ], [ -38.6262333, -4.2484166 ], [ -38.6122026, -4.22604 ] ] ] } },
{ "type": "Feature", "properties": { "CD_MUN": "2304103", "NM_MUN": "Crateús", "CD_RGI": "230013", "NM_RGI": "Crateús", "CD_RGINT": "2305", "NM_RGINT": "Crateús", "CD_UF": "23", "NM_UF": "Ceará", "SIGLA_UF": "CE", "CD_REGIA": "2", "NM_REGIA": "Nordeste", "SIGLA_RG": "NE", "CD_CONCU": null, "NM_CONCU": null, "AREA_KM2": 2981.461, "mun_upp": "CRATEÚS", "has_qualif": 1, "municipio": "Crateús", "REGIÃO DE PLANEJAMENTO": "Sertão dos Crateús", "auxiliary_storage_labeling_positionx": null, "auxiliary_storage_labeling_positiony": null, "auxiliary_storage_labeling_lineanchorpercent": null, "auxiliary_storage_labeling_lineanchorclipping": null, "auxiliary_storage_labeling_lineanchortype": null, "auxiliary_storage_labeling_lineanchortextpoint": null, "auxiliary_storage_callouts_originx": null, "auxiliary_storage_callouts_originy": null, "auxiliary_storage_callouts_destinationx": null, "auxiliary_storage_callouts_destinationy": null }, "geometry": { "type": "Polygon", "coordinates": [ [ [ -40.7154612, -4.9463201 ], [ -40.6514751, -4.9862291 ], [ -40.6355716, -4.9247458 ], [ -40.59643, -4.9574087 ], [ -40.5666149, -5.0198463 ], [ -40.5573575, -5.0140435 ], [ -40.5486784, -5.0165107 ], [ -40.5421253, -5.0130403 ], [ -40.537985, -5.0127689 ], [ -40.534942, -5.0155935 ], [ -40.5287833, -5.0162749 ], [ -40.5204316, -5.0213902 ], [ -40.5148552, -5.0211678 ], [ -40.5110029, -5.0238158 ], [ -40.5056311, -5.0240343 ], [ -40.5005625, -5.0318784 ], [ -40.4949494, -5.0368396 ], [ -40.4747057, -5.0399121 ], [ -40.4583854, -5.0456003 ], [ -40.4551811, -5.045529 ], [ -40.4514633, -5.0429863 ], [ -40.44863, -5.0340052 ], [ -40.4437824, -5.0350907 ], [ -40.4378319, -5.0456067 ], [ -40.4319378, -5.0484455 ], [ -40.4302743, -5.0560924 ], [ -40.422905, -5.0634477 ], [ -40.4196061, -5.073777 ], [ -40.4038018, -5.0839765 ], [ -40.401882, -5.0907803 ], [ -40.3996982, -5.0928652 ], [ -40.3838024, -5.0973248 ], [ -40.3732652, -5.1039803 ], [ -40.3733476, -5.1059818 ], [ -40.3773411, -5.109427 ], [ -40.3728206, -5.1154377 ], [ -40.4142113, -5.2283501 ], [ -40.4793022, -5.2743236 ], [ -40.5243721, -5.3897682 ], [ -40.5389565, -5.3894844 ], [ -40.5488005, -5.398806 ], [ -40.5507393, -5.4016551 ], [ -40.5492194, -5.409325 ], [ -40.5545839, -5.4193072 ], [ -40.5548039, -5.4266755 ], [ -40.6457774, -5.4266554 ], [ -40.6476952, -5.4330961 ], [ -40.6507333, -5.4353248 ], [ -40.6488864, -5.4401801 ], [ -40.6556785, -5.4408531 ], [ -40.657987, -5.4428131 ], [ -40.659516, -5.4483141 ], [ -40.6665134, -5.4494569 ], [ -40.6715259, -5.4476132 ], [ -40.6747205, -5.4501663 ], [ -40.6851312, -5.4507245 ], [ -40.6849398, -5.457294 ], [ -40.6820369, -5.4651163 ], [ -40.6830491, -5.4701424 ], [ -40.6879431, -5.4722435 ], [ -40.6914781, -5.4718732 ], [ -40.6940288, -5.4692405 ], [ -40.6980394, -5.4700142 ], [ -40.7031345, -5.4671934 ], [ -40.7116804, -5.4677186 ], [ -40.7240839, -5.4634247 ], [ -40.7290618, -5.4674922 ], [ -40.7330035, -5.4783725 ], [ -40.7377119, -5.4837949 ], [ -40.7436176, -5.4841113 ], [ -40.7494887, -5.479247 ], [ -40.7590492, -5.4790425 ], [ -40.7614994, -5.4753365 ], [ -40.7653042, -5.4823949 ], [ -40.7729652, -5.4839272 ], [ -40.7753873, -5.4891117 ], [ -40.7726261, -5.4916062 ], [ -40.7739312, -5.4932605 ], [ -40.78612, -5.4925473 ], [ -40.7909297, -5.4957413 ], [ -40.7975579, -5.495692 ], [ -40.8031363, -5.491152 ], [ -40.8115957, -5.4898882 ], [ -40.8126812, -5.4873921 ], [ -40.8102314, -5.4806025 ], [ -40.8144466, -5.4779603 ], [ -40.8193443, -5.4812422 ], [ -40.8306071, -5.4816985 ], [ -40.8351183, -5.4800167 ], [ -40.8426897, -5.4817007 ], [ -40.8465523, -5.4789613 ], [ -40.8547159, -5.4824877 ], [ -40.8571968, -5.4881314 ], [ -40.8619457, -5.4930125 ], [ -40.8755281, -5.4919986 ], [ -40.8813087, -5.4899398 ], [ -40.8843861, -5.4862214 ], [ -40.8891347, -5.4873438 ], [ -40.8921341, -5.4819388 ], [ -40.899771, -5.4796581 ], [ -40.9021287, -5.4771586 ], [ -40.9100512, -5.4786051 ], [ -40.9168325, -5.4823359 ], [ -40.9253323, -5.4913258 ], [ -40.9297758, -5.4938229 ], [ -40.9291569, -5.4833344 ], [ -40.920034, -5.4739108 ], [ -40.9185119, -5.4739066 ], [ -40.9161036, -5.468335 ], [ -40.9161925, -5.4638215 ], [ -40.9225832, -5.448241 ], [ -40.9360725, -5.4400918 ], [ -40.9417645, -5.4309705 ], [ -40.9435309, -5.4216436 ], [ -40.9381916, -5.4163534 ], [ -40.9273515, -5.4177476 ], [ -40.9176992, -5.4162908 ], [ -40.9115494, -5.4073766 ], [ -40.912919, -5.3980513 ], [ -40.9170161, -5.3894477 ], [ -40.9361032, -5.3659675 ], [ -40.9337223, -5.3494043 ], [ -40.9308495, -5.3455299 ], [ -40.9184529, -5.3382552 ], [ -40.9121249, -5.3142041 ], [ -40.9132054, -5.3080512 ], [ -40.9234594, -5.3011194 ], [ -40.9269076, -5.2969667 ], [ -40.9261536, -5.2902371 ], [ -40.923154, -5.2883029 ], [ -40.9219443, -5.2843577 ], [ -40.9242433, -5.2748372 ], [ -40.9196422, -5.2711611 ], [ -40.9118585, -5.2709248 ], [ -40.9117131, -5.2666535 ], [ -40.9188524, -5.2620975 ], [ -40.9226526, -5.2549701 ], [ -40.9330656, -5.2452268 ], [ -40.9422302, -5.2404746 ], [ -40.9396918, -5.2372438 ], [ -40.9341706, -5.2368732 ], [ -40.9266215, -5.232086 ], [ -40.922028, -5.2264511 ], [ -40.9250073, -5.2200268 ], [ -40.9254495, -5.2124815 ], [ -40.9319989, -5.2012637 ], [ -40.9303287, -5.1927526 ], [ -40.9252903, -5.1820967 ], [ -40.9256074, -5.1768534 ], [ -40.9289877, -5.1716716 ], [ -40.9344911, -5.1673759 ], [ -40.9493202, -5.1668764 ], [ -40.9573327, -5.1556078 ], [ -40.9646309, -5.1500835 ], [ -40.9749373, -5.1495344 ], [ -40.9824624, -5.1535227 ], [ -40.9886036, -5.1387467 ], [ -40.9951149, -5.1366548 ], [ -41.0000816, -5.130445 ], [ -41.0051721, -5.1290433 ], [ -41.0118358, -5.1236011 ], [ -41.0140752, -5.1058054 ], [ -41.0174838, -5.1048479 ], [ -41.0235514, -5.1095021 ], [ -41.0264052, -5.1096969 ], [ -41.034001, -5.0910642 ], [ -41.0402664, -5.0913838 ], [ -41.0524138, -5.1034029 ], [ -41.0585771, -5.0985936 ], [ -41.0673381, -5.0968038 ], [ -41.0745597, -5.0921064 ], [ -41.0801251, -5.0910925 ], [ -41.0819217, -5.0876328 ], [ -41.0804324, -5.0786911 ], [ -41.0873477, -5.0733147 ], [ -41.0870427, -5.0689891 ], [ -41.0892911, -5.0637746 ], [ -41.0958641, -5.0616169 ], [ -41.0970052, -5.0531485 ], [ -41.1066537, -5.0536823 ], [ -41.1159319, -5.0496205 ], [ -41.1320192, -5.0485713 ], [ -41.1296202, -5.0399814 ], [ -41.1216778, -5.0260174 ], [ -41.0506227, -5.0262454 ], [ -40.8274837, -4.9783111 ], [ -40.7154612, -4.9463201 ] ] ] } },
{ "type": "Feature", "properties": { "CD_MUN": "2309805", "NM_MUN": "Pacoti", "CD_RGI": "230003", "NM_RGI": "Redenção-Acarape", "CD_RGINT": "2301", "NM_RGINT": "Fortaleza", "CD_UF": "23", "NM_UF": "Ceará", "SIGLA_UF": "CE", "CD_REGIA": "2", "NM_REGIA": "Nordeste", "SIGLA_RG": "NE", "CD_CONCU": null, "NM_CONCU": null, "AREA_KM2": 112.433, "mun_upp": "PACOTI", "has_qualif": 1, "municipio": "Pacoti", "REGIÃO DE PLANEJAMENTO": "Maciço de Baturité", "auxiliary_storage_labeling_positionx": null, "auxiliary_storage_labeling_positiony": null, "auxiliary_storage_labeling_lineanchorpercent": null, "auxiliary_storage_labeling_lineanchorclipping": null, "auxiliary_storage_labeling_lineanchortype": null, "auxiliary_storage_labeling_lineanchortextpoint": null, "auxiliary_storage_callouts_originx": null, "auxiliary_storage_callouts_originy": null, "auxiliary_storage_callouts_destinationx": null, "auxiliary_storage_callouts_destinationy": null }, "geometry": { "type": "Polygon", "coordinates": [ [ [ -38.9025116, -4.2489549 ], [ -38.9190855, -4.2477947 ], [ -38.9217492, -4.2467694 ], [ -38.9248887, -4.2418072 ], [ -38.9269572, -4.2416142 ], [ -38.9296035, -4.2365434 ], [ -38.9411367, -4.2357748 ], [ -38.9393581, -4.2281864 ], [ -38.9359881, -4.2259406 ], [ -38.9377033, -4.2222062 ], [ -38.9346053, -4.2127463 ], [ -38.9397001, -4.2097522 ], [ -38.939306, -4.2068816 ], [ -38.9482669, -4.2057213 ], [ -38.9490113, -4.1970549 ], [ -38.9479236, -4.1938394 ], [ -38.9443522, -4.1936632 ], [ -38.9447997, -4.1824914 ], [ -38.946729, -4.1801927 ], [ -38.9504896, -4.1819767 ], [ -38.9556598, -4.1797041 ], [ -38.9565336, -4.1715237 ], [ -38.9610598, -4.1717824 ], [ -38.9619264, -4.1678902 ], [ -38.9577327, -4.1555626 ], [ -38.9600632, -4.1503724 ], [ -38.9590172, -4.1447134 ], [ -38.9554719, -4.1405109 ], [ -38.9546703, -4.1370059 ], [ -38.9470567, -4.136831 ], [ -38.9467961, -4.1392366 ], [ -38.9440987, -4.1362518 ], [ -38.9390482, -4.1410906 ], [ -38.9388889, -4.1389166 ], [ -38.9365086, -4.1375115 ], [ -38.930823, -4.1395972 ], [ -38.9295187, -4.1387755 ], [ -38.9298485, -4.14095 ], [ -38.9334766, -4.1416193 ], [ -38.9438621, -4.1482593 ], [ -38.9388859, -4.1521911 ], [ -38.9337147, -4.1503231 ], [ -38.9275614, -4.1518367 ], [ -38.9246308, -4.1559668 ], [ -38.922831, -4.1556774 ], [ -38.9211445, -4.1503895 ], [ -38.914765, -4.1441442 ], [ -38.9078071, -4.147716 ], [ -38.8988192, -4.1455522 ], [ -38.8964805, -4.1462921 ], [ -38.8803057, -4.1718445 ], [ -38.8564775, -4.1627508 ], [ -38.8545131, -4.1770633 ], [ -38.8434846, -4.2227961 ], [ -38.848799, -4.2298023 ], [ -38.854037, -4.2252511 ], [ -38.8556918, -4.2300457 ], [ -38.8592229, -4.2310448 ], [ -38.8602787, -4.2332376 ], [ -38.8596667, -4.239294 ], [ -38.8628393, -4.2441836 ], [ -38.8706595, -4.2430762 ], [ -38.8735297, -4.2449692 ], [ -38.8733516, -4.2489575 ], [ -38.8712814, -4.2521839 ], [ -38.8762159, -4.2625172 ], [ -38.8901886, -4.2598847 ], [ -38.8919926, -4.2610447 ], [ -38.8876045, -4.269939 ], [ -38.8912397, -4.2770241 ], [ -38.8913342, -4.2709654 ], [ -38.899394, -4.2599827 ], [ -38.8978563, -4.2556783 ], [ -38.9026596, -4.250603 ], [ -38.9025116, -4.2489549 ] ] ] } },
{ "type": "Feature", "properties": { "CD_MUN": "2313906", "NM_MUN": "Uruoca", "CD_RGI": "230015", "NM_RGI": "Sobral", "CD_RGINT": "2306", "NM_RGINT": "Sobral", "CD_UF": "23", "NM_UF": "Ceará", "SIGLA_UF": "CE", "CD_REGIA": "2", "NM_REGIA": "Nordeste", "SIGLA_RG": "NE", "CD_CONCU": null, "NM_CONCU": null, "AREA_KM2": 697.683, "mun_upp": "URUOCA", "has_qualif": 0, "municipio": null, "REGIÃO DE PLANEJAMENTO": "Litoral Norte", "auxiliary_storage_labeling_positionx": null, "auxiliary_storage_labeling_positiony": null, "auxiliary_storage_labeling_lineanchorpercent": null, "auxiliary_storage_labeling_lineanchorclipping": null, "auxiliary_storage_labeling_lineanchortype": null, "auxiliary_storage_labeling_lineanchortextpoint": null, "auxiliary_storage_callouts_originx": null, "auxiliary_storage_callouts_originy": null, "auxiliary_storage_callouts_destinationx": null, "auxiliary_storage_callouts_destinationy": null }, "geometry": { "type": "Polygon", "coordinates": [ [ [ -40.4858594, -3.3186663 ], [ -40.4863654, -3.3350833 ], [ -40.4931961, -3.3361738 ], [ -40.4956983, -3.343201 ], [ -40.5014506, -3.3494519 ], [ -40.5046932, -3.3585925 ], [ -40.5033788, -3.3627653 ], [ -40.5060077, -3.3688092 ], [ -40.5221661, -3.3785755 ], [ -40.5256433, -3.3821736 ], [ -40.5253625, -3.385347 ], [ -40.5281761, -3.3880682 ], [ -40.5452452, -3.3924529 ], [ -40.5416237, -3.4107686 ], [ -40.5450599, -3.409209 ], [ -40.5462398, -3.4100445 ], [ -40.546692, -3.4085349 ], [ -40.5558114, -3.4092695 ], [ -40.5574945, -3.4075563 ], [ -40.5593444, -3.4080373 ], [ -40.5597425, -3.406249 ], [ -40.562318, -3.4061773 ], [ -40.5627672, -3.4079233 ], [ -40.564953, -3.4057124 ], [ -40.5703533, -3.411609 ], [ -40.5791129, -3.4100536 ], [ -40.5822863, -3.4111874 ], [ -40.5860535, -3.4085204 ], [ -40.5872597, -3.4122894 ], [ -40.5895559, -3.4128216 ], [ -40.5930656, -3.4099827 ], [ -40.5987182, -3.4128542 ], [ -40.6030762, -3.410435 ], [ -40.6050873, -3.4114078 ], [ -40.608609, -3.4100716 ], [ -40.6117186, -3.4072429 ], [ -40.6182444, -3.4055259 ], [ -40.6196832, -3.3973762 ], [ -40.6240616, -3.3958614 ], [ -40.6271873, -3.3927217 ], [ -40.6283079, -3.3936051 ], [ -40.6302329, -3.3912332 ], [ -40.6222683, -3.3872913 ], [ -40.6157818, -3.3810428 ], [ -40.6120676, -3.3810873 ], [ -40.6108628, -3.3781558 ], [ -40.6034845, -3.3717124 ], [ -40.6023436, -3.3681468 ], [ -40.6340071, -3.3574527 ], [ -40.6371867, -3.3573278 ], [ -40.6396466, -3.3604608 ], [ -40.645414, -3.361307 ], [ -40.6532104, -3.3592243 ], [ -40.6560199, -3.3622344 ], [ -40.6644057, -3.3613811 ], [ -40.6685597, -3.3636021 ], [ -40.6703203, -3.3687357 ], [ -40.6748265, -3.3715971 ], [ -40.6787916, -3.3786553 ], [ -40.6796636, -3.3884958 ], [ -40.684854, -3.3912718 ], [ -40.6896968, -3.3913926 ], [ -40.6952207, -3.4014035 ], [ -40.6996255, -3.4015452 ], [ -40.7125432, -3.3959894 ], [ -40.7119058, -3.390966 ], [ -40.7174428, -3.3878266 ], [ -40.7210751, -3.3834895 ], [ -40.7257478, -3.3828447 ], [ -40.727729, -3.3884642 ], [ -40.721622, -3.392617 ], [ -40.720505, -3.3990934 ], [ -40.7228569, -3.4042429 ], [ -40.7197252, -3.4104645 ], [ -40.721687, -3.4189448 ], [ -40.720795, -3.4234111 ], [ -40.7286256, -3.4282726 ], [ -40.7369179, -3.430739 ], [ -40.7371747, -3.4380928 ], [ -40.7724488, -3.4221711 ], [ -40.7787806, -3.4240685 ], [ -40.7810032, -3.4209206 ], [ -40.7845028, -3.4208136 ], [ -40.7861197, -3.4222892 ], [ -40.7918699, -3.418747 ], [ -40.7956422, -3.4193572 ], [ -40.7983252, -3.4179597 ], [ -40.8070996, -3.4199385 ], [ -40.8084775, -3.4233955 ], [ -40.8141247, -3.4259543 ], [ -40.8256165, -3.4231888 ], [ -40.8283929, -3.4239599 ], [ -40.8328721, -3.4206784 ], [ -40.8386592, -3.421178 ], [ -40.8490659, -3.4171692 ], [ -40.8413085, -3.3912165 ], [ -40.8367901, -3.3825802 ], [ -40.8290976, -3.3746638 ], [ -40.8291206, -3.3678452 ], [ -40.833107, -3.3616979 ], [ -40.8361797, -3.3618029 ], [ -40.8378526, -3.3589762 ], [ -40.8775978, -3.3703658 ], [ -40.8804007, -3.3647191 ], [ -40.8725659, -3.3574144 ], [ -40.8695078, -3.3516593 ], [ -40.8634675, -3.3499101 ], [ -40.862737, -3.3462941 ], [ -40.8595943, -3.3460848 ], [ -40.8551702, -3.3417151 ], [ -40.8541375, -3.3368843 ], [ -40.8522812, -3.3371151 ], [ -40.8524697, -3.332922 ], [ -40.8486959, -3.3293883 ], [ -40.8499887, -3.3269336 ], [ -40.8486832, -3.3238079 ], [ -40.8504913, -3.3219671 ], [ -40.8489227, -3.3196166 ], [ -40.8527031, -3.3170537 ], [ -40.8522401, -3.309992 ], [ -40.8466213, -3.3069091 ], [ -40.8396258, -3.3088831 ], [ -40.8342342, -3.304779 ], [ -40.8308001, -3.299449 ], [ -40.8198107, -3.296146 ], [ -40.8203928, -3.2942537 ], [ -40.817491, -3.2909359 ], [ -40.8180253, -3.2862983 ], [ -40.8146642, -3.2836846 ], [ -40.8168671, -3.2802713 ], [ -40.8126142, -3.2751019 ], [ -40.8123552, -3.2707971 ], [ -40.8179572, -3.2709577 ], [ -40.8260755, -3.2742445 ], [ -40.8291501, -3.2700775 ], [ -40.8381715, -3.2673048 ], [ -40.8395353, -3.2633404 ], [ -40.8365144, -3.2603108 ], [ -40.8288548, -3.2579323 ], [ -40.822478, -3.2593125 ], [ -40.8207146, -3.2582534 ], [ -40.8304557, -3.2472315 ], [ -40.8397937, -3.2414713 ], [ -40.836207, -3.2377361 ], [ -40.832089, -3.239318 ], [ -40.8293337, -3.2383514 ], [ -40.82649, -3.2347679 ], [ -40.8276716, -3.2299712 ], [ -40.8356975, -3.2304167 ], [ -40.8384196, -3.2259077 ], [ -40.8363184, -3.2171555 ], [ -40.8317606, -3.2133741 ], [ -40.8343033, -3.2084946 ], [ -40.6690641, -3.2476425 ], [ -40.5394272, -3.2435879 ], [ -40.5312899, -3.2389624 ], [ -40.5233208, -3.2401921 ], [ -40.5188187, -3.2430229 ], [ -40.5158559, -3.2495622 ], [ -40.5138577, -3.2476279 ], [ -40.5107238, -3.2486695 ], [ -40.507289, -3.2526816 ], [ -40.5022048, -3.2533873 ], [ -40.4978201, -3.2574466 ], [ -40.4940322, -3.258025 ], [ -40.4933495, -3.2600169 ], [ -40.4816756, -3.2609914 ], [ -40.4821496, -3.2651867 ], [ -40.4861478, -3.2697357 ], [ -40.4885703, -3.2781908 ], [ -40.4872281, -3.2807197 ], [ -40.4882787, -3.2827856 ], [ -40.4844393, -3.2882088 ], [ -40.4869021, -3.2921103 ], [ -40.4843821, -3.2941688 ], [ -40.4845573, -3.2967146 ], [ -40.4804286, -3.2997454 ], [ -40.480821, -3.3029962 ], [ -40.4792058, -3.3055231 ], [ -40.4825508, -3.31533 ], [ -40.4858594, -3.3186663 ] ] ] } },
{ "type": "Feature", "properties": { "CD_MUN": "2307205", "NM_MUN": "Jati", "CD_RGI": "230012", "NM_RGI": "Brejo Santo", "CD_RGINT": "2304", "NM_RGINT": "Juazeiro do Norte", "CD_UF": "23", "NM_UF": "Ceará", "SIGLA_UF": "CE", "CD_REGIA": "2", "NM_REGIA": "Nordeste", "SIGLA_RG": "NE", "CD_CONCU": null, "NM_CONCU": null, "AREA_KM2": 368.357, "mun_upp": "JATI", "has_qualif": 1, "municipio": "Jati", "REGIÃO DE PLANEJAMENTO": "Cariri", "auxiliary_storage_labeling_positionx": null, "auxiliary_storage_labeling_positiony": null, "auxiliary_storage_labeling_lineanchorpercent": null, "auxiliary_storage_labeling_lineanchorclipping": null, "auxiliary_storage_labeling_lineanchortype": null, "auxiliary_storage_labeling_lineanchortextpoint": null, "auxiliary_storage_callouts_originx": null, "auxiliary_storage_callouts_originy": null, "auxiliary_storage_callouts_destinationx": null, "auxiliary_storage_callouts_destinationy": null }, "geometry": { "type": "Polygon", "coordinates": [ [ [ -38.8919111, -7.6110116 ], [ -38.8948106, -7.7504535 ], [ -38.9003532, -7.7448756 ], [ -38.907023, -7.7465736 ], [ -38.9155777, -7.7444871 ], [ -38.9182477, -7.7471671 ], [ -38.9153327, -7.7537061 ], [ -38.9161109, -7.7585381 ], [ -38.9181315, -7.7583021 ], [ -38.9202188, -7.7545673 ], [ -38.9276296, -7.7538063 ], [ -38.9340515, -7.7588301 ], [ -38.9395781, -7.7587726 ], [ -38.9416343, -7.7613208 ], [ -38.9410226, -7.7714128 ], [ -38.9463818, -7.7813975 ], [ -38.9450793, -7.7861614 ], [ -38.9397983, -7.7915557 ], [ -38.9399651, -7.7951057 ], [ -38.9447698, -7.8039073 ], [ -38.9528553, -7.8105465 ], [ -38.9540492, -7.8215177 ], [ -38.9649404, -7.8298285 ], [ -38.9645176, -7.8337095 ], [ -38.9601492, -7.8372118 ], [ -38.9592139, -7.8402717 ], [ -38.9628595, -7.8448164 ], [ -38.9659744, -7.8456234 ], [ -38.9669511, -7.8424665 ], [ -38.9649835, -7.8379908 ], [ -38.9663997, -7.8354659 ], [ -38.9697793, -7.8348127 ], [ -38.9698682, -7.8283341 ], [ -38.9675166, -7.8237507 ], [ -38.9586255, -7.8173837 ], [ -38.9567704, -7.8089271 ], [ -38.9633687, -7.7988886 ], [ -38.9634559, -7.7948389 ], [ -38.9704304, -7.7772754 ], [ -38.9760542, -7.7753763 ], [ -39.0080389, -7.7781954 ], [ -39.059518, -7.7505015 ], [ -39.0686706, -7.7319651 ], [ -39.1178319, -7.6834616 ], [ -39.1064588, -7.6157845 ], [ -39.0725537, -7.6261523 ], [ -39.0690133, -7.6217975 ], [ -39.064902, -7.6205768 ], [ -39.0618677, -7.6266709 ], [ -39.0559604, -7.6309937 ], [ -39.0535122, -7.6297318 ], [ -39.045566, -7.6423667 ], [ -39.0407201, -7.6416133 ], [ -39.0366029, -7.6373297 ], [ -39.0311615, -7.6348975 ], [ -39.025605, -7.6343768 ], [ -39.0207165, -7.6315528 ], [ -39.017075, -7.6320483 ], [ -39.0126898, -7.6287026 ], [ -39.0140906, -7.6248062 ], [ -39.0054536, -7.6243116 ], [ -38.9992136, -7.6205804 ], [ -38.992938, -7.620327 ], [ -38.9893769, -7.6170213 ], [ -38.9877146, -7.6175072 ], [ -38.9853687, -7.6143479 ], [ -38.9842142, -7.6150976 ], [ -38.9792412, -7.6110017 ], [ -38.9780419, -7.6129249 ], [ -38.9681146, -7.6065586 ], [ -38.9625356, -7.6056407 ], [ -38.9614396, -7.6104386 ], [ -38.9599735, -7.6092053 ], [ -38.958316, -7.6122362 ], [ -38.9532379, -7.6089857 ], [ -38.948836, -7.6140704 ], [ -38.9450924, -7.6131839 ], [ -38.9448177, -7.6105248 ], [ -38.9412852, -7.6135998 ], [ -38.9414094, -7.6111347 ], [ -38.9358168, -7.6083137 ], [ -38.9357139, -7.6108175 ], [ -38.9335059, -7.6093146 ], [ -38.9307441, -7.6109566 ], [ -38.9293967, -7.6100319 ], [ -38.9284892, -7.6115157 ], [ -38.930057, -7.6133169 ], [ -38.9272404, -7.6137173 ], [ -38.9236711, -7.6091394 ], [ -38.9134648, -7.6076477 ], [ -38.9122728, -7.611034 ], [ -38.9087056, -7.6112158 ], [ -38.9034723, -7.6159325 ], [ -38.8999043, -7.6153513 ], [ -38.896523, -7.6111921 ], [ -38.8919111, -7.6110116 ] ] ] } },
{ "type": "Feature", "properties": { "CD_MUN": "2304608", "NM_MUN": "General Sampaio", "CD_RGI": "230005", "NM_RGI": "Itapagé", "CD_RGINT": "2301", "NM_RGINT": "Fortaleza", "CD_UF": "23", "NM_UF": "Ceará", "SIGLA_UF": "CE", "CD_REGIA": "2", "NM_REGIA": "Nordeste", "SIGLA_RG": "NE", "CD_CONCU": null, "NM_CONCU": null, "AREA_KM2": 230.371, "mun_upp": "GENERAL SAMPAIO", "has_qualif": 1, "municipio": "General Sampaio", "REGIÃO DE PLANEJAMENTO": "Litoral Oeste / Vale do Curu", "auxiliary_storage_labeling_positionx": null, "auxiliary_storage_labeling_positiony": null, "auxiliary_storage_labeling_lineanchorpercent": null, "auxiliary_storage_labeling_lineanchorclipping": null, "auxiliary_storage_labeling_lineanchortype": null, "auxiliary_storage_labeling_lineanchortextpoint": null, "auxiliary_storage_callouts_originx": null, "auxiliary_storage_callouts_originy": null, "auxiliary_storage_callouts_destinationx": null, "auxiliary_storage_callouts_destinationy": null }, "geometry": { "type": "Polygon", "coordinates": [ [ [ -39.4441628, -3.9691724 ], [ -39.3242308, -4.0902312 ], [ -39.3694475, -4.0890121 ], [ -39.3578414, -4.0980526 ], [ -39.3585489, -4.1023703 ], [ -39.3594667, -4.1040114 ], [ -39.3638854, -4.1021376 ], [ -39.3645019, -4.1054477 ], [ -39.3678632, -4.1058986 ], [ -39.370934, -4.110149 ], [ -39.3740353, -4.1105855 ], [ -39.3797784, -4.1088533 ], [ -39.3818025, -4.1042082 ], [ -39.3828161, -4.1052339 ], [ -39.3873655, -4.1039483 ], [ -39.3894808, -4.1060585 ], [ -39.3953172, -4.1029739 ], [ -39.3990682, -4.1046422 ], [ -39.4012554, -4.1039484 ], [ -39.4028309, -4.1010506 ], [ -39.4056056, -4.1000939 ], [ -39.4069742, -4.0959164 ], [ -39.4370833, -4.1009888 ], [ -39.4399151, -4.1037542 ], [ -39.4463501, -4.1037294 ], [ -39.4478961, -4.1050251 ], [ -39.4467764, -4.1090642 ], [ -39.4517944, -4.1111656 ], [ -39.4501147, -4.1193946 ], [ -39.4515858, -4.1241426 ], [ -39.4501564, -4.1257328 ], [ -39.4511305, -4.1283173 ], [ -39.4489763, -4.1297738 ], [ -39.4498542, -4.1309031 ], [ -39.4839503, -4.1216001 ], [ -39.4921818, -4.1116186 ], [ -39.5057775, -4.1162352 ], [ -39.5098317, -4.119081 ], [ -39.5207491, -4.1187388 ], [ -39.5258764, -4.1221103 ], [ -39.5255441, -4.1242647 ], [ -39.5213988, -4.1280971 ], [ -39.5231441, -4.1359468 ], [ -39.5317588, -4.1383379 ], [ -39.5299175, -4.1476441 ], [ -39.5324253, -4.1547632 ], [ -39.5396981, -4.1577801 ], [ -39.5408003, -4.1599933 ], [ -39.5524518, -4.1517571 ], [ -39.5475183, -4.1439044 ], [ -39.5471042, -4.1100905 ], [ -39.5326814, -4.0844392 ], [ -39.5028183, -4.0013086 ], [ -39.4978871, -3.9979532 ], [ -39.494387, -3.9970665 ], [ -39.4852373, -4.0053129 ], [ -39.4766271, -4.0032116 ], [ -39.4687247, -4.005034 ], [ -39.4645567, -4.0021462 ], [ -39.4607637, -4.0034426 ], [ -39.4573491, -4.0020928 ], [ -39.4508318, -3.9914414 ], [ -39.4519899, -3.9901096 ], [ -39.4501011, -3.9889551 ], [ -39.4522234, -3.9821619 ], [ -39.4492596, -3.9821032 ], [ -39.4463767, -3.9790286 ], [ -39.4460952, -3.9745304 ], [ -39.4476984, -3.9737937 ], [ -39.447951, -3.9701098 ], [ -39.4441628, -3.9691724 ] ] ] } },
{ "type": "Feature", "properties": { "CD_MUN": "2312601", "NM_MUN": "São Luís do Curu", "CD_RGI": "230001", "NM_RGI": "Fortaleza", "CD_RGINT": "2301", "NM_RGINT": "Fortaleza", "CD_UF": "23", "NM_UF": "Ceará", "SIGLA_UF": "CE", "CD_REGIA": "2", "NM_REGIA": "Nordeste", "SIGLA_RG": "NE", "CD_CONCU": null, "NM_CONCU": null, "AREA_KM2": 122.865, "mun_upp": "SÃO LUÍS DO CURU", "has_qualif": 1, "municipio": "São Luís do Curu", "REGIÃO DE PLANEJAMENTO": "Grande Fortaleza", "auxiliary_storage_labeling_positionx": -39.285211970616416, "auxiliary_storage_labeling_positiony": -3.6720288439634436, "auxiliary_storage_labeling_lineanchorpercent": null, "auxiliary_storage_labeling_lineanchorclipping": null, "auxiliary_storage_labeling_lineanchortype": null, "auxiliary_storage_labeling_lineanchortextpoint": null, "auxiliary_storage_callouts_originx": null, "auxiliary_storage_callouts_originy": null, "auxiliary_storage_callouts_destinationx": null, "auxiliary_storage_callouts_destinationy": null }, "geometry": { "type": "Polygon", "coordinates": [ [ [ -39.2228391, -3.6823055 ], [ -39.2206122, -3.6857649 ], [ -39.2195888, -3.690349 ], [ -39.216623, -3.6928152 ], [ -39.2136206, -3.6929319 ], [ -39.2767243, -3.7370584 ], [ -39.27843, -3.6742212 ], [ -39.2839273, -3.6736745 ], [ -39.289032, -3.6774357 ], [ -39.2914179, -3.6730689 ], [ -39.3033679, -3.6698335 ], [ -39.3069217, -3.6640194 ], [ -39.3148839, -3.5799427 ], [ -39.3097141, -3.5813398 ], [ -39.306831, -3.5799046 ], [ -39.3003726, -3.5802837 ], [ -39.292855, -3.5834386 ], [ -39.262185, -3.5851114 ], [ -39.2581627, -3.5892132 ], [ -39.2533358, -3.5885684 ], [ -39.2156671, -3.6085951 ], [ -39.2205759, -3.6157804 ], [ -39.2187745, -3.6182007 ], [ -39.2184689, -3.6227053 ], [ -39.220266, -3.6272179 ], [ -39.2252386, -3.6301374 ], [ -39.2244292, -3.6344275 ], [ -39.2203294, -3.6389084 ], [ -39.2208273, -3.6436775 ], [ -39.2187837, -3.6480359 ], [ -39.2241782, -3.6515637 ], [ -39.2244309, -3.660995 ], [ -39.227709, -3.6636584 ], [ -39.2242175, -3.6695655 ], [ -39.2261272, -3.6824603 ], [ -39.2228391, -3.6823055 ] ] ] } },
{ "type": "Feature", "properties": { "CD_MUN": "2313955", "NM_MUN": "Varjota", "CD_RGI": "230015", "NM_RGI": "Sobral", "CD_RGINT": "2306", "NM_RGINT": "Sobral", "CD_UF": "23", "NM_UF": "Ceará", "SIGLA_UF": "CE", "CD_REGIA": "2", "NM_REGIA": "Nordeste", "SIGLA_RG": "NE", "CD_CONCU": null, "NM_CONCU": null, "AREA_KM2": 179.239, "mun_upp": "VARJOTA", "has_qualif": 1, "municipio": "Varjota", "REGIÃO DE PLANEJAMENTO": "Sertão de Sobral", "auxiliary_storage_labeling_positionx": -40.530719864269486, "auxiliary_storage_labeling_positiony": -4.2057102216911151, "auxiliary_storage_labeling_lineanchorpercent": null, "auxiliary_storage_labeling_lineanchorclipping": null, "auxiliary_storage_labeling_lineanchortype": null, "auxiliary_storage_labeling_lineanchortextpoint": null, "auxiliary_storage_callouts_originx": null, "auxiliary_storage_callouts_originy": null, "auxiliary_storage_callouts_destinationx": null, "auxiliary_storage_callouts_destinationy": null }, "geometry": { "type": "Polygon", "coordinates": [ [ [ -40.4347767, -4.097937 ], [ -40.4371643, -4.1085595 ], [ -40.4330835, -4.1135834 ], [ -40.4325907, -4.1207136 ], [ -40.4362986, -4.1373187 ], [ -40.4349592, -4.1395689 ], [ -40.4314806, -4.1403976 ], [ -40.4295468, -4.145127 ], [ -40.4312965, -4.1582807 ], [ -40.4447053, -4.1626112 ], [ -40.4426342, -4.1710705 ], [ -40.4435764, -4.177392 ], [ -40.4404778, -4.1824228 ], [ -40.444355, -4.186072 ], [ -40.4434742, -4.1944755 ], [ -40.4485652, -4.1992889 ], [ -40.4487124, -4.2067257 ], [ -40.4539297, -4.2126991 ], [ -40.4719966, -4.223287 ], [ -40.4842496, -4.2329368 ], [ -40.4914182, -4.2458631 ], [ -40.4982478, -4.2453186 ], [ -40.5076644, -4.2475911 ], [ -40.5188501, -4.2568308 ], [ -40.5255417, -4.2554198 ], [ -40.5305933, -4.2504726 ], [ -40.5429875, -4.2311721 ], [ -40.5459028, -4.2291607 ], [ -40.5496425, -4.2150483 ], [ -40.5532729, -4.2141652 ], [ -40.5620524, -4.2062564 ], [ -40.5788455, -4.2076882 ], [ -40.5883229, -4.2009726 ], [ -40.5981478, -4.2024282 ], [ -40.5457862, -4.1725405 ], [ -40.5417784, -4.1712538 ], [ -40.5362408, -4.1734687 ], [ -40.5299809, -4.1690936 ], [ -40.5211049, -4.1684444 ], [ -40.5193809, -4.1668464 ], [ -40.5154219, -4.1469039 ], [ -40.5193165, -4.1394503 ], [ -40.514408, -4.1335136 ], [ -40.5224848, -4.1239375 ], [ -40.5249489, -4.1104701 ], [ -40.5329301, -4.0978456 ], [ -40.472449, -4.0857818 ], [ -40.4313306, -4.0909171 ], [ -40.4347767, -4.097937 ] ] ] } },
{ "type": "Feature", "properties": { "CD_MUN": "2308500", "NM_MUN": "Mombaça", "CD_RGI": "230009", "NM_RGI": "Iguatu", "CD_RGINT": "2303", "NM_RGINT": "Iguatu", "CD_UF": "23", "NM_UF": "Ceará", "SIGLA_UF": "CE", "CD_REGIA": "2", "NM_REGIA": "Nordeste", "SIGLA_RG": "NE", "CD_CONCU": null, "NM_CONCU": null, "AREA_KM2": 2105.518, "mun_upp": "MOMBAÇA", "has_qualif": 1, "municipio": "Mombaça", "REGIÃO DE PLANEJAMENTO": "Sertão Central", "auxiliary_storage_labeling_positionx": null, "auxiliary_storage_labeling_positiony": null, "auxiliary_storage_labeling_lineanchorpercent": null, "auxiliary_storage_labeling_lineanchorclipping": null, "auxiliary_storage_labeling_lineanchortype": null, "auxiliary_storage_labeling_lineanchortextpoint": null, "auxiliary_storage_callouts_originx": null, "auxiliary_storage_callouts_originy": null, "auxiliary_storage_callouts_destinationx": null, "auxiliary_storage_callouts_destinationy": null }, "geometry": { "type": "Polygon", "coordinates": [ [ [ -39.6007344, -5.6245012 ], [ -39.5939748, -5.6138543 ], [ -39.587009, -5.6063272 ], [ -39.5763045, -5.609282 ], [ -39.5710609, -5.607584 ], [ -39.5632211, -5.6157706 ], [ -39.5533328, -5.61588 ], [ -39.5478008, -5.6132968 ], [ -39.5422627, -5.6135856 ], [ -39.5264483, -5.6204434 ], [ -39.5211354, -5.6260938 ], [ -39.5134807, -5.6285915 ], [ -39.5074368, -5.6276809 ], [ -39.5022759, -5.6198 ], [ -39.4942014, -5.6153664 ], [ -39.483305, -5.6150596 ], [ -39.4803946, -5.619842 ], [ -39.4812613, -5.6278654 ], [ -39.4797225, -5.6305114 ], [ -39.4826272, -5.6327948 ], [ -39.4828919, -5.6350983 ], [ -39.4813636, -5.6360898 ], [ -39.482905, -5.6364954 ], [ -39.4784035, -5.6389943 ], [ -39.4792769, -5.6406451 ], [ -39.4771417, -5.6444614 ], [ -39.4743806, -5.6461631 ], [ -39.4719405, -5.6423355 ], [ -39.46391, -5.6461775 ], [ -39.4613099, -5.6514572 ], [ -39.4561507, -5.6534119 ], [ -39.4552764, -5.6504686 ], [ -39.4520719, -5.650537 ], [ -39.4416605, -5.6579408 ], [ -39.4397534, -5.6556595 ], [ -39.438918, -5.6568329 ], [ -39.4351772, -5.654538 ], [ -39.432101, -5.6552004 ], [ -39.4433365, -5.6696401 ], [ -39.4504706, -5.6723273 ], [ -39.4520282, -5.6781452 ], [ -39.460186, -5.6872459 ], [ -39.4645109, -5.6893962 ], [ -39.4685298, -5.6860245 ], [ -39.4731051, -5.6856258 ], [ -39.4754506, -5.6904378 ], [ -39.4740722, -5.6994682 ], [ -39.4796568, -5.7021736 ], [ -39.4813487, -5.7109323 ], [ -39.4865487, -5.7144104 ], [ -39.4907982, -5.7241242 ], [ -39.4932005, -5.7250675 ], [ -39.4988384, -5.7235189 ], [ -39.5024956, -5.7249637 ], [ -39.5032442, -5.7299818 ], [ -39.5447104, -5.8246204 ], [ -39.5470134, -5.8256678 ], [ -39.5502129, -5.8323828 ], [ -39.5530849, -5.8342143 ], [ -39.5565426, -5.8500884 ], [ -39.5554001, -5.8521952 ], [ -39.5502931, -5.8533296 ], [ -39.5486808, -5.8609073 ], [ -39.5462659, -5.8624379 ], [ -39.548902, -5.8794 ], [ -39.5525888, -5.8864946 ], [ -39.5521195, -5.8940306 ], [ -39.5540724, -5.8968729 ], [ -39.5503556, -5.9045137 ], [ -39.5541775, -5.918157 ], [ -39.5599418, -5.9304006 ], [ -39.5589872, -5.9339252 ], [ -39.5614867, -5.9384704 ], [ -39.5623225, -5.95063 ], [ -39.5609393, -5.9538864 ], [ -39.5658022, -5.962608 ], [ -39.5715594, -5.9613935 ], [ -39.5749503, -5.9623941 ], [ -39.5825876, -5.9709584 ], [ -39.5870844, -5.9735715 ], [ -39.5919109, -5.9735664 ], [ -39.5969002, -5.9766546 ], [ -39.5997151, -5.9822162 ], [ -39.5988771, -5.9871049 ], [ -39.601132, -5.989259 ], [ -39.606152, -5.9876668 ], [ -39.6157669, -5.9791676 ], [ -39.6389034, -5.9710388 ], [ -39.6454043, -5.9657946 ], [ -39.6522985, -5.96637 ], [ -39.6540099, -5.972624 ], [ -39.66006, -5.9804712 ], [ -39.663251, -5.9915239 ], [ -39.6701918, -5.994468 ], [ -39.6730847, -6.0097862 ], [ -39.6729161, -6.0196191 ], [ -39.6746623, -6.0222031 ], [ -39.6781507, -6.0206474 ], [ -39.6798979, -6.0225431 ], [ -39.684489, -6.0211588 ], [ -39.6861358, -6.0158089 ], [ -39.6954122, -6.0154498 ], [ -39.704214, -6.004401 ], [ -39.7126709, -6.0087818 ], [ -39.7208786, -6.0058057 ], [ -39.722966, -6.0066651 ], [ -39.7245281, -6.0140334 ], [ -39.7261828, -6.0148932 ], [ -39.728016, -6.0128202 ], [ -39.7299554, -6.0205797 ], [ -39.7316871, -6.0208985 ], [ -39.7342698, -6.0185052 ], [ -39.7422599, -6.0178042 ], [ -39.7412418, -6.0119404 ], [ -39.7461383, -6.0083852 ], [ -39.7450481, -6.0052818 ], [ -39.7298294, -5.9903665 ], [ -39.7215923, -5.9774504 ], [ -39.7213025, -5.9755358 ], [ -39.7227349, -5.9751513 ], [ -39.733693, -5.9838024 ], [ -39.7541837, -6.0064022 ], [ -39.7686986, -6.0075886 ], [ -39.7741301, -6.0155157 ], [ -39.7796043, -6.0178308 ], [ -39.7944955, -6.0208793 ], [ -39.7998946, -6.0193184 ], [ -39.8011339, -6.0159969 ], [ -39.8073582, -6.0159371 ], [ -39.8131071, -6.0120878 ], [ -39.8162502, -6.0203832 ], [ -39.8236619, -6.0215805 ], [ -39.8261619, -6.0251117 ], [ -39.8253517, -6.0330358 ], [ -39.8225056, -6.0337312 ], [ -39.8223251, -6.0351118 ], [ -39.8245315, -6.0368316 ], [ -39.8255499, -6.0416594 ], [ -39.8401931, -6.054448 ], [ -39.8422808, -6.0588272 ], [ -39.8532032, -6.06387 ], [ -39.8566576, -6.0730112 ], [ -39.8639247, -6.0765282 ], [ -39.8635505, -6.0809963 ], [ -39.8767674, -6.0862937 ], [ -39.875713, -6.0908452 ], [ -39.88565, -6.0939224 ], [ -39.8886372, -6.0974368 ], [ -39.8937041, -6.0965062 ], [ -39.8992537, -6.0925018 ], [ -39.9031229, -6.0923271 ], [ -39.9056074, -6.085184 ], [ -39.9082789, -6.0843261 ], [ -39.9095143, -6.0801777 ], [ -39.9179387, -6.082192 ], [ -39.9215995, -6.0860468 ], [ -39.9250026, -6.0932073 ], [ -39.9276984, -6.0918974 ], [ -39.9430337, -6.1035274 ], [ -39.9465013, -6.10394 ], [ -39.9509228, -6.1011329 ], [ -39.9560803, -6.1006722 ], [ -39.9559368, -6.0973956 ], [ -39.9587826, -6.0977157 ], [ -39.9633446, -6.0920191 ], [ -39.9599461, -6.0855088 ], [ -39.9501763, -6.07862 ], [ -39.9476807, -6.0809073 ], [ -39.9388403, -6.0788181 ], [ -39.9353043, -6.0796481 ], [ -39.9322935, -6.0755451 ], [ -39.9097227, -6.0586294 ], [ -39.9087728, -6.0544207 ], [ -39.9058882, -6.0508746 ], [ -39.9074415, -6.0452397 ], [ -39.9054447, -6.0414536 ], [ -39.9055675, -6.036851 ], [ -39.8889762, -6.0344283 ], [ -39.8845356, -6.0273141 ], [ -39.8855144, -6.0239539 ], [ -39.8815212, -6.0219397 ], [ -39.8793196, -6.0185826 ], [ -39.8750027, -6.0176748 ], [ -39.8713189, -6.0130586 ], [ -39.8737358, -6.005851 ], [ -39.868132, -6.0064037 ], [ -39.8668637, -6.0021648 ], [ -39.8615274, -6.0001861 ], [ -39.8625688, -5.9938104 ], [ -39.858401, -5.9915086 ], [ -39.8556688, -5.9871776 ], [ -39.8536593, -5.9867682 ], [ -39.8526663, -5.9894123 ], [ -39.8457974, -5.988563 ], [ -39.8435099, -5.9857679 ], [ -39.8445848, -5.982151 ], [ -39.8358795, -5.9768541 ], [ -39.8316227, -5.9632452 ], [ -39.8358041, -5.9523089 ], [ -39.833743, -5.9410749 ], [ -39.8373961, -5.9336225 ], [ -39.8375118, -5.9300035 ], [ -39.8493978, -5.9334581 ], [ -39.8534968, -5.9284308 ], [ -39.8543062, -5.9233377 ], [ -39.858075, -5.9226059 ], [ -39.8658493, -5.9139279 ], [ -39.8705824, -5.9132693 ], [ -39.8710981, -5.9099199 ], [ -39.8766369, -5.9098208 ], [ -39.8765746, -5.9055426 ], [ -39.8714759, -5.9022646 ], [ -39.8691818, -5.8978471 ], [ -39.8627212, -5.8970876 ], [ -39.8640442, -5.8934919 ], [ -39.8606899, -5.890204 ], [ -39.8620088, -5.8886784 ], [ -39.8671834, -5.8893899 ], [ -39.8701097, -5.8838617 ], [ -39.8769772, -5.886091 ], [ -39.8904892, -5.8950269 ], [ -39.9047926, -5.8954185 ], [ -39.9133647, -5.8991245 ], [ -39.9194396, -5.8958693 ], [ -39.9217831, -5.8961135 ], [ -39.9229376, -5.8934246 ], [ -39.9258758, -5.8931318 ], [ -39.9280481, -5.8886912 ], [ -39.9319645, -5.8896467 ], [ -39.9387537, -5.8837784 ], [ -39.9403505, -5.8793399 ], [ -39.9437634, -5.8802671 ], [ -39.9455949, -5.8778803 ], [ -39.9528553, -5.8769883 ], [ -39.9541228, -5.8736144 ], [ -39.959497, -5.8728198 ], [ -39.9586723, -5.8708256 ], [ -39.9461663, -5.8632169 ], [ -39.9410511, -5.8633014 ], [ -39.9386006, -5.8570258 ], [ -39.9321991, -5.8532313 ], [ -39.9302867, -5.8464169 ], [ -39.9238534, -5.8390328 ], [ -39.9246033, -5.8360691 ], [ -39.9203753, -5.8322719 ], [ -39.9263471, -5.8307143 ], [ -39.9324988, -5.8256839 ], [ -39.9457882, -5.8273155 ], [ -39.9495488, -5.823997 ], [ -39.9492366, -5.8208214 ], [ -39.9568574, -5.8191545 ], [ -39.9594887, -5.8169068 ], [ -39.9625561, -5.8175695 ], [ -39.9677986, -5.8228893 ], [ -39.9728045, -5.8230113 ], [ -39.9798385, -5.8161167 ], [ -39.9856907, -5.8129849 ], [ -39.9870537, -5.8092229 ], [ -39.9835258, -5.8051571 ], [ -39.9842795, -5.7988377 ], [ -39.989463, -5.7902336 ], [ -39.9909988, -5.7810189 ], [ -39.9946413, -5.7790851 ], [ -40.0048058, -5.7776897 ], [ -40.0085129, -5.7737722 ], [ -40.0079789, -5.7699241 ], [ -40.0041749, -5.7648191 ], [ -40.0029638, -5.7583446 ], [ -40.0073379, -5.747614 ], [ -40.0024022, -5.7357789 ], [ -40.0076931, -5.7353848 ], [ -40.0090753, -5.7339204 ], [ -40.0076536, -5.7314275 ], [ -40.0083282, -5.7275927 ], [ -40.0064111, -5.7172859 ], [ -40.014719, -5.7075561 ], [ -40.0217228, -5.7104188 ], [ -40.0308574, -5.7039215 ], [ -40.0359936, -5.7031763 ], [ -40.0381271, -5.6988603 ], [ -40.036988, -5.6931502 ], [ -40.0403415, -5.6913957 ], [ -40.0423319, -5.6864427 ], [ -40.0411517, -5.6844675 ], [ -40.0420047, -5.6813399 ], [ -40.0450227, -5.6799135 ], [ -40.0444616, -5.6771081 ], [ -40.0470649, -5.6740809 ], [ -40.0485539, -5.6749055 ], [ -40.0497694, -5.6733298 ], [ -40.0480088, -5.6689028 ], [ -40.0460816, -5.6693227 ], [ -40.0465746, -5.6669548 ], [ -40.0445193, -5.664224 ], [ -40.0421849, -5.664586 ], [ -40.0441262, -5.6596048 ], [ -40.0424305, -5.6598285 ], [ -40.0395263, -5.6532879 ], [ -40.0376706, -5.6528773 ], [ -40.0378778, -5.6464924 ], [ -40.0315765, -5.6433837 ], [ -40.0328934, -5.6417255 ], [ -40.0318676, -5.6398406 ], [ -40.0301437, -5.6417103 ], [ -40.0248655, -5.6396376 ], [ -40.0206179, -5.6423945 ], [ -40.0186271, -5.637637 ], [ -40.0217331, -5.6384681 ], [ -40.024081, -5.634989 ], [ -40.0162849, -5.6323526 ], [ -40.012034, -5.6244476 ], [ -40.0078025, -5.6268795 ], [ -40.0003807, -5.6251138 ], [ -39.9961349, -5.6276216 ], [ -39.9942726, -5.6270714 ], [ -39.9906782, -5.6330769 ], [ -39.9880775, -5.6296217 ], [ -39.9858578, -5.6307981 ], [ -39.983678, -5.6299342 ], [ -39.9813299, -5.6355533 ], [ -39.974689, -5.6320748 ], [ -39.9659611, -5.6326089 ], [ -39.9651054, -5.6258774 ], [ -39.9625623, -5.6228931 ], [ -39.9632367, -5.618982 ], [ -39.9567125, -5.6209612 ], [ -39.9583334, -5.6261443 ], [ -39.9530101, -5.6303232 ], [ -39.9561658, -5.6325323 ], [ -39.9563745, -5.6374141 ], [ -39.9523236, -5.6387754 ], [ -39.9518637, -5.6414948 ], [ -39.9481555, -5.6381862 ], [ -39.9434391, -5.6392589 ], [ -39.9394298, -5.6380448 ], [ -39.9385189, -5.6361137 ], [ -39.9398117, -5.633245 ], [ -39.935686, -5.6348371 ], [ -39.9311203, -5.6339634 ], [ -39.9339247, -5.6304813 ], [ -39.9369876, -5.6300037 ], [ -39.9369343, -5.6246788 ], [ -39.927635, -5.6214794 ], [ -39.9248407, -5.6219146 ], [ -39.9235512, -5.6252813 ], [ -39.926078, -5.6272285 ], [ -39.9222899, -5.6327943 ], [ -39.9248564, -5.6355499 ], [ -39.9232075, -5.6390257 ], [ -39.9212274, -5.6369288 ], [ -39.9165782, -5.6370797 ], [ -39.9126657, -5.641494 ], [ -39.9067863, -5.6417365 ], [ -39.9014771, -5.634639 ], [ -39.8934315, -5.6302501 ], [ -39.8904005, -5.631976 ], [ -39.8841726, -5.6284797 ], [ -39.8766788, -5.6275783 ], [ -39.8747005, -5.6287808 ], [ -39.8775589, -5.6312176 ], [ -39.8780875, -5.6368579 ], [ -39.8759064, -5.6400532 ], [ -39.8675803, -5.6326241 ], [ -39.8654385, -5.6278427 ], [ -39.8606032, -5.6261943 ], [ -39.854215, -5.627244 ], [ -39.849594, -5.6238848 ], [ -39.8484416, -5.6219643 ], [ -39.8492116, -5.6144283 ], [ -39.8457307, -5.6093316 ], [ -39.8471658, -5.6041485 ], [ -39.8494172, -5.602498 ], [ -39.846758, -5.6003683 ], [ -39.8399737, -5.5997123 ], [ -39.8387974, -5.5956215 ], [ -39.8343481, -5.591296 ], [ -39.7847216, -5.5923963 ], [ -39.776939, -5.5855066 ], [ -39.773008, -5.5889935 ], [ -39.7699325, -5.5885856 ], [ -39.7692074, -5.5832102 ], [ -39.767419, -5.5819823 ], [ -39.7586048, -5.5816643 ], [ -39.7503262, -5.5757821 ], [ -39.7464933, -5.5833162 ], [ -39.7446864, -5.5936082 ], [ -39.741095, -5.5970086 ], [ -39.7364954, -5.5982885 ], [ -39.7346253, -5.5956767 ], [ -39.7255087, -5.5947489 ], [ -39.705777, -5.5987945 ], [ -39.704442, -5.6025236 ], [ -39.6997688, -5.6000029 ], [ -39.6918774, -5.5994707 ], [ -39.6909814, -5.6040216 ], [ -39.6943974, -5.6132019 ], [ -39.6880296, -5.6163781 ], [ -39.6812041, -5.6167889 ], [ -39.6769601, -5.6219492 ], [ -39.6732168, -5.6182435 ], [ -39.6649358, -5.6152251 ], [ -39.6621661, -5.6112219 ], [ -39.6502399, -5.6133432 ], [ -39.6453903, -5.6113312 ], [ -39.640581, -5.611559 ], [ -39.63615, -5.6060956 ], [ -39.6322347, -5.6064523 ], [ -39.63018, -5.6211708 ], [ -39.63752, -5.6343541 ], [ -39.6361144, -5.6396118 ], [ -39.6260495, -5.6344143 ], [ -39.6232499, -5.6307932 ], [ -39.6151587, -5.6259932 ], [ -39.6074052, -5.6227218 ], [ -39.6007344, -5.6245012 ] ] ] } },
{ "type": "Feature", "properties": { "CD_MUN": "2311801", "NM_MUN": "Russas", "CD_RGI": "230007", "NM_RGI": "Russas - Limoeiro do Norte", "CD_RGINT": "2302", "NM_RGINT": "Quixadá", "CD_UF": "23", "NM_UF": "Ceará", "SIGLA_UF": "CE", "CD_REGIA": "2", "NM_REGIA": "Nordeste", "SIGLA_RG": "NE", "CD_CONCU": null, "NM_CONCU": null, "AREA_KM2": 1505.726, "mun_upp": "RUSSAS", "has_qualif": 1, "municipio": "Russas", "REGIÃO DE PLANEJAMENTO": "Vale do Jaguaribe", "auxiliary_storage_labeling_positionx": null, "auxiliary_storage_labeling_positiony": null, "auxiliary_storage_labeling_lineanchorpercent": null, "auxiliary_storage_labeling_lineanchorclipping": null, "auxiliary_storage_labeling_lineanchortype": null, "auxiliary_storage_labeling_lineanchortextpoint": null, "auxiliary_storage_callouts_originx": null, "auxiliary_storage_callouts_originy": null, "auxiliary_storage_callouts_destinationx": null, "auxiliary_storage_callouts_destinationy": null }, "geometry": { "type": "Polygon", "coordinates": [ [ [ -37.8721301, -4.9240317 ], [ -37.8744759, -4.9394745 ], [ -37.8196935, -4.9842893 ], [ -37.8095329, -4.9891616 ], [ -37.8135391, -5.0023189 ], [ -37.8272394, -4.9879984 ], [ -37.8324391, -4.9945874 ], [ -37.8364396, -4.992752 ], [ -37.8447386, -4.9926318 ], [ -37.8519896, -4.9828835 ], [ -37.85737, -4.9819441 ], [ -37.8615727, -4.9783298 ], [ -37.8854908, -4.9854119 ], [ -37.8919275, -4.9820602 ], [ -37.8979125, -4.9819823 ], [ -37.9016387, -4.9785675 ], [ -37.9051407, -4.9830447 ], [ -37.9131959, -4.983951 ], [ -37.9248131, -4.9919588 ], [ -37.9271453, -4.9977063 ], [ -37.9337416, -5.002632 ], [ -37.9392201, -5.0034142 ], [ -37.9453075, -5.0020779 ], [ -37.9478812, -5.0070072 ], [ -37.9633962, -5.0068237 ], [ -38.0019593, -5.0183741 ], [ -38.0131739, -5.0257456 ], [ -38.0179188, -5.0228929 ], [ -38.0229095, -5.030194 ], [ -38.0244696, -5.0295899 ], [ -38.0259602, -5.0339959 ], [ -38.031327, -5.0358999 ], [ -38.0363547, -5.0454017 ], [ -38.0385977, -5.0461174 ], [ -38.0384347, -5.0479729 ], [ -38.0431675, -5.0499712 ], [ -38.0489805, -5.0551858 ], [ -38.051559, -5.0622155 ], [ -38.0526612, -5.0734946 ], [ -38.0547526, -5.0742951 ], [ -38.0559857, -5.0790346 ], [ -38.0594584, -5.0790038 ], [ -38.0609039, -5.0804927 ], [ -38.0755125, -5.0751762 ], [ -38.1000693, -5.0533754 ], [ -38.1210416, -5.0313649 ], [ -38.1419062, -5.0322781 ], [ -38.1565016, -5.0121079 ], [ -38.1499191, -5.0082917 ], [ -38.1882171, -4.975358 ], [ -38.1927703, -4.9751358 ], [ -38.1955618, -4.978122 ], [ -38.196938, -4.9748597 ], [ -38.2133382, -4.9742023 ], [ -38.2614663, -4.8837611 ], [ -38.2690691, -4.8845443 ], [ -38.2713605, -4.8874365 ], [ -38.2806505, -4.8906642 ], [ -38.2852578, -4.8903034 ], [ -38.286249, -4.8917888 ], [ -38.2888897, -4.8897847 ], [ -38.2930564, -4.8908258 ], [ -38.2940503, -4.8926002 ], [ -38.2996673, -4.8924181 ], [ -38.3018377, -4.8851721 ], [ -38.3076538, -4.8818986 ], [ -38.3080407, -4.8798031 ], [ -38.312471, -4.8801741 ], [ -38.3157064, -4.8769239 ], [ -38.3191148, -4.8760552 ], [ -38.3217666, -4.8790112 ], [ -38.325443, -4.854955 ], [ -38.3375825, -4.8607966 ], [ -38.3418914, -4.857186 ], [ -38.3550508, -4.8535838 ], [ -38.3565761, -4.8484987 ], [ -38.3592949, -4.8468052 ], [ -38.3656874, -4.8483707 ], [ -38.3690301, -4.8510327 ], [ -38.3684936, -4.7523144 ], [ -38.3376967, -4.7539345 ], [ -38.3263758, -4.7099129 ], [ -38.3070679, -4.6499891 ], [ -38.2813493, -4.6576743 ], [ -38.2695463, -4.6451976 ], [ -38.2603296, -4.6392386 ], [ -38.2484616, -4.6258009 ], [ -38.237474, -4.6173501 ], [ -38.2172621, -4.5902945 ], [ -38.214633, -4.5901517 ], [ -38.161677, -4.6413698 ], [ -38.1464155, -4.6651206 ], [ -38.0937409, -4.7049647 ], [ -38.0871135, -4.7200907 ], [ -38.0842976, -4.7322256 ], [ -38.0772622, -4.7375877 ], [ -38.0693154, -4.7498099 ], [ -38.0613009, -4.7533258 ], [ -38.0583942, -4.7632042 ], [ -38.0502295, -4.7722452 ], [ -38.0484704, -4.7765548 ], [ -38.0579058, -4.7895963 ], [ -38.0605798, -4.8109225 ], [ -38.042265, -4.8446529 ], [ -38.0300975, -4.8401182 ], [ -37.9826261, -4.8342513 ], [ -37.9708643, -4.8301331 ], [ -37.9004355, -4.8208553 ], [ -37.8897504, -4.8473804 ], [ -37.8864019, -4.8490862 ], [ -37.883542, -4.8533292 ], [ -37.8866515, -4.9053728 ], [ -37.8721301, -4.9240317 ] ] ] } },
{ "type": "Feature", "properties": { "CD_MUN": "2303709", "NM_MUN": "Caucaia", "CD_RGI": "230001", "NM_RGI": "Fortaleza", "CD_RGINT": "2301", "NM_RGINT": "Fortaleza", "CD_UF": "23", "NM_UF": "Ceará", "SIGLA_UF": "CE", "CD_REGIA": "2", "NM_REGIA": "Nordeste", "SIGLA_RG": "NE", "CD_CONCU": "2304400", "NM_CONCU": "Fortaleza/CE", "AREA_KM2": 1223.2, "mun_upp": "CAUCAIA", "has_qualif": 1, "municipio": "Caucaia", "REGIÃO DE PLANEJAMENTO": "Grande Fortaleza", "auxiliary_storage_labeling_positionx": -38.629731132927866, "auxiliary_storage_labeling_positiony": -3.6343724207809052, "auxiliary_storage_labeling_lineanchorpercent": null, "auxiliary_storage_labeling_lineanchorclipping": null, "auxiliary_storage_labeling_lineanchortype": null, "auxiliary_storage_labeling_lineanchortextpoint": null, "auxiliary_storage_callouts_originx": null, "auxiliary_storage_callouts_originy": null, "auxiliary_storage_callouts_destinationx": null, "auxiliary_storage_callouts_destinationy": null }, "geometry": { "type": "Polygon", "coordinates": [ [ [ -38.7247963, -3.6253916 ], [ -38.6997445, -3.6398392 ], [ -38.6750928, -3.6660794 ], [ -38.6524047, -3.682156 ], [ -38.6410855, -3.6869388 ], [ -38.6345814, -3.6859547 ], [ -38.619212, -3.6898738 ], [ -38.6110878, -3.6887692 ], [ -38.6073936, -3.6914724 ], [ -38.5875832, -3.696406 ], [ -38.5907109, -3.7002201 ], [ -38.5973538, -3.7033746 ], [ -38.6062608, -3.702358 ], [ -38.6225192, -3.7033297 ], [ -38.6211174, -3.7095816 ], [ -38.6178453, -3.7103107 ], [ -38.6205522, -3.7167539 ], [ -38.6195096, -3.7193358 ], [ -38.6168938, -3.7192841 ], [ -38.6175123, -3.7220931 ], [ -38.6162688, -3.720761 ], [ -38.6147802, -3.7227729 ], [ -38.6094324, -3.7240216 ], [ -38.6011436, -3.7344498 ], [ -38.602306, -3.7368889 ], [ -38.6015073, -3.7402414 ], [ -38.5989311, -3.7422291 ], [ -38.6004595, -3.7468205 ], [ -38.6112144, -3.7561697 ], [ -38.6225164, -3.7817875 ], [ -38.6254477, -3.7809586 ], [ -38.6280283, -3.7846777 ], [ -38.6315443, -3.7836874 ], [ -38.6334293, -3.7905809 ], [ -38.6352735, -3.7919584 ], [ -38.6343529, -3.7975845 ], [ -38.6355886, -3.7999982 ], [ -38.6393963, -3.8029189 ], [ -38.6402365, -3.8061864 ], [ -38.6458702, -3.8085504 ], [ -38.6469182, -3.8108152 ], [ -38.6437593, -3.8120595 ], [ -38.6412703, -3.8235658 ], [ -38.6564649, -3.8288854 ], [ -38.6581025, -3.8268732 ], [ -38.6695509, -3.8276151 ], [ -38.696466, -3.8683729 ], [ -38.7030171, -3.8753466 ], [ -38.7073368, -3.8746001 ], [ -38.7162413, -3.8819636 ], [ -38.7230497, -3.8953242 ], [ -38.7243079, -3.9014744 ], [ -38.7324677, -3.9098548 ], [ -38.7355416, -3.9181851 ], [ -38.736396, -3.9294259 ], [ -38.7432593, -3.9351518 ], [ -38.7526895, -3.927787 ], [ -38.7559906, -3.9278093 ], [ -38.7576236, -3.9324569 ], [ -38.765353, -3.9419584 ], [ -38.7692374, -3.943635 ], [ -38.7801089, -3.9543004 ], [ -38.7877198, -3.9666437 ], [ -38.7944044, -3.9667407 ], [ -38.8116313, -3.9619419 ], [ -38.8483332, -3.9948709 ], [ -38.8716433, -3.9687314 ], [ -38.9454777, -3.9444421 ], [ -38.9474087, -3.9368783 ], [ -38.9546943, -3.9337539 ], [ -38.9540168, -3.9301257 ], [ -38.9624541, -3.9232132 ], [ -38.9609826, -3.9173707 ], [ -38.958155, -3.9144426 ], [ -38.9619304, -3.9077789 ], [ -38.9610764, -3.9058543 ], [ -38.9635168, -3.9054619 ], [ -38.9687222, -3.8966917 ], [ -38.9702086, -3.8983093 ], [ -38.9719252, -3.8969503 ], [ -38.9742893, -3.8977547 ], [ -38.9803809, -3.894059 ], [ -38.9774059, -3.8889593 ], [ -38.9788835, -3.8876428 ], [ -38.9782166, -3.8843425 ], [ -38.9817196, -3.8824965 ], [ -38.981529, -3.8780203 ], [ -38.9849846, -3.8776374 ], [ -38.9839007, -3.8753688 ], [ -38.9868436, -3.8733288 ], [ -38.985132, -3.8720744 ], [ -38.98821, -3.8693286 ], [ -38.9869323, -3.8647984 ], [ -38.9860573, -3.8636105 ], [ -38.9843874, -3.8644955 ], [ -38.9842921, -3.8623838 ], [ -38.9859028, -3.8594557 ], [ -38.9879162, -3.8602594 ], [ -38.9883897, -3.8569131 ], [ -38.9913364, -3.8544578 ], [ -38.9926825, -3.8565493 ], [ -38.9982589, -3.8491051 ], [ -38.9980206, -3.8467353 ], [ -38.9996411, -3.8452991 ], [ -38.998116, -3.8396979 ], [ -38.9996411, -3.8364904 ], [ -38.9965194, -3.8307696 ], [ -38.9944938, -3.8307696 ], [ -38.9881339, -3.8247572 ], [ -38.9833871, -3.8161399 ], [ -38.9828157, -3.7903457 ], [ -38.9784695, -3.7787411 ], [ -38.9576983, -3.7693245 ], [ -38.95604, -3.7651116 ], [ -38.9557734, -3.7606115 ], [ -38.9579085, -3.7585817 ], [ -38.9552974, -3.7490835 ], [ -38.9568229, -3.7386663 ], [ -38.9545596, -3.73239 ], [ -38.9556176, -3.7306379 ], [ -38.9515147, -3.7270328 ], [ -38.9516292, -3.7236865 ], [ -38.9549462, -3.7194929 ], [ -38.9577196, -3.7217336 ], [ -38.9608792, -3.7203406 ], [ -38.9595785, -3.7136047 ], [ -38.9615086, -3.7119819 ], [ -38.9402041, -3.6832336 ], [ -38.9325132, -3.6805043 ], [ -38.920866, -3.6846008 ], [ -38.9198252, -3.6730947 ], [ -38.9173533, -3.6698261 ], [ -38.9183502, -3.6666526 ], [ -38.8816278, -3.6854159 ], [ -38.8318923, -3.5707607 ], [ -38.8065572, -3.5486438 ], [ -38.797651, -3.5629727 ], [ -38.7628631, -3.6055235 ], [ -38.7483225, -3.6168895 ], [ -38.7247963, -3.6253916 ] ] ] } },
{ "type": "Feature", "properties": { "CD_MUN": "2304657", "NM_MUN": "Graça", "CD_RGI": "230015", "NM_RGI": "Sobral", "CD_RGINT": "2306", "NM_RGINT": "Sobral", "CD_UF": "23", "NM_UF": "Ceará", "SIGLA_UF": "CE", "CD_REGIA": "2", "NM_REGIA": "Nordeste", "SIGLA_RG": "NE", "CD_CONCU": null, "NM_CONCU": null, "AREA_KM2": 258.943, "mun_upp": "GRAÇA", "has_qualif": 1, "municipio": "Graça", "REGIÃO DE PLANEJAMENTO": "Sertão de Sobral", "auxiliary_storage_labeling_positionx": -40.813893104717913, "auxiliary_storage_labeling_positiony": -4.0622584287110017, "auxiliary_storage_labeling_lineanchorpercent": null, "auxiliary_storage_labeling_lineanchorclipping": null, "auxiliary_storage_labeling_lineanchortype": null, "auxiliary_storage_labeling_lineanchortextpoint": null, "auxiliary_storage_callouts_originx": null, "auxiliary_storage_callouts_originy": null, "auxiliary_storage_callouts_destinationx": null, "auxiliary_storage_callouts_destinationy": null }, "geometry": { "type": "Polygon", "coordinates": [ [ [ -40.7670112, -4.1305731 ], [ -40.7683745, -4.1274237 ], [ -40.7731605, -4.1275027 ], [ -40.7786765, -4.1303404 ], [ -40.797498, -4.1315118 ], [ -40.8034892, -4.1297122 ], [ -40.8022186, -4.1259088 ], [ -40.8039991, -4.1230039 ], [ -40.8206499, -4.1107046 ], [ -40.8400367, -4.103637 ], [ -40.847564, -4.1029114 ], [ -40.8449761, -4.0965058 ], [ -40.8455906, -4.0901692 ], [ -40.8433178, -4.0797818 ], [ -40.8458215, -4.0744362 ], [ -40.8442578, -4.0657314 ], [ -40.8347912, -4.0515516 ], [ -40.8340379, -4.0471321 ], [ -40.8355462, -4.0398365 ], [ -40.8350166, -4.0246601 ], [ -40.8388898, -4.01801 ], [ -40.8380832, -4.0152749 ], [ -40.8348761, -4.0129471 ], [ -40.8334436, -4.003017 ], [ -40.8342109, -3.9880673 ], [ -40.8349313, -3.9863431 ], [ -40.8376172, -3.9859311 ], [ -40.8360601, -3.9584279 ], [ -40.8242261, -3.9574385 ], [ -40.8197186, -3.9538706 ], [ -40.8126356, -3.9527035 ], [ -40.7989978, -3.9556382 ], [ -40.7945873, -3.9534275 ], [ -40.7912427, -3.9543684 ], [ -40.7812613, -3.952725 ], [ -40.7782394, -3.9547148 ], [ -40.7730181, -3.9524782 ], [ -40.7664501, -3.9539873 ], [ -40.761478, -3.9506327 ], [ -40.7559632, -3.9522412 ], [ -40.755748, -3.9543113 ], [ -40.7535727, -3.9554667 ], [ -40.7513775, -3.9553053 ], [ -40.7458925, -3.9616424 ], [ -40.7367821, -3.9619071 ], [ -40.7333926, -3.9636726 ], [ -40.730858, -3.9673427 ], [ -40.7134172, -4.0599433 ], [ -40.68255, -4.0575647 ], [ -40.712856, -4.1282944 ], [ -40.7272918, -4.1301512 ], [ -40.7374113, -4.1376417 ], [ -40.7385992, -4.13606 ], [ -40.7352967, -4.1295116 ], [ -40.7362828, -4.1227625 ], [ -40.7455773, -4.1235077 ], [ -40.7634683, -4.1307588 ], [ -40.7670112, -4.1305731 ] ] ] } },
{ "type": "Feature", "properties": { "CD_MUN": "2310506", "NM_MUN": "Pedra Branca", "CD_RGI": "230006", "NM_RGI": "Quixadá", "CD_RGINT": "2302", "NM_RGINT": "Quixadá", "CD_UF": "23", "NM_UF": "Ceará", "SIGLA_UF": "CE", "CD_REGIA": "2", "NM_REGIA": "Nordeste", "SIGLA_RG": "NE", "CD_CONCU": null, "NM_CONCU": null, "AREA_KM2": 1328.779, "mun_upp": "PEDRA BRANCA", "has_qualif": 1, "municipio": "Pedra Branca", "REGIÃO DE PLANEJAMENTO": "Sertão Central", "auxiliary_storage_labeling_positionx": null, "auxiliary_storage_labeling_positiony": null, "auxiliary_storage_labeling_lineanchorpercent": null, "auxiliary_storage_labeling_lineanchorclipping": null, "auxiliary_storage_labeling_lineanchortype": null, "auxiliary_storage_labeling_lineanchortextpoint": null, "auxiliary_storage_callouts_originx": null, "auxiliary_storage_callouts_originy": null, "auxiliary_storage_callouts_destinationx": null, "auxiliary_storage_callouts_destinationy": null }, "geometry": { "type": "Polygon", "coordinates": [ [ [ -39.6652373, -5.3624909 ], [ -39.6581226, -5.3534535 ], [ -39.6565225, -5.3453804 ], [ -39.6582019, -5.3382888 ], [ -39.6489464, -5.3404814 ], [ -39.6441873, -5.3332354 ], [ -39.6412639, -5.3326257 ], [ -39.6324047, -5.3370197 ], [ -39.6226711, -5.3590512 ], [ -39.6447365, -5.3838904 ], [ -39.6612744, -5.3821225 ], [ -39.6639315, -5.387993 ], [ -39.6697324, -5.3861198 ], [ -39.6676336, -5.400776 ], [ -39.6697774, -5.4062608 ], [ -39.6693637, -5.4103863 ], [ -39.6592589, -5.4292249 ], [ -39.6578076, -5.4394472 ], [ -39.6529351, -5.43983 ], [ -39.6479639, -5.4423268 ], [ -39.6436188, -5.4472639 ], [ -39.6454665, -5.4490864 ], [ -39.6451819, -5.4530629 ], [ -39.6399596, -5.4569123 ], [ -39.6397064, -5.4615419 ], [ -39.636437, -5.4651515 ], [ -39.6390025, -5.4727886 ], [ -39.6305297, -5.4774887 ], [ -39.6278126, -5.480659 ], [ -39.6217122, -5.4817724 ], [ -39.6148111, -5.4854827 ], [ -39.6086264, -5.4847266 ], [ -39.6087122, -5.4869165 ], [ -39.6042346, -5.4900214 ], [ -39.601877, -5.4969707 ], [ -39.6029287, -5.4977714 ], [ -39.6009481, -5.5003732 ], [ -39.5906691, -5.5033409 ], [ -39.5887964, -5.5057063 ], [ -39.5831044, -5.502925 ], [ -39.579969, -5.5040336 ], [ -39.5749139, -5.511093 ], [ -39.5750423, -5.5131379 ], [ -39.5700431, -5.513599 ], [ -39.5710533, -5.5161964 ], [ -39.566363, -5.5181485 ], [ -39.5681504, -5.5201827 ], [ -39.5675368, -5.5216852 ], [ -39.564143, -5.5199287 ], [ -39.5647655, -5.5180468 ], [ -39.562135, -5.5196305 ], [ -39.5611313, -5.5175357 ], [ -39.5565668, -5.5200381 ], [ -39.5518521, -5.5263029 ], [ -39.5515794, -5.528529 ], [ -39.5575102, -5.5294155 ], [ -39.5597018, -5.5325967 ], [ -39.5615147, -5.5298605 ], [ -39.5646884, -5.5295927 ], [ -39.5655686, -5.5257833 ], [ -39.5708923, -5.5251663 ], [ -39.5735421, -5.527218 ], [ -39.5767221, -5.5256948 ], [ -39.5772794, -5.5339246 ], [ -39.5811806, -5.5370877 ], [ -39.5831077, -5.5368165 ], [ -39.5842697, -5.5343311 ], [ -39.5854866, -5.5405419 ], [ -39.5826821, -5.5442189 ], [ -39.5826273, -5.5468039 ], [ -39.5839289, -5.5542592 ], [ -39.5908415, -5.5608817 ], [ -39.590733, -5.5689884 ], [ -39.5963359, -5.5803426 ], [ -39.6050054, -5.5918041 ], [ -39.6108491, -5.5942742 ], [ -39.6133791, -5.599494 ], [ -39.6227602, -5.6037139 ], [ -39.6257894, -5.6073958 ], [ -39.63615, -5.6060956 ], [ -39.640581, -5.611559 ], [ -39.6441998, -5.6111278 ], [ -39.6526199, -5.6135152 ], [ -39.6621661, -5.6112219 ], [ -39.6649358, -5.6152251 ], [ -39.6732168, -5.6182435 ], [ -39.6769601, -5.6219492 ], [ -39.6812041, -5.6167889 ], [ -39.6880296, -5.6163781 ], [ -39.6943974, -5.6132019 ], [ -39.6909814, -5.6040216 ], [ -39.6918774, -5.5994707 ], [ -39.6997688, -5.6000029 ], [ -39.704442, -5.6025236 ], [ -39.705777, -5.5987945 ], [ -39.7255087, -5.5947489 ], [ -39.7346253, -5.5956767 ], [ -39.7364954, -5.5982885 ], [ -39.741095, -5.5970086 ], [ -39.7446864, -5.5936082 ], [ -39.7464933, -5.5833162 ], [ -39.7503262, -5.5757821 ], [ -39.7586048, -5.5816643 ], [ -39.767419, -5.5819823 ], [ -39.7692074, -5.5832102 ], [ -39.7699325, -5.5885856 ], [ -39.773008, -5.5889935 ], [ -39.776939, -5.5855066 ], [ -39.7847216, -5.5923963 ], [ -39.8343481, -5.591296 ], [ -39.8387974, -5.5956215 ], [ -39.8399737, -5.5997123 ], [ -39.846758, -5.6003683 ], [ -39.8494172, -5.602498 ], [ -39.8471658, -5.6041485 ], [ -39.8457307, -5.6093316 ], [ -39.8492116, -5.6144283 ], [ -39.8484416, -5.6219643 ], [ -39.849594, -5.6238848 ], [ -39.854215, -5.627244 ], [ -39.8606032, -5.6261943 ], [ -39.8654385, -5.6278427 ], [ -39.8675803, -5.6326241 ], [ -39.8759064, -5.6400532 ], [ -39.8780875, -5.6368579 ], [ -39.8775589, -5.6312176 ], [ -39.8747005, -5.6287808 ], [ -39.8766788, -5.6275783 ], [ -39.8841726, -5.6284797 ], [ -39.8904005, -5.631976 ], [ -39.8934315, -5.6302501 ], [ -39.9014771, -5.634639 ], [ -39.9067863, -5.6417365 ], [ -39.9126657, -5.641494 ], [ -39.9165782, -5.6370797 ], [ -39.9212274, -5.6369288 ], [ -39.9232075, -5.6390257 ], [ -39.9248564, -5.6355499 ], [ -39.9222899, -5.6327943 ], [ -39.9232406, -5.629713 ], [ -39.9259355, -5.6277911 ], [ -39.9235296, -5.6257622 ], [ -39.9244353, -5.6223221 ], [ -39.9261301, -5.6215297 ], [ -39.9368143, -5.624338 ], [ -39.9369876, -5.6300037 ], [ -39.9339247, -5.6304813 ], [ -39.9311203, -5.6339634 ], [ -39.935686, -5.6348371 ], [ -39.9398117, -5.633245 ], [ -39.9385189, -5.6361137 ], [ -39.9394298, -5.6380448 ], [ -39.9434391, -5.6392589 ], [ -39.9481555, -5.6381862 ], [ -39.9518637, -5.6414948 ], [ -39.9523236, -5.6387754 ], [ -39.9563745, -5.6374141 ], [ -39.9561658, -5.6325323 ], [ -39.9530101, -5.6303232 ], [ -39.9580121, -5.6268598 ], [ -39.9566829, -5.6211467 ], [ -39.958505, -5.6196659 ], [ -39.963434, -5.6190774 ], [ -39.9625623, -5.6228931 ], [ -39.9651054, -5.6258774 ], [ -39.9653276, -5.6323347 ], [ -39.974689, -5.6320748 ], [ -39.9809299, -5.6355898 ], [ -39.983678, -5.6299342 ], [ -39.9858578, -5.6307981 ], [ -39.9880775, -5.6296217 ], [ -39.9906782, -5.6330769 ], [ -39.9942726, -5.6270714 ], [ -39.9961349, -5.6276216 ], [ -40.0003807, -5.6251138 ], [ -40.0078025, -5.6268795 ], [ -40.012034, -5.6244476 ], [ -40.0162849, -5.6323526 ], [ -40.024081, -5.634989 ], [ -40.0217331, -5.6384681 ], [ -40.0186271, -5.637637 ], [ -40.0206179, -5.6423945 ], [ -40.0248655, -5.6396376 ], [ -40.0301437, -5.6417103 ], [ -40.0318676, -5.6398406 ], [ -40.0328934, -5.6417255 ], [ -40.0315765, -5.6433837 ], [ -40.0378778, -5.6464924 ], [ -40.0376706, -5.6528773 ], [ -40.0395263, -5.6532879 ], [ -40.0424305, -5.6598285 ], [ -40.0441262, -5.6596048 ], [ -40.0421849, -5.664586 ], [ -40.0445193, -5.664224 ], [ -40.0465746, -5.6669548 ], [ -40.0460816, -5.6693227 ], [ -40.0480088, -5.6689028 ], [ -40.0498699, -5.6727193 ], [ -40.0444616, -5.6771081 ], [ -40.0450227, -5.6799135 ], [ -40.0420047, -5.6813399 ], [ -40.0411517, -5.6844675 ], [ -40.0423319, -5.6864427 ], [ -40.0403415, -5.6913957 ], [ -40.036988, -5.6931502 ], [ -40.0381271, -5.6988603 ], [ -40.0359936, -5.7031763 ], [ -40.0308574, -5.7039215 ], [ -40.0250487, -5.7075384 ], [ -40.0224113, -5.7101028 ], [ -40.0233986, -5.7121954 ], [ -40.0425529, -5.711882 ], [ -40.0452755, -5.7089981 ], [ -40.0462718, -5.7041241 ], [ -40.0490536, -5.7019865 ], [ -40.0474391, -5.697713 ], [ -40.0529064, -5.6931416 ], [ -40.0552761, -5.6932837 ], [ -40.0553971, -5.6912545 ], [ -40.0574399, -5.6901469 ], [ -40.056665, -5.6882536 ], [ -40.0637729, -5.6880663 ], [ -40.0667255, -5.6755044 ], [ -40.0716065, -5.6754374 ], [ -40.0739938, -5.6662676 ], [ -40.062045, -5.6541209 ], [ -40.0589254, -5.6468566 ], [ -40.0541997, -5.6414955 ], [ -40.0550131, -5.638269 ], [ -40.063106, -5.6355637 ], [ -40.0576335, -5.6315693 ], [ -40.0561021, -5.6238951 ], [ -40.0533892, -5.6198498 ], [ -40.0549021, -5.6128621 ], [ -40.0510579, -5.6104401 ], [ -40.0594992, -5.6072444 ], [ -40.0596117, -5.603009 ], [ -40.0571928, -5.5980446 ], [ -40.0582437, -5.5943594 ], [ -40.0654904, -5.5893598 ], [ -40.0759546, -5.5893227 ], [ -40.0771528, -5.5828169 ], [ -40.066561, -5.5791926 ], [ -40.0634996, -5.5762868 ], [ -40.0626495, -5.5779329 ], [ -40.0564858, -5.5752119 ], [ -40.0478578, -5.5668587 ], [ -40.0337836, -5.5634709 ], [ -40.0273701, -5.5542369 ], [ -40.0205495, -5.5392277 ], [ -40.0147946, -5.5344193 ], [ -40.0184523, -5.5290504 ], [ -40.0135586, -5.5192789 ], [ -40.0207435, -5.5135889 ], [ -40.0255136, -5.5148563 ], [ -40.0257465, -5.5085654 ], [ -40.0307425, -5.5077926 ], [ -40.0286594, -5.4893834 ], [ -40.0340698, -5.4875902 ], [ -40.0394079, -5.4910212 ], [ -40.0445795, -5.4886455 ], [ -40.0538448, -5.4877198 ], [ -40.0469493, -5.4675143 ], [ -40.0501714, -5.4630603 ], [ -40.0553685, -5.462197 ], [ -40.056725, -5.4505854 ], [ -40.0556545, -5.4438687 ], [ -40.0580273, -5.4402075 ], [ -40.056551, -5.4358306 ], [ -40.0611113, -5.4352786 ], [ -40.0627548, -5.4334627 ], [ -40.0601536, -5.4282455 ], [ -40.061887, -5.4263517 ], [ -40.0672152, -5.4261273 ], [ -40.0679168, -5.4245478 ], [ -40.0617935, -5.4159126 ], [ -40.0655039, -5.4108069 ], [ -40.0599955, -5.4040816 ], [ -40.0586096, -5.3989994 ], [ -40.0616993, -5.3902313 ], [ -40.0586266, -5.3868489 ], [ -40.0589541, -5.3817232 ], [ -40.0560701, -5.3769224 ], [ -40.0574183, -5.3710306 ], [ -40.0518283, -5.3662121 ], [ -40.0547243, -5.3626055 ], [ -40.0601764, -5.3615918 ], [ -40.0516306, -5.3565031 ], [ -40.0456677, -5.3563864 ], [ -40.0416338, -5.3530174 ], [ -40.0384916, -5.3533015 ], [ -40.0350568, -5.3497861 ], [ -40.0306318, -5.34898 ], [ -40.0263708, -5.3438581 ], [ -40.0282828, -5.3431518 ], [ -40.0282067, -5.3416478 ], [ -40.0230242, -5.3360398 ], [ -40.0242078, -5.3330858 ], [ -40.0224269, -5.3288873 ], [ -40.0209252, -5.3279657 ], [ -40.0177138, -5.33077 ], [ -40.0193164, -5.3387863 ], [ -40.0160294, -5.3432896 ], [ -40.0049131, -5.339379 ], [ -40.0030379, -5.3410244 ], [ -40.002061, -5.3463724 ], [ -39.9941038, -5.3471841 ], [ -39.993126, -5.3497709 ], [ -39.9838463, -5.3467793 ], [ -39.9712295, -5.3452735 ], [ -39.9590037, -5.3395442 ], [ -39.9562179, -5.3413698 ], [ -39.9573729, -5.348266 ], [ -39.9498575, -5.3449547 ], [ -39.9427505, -5.3442573 ], [ -39.9395996, -5.348105 ], [ -39.9458968, -5.3541603 ], [ -39.9449738, -5.3558222 ], [ -39.9478106, -5.3600572 ], [ -39.9348795, -5.3640143 ], [ -39.9315381, -5.3713355 ], [ -39.9321114, -5.378514 ], [ -39.9259606, -5.3816651 ], [ -39.9223286, -5.3899922 ], [ -39.9197503, -5.3903672 ], [ -39.9125313, -5.3863147 ], [ -39.9077283, -5.392008 ], [ -39.8968602, -5.3967921 ], [ -39.893793, -5.3959033 ], [ -39.8911528, -5.3908374 ], [ -39.8862835, -5.3891084 ], [ -39.882124, -5.3792643 ], [ -39.8763852, -5.3739209 ], [ -39.8735262, -5.3745015 ], [ -39.8637845, -5.3709989 ], [ -39.8505667, -5.3719862 ], [ -39.8423371, -5.3689469 ], [ -39.8387533, -5.3727553 ], [ -39.8360908, -5.3709302 ], [ -39.8325252, -5.3747089 ], [ -39.8264969, -5.3763398 ], [ -39.8239917, -5.3824003 ], [ -39.8171159, -5.3840322 ], [ -39.8168454, -5.3904164 ], [ -39.811284, -5.3888155 ], [ -39.8085749, -5.3841632 ], [ -39.805216, -5.3851498 ], [ -39.8036749, -5.3935763 ], [ -39.8000192, -5.3991634 ], [ -39.7817476, -5.3788016 ], [ -39.7703304, -5.3775582 ], [ -39.7666328, -5.3714343 ], [ -39.7636748, -5.3699305 ], [ -39.7606859, -5.3705288 ], [ -39.757547, -5.3678122 ], [ -39.7503872, -5.3683997 ], [ -39.7464707, -5.3714479 ], [ -39.7461166, -5.3736446 ], [ -39.7399666, -5.3706531 ], [ -39.7294642, -5.368765 ], [ -39.7263522, -5.3792248 ], [ -39.7235908, -5.3800312 ], [ -39.7199587, -5.3760726 ], [ -39.7164147, -5.3762654 ], [ -39.7073858, -5.3712374 ], [ -39.7046359, -5.3619312 ], [ -39.6979566, -5.3634735 ], [ -39.688254, -5.3581497 ], [ -39.6824205, -5.3633834 ], [ -39.6780392, -5.3631777 ], [ -39.6753053, -5.3613234 ], [ -39.6691177, -5.3631684 ], [ -39.6652373, -5.3624909 ] ] ] } },
{ "type": "Feature", "properties": { "CD_MUN": "2312205", "NM_MUN": "Santa Quitéria", "CD_RGI": "230015", "NM_RGI": "Sobral", "CD_RGINT": "2306", "NM_RGINT": "Sobral", "CD_UF": "23", "NM_UF": "Ceará", "SIGLA_UF": "CE", "CD_REGIA": "2", "NM_REGIA": "Nordeste", "SIGLA_RG": "NE", "CD_CONCU": null, "NM_CONCU": null, "AREA_KM2": 4262.293, "mun_upp": "SANTA QUITÉRIA", "has_qualif": 1, "municipio": "Santa Quitéria", "REGIÃO DE PLANEJAMENTO": "Sertão dos Crateús", "auxiliary_storage_labeling_positionx": null, "auxiliary_storage_labeling_positiony": null, "auxiliary_storage_labeling_lineanchorpercent": null, "auxiliary_storage_labeling_lineanchorclipping": null, "auxiliary_storage_labeling_lineanchortype": null, "auxiliary_storage_labeling_lineanchortextpoint": null, "auxiliary_storage_callouts_originx": null, "auxiliary_storage_callouts_originy": null, "auxiliary_storage_callouts_destinationx": null, "auxiliary_storage_callouts_destinationy": null }, "geometry": { "type": "Polygon", "coordinates": [ [ [ -40.1692345, -4.509069 ], [ -40.1720368, -4.5056453 ], [ -40.1838093, -4.5080899 ], [ -40.1843534, -4.5018494 ], [ -40.1868321, -4.500426 ], [ -40.1882891, -4.4968394 ], [ -40.19469, -4.4936702 ], [ -40.1943615, -4.4820278 ], [ -40.1982947, -4.477512 ], [ -40.2004802, -4.4713467 ], [ -40.2078075, -4.4651598 ], [ -40.2544465, -4.4720502 ], [ -40.2560833, -4.4651715 ], [ -40.2591095, -4.4620864 ], [ -40.255738, -4.45581 ], [ -40.2570857, -4.443526 ], [ -40.2602594, -4.4398846 ], [ -40.2676635, -4.4386597 ], [ -40.2759834, -4.431535 ], [ -40.2869372, -4.4114775 ], [ -40.2962803, -4.4028964 ], [ -40.3043082, -4.3902776 ], [ -40.3053895, -4.3872054 ], [ -40.3034514, -4.3825703 ], [ -40.306078, -4.3745999 ], [ -40.3135188, -4.3658688 ], [ -40.3117161, -4.3573902 ], [ -40.319878, -4.3555543 ], [ -40.3210521, -4.3521197 ], [ -40.3191472, -4.3465683 ], [ -40.3257252, -4.3421895 ], [ -40.3235705, -4.3369018 ], [ -40.3233876, -4.324255 ], [ -40.3213828, -4.322893 ], [ -40.3226357, -4.3134115 ], [ -40.3207084, -4.3085601 ], [ -40.3159057, -4.3054964 ], [ -40.3126435, -4.293685 ], [ -40.3161745, -4.2815149 ], [ -40.3088737, -4.2776777 ], [ -40.3086966, -4.2716072 ], [ -40.3047449, -4.2712131 ], [ -40.3024343, -4.2686206 ], [ -40.4508063, -4.2602927 ], [ -40.4395695, -4.2522094 ], [ -40.44177, -4.2460595 ], [ -40.4420816, -4.2347472 ], [ -40.4491906, -4.2220715 ], [ -40.4509833, -4.2090928 ], [ -40.4485206, -4.2061039 ], [ -40.4495524, -4.2021394 ], [ -40.4485652, -4.1992889 ], [ -40.4434742, -4.1944755 ], [ -40.444355, -4.186072 ], [ -40.4404878, -4.1827003 ], [ -40.4435764, -4.177392 ], [ -40.4426342, -4.1710705 ], [ -40.4447053, -4.1626112 ], [ -40.4314176, -4.1583684 ], [ -40.430444, -4.1537159 ], [ -40.4294478, -4.1430933 ], [ -40.4362986, -4.1373187 ], [ -40.4325907, -4.1207136 ], [ -40.4330835, -4.1135834 ], [ -40.4371643, -4.1085595 ], [ -40.4339558, -4.0946884 ], [ -40.4313306, -4.0909171 ], [ -40.3735399, -4.0918512 ], [ -40.3601696, -4.0319041 ], [ -40.3374771, -3.9700518 ], [ -40.3049498, -3.9332107 ], [ -40.1887471, -3.9587465 ], [ -40.1820175, -3.9744801 ], [ -40.1700471, -3.9849347 ], [ -40.1679429, -3.9932989 ], [ -40.1579542, -4.0045669 ], [ -40.1515068, -4.0157033 ], [ -40.1416661, -4.0218014 ], [ -40.1390906, -4.0256689 ], [ -40.1382884, -4.0308918 ], [ -40.1352767, -4.0304386 ], [ -40.1318916, -4.0345092 ], [ -40.1272599, -4.0336771 ], [ -40.1245104, -4.039754 ], [ -40.1188188, -4.0409816 ], [ -40.1164696, -4.0439579 ], [ -40.1132059, -4.0442674 ], [ -40.1087944, -4.0474245 ], [ -40.1055685, -4.0474289 ], [ -40.1031169, -4.0523854 ], [ -40.0982101, -4.0473035 ], [ -40.0961248, -4.0488658 ], [ -40.0891365, -4.0494299 ], [ -40.0876871, -4.0537332 ], [ -40.0820821, -4.0597721 ], [ -40.077102, -4.0600935 ], [ -40.0694669, -4.0567353 ], [ -40.0661734, -4.0569752 ], [ -40.064249, -4.0588562 ], [ -40.0574212, -4.0584745 ], [ -40.0538107, -4.0623148 ], [ -40.0560871, -4.0657776 ], [ -40.0520887, -4.0699949 ], [ -40.0426556, -4.0737886 ], [ -40.0369895, -4.0782953 ], [ -40.0201997, -4.0841587 ], [ -40.0158716, -4.087798 ], [ -40.0098259, -4.0873164 ], [ -39.996961, -4.0821804 ], [ -39.9911079, -4.0864315 ], [ -39.9886588, -4.090996 ], [ -39.9917652, -4.0962271 ], [ -39.9891228, -4.1057026 ], [ -39.9873373, -4.1070961 ], [ -39.978872, -4.1069796 ], [ -39.9696772, -4.1053009 ], [ -39.9723436, -4.1128323 ], [ -39.9714603, -4.1148155 ], [ -39.9652645, -4.1186351 ], [ -39.9628643, -4.1219415 ], [ -39.953936, -4.1264249 ], [ -39.9492029, -4.1259223 ], [ -39.9442635, -4.1302165 ], [ -39.9388296, -4.1282725 ], [ -39.9222757, -4.1316337 ], [ -39.9188526, -4.1369488 ], [ -39.9023313, -4.1371076 ], [ -39.8998775, -4.1381205 ], [ -39.8989698, -4.1410694 ], [ -39.8927964, -4.1428044 ], [ -39.8879565, -4.1374478 ], [ -39.8825923, -4.1385211 ], [ -39.8690743, -4.1356518 ], [ -39.8658564, -4.1380187 ], [ -39.8595933, -4.1386353 ], [ -39.8510317, -4.1260398 ], [ -39.8491015, -4.1195871 ], [ -39.843329, -4.1175093 ], [ -39.839019, -4.1124334 ], [ -39.8185394, -4.1178581 ], [ -39.8097822, -4.1171597 ], [ -39.8096248, -4.1201362 ], [ -39.8115544, -4.1221695 ], [ -39.807139, -4.1255397 ], [ -39.8089911, -4.1301569 ], [ -39.8086756, -4.1354805 ], [ -39.7978506, -4.1540454 ], [ -39.7940736, -4.1552236 ], [ -39.7953637, -4.1596054 ], [ -39.7879805, -4.1672853 ], [ -39.7882268, -4.1723735 ], [ -39.783727, -4.1723795 ], [ -39.7809174, -4.1751211 ], [ -39.7744094, -4.1733264 ], [ -39.7726207, -4.1749192 ], [ -39.7753218, -4.1798313 ], [ -39.7879013, -4.1885683 ], [ -39.7900547, -4.1931 ], [ -39.7826036, -4.2006168 ], [ -39.781438, -4.2078684 ], [ -39.7731405, -4.2234448 ], [ -39.7709941, -4.2370214 ], [ -39.7660191, -4.2476411 ], [ -39.7635542, -4.2498435 ], [ -39.7488947, -4.2547718 ], [ -39.7481277, -4.2580679 ], [ -39.7374828, -4.2645578 ], [ -39.7370099, -4.2690112 ], [ -39.7301933, -4.2748733 ], [ -39.7327606, -4.278879 ], [ -39.737883, -4.2822204 ], [ -39.7375908, -4.2850367 ], [ -39.7336179, -4.2884937 ], [ -39.7392076, -4.2941142 ], [ -39.7324222, -4.3035202 ], [ -39.7328043, -4.3063948 ], [ -39.7280161, -4.3073752 ], [ -39.725968, -4.3093502 ], [ -39.7274412, -4.3193473 ], [ -39.7332536, -4.3185229 ], [ -39.733399, -4.3226758 ], [ -39.7315815, -4.3255395 ], [ -39.734527, -4.3331874 ], [ -39.7287924, -4.3380562 ], [ -39.7254587, -4.3444119 ], [ -39.7082775, -4.3488168 ], [ -39.7141928, -4.354633 ], [ -39.7102484, -4.3639584 ], [ -39.7123661, -4.3739475 ], [ -39.7094989, -4.3767202 ], [ -39.7096287, -4.3787277 ], [ -39.7178559, -4.3830767 ], [ -39.7221629, -4.3825476 ], [ -39.7249061, -4.3790197 ], [ -39.7274867, -4.3875422 ], [ -39.727309, -4.3922033 ], [ -39.7325794, -4.3984599 ], [ -39.7391017, -4.4013382 ], [ -39.7486057, -4.3970341 ], [ -39.754007, -4.3995838 ], [ -39.7523943, -4.4015791 ], [ -39.7534013, -4.4038702 ], [ -39.751905, -4.4074994 ], [ -39.7477203, -4.4094695 ], [ -39.7457583, -4.4120254 ], [ -39.7456411, -4.4154274 ], [ -39.7381795, -4.4227646 ], [ -39.7402821, -4.4256076 ], [ -39.7405535, -4.4292995 ], [ -39.7347563, -4.4343143 ], [ -39.7365012, -4.4394008 ], [ -39.732404, -4.4405755 ], [ -39.7293595, -4.4483914 ], [ -39.7297736, -4.45014 ], [ -39.7337018, -4.452399 ], [ -39.7325817, -4.4570842 ], [ -39.7338564, -4.4641706 ], [ -39.7252023, -4.4692802 ], [ -39.7270489, -4.4742299 ], [ -39.7219366, -4.478239 ], [ -39.7206744, -4.4815086 ], [ -39.7238505, -4.4851101 ], [ -39.7267016, -4.4849629 ], [ -39.7333314, -4.4885678 ], [ -39.7350114, -4.4927167 ], [ -39.7373968, -4.4936451 ], [ -39.7466469, -4.4901948 ], [ -39.7481349, -4.4977213 ], [ -39.7565352, -4.5027047 ], [ -39.7551417, -4.5121588 ], [ -39.7606702, -4.5185762 ], [ -39.7676981, -4.5229902 ], [ -39.7685936, -4.5256414 ], [ -39.7642666, -4.5306355 ], [ -39.7641049, -4.5345418 ], [ -39.7566655, -4.5351819 ], [ -39.7476496, -4.5409999 ], [ -39.7466956, -4.5445214 ], [ -39.7294043, -4.5402179 ], [ -39.7245992, -4.5422962 ], [ -39.7186313, -4.5409163 ], [ -39.7013247, -4.5454287 ], [ -39.697382, -4.5540953 ], [ -39.6944259, -4.5556488 ], [ -39.6933214, -4.5619941 ], [ -39.6901095, -4.5651679 ], [ -39.6870157, -4.5650167 ], [ -39.6855691, -4.5734936 ], [ -39.6865592, -4.5759987 ], [ -39.7008618, -4.5836919 ], [ -39.7170887, -4.5973609 ], [ -39.7230936, -4.6000757 ], [ -39.7303097, -4.5998023 ], [ -39.7332199, -4.6012835 ], [ -39.736905, -4.6049053 ], [ -39.7384047, -4.6093421 ], [ -39.7551644, -4.6188848 ], [ -39.7601996, -4.6251626 ], [ -39.7700402, -4.6307371 ], [ -39.7695035, -4.6358816 ], [ -39.7720283, -4.6401511 ], [ -39.7704725, -4.6436418 ], [ -39.7666081, -4.6466963 ], [ -39.7580401, -4.6457161 ], [ -39.751396, -4.646784 ], [ -39.7481386, -4.64902 ], [ -39.7441439, -4.6448709 ], [ -39.7378711, -4.6529247 ], [ -39.7208492, -4.6537471 ], [ -39.7159811, -4.6559261 ], [ -39.7272067, -4.6658569 ], [ -39.7303646, -4.6667507 ], [ -39.7277499, -4.671148 ], [ -39.7223566, -4.6721266 ], [ -39.7174648, -4.6778251 ], [ -39.7122703, -4.6808891 ], [ -39.7172093, -4.6827156 ], [ -39.7218922, -4.6870647 ], [ -39.7286604, -4.6871622 ], [ -39.7275721, -4.6924545 ], [ -39.7425826, -4.7195628 ], [ -39.8067785, -4.7078 ], [ -39.791022, -4.7541773 ], [ -39.7973346, -4.7511603 ], [ -39.7956701, -4.7471503 ], [ -39.7989553, -4.7436941 ], [ -39.8127685, -4.7397798 ], [ -39.8133348, -4.7360664 ], [ -39.8159496, -4.7366616 ], [ -39.8162913, -4.7330652 ], [ -39.8182074, -4.7310405 ], [ -39.8225074, -4.7318611 ], [ -39.8237557, -4.7300198 ], [ -39.8319606, -4.7346501 ], [ -39.8335427, -4.7326497 ], [ -39.8352293, -4.7366536 ], [ -39.8396453, -4.7338929 ], [ -39.842419, -4.7391579 ], [ -39.8490182, -4.7367265 ], [ -39.8516783, -4.7393021 ], [ -39.8554965, -4.7388127 ], [ -39.8556826, -4.7364551 ], [ -39.8586409, -4.7366309 ], [ -39.8623862, -4.7389627 ], [ -39.8611623, -4.7428116 ], [ -39.86424, -4.7462691 ], [ -39.8650219, -4.7539089 ], [ -39.8739716, -4.7615114 ], [ -39.8744766, -4.7685382 ], [ -39.8729577, -4.7700898 ], [ -39.8718411, -4.7693926 ], [ -39.8711288, -4.7723062 ], [ -39.8789359, -4.777144 ], [ -39.8799557, -4.7795076 ], [ -39.8783556, -4.7829112 ], [ -39.8803262, -4.7847156 ], [ -39.8805589, -4.7876822 ], [ -39.8843127, -4.7903707 ], [ -39.8855481, -4.7891459 ], [ -39.8979158, -4.7891324 ], [ -39.9025984, -4.7873073 ], [ -39.9068906, -4.7901975 ], [ -39.9158676, -4.7884803 ], [ -39.9154635, -4.7836374 ], [ -39.9285834, -4.7745402 ], [ -39.9261583, -4.7348921 ], [ -40.0594998, -4.7168073 ], [ -40.0613558, -4.7155154 ], [ -40.0676524, -4.7065227 ], [ -40.066874, -4.7028586 ], [ -40.0615287, -4.7009303 ], [ -40.0616875, -4.6997653 ], [ -40.0683742, -4.7001577 ], [ -40.0819241, -4.6969266 ], [ -40.0811745, -4.6901416 ], [ -40.0837575, -4.685675 ], [ -40.0872016, -4.6849766 ], [ -40.0806105, -4.6837526 ], [ -40.0790421, -4.6808355 ], [ -40.0800446, -4.6780917 ], [ -40.0836166, -4.676062 ], [ -40.0908389, -4.6657608 ], [ -40.102669, -4.6617344 ], [ -40.1020374, -4.6574258 ], [ -40.1048073, -4.6527515 ], [ -40.101476, -4.6446492 ], [ -40.1058536, -4.6409778 ], [ -40.1046802, -4.6376457 ], [ -40.1066849, -4.6321373 ], [ -40.1065999, -4.6248757 ], [ -40.1111357, -4.6228588 ], [ -40.113968, -4.6148062 ], [ -40.1130696, -4.6115511 ], [ -40.1212248, -4.6102472 ], [ -40.1169497, -4.600114 ], [ -40.1109516, -4.5936324 ], [ -40.105471, -4.5908824 ], [ -40.0880973, -4.5866557 ], [ -40.0811849, -4.5890978 ], [ -40.0754426, -4.5876699 ], [ -40.0690907, -4.5790764 ], [ -40.0609679, -4.5732026 ], [ -40.0586017, -4.5681545 ], [ -40.0492097, -4.5713351 ], [ -40.0360129, -4.5790665 ], [ -40.0390194, -4.5718555 ], [ -40.0377679, -4.5680641 ], [ -40.0318096, -4.5666487 ], [ -40.0256679, -4.5546853 ], [ -40.0243472, -4.5440881 ], [ -40.0142581, -4.5282216 ], [ -40.008687, -4.523051 ], [ -40.0043971, -4.5076652 ], [ -40.0017127, -4.5043483 ], [ -40.004011, -4.4978534 ], [ -40.001542, -4.48844 ], [ -40.0068602, -4.4840249 ], [ -40.0225895, -4.4618679 ], [ -40.035264, -4.4577998 ], [ -40.0423583, -4.4511791 ], [ -40.0438453, -4.4542236 ], [ -40.0461436, -4.4537129 ], [ -40.0488433, -4.4573348 ], [ -40.051466, -4.4571875 ], [ -40.0538966, -4.4539172 ], [ -40.0569982, -4.4552051 ], [ -40.0594211, -4.4569965 ], [ -40.0605369, -4.4619646 ], [ -40.0631741, -4.4635882 ], [ -40.0627966, -4.4663798 ], [ -40.0680296, -4.4718228 ], [ -40.0714167, -4.4725358 ], [ -40.0736953, -4.4755299 ], [ -40.0798007, -4.4761312 ], [ -40.0851805, -4.4819657 ], [ -40.0897548, -4.4832572 ], [ -40.0914273, -4.4854804 ], [ -40.0957301, -4.4845286 ], [ -40.0978867, -4.4856083 ], [ -40.1020139, -4.4956812 ], [ -40.0987036, -4.4981505 ], [ -40.0968629, -4.506009 ], [ -40.1080398, -4.509048 ], [ -40.1106481, -4.5111669 ], [ -40.1135788, -4.5097973 ], [ -40.1131014, -4.5077284 ], [ -40.1150819, -4.5073261 ], [ -40.1169921, -4.5037819 ], [ -40.1215302, -4.5031673 ], [ -40.1322601, -4.5094193 ], [ -40.1394278, -4.5095234 ], [ -40.1445581, -4.5051355 ], [ -40.1477176, -4.5065583 ], [ -40.1536945, -4.5036579 ], [ -40.1546066, -4.504718 ], [ -40.1578697, -4.5036048 ], [ -40.1606045, -4.5058239 ], [ -40.1630922, -4.5045926 ], [ -40.1669137, -4.5079779 ], [ -40.1692345, -4.509069 ] ] ] } },
{ "type": "Feature", "properties": { "CD_MUN": "2307254", "NM_MUN": "Jijoca de Jericoacoara", "CD_RGI": "230017", "NM_RGI": "Acaraú", "CD_RGINT": "2306", "NM_RGINT": "Sobral", "CD_UF": "23", "NM_UF": "Ceará", "SIGLA_UF": "CE", "CD_REGIA": "2", "NM_REGIA": "Nordeste", "SIGLA_RG": "NE", "CD_CONCU": null, "NM_CONCU": null, "AREA_KM2": 209.029, "mun_upp": "JIJOCA DE JERICOACOARA", "has_qualif": 1, "municipio": "Jijoca de Jericoacoara", "REGIÃO DE PLANEJAMENTO": "Litoral Norte", "auxiliary_storage_labeling_positionx": -40.603206421073622, "auxiliary_storage_labeling_positiony": -2.7555739459584014, "auxiliary_storage_labeling_lineanchorpercent": null, "auxiliary_storage_labeling_lineanchorclipping": null, "auxiliary_storage_labeling_lineanchortype": null, "auxiliary_storage_labeling_lineanchortextpoint": null, "auxiliary_storage_callouts_originx": null, "auxiliary_storage_callouts_originy": null, "auxiliary_storage_callouts_destinationx": null, "auxiliary_storage_callouts_destinationy": null }, "geometry": { "type": "Polygon", "coordinates": [ [ [ -40.409783, -2.9662687 ], [ -40.5171811, -2.9543647 ], [ -40.5211784, -2.9501728 ], [ -40.5263895, -2.9482988 ], [ -40.5300314, -2.9419238 ], [ -40.5265322, -2.9356667 ], [ -40.5247302, -2.9276575 ], [ -40.5279875, -2.9206441 ], [ -40.5325341, -2.9188064 ], [ -40.5342809, -2.9161743 ], [ -40.5319918, -2.9076644 ], [ -40.5333608, -2.9027907 ], [ -40.5306742, -2.8990706 ], [ -40.5279568, -2.8895908 ], [ -40.5386149, -2.8844262 ], [ -40.5609296, -2.8827381 ], [ -40.573529, -2.8686418 ], [ -40.5734772, -2.8588364 ], [ -40.5773761, -2.8524464 ], [ -40.5808293, -2.8509318 ], [ -40.5831034, -2.8469997 ], [ -40.5875185, -2.8477252 ], [ -40.5901189, -2.8463565 ], [ -40.5884709, -2.8459711 ], [ -40.5982158, -2.8441841 ], [ -40.595281, -2.8385412 ], [ -40.587525, -2.8399637 ], [ -40.5805593, -2.8379562 ], [ -40.5677016, -2.831532 ], [ -40.5646366, -2.8277264 ], [ -40.5544061, -2.8262019 ], [ -40.5371263, -2.8194883 ], [ -40.5302339, -2.8136024 ], [ -40.5199346, -2.7996155 ], [ -40.5201377, -2.7910009 ], [ -40.515735, -2.7908391 ], [ -40.5117291, -2.7878914 ], [ -40.5034618, -2.7864591 ], [ -40.5009615, -2.7846355 ], [ -40.4973098, -2.7846022 ], [ -40.4550057, -2.8034342 ], [ -40.4535169, -2.8052782 ], [ -40.4588644, -2.8094573 ], [ -40.459607, -2.8120008 ], [ -40.4581696, -2.8127257 ], [ -40.4582257, -2.8192654 ], [ -40.4509224, -2.8200967 ], [ -40.4527106, -2.8218421 ], [ -40.4501075, -2.8234894 ], [ -40.4522474, -2.8257924 ], [ -40.4507399, -2.8287796 ], [ -40.4540916, -2.8321799 ], [ -40.4573379, -2.832783 ], [ -40.4513816, -2.8403903 ], [ -40.451982, -2.8417746 ], [ -40.4478967, -2.8482886 ], [ -40.4500074, -2.8613993 ], [ -40.4541248, -2.8692511 ], [ -40.4512855, -2.8784163 ], [ -40.452033, -2.8897962 ], [ -40.4418961, -2.8929435 ], [ -40.4323944, -2.9010109 ], [ -40.4297074, -2.9166188 ], [ -40.4351191, -2.9312415 ], [ -40.4330054, -2.9413022 ], [ -40.4249726, -2.9469695 ], [ -40.4186365, -2.9478429 ], [ -40.4179092, -2.9514692 ], [ -40.4101101, -2.9509711 ], [ -40.4095023, -2.9550728 ], [ -40.409783, -2.9662687 ] ] ] } },
{ "type": "Feature", "properties": { "CD_MUN": "2313559", "NM_MUN": "Tururu", "CD_RGI": "230002", "NM_RGI": "Itapipoca", "CD_RGINT": "2301", "NM_RGINT": "Fortaleza", "CD_UF": "23", "NM_UF": "Ceará", "SIGLA_UF": "CE", "CD_REGIA": "2", "NM_REGIA": "Nordeste", "SIGLA_RG": "NE", "CD_CONCU": null, "NM_CONCU": null, "AREA_KM2": 197.193, "mun_upp": "TURURU", "has_qualif": 1, "municipio": "Tururu", "REGIÃO DE PLANEJAMENTO": "Litoral Oeste / Vale do Curu", "auxiliary_storage_labeling_positionx": -39.442437226348225, "auxiliary_storage_labeling_positiony": -3.5280936270482148, "auxiliary_storage_labeling_lineanchorpercent": null, "auxiliary_storage_labeling_lineanchorclipping": null, "auxiliary_storage_labeling_lineanchortype": null, "auxiliary_storage_labeling_lineanchortextpoint": null, "auxiliary_storage_callouts_originx": null, "auxiliary_storage_callouts_originy": null, "auxiliary_storage_callouts_destinationx": null, "auxiliary_storage_callouts_destinationy": null }, "geometry": { "type": "Polygon", "coordinates": [ [ [ -39.4263381, -3.6558112 ], [ -39.4347007, -3.6533507 ], [ -39.4414166, -3.6362775 ], [ -39.4204972, -3.626223 ], [ -39.4913921, -3.6021521 ], [ -39.4981309, -3.5924233 ], [ -39.5045409, -3.5744713 ], [ -39.4919567, -3.582178 ], [ -39.4839128, -3.5798366 ], [ -39.4774059, -3.5825783 ], [ -39.4537485, -3.5850773 ], [ -39.4511148, -3.5825534 ], [ -39.4454207, -3.5816706 ], [ -39.4452769, -3.5798994 ], [ -39.4413464, -3.5805236 ], [ -39.4352013, -3.5756485 ], [ -39.431592, -3.5703364 ], [ -39.433006, -3.568057 ], [ -39.4322869, -3.5653063 ], [ -39.4232261, -3.5611776 ], [ -39.4235963, -3.5580848 ], [ -39.4200991, -3.5579716 ], [ -39.4152126, -3.5520551 ], [ -39.4127691, -3.5530345 ], [ -39.4064128, -3.5518979 ], [ -39.400999, -3.5486737 ], [ -39.4059102, -3.5356598 ], [ -39.4099208, -3.5333793 ], [ -39.41071, -3.5293673 ], [ -39.4134435, -3.5266421 ], [ -39.4122317, -3.5229772 ], [ -39.4168307, -3.5154672 ], [ -39.4157239, -3.5120352 ], [ -39.4181894, -3.5067394 ], [ -39.4168117, -3.5025646 ], [ -39.4183962, -3.5009315 ], [ -39.4203976, -3.5018401 ], [ -39.4243868, -3.5000551 ], [ -39.4256233, -3.4951715 ], [ -39.4299168, -3.4947806 ], [ -39.4322434, -3.4906166 ], [ -39.431432, -3.4874016 ], [ -39.4349562, -3.4845755 ], [ -39.4338579, -3.4790228 ], [ -39.4271394, -3.4764887 ], [ -39.4276857, -3.472898 ], [ -39.4263153, -3.4713427 ], [ -39.4334801, -3.4600416 ], [ -39.4349422, -3.4539133 ], [ -39.4390622, -3.4522239 ], [ -39.4386557, -3.4487414 ], [ -39.4438474, -3.4465847 ], [ -39.4462177, -3.4472179 ], [ -39.4490633, -3.4454094 ], [ -39.4490983, -3.4438056 ], [ -39.4514208, -3.4440319 ], [ -39.4513981, -3.4338351 ], [ -39.4562615, -3.4302065 ], [ -39.458307, -3.4241018 ], [ -39.4560432, -3.4219247 ], [ -39.4571731, -3.4188603 ], [ -39.4592455, -3.4192064 ], [ -39.460863, -3.4145501 ], [ -39.463733, -3.4142016 ], [ -39.4630642, -3.4103243 ], [ -39.4655526, -3.4089946 ], [ -39.4678866, -3.4007289 ], [ -39.4580506, -3.4029836 ], [ -39.4472876, -3.4093557 ], [ -39.4435027, -3.4142883 ], [ -39.4357396, -3.4182413 ], [ -39.4310196, -3.431414 ], [ -39.3310227, -3.5016154 ], [ -39.3369491, -3.5132785 ], [ -39.332734, -3.5169902 ], [ -39.3366652, -3.5189276 ], [ -39.3376665, -3.5211055 ], [ -39.3341904, -3.5263488 ], [ -39.3345962, -3.5287423 ], [ -39.3412432, -3.5305112 ], [ -39.3412705, -3.5360342 ], [ -39.3436783, -3.5409642 ], [ -39.3516376, -3.5480463 ], [ -39.3631198, -3.5473477 ], [ -39.362338, -3.5584545 ], [ -39.3668675, -3.5665671 ], [ -39.3736833, -3.5728596 ], [ -39.3741857, -3.5779339 ], [ -39.3897871, -3.6083448 ], [ -39.3859739, -3.6134941 ], [ -39.3825057, -3.6134823 ], [ -39.3799518, -3.6173243 ], [ -39.3815183, -3.6260269 ], [ -39.3769716, -3.6351437 ], [ -39.3611228, -3.6454284 ], [ -39.3594136, -3.6489861 ], [ -39.3592543, -3.655784 ], [ -39.3542726, -3.6623829 ], [ -39.4263381, -3.6558112 ] ] ] } },
{ "type": "Feature", "properties": { "CD_MUN": "2309003", "NM_MUN": "Mucambo", "CD_RGI": "230015", "NM_RGI": "Sobral", "CD_RGINT": "2306", "NM_RGINT": "Sobral", "CD_UF": "23", "NM_UF": "Ceará", "SIGLA_UF": "CE", "CD_REGIA": "2", "NM_REGIA": "Nordeste", "SIGLA_RG": "NE", "CD_CONCU": null, "NM_CONCU": null, "AREA_KM2": 192.19, "mun_upp": "MUCAMBO", "has_qualif": 0, "municipio": null, "REGIÃO DE PLANEJAMENTO": "Sertão de Sobral", "auxiliary_storage_labeling_positionx": null, "auxiliary_storage_labeling_positiony": null, "auxiliary_storage_labeling_lineanchorpercent": null, "auxiliary_storage_labeling_lineanchorclipping": null, "auxiliary_storage_labeling_lineanchortype": null, "auxiliary_storage_labeling_lineanchortextpoint": null, "auxiliary_storage_callouts_originx": null, "auxiliary_storage_callouts_originy": null, "auxiliary_storage_callouts_destinationx": null, "auxiliary_storage_callouts_destinationy": null }, "geometry": { "type": "Polygon", "coordinates": [ [ [ -40.669417184388422, -3.960003585211665 ], [ -40.6768799, -3.9540261 ], [ -40.679557, -3.9560664 ], [ -40.6868643, -3.9575589 ], [ -40.6901812, -3.9543436 ], [ -40.6967586, -3.9578772 ], [ -40.7004281, -3.9628749 ], [ -40.7116378, -3.9644022 ], [ -40.712207, -3.9631186 ], [ -40.715314, -3.9633322 ], [ -40.7164059, -3.9614063 ], [ -40.7268004, -3.9650596 ], [ -40.7285508, -3.968195 ], [ -40.735791, -3.9621426 ], [ -40.7458925, -3.9616424 ], [ -40.7513775, -3.9553053 ], [ -40.7535727, -3.9554667 ], [ -40.755748, -3.9543113 ], [ -40.7559632, -3.9522412 ], [ -40.761478, -3.9506327 ], [ -40.7664501, -3.9539873 ], [ -40.7730181, -3.9524782 ], [ -40.7782394, -3.9547148 ], [ -40.7812613, -3.952725 ], [ -40.7912427, -3.9543684 ], [ -40.7945873, -3.9534275 ], [ -40.8026488, -3.9556818 ], [ -40.8096915, -3.9525233 ], [ -40.8197186, -3.9538706 ], [ -40.8227332, -3.956325 ], [ -40.8240063, -3.9498306 ], [ -40.8264437, -3.948901 ], [ -40.8256989, -3.9459289 ], [ -40.8279168, -3.9422309 ], [ -40.8284238, -3.9364049 ], [ -40.8331794, -3.9301324 ], [ -40.8338272, -3.9244188 ], [ -40.8289598, -3.9203309 ], [ -40.8197736, -3.9187959 ], [ -40.8161223, -3.9207055 ], [ -40.8060622, -3.9171626 ], [ -40.8007047, -3.918179 ], [ -40.7955503, -3.9163212 ], [ -40.7968847, -3.9133218 ], [ -40.7912479, -3.9063123 ], [ -40.7922168, -3.9045791 ], [ -40.7903439, -3.9008917 ], [ -40.7838967, -3.8952449 ], [ -40.7829631, -3.8886295 ], [ -40.7770959, -3.8864099 ], [ -40.7774334, -3.883722 ], [ -40.8356487, -3.8944244 ], [ -40.8538538, -3.8953235 ], [ -40.8553893, -3.8932727 ], [ -40.8532241, -3.8913506 ], [ -40.853911, -3.8850225 ], [ -40.8560221, -3.8850724 ], [ -40.8583993, -3.8893003 ], [ -40.8598049, -3.8883067 ], [ -40.856443, -3.8786425 ], [ -40.8592042, -3.8771121 ], [ -40.8617871, -3.8796286 ], [ -40.8666958, -3.8785769 ], [ -40.8707766, -3.8768693 ], [ -40.8713567, -3.8745839 ], [ -40.8772213, -3.8745308 ], [ -40.8766707, -3.872101 ], [ -40.8725697, -3.8687529 ], [ -40.8718924, -3.8704197 ], [ -40.8676908, -3.8701 ], [ -40.8647831, -3.8682204 ], [ -40.8537121, -3.8668536 ], [ -40.8472606, -3.8632053 ], [ -40.8423715, -3.865127 ], [ -40.839522, -3.8686903 ], [ -40.8344002, -3.8683904 ], [ -40.8300471, -3.865528 ], [ -40.8258546, -3.8685654 ], [ -40.8195448, -3.8594035 ], [ -40.8161663, -3.8602595 ], [ -40.8137969, -3.855431 ], [ -40.8157094, -3.85307 ], [ -40.8099379, -3.849483 ], [ -40.8090649, -3.846768 ], [ -40.8043554, -3.8452602 ], [ -40.7978634, -3.8469413 ], [ -40.7951809, -3.8438229 ], [ -40.7978426, -3.8408552 ], [ -40.7930688, -3.8401737 ], [ -40.7942681, -3.8363533 ], [ -40.7896883, -3.8372174 ], [ -40.7661721, -3.8631114 ], [ -40.7573784, -3.8551078 ], [ -40.7523188, -3.844119 ], [ -40.7472608, -3.8419104 ], [ -40.744912, -3.8347854 ], [ -40.7405763, -3.8288968 ], [ -40.7253897, -3.8213507 ], [ -40.7094082, -3.822074 ], [ -40.7050309, -3.8284667 ], [ -40.6947371, -3.8335002 ], [ -40.694044, -3.8365294 ], [ -40.6879463, -3.8371759 ], [ -40.6699273, -3.8464983 ], [ -40.6696227, -3.8484872 ], [ -40.6846163, -3.8574532 ], [ -40.6840516, -3.8644252 ], [ -40.6936496, -3.8670139 ], [ -40.7070498, -3.8787975 ], [ -40.7114328, -3.8787695 ], [ -40.7110966, -3.8825231 ], [ -40.7132266, -3.8868799 ], [ -40.7081938, -3.8980509 ], [ -40.7130751, -3.9181004 ], [ -40.7037136, -3.9254697 ], [ -40.6999809, -3.9268172 ], [ -40.6964222, -3.9258123 ], [ -40.6899555, -3.9302291 ], [ -40.6835484, -3.9293628 ], [ -40.6826942, -3.9310872 ], [ -40.6787705, -3.9286905 ], [ -40.6744478, -3.9352192 ], [ -40.6703751, -3.9357418 ], [ -40.6656328, -3.9390656 ], [ -40.6633243, -3.9421331 ], [ -40.6646301, -3.9474458 ], [ -40.6690496, -3.9459737 ], [ -40.6721387, -3.9500936 ], [ -40.6711839, -3.9529799 ], [ -40.666772, -3.9507397 ], [ -40.6652725, -3.9514366 ], [ -40.665757, -3.9554313 ], [ -40.669417184388422, -3.960003585211665 ] ] ] } },
{ "type": "Feature", "properties": { "CD_MUN": "2314003", "NM_MUN": "Várzea Alegre", "CD_RGI": "230011", "NM_RGI": "Juazeiro do Norte", "CD_RGINT": "2304", "NM_RGINT": "Juazeiro do Norte", "CD_UF": "23", "NM_UF": "Ceará", "SIGLA_UF": "CE", "CD_REGIA": "2", "NM_REGIA": "Nordeste", "SIGLA_RG": "NE", "CD_CONCU": null, "NM_CONCU": null, "AREA_KM2": 829.976, "mun_upp": "VÁRZEA ALEGRE", "has_qualif": 1, "municipio": "Várzea Alegre", "REGIÃO DE PLANEJAMENTO": "Cariri", "auxiliary_storage_labeling_positionx": null, "auxiliary_storage_labeling_positiony": null, "auxiliary_storage_labeling_lineanchorpercent": null, "auxiliary_storage_labeling_lineanchorclipping": null, "auxiliary_storage_labeling_lineanchortype": null, "auxiliary_storage_labeling_lineanchortextpoint": null, "auxiliary_storage_callouts_originx": null, "auxiliary_storage_callouts_originy": null, "auxiliary_storage_callouts_destinationx": null, "auxiliary_storage_callouts_destinationy": null }, "geometry": { "type": "Polygon", "coordinates": [ [ [ -39.2912509, -6.6669367 ], [ -39.2883621, -6.6545688 ], [ -39.2812257, -6.6482299 ], [ -39.2810588, -6.6412112 ], [ -39.2834546, -6.6335461 ], [ -39.2794507, -6.6292071 ], [ -39.2908955, -6.6178939 ], [ -39.2952998, -6.6085129 ], [ -39.299316, -6.6075374 ], [ -39.307839, -6.6099072 ], [ -39.3105206, -6.6061732 ], [ -39.3118571, -6.6001409 ], [ -39.3128314, -6.5845434 ], [ -39.3083839, -6.5837338 ], [ -39.3079536, -6.5798814 ], [ -39.3000827, -6.5750529 ], [ -39.2962304, -6.5695317 ], [ -39.2949916, -6.5659432 ], [ -39.2984225, -6.5616827 ], [ -39.2366461, -6.5844665 ], [ -39.2368343, -6.5889598 ], [ -39.2302559, -6.5861865 ], [ -39.2249905, -6.5893138 ], [ -39.2211073, -6.5892105 ], [ -39.219991, -6.5898387 ], [ -39.2220187, -6.5942483 ], [ -39.2150637, -6.5962459 ], [ -39.2098737, -6.6078133 ], [ -39.1945594, -6.6098577 ], [ -39.1918964, -6.6125233 ], [ -39.1785815, -6.613311 ], [ -39.1809849, -6.6184314 ], [ -39.1776952, -6.618171 ], [ -39.1781143, -6.6195306 ], [ -39.174354, -6.6205777 ], [ -39.1731523, -6.6227204 ], [ -39.1776591, -6.6325745 ], [ -39.1838655, -6.6413714 ], [ -39.1756676, -6.6429953 ], [ -39.174311, -6.6456072 ], [ -39.1764011, -6.6481149 ], [ -39.1737914, -6.6505205 ], [ -39.1754091, -6.653708 ], [ -39.1746804, -6.6563196 ], [ -39.1765604, -6.6576779 ], [ -39.173166, -6.6596132 ], [ -39.171732, -6.6630885 ], [ -39.1746852, -6.6711611 ], [ -39.1694435, -6.6736049 ], [ -39.1603639, -6.6742457 ], [ -39.1558629, -6.6727154 ], [ -39.1506735, -6.6742105 ], [ -39.1497149, -6.6705345 ], [ -39.1473792, -6.6729094 ], [ -39.14397, -6.6717425 ], [ -39.1427265, -6.6761467 ], [ -39.1384948, -6.6783882 ], [ -39.1339213, -6.6841485 ], [ -39.1342818, -6.6882049 ], [ -39.1298178, -6.6907072 ], [ -39.1315201, -6.7003284 ], [ -39.1292464, -6.7026865 ], [ -39.1291643, -6.7112478 ], [ -39.1246485, -6.7111642 ], [ -39.1211896, -6.7130598 ], [ -39.1136701, -6.7092669 ], [ -39.1079307, -6.7154846 ], [ -39.1091827, -6.7177237 ], [ -39.1248312, -6.7209624 ], [ -39.1333772, -6.7286072 ], [ -39.1327804, -6.7350607 ], [ -39.1353817, -6.7374199 ], [ -39.181558, -6.8272817 ], [ -39.1858058, -6.8636983 ], [ -39.1889328, -6.8634079 ], [ -39.1952439, -6.8661013 ], [ -39.1998863, -6.8719889 ], [ -39.2044707, -6.8741074 ], [ -39.2069695, -6.8773296 ], [ -39.2172451, -6.8762018 ], [ -39.2297555, -6.8814595 ], [ -39.2662528, -6.8816899 ], [ -39.3416177, -6.9060124 ], [ -39.3581257, -6.914784 ], [ -39.3656955, -6.9168365 ], [ -39.3746586, -6.9157989 ], [ -39.3799186, -6.9200828 ], [ -39.3859637, -6.9224485 ], [ -39.3949687, -6.9223687 ], [ -39.4186997, -6.8951378 ], [ -39.4832284, -6.8979579 ], [ -39.477577, -6.889334 ], [ -39.4777625, -6.8856147 ], [ -39.4832656, -6.8819519 ], [ -39.4857289, -6.8761014 ], [ -39.4784781, -6.868539 ], [ -39.4753098, -6.8684157 ], [ -39.4731162, -6.8647824 ], [ -39.4766402, -6.8602371 ], [ -39.4760673, -6.8570459 ], [ -39.4786546, -6.8544965 ], [ -39.4784381, -6.846688 ], [ -39.4812146, -6.8454052 ], [ -39.4842289, -6.8380453 ], [ -39.4935639, -6.8465908 ], [ -39.5026229, -6.8435984 ], [ -39.5000543, -6.8365701 ], [ -39.504827, -6.8324533 ], [ -39.5078329, -6.8164564 ], [ -39.5104052, -6.8166654 ], [ -39.5168544, -6.810096 ], [ -39.5138756, -6.8074584 ], [ -39.5141796, -6.8050062 ], [ -39.5091192, -6.7917829 ], [ -39.5122132, -6.7817576 ], [ -39.5015762, -6.7547486 ], [ -39.4952694, -6.751475 ], [ -39.4882193, -6.7521705 ], [ -39.4825159, -6.7577529 ], [ -39.4781522, -6.75556 ], [ -39.47399, -6.7644005 ], [ -39.469999, -6.7684609 ], [ -39.4711809, -6.770429 ], [ -39.46682, -6.7711876 ], [ -39.467611, -6.7751226 ], [ -39.4628574, -6.7779178 ], [ -39.4523947, -6.7780263 ], [ -39.4500473, -6.7799832 ], [ -39.4484481, -6.7866524 ], [ -39.4423071, -6.7901511 ], [ -39.418648, -6.7825423 ], [ -39.4171588, -6.7734152 ], [ -39.4051733, -6.7660189 ], [ -39.4026226, -6.7598183 ], [ -39.3985658, -6.7552797 ], [ -39.3908542, -6.763069 ], [ -39.3856227, -6.7661579 ], [ -39.3840758, -6.7691836 ], [ -39.3820293, -6.7695638 ], [ -39.3671481, -6.7629093 ], [ -39.3641883, -6.764132 ], [ -39.3592841, -6.7710112 ], [ -39.3465928, -6.7689652 ], [ -39.3396732, -6.7656014 ], [ -39.3305433, -6.7707024 ], [ -39.3278617, -6.7703188 ], [ -39.313174, -6.7579844 ], [ -39.3004789, -6.7535391 ], [ -39.2974121, -6.7445022 ], [ -39.2988109, -6.7412477 ], [ -39.3022305, -6.739817 ], [ -39.3118788, -6.7392067 ], [ -39.3282489, -6.7352311 ], [ -39.3297968, -6.7307478 ], [ -39.335309, -6.7291077 ], [ -39.3346174, -6.7260018 ], [ -39.3363394, -6.7247966 ], [ -39.3187493, -6.7027408 ], [ -39.3196045, -6.6933469 ], [ -39.3154666, -6.6885226 ], [ -39.3166699, -6.6842983 ], [ -39.3146007, -6.6843015 ], [ -39.3132231, -6.6863684 ], [ -39.3080418, -6.6854147 ], [ -39.2904502, -6.6745421 ], [ -39.2912509, -6.6669367 ] ] ] } },
{ "type": "Feature", "properties": { "CD_MUN": "2303303", "NM_MUN": "Cariús", "CD_RGI": "230009", "NM_RGI": "Iguatu", "CD_RGINT": "2303", "NM_RGINT": "Iguatu", "CD_UF": "23", "NM_UF": "Ceará", "SIGLA_UF": "CE", "CD_REGIA": "2", "NM_REGIA": "Nordeste", "SIGLA_RG": "NE", "CD_CONCU": null, "NM_CONCU": null, "AREA_KM2": 1036.417, "mun_upp": "CARIÚS", "has_qualif": 1, "municipio": "Cariús", "REGIÃO DE PLANEJAMENTO": "Centro Sul", "auxiliary_storage_labeling_positionx": null, "auxiliary_storage_labeling_positiony": null, "auxiliary_storage_labeling_lineanchorpercent": null, "auxiliary_storage_labeling_lineanchorclipping": null, "auxiliary_storage_labeling_lineanchortype": null, "auxiliary_storage_labeling_lineanchortextpoint": null, "auxiliary_storage_callouts_originx": null, "auxiliary_storage_callouts_originy": null, "auxiliary_storage_callouts_destinationx": null, "auxiliary_storage_callouts_destinationy": null }, "geometry": { "type": "Polygon", "coordinates": [ [ [ -39.469999, -6.7684609 ], [ -39.4781522, -6.75556 ], [ -39.4825159, -6.7577529 ], [ -39.4882193, -6.7521705 ], [ -39.4952694, -6.751475 ], [ -39.4993726, -6.7545853 ], [ -39.500682, -6.7537318 ], [ -39.5026549, -6.7565512 ], [ -39.5063736, -6.7692466 ], [ -39.5103891, -6.7767447 ], [ -39.543992, -6.7681395 ], [ -39.5468728, -6.7703419 ], [ -39.5502139, -6.7775743 ], [ -39.5547438, -6.7746369 ], [ -39.5564693, -6.7765977 ], [ -39.6157552, -6.7884553 ], [ -39.6128111, -6.7796022 ], [ -39.6110486, -6.7790644 ], [ -39.6083252, -6.7724439 ], [ -39.6040342, -6.7685435 ], [ -39.5992859, -6.7586041 ], [ -39.6001422, -6.7542827 ], [ -39.5978759, -6.7498838 ], [ -39.6112025, -6.7480588 ], [ -39.6049584, -6.7362438 ], [ -39.609458, -6.7366809 ], [ -39.6178076, -6.7427541 ], [ -39.6236812, -6.7405451 ], [ -39.6270339, -6.7334528 ], [ -39.6329878, -6.7384719 ], [ -39.6413582, -6.7389747 ], [ -39.6451311, -6.7373951 ], [ -39.6429254, -6.7325504 ], [ -39.6431092, -6.7281951 ], [ -39.6385182, -6.72325 ], [ -39.6400112, -6.7198299 ], [ -39.6459114, -6.7157761 ], [ -39.6465701, -6.7034072 ], [ -39.6481531, -6.7018113 ], [ -39.6466818, -6.6951831 ], [ -39.6489097, -6.6930438 ], [ -39.6471144, -6.6849001 ], [ -39.64948, -6.6803192 ], [ -39.6491981, -6.6762157 ], [ -39.6527565, -6.6731997 ], [ -39.6556461, -6.6733622 ], [ -39.6571833, -6.6684621 ], [ -39.6543184, -6.6637622 ], [ -39.6570361, -6.6593452 ], [ -39.6566936, -6.6532696 ], [ -39.6636737, -6.6449657 ], [ -39.6657878, -6.6372896 ], [ -39.669739, -6.6399427 ], [ -39.6821765, -6.641447 ], [ -39.6839179, -6.6371845 ], [ -39.6868379, -6.6371326 ], [ -39.701757, -6.6453925 ], [ -39.7031752, -6.6412094 ], [ -39.7049527, -6.6414163 ], [ -39.7055006, -6.638759 ], [ -39.7091829, -6.6361211 ], [ -39.7135852, -6.6349206 ], [ -39.719372, -6.6394116 ], [ -39.7217304, -6.6399466 ], [ -39.7234853, -6.637536 ], [ -39.7309577, -6.6407639 ], [ -39.735075, -6.63876 ], [ -39.735008, -6.6345905 ], [ -39.7374069, -6.6332039 ], [ -39.7320618, -6.6286239 ], [ -39.7146994, -6.6220814 ], [ -39.710791, -6.6228739 ], [ -39.6923556, -6.618616 ], [ -39.6777669, -6.6228422 ], [ -39.6366061, -6.6052396 ], [ -39.6227793, -6.5952056 ], [ -39.6028236, -6.5859611 ], [ -39.5998781, -6.5831953 ], [ -39.5986044, -6.5787931 ], [ -39.5899595, -6.5744475 ], [ -39.5845259, -6.5736641 ], [ -39.5838474, -6.5780225 ], [ -39.538849, -6.5597246 ], [ -39.5325659, -6.5517729 ], [ -39.5170952, -6.5412254 ], [ -39.5172587, -6.5348362 ], [ -39.5118421, -6.5252156 ], [ -39.4960641, -6.5187359 ], [ -39.4924229, -6.5121414 ], [ -39.4879125, -6.5100492 ], [ -39.4746762, -6.5119143 ], [ -39.4619395, -6.5101234 ], [ -39.4554885, -6.4943242 ], [ -39.4414079, -6.4924148 ], [ -39.441327, -6.4874749 ], [ -39.4317891, -6.4821028 ], [ -39.4305839, -6.4773888 ], [ -39.4317096, -6.4730989 ], [ -39.4291975, -6.4677589 ], [ -39.420962, -6.4627684 ], [ -39.4094802, -6.4642473 ], [ -39.4015655, -6.4618435 ], [ -39.3980959, -6.4659042 ], [ -39.395739, -6.4664096 ], [ -39.3859197, -6.464494 ], [ -39.3842829, -6.4706501 ], [ -39.3763955, -6.4714276 ], [ -39.3750026, -6.4748336 ], [ -39.3590715, -6.4667489 ], [ -39.3538583, -6.4662279 ], [ -39.3514356, -6.4690257 ], [ -39.351183, -6.4778756 ], [ -39.3480752, -6.4852674 ], [ -39.3559755, -6.486949 ], [ -39.3523461, -6.4922553 ], [ -39.3548122, -6.4944879 ], [ -39.352783, -6.5001187 ], [ -39.3545236, -6.5047083 ], [ -39.3587621, -6.5088175 ], [ -39.3485614, -6.5201883 ], [ -39.3442892, -6.5224075 ], [ -39.34531, -6.5244738 ], [ -39.3424215, -6.5344192 ], [ -39.3345037, -6.5345204 ], [ -39.3188675, -6.530145 ], [ -39.3022567, -6.5290281 ], [ -39.2902014, -6.5253146 ], [ -39.2813195, -6.5257637 ], [ -39.2880844, -6.534009 ], [ -39.2896312, -6.546717 ], [ -39.2943381, -6.5493267 ], [ -39.2957362, -6.557668 ], [ -39.2984225, -6.5616827 ], [ -39.2949916, -6.5659432 ], [ -39.2962304, -6.5695317 ], [ -39.3000827, -6.5750529 ], [ -39.3079536, -6.5798814 ], [ -39.3083839, -6.5837338 ], [ -39.3128314, -6.5845434 ], [ -39.3118571, -6.6001409 ], [ -39.3086284, -6.6091887 ], [ -39.3057059, -6.6102629 ], [ -39.2964426, -6.6075008 ], [ -39.2908955, -6.6178939 ], [ -39.2794507, -6.6292071 ], [ -39.2834546, -6.6335461 ], [ -39.2810588, -6.6412112 ], [ -39.2812257, -6.6482299 ], [ -39.2894524, -6.65622 ], [ -39.2912509, -6.6669367 ], [ -39.2904502, -6.6745421 ], [ -39.3080418, -6.6854147 ], [ -39.3132231, -6.6863684 ], [ -39.3146007, -6.6843015 ], [ -39.3166699, -6.6842983 ], [ -39.3154666, -6.6885226 ], [ -39.3196045, -6.6933469 ], [ -39.3187493, -6.7027408 ], [ -39.3363394, -6.7247966 ], [ -39.3346174, -6.7260018 ], [ -39.335309, -6.7291077 ], [ -39.3297968, -6.7307478 ], [ -39.3282489, -6.7352311 ], [ -39.3249752, -6.7367838 ], [ -39.2988109, -6.7412477 ], [ -39.2973881, -6.7451617 ], [ -39.2996134, -6.7513848 ], [ -39.3018342, -6.754517 ], [ -39.313174, -6.7579844 ], [ -39.3292286, -6.7708833 ], [ -39.3396732, -6.7656014 ], [ -39.3465928, -6.7689652 ], [ -39.3592841, -6.7710112 ], [ -39.3641883, -6.764132 ], [ -39.3671481, -6.7629093 ], [ -39.3820293, -6.7695638 ], [ -39.3840758, -6.7691836 ], [ -39.3856227, -6.7661579 ], [ -39.3908542, -6.763069 ], [ -39.3985658, -6.7552797 ], [ -39.4026226, -6.7598183 ], [ -39.4051733, -6.7660189 ], [ -39.4171588, -6.7734152 ], [ -39.418648, -6.7825423 ], [ -39.4398015, -6.7900122 ], [ -39.4448135, -6.7893152 ], [ -39.4484481, -6.7866524 ], [ -39.4500473, -6.7799832 ], [ -39.4523947, -6.7780263 ], [ -39.4628574, -6.7779178 ], [ -39.467611, -6.7751226 ], [ -39.46682, -6.7711876 ], [ -39.4711809, -6.770429 ], [ -39.469999, -6.7684609 ] ] ] } },
{ "type": "Feature", "properties": { "CD_MUN": "2302008", "NM_MUN": "Barro", "CD_RGI": "230012", "NM_RGI": "Brejo Santo", "CD_RGINT": "2304", "NM_RGINT": "Juazeiro do Norte", "CD_UF": "23", "NM_UF": "Ceará", "SIGLA_UF": "CE", "CD_REGIA": "2", "NM_REGIA": "Nordeste", "SIGLA_RG": "NE", "CD_CONCU": null, "NM_CONCU": null, "AREA_KM2": 711.346, "mun_upp": "BARRO", "has_qualif": 1, "municipio": "Barro", "REGIÃO DE PLANEJAMENTO": "Cariri", "auxiliary_storage_labeling_positionx": null, "auxiliary_storage_labeling_positiony": null, "auxiliary_storage_labeling_lineanchorpercent": null, "auxiliary_storage_labeling_lineanchorclipping": null, "auxiliary_storage_labeling_lineanchortype": null, "auxiliary_storage_labeling_lineanchortextpoint": null, "auxiliary_storage_callouts_originx": null, "auxiliary_storage_callouts_originy": null, "auxiliary_storage_callouts_destinationx": null, "auxiliary_storage_callouts_destinationy": null }, "geometry": { "type": "Polygon", "coordinates": [ [ [ -38.8034724, -6.9901639 ], [ -38.7901734, -6.9952425 ], [ -38.781068, -7.0005793 ], [ -38.7733208, -7.000883 ], [ -38.7696793, -6.9937005 ], [ -38.7648198, -6.9940752 ], [ -38.7586857, -6.9984611 ], [ -38.7518823, -6.9969205 ], [ -38.7473819, -7.0018829 ], [ -38.7407409, -7.003816 ], [ -38.7305837, -7.0120279 ], [ -38.7107173, -7.0189721 ], [ -38.6949097, -7.0269414 ], [ -38.6909873, -7.0299554 ], [ -38.6926604, -7.0349102 ], [ -38.6898014, -7.0402294 ], [ -38.669849, -7.0477046 ], [ -38.6700687, -7.0541447 ], [ -38.6753126, -7.0597805 ], [ -38.677242, -7.0671025 ], [ -38.6714515, -7.0705331 ], [ -38.6688669, -7.0790798 ], [ -38.6598008, -7.0855438 ], [ -38.6564059, -7.0924258 ], [ -38.6587989, -7.1033444 ], [ -38.6621544, -7.110179 ], [ -38.6679931, -7.1150217 ], [ -38.6698053, -7.1225946 ], [ -38.6774153, -7.1309352 ], [ -38.6749351, -7.143809 ], [ -38.675293, -7.1557219 ], [ -38.6776579, -7.1585939 ], [ -38.6851937, -7.161344 ], [ -38.6842736, -7.1644417 ], [ -38.6776352, -7.1667297 ], [ -38.6765824, -7.1691982 ], [ -38.6793539, -7.1750316 ], [ -38.6830156, -7.1759806 ], [ -38.68783, -7.1901612 ], [ -38.6818425, -7.1873483 ], [ -38.6759439, -7.1895738 ], [ -38.6734121, -7.1852919 ], [ -38.664815, -7.1856688 ], [ -38.6593223, -7.1832477 ], [ -38.6547818, -7.1832277 ], [ -38.6497985, -7.1847047 ], [ -38.6436341, -7.1839358 ], [ -38.636551, -7.193755 ], [ -38.6248028, -7.1913206 ], [ -38.6197947, -7.1970556 ], [ -38.6229347, -7.203752 ], [ -38.6230512, -7.2076702 ], [ -38.6205638, -7.2110469 ], [ -38.6199803, -7.2201089 ], [ -38.6408572, -7.2221684 ], [ -38.6473231, -7.2193884 ], [ -38.6499386, -7.2235124 ], [ -38.6582189, -7.2229995 ], [ -38.6618971, -7.2269991 ], [ -38.6725453, -7.231994 ], [ -38.7571964, -7.2379541 ], [ -38.7626158, -7.2349492 ], [ -38.769194, -7.2367265 ], [ -38.7746849, -7.2354393 ], [ -38.7843205, -7.2256412 ], [ -38.7854347, -7.2178124 ], [ -38.7932918, -7.220859 ], [ -38.7976128, -7.2181268 ], [ -38.7992465, -7.2255474 ], [ -38.7980915, -7.2316106 ], [ -38.8002905, -7.232693 ], [ -38.8049814, -7.2275259 ], [ -38.8126377, -7.2270198 ], [ -38.8155883, -7.2251933 ], [ -38.8255415, -7.2302937 ], [ -38.8295598, -7.2350036 ], [ -38.8400759, -7.2396046 ], [ -38.852794, -7.239332 ], [ -38.8573691, -7.2347644 ], [ -38.8586521, -7.2308878 ], [ -38.8599172, -7.2319438 ], [ -38.8587376, -7.2355093 ], [ -38.8610544, -7.2402363 ], [ -38.8602162, -7.2417044 ], [ -38.8654194, -7.2405653 ], [ -38.8687738, -7.2442215 ], [ -38.8716663, -7.2431284 ], [ -38.8748572, -7.2383214 ], [ -38.8796551, -7.2360925 ], [ -38.8843829, -7.2387514 ], [ -38.8999237, -7.2422676 ], [ -38.9046536, -7.2373954 ], [ -38.9067881, -7.2411604 ], [ -38.9145078, -7.2430012 ], [ -38.9476891, -7.1419207 ], [ -38.9252139, -7.1142086 ], [ -38.8877349, -7.0424914 ], [ -38.8561528, -6.9775291 ], [ -38.853339, -6.9806381 ], [ -38.8315078, -6.9827892 ], [ -38.8287216, -6.9839678 ], [ -38.8254895, -6.9889546 ], [ -38.8034724, -6.9901639 ] ] ] } },
{ "type": "Feature", "properties": { "CD_MUN": "2305100", "NM_MUN": "Guaramiranga", "CD_RGI": "230003", "NM_RGI": "Redenção-Acarape", "CD_RGINT": "2301", "NM_RGINT": "Fortaleza", "CD_UF": "23", "NM_UF": "Ceará", "SIGLA_UF": "CE", "CD_REGIA": "2", "NM_REGIA": "Nordeste", "SIGLA_RG": "NE", "CD_CONCU": null, "NM_CONCU": null, "AREA_KM2": 90.817, "mun_upp": "GUARAMIRANGA", "has_qualif": 1, "municipio": "Guaramiranga", "REGIÃO DE PLANEJAMENTO": "Maciço de Baturité", "auxiliary_storage_labeling_positionx": null, "auxiliary_storage_labeling_positiony": null, "auxiliary_storage_labeling_lineanchorpercent": null, "auxiliary_storage_labeling_lineanchorclipping": null, "auxiliary_storage_labeling_lineanchortype": null, "auxiliary_storage_labeling_lineanchortextpoint": null, "auxiliary_storage_callouts_originx": null, "auxiliary_storage_callouts_originy": null, "auxiliary_storage_callouts_destinationx": null, "auxiliary_storage_callouts_destinationy": null }, "geometry": { "type": "Polygon", "coordinates": [ [ [ -38.9412092, -4.3032608 ], [ -38.9853695, -4.2657962 ], [ -39.0031705, -4.2610646 ], [ -38.9922383, -4.2611306 ], [ -38.9940505, -4.2583862 ], [ -39.0018864, -4.253501 ], [ -39.0113621, -4.2541649 ], [ -39.0192516, -4.2575922 ], [ -39.0192517, -4.2547175 ], [ -39.0149954, -4.2529477 ], [ -39.0054615, -4.2521753 ], [ -39.0034763, -4.2499639 ], [ -38.9975736, -4.2498519 ], [ -38.9961549, -4.2518416 ], [ -38.9947304, -4.248927 ], [ -38.9983112, -4.2449879 ], [ -38.9986047, -4.2389566 ], [ -39.0032115, -4.2332866 ], [ -39.0102036, -4.2364007 ], [ -39.0118019, -4.2348443 ], [ -39.0119337, -4.229653 ], [ -39.021925, -4.2305624 ], [ -39.0268347, -4.2279631 ], [ -39.0193259, -4.2230354 ], [ -39.0145982, -4.2262799 ], [ -39.0054756, -4.2264117 ], [ -39.0052103, -4.2222572 ], [ -39.0071394, -4.2201814 ], [ -39.0061409, -4.2118777 ], [ -38.9959525, -4.2060385 ], [ -38.9926233, -4.2070765 ], [ -38.9915577, -4.205131 ], [ -38.9828346, -4.2046116 ], [ -38.9804375, -4.2025339 ], [ -38.9818371, -4.198772 ], [ -38.9799705, -4.1981243 ], [ -38.979252, -4.1941313 ], [ -38.9764404, -4.1981049 ], [ -38.9753097, -4.186576 ], [ -38.971115, -4.1904668 ], [ -38.9691591, -4.1899599 ], [ -38.9693834, -4.1876122 ], [ -38.967253, -4.1877422 ], [ -38.96692, -4.1859261 ], [ -38.9641236, -4.1872232 ], [ -38.9623911, -4.1905974 ], [ -38.9596618, -4.1887813 ], [ -38.962192, -4.1850181 ], [ -38.9611267, -4.183331 ], [ -38.9530704, -4.1841097 ], [ -38.9494515, -4.1806297 ], [ -38.9483935, -4.18148 ], [ -38.946729, -4.1801927 ], [ -38.9447997, -4.1824914 ], [ -38.9443522, -4.1936632 ], [ -38.9479236, -4.1938394 ], [ -38.9490113, -4.1970549 ], [ -38.9482669, -4.2057213 ], [ -38.939306, -4.2068816 ], [ -38.9397001, -4.2097522 ], [ -38.9346053, -4.2127463 ], [ -38.9377033, -4.2222062 ], [ -38.9359881, -4.2259406 ], [ -38.9393581, -4.2281864 ], [ -38.9411367, -4.2357748 ], [ -38.9296035, -4.2365434 ], [ -38.9269572, -4.2416142 ], [ -38.9248887, -4.2418072 ], [ -38.9217492, -4.2467694 ], [ -38.9190855, -4.2477947 ], [ -38.914417, -4.2482535 ], [ -38.9116631, -4.2468969 ], [ -38.9027473, -4.2487496 ], [ -38.8976776, -4.2562362 ], [ -38.8989871, -4.2609439 ], [ -38.8913342, -4.2709654 ], [ -38.8912397, -4.2770241 ], [ -38.9051085, -4.2683667 ], [ -38.9086854, -4.2634541 ], [ -38.9133625, -4.2653664 ], [ -38.9144699, -4.2635599 ], [ -38.916662, -4.2638163 ], [ -38.919422, -4.2675025 ], [ -38.9182767, -4.2709578 ], [ -38.9249466, -4.2761886 ], [ -38.9227238, -4.2771289 ], [ -38.9176872, -4.2751839 ], [ -38.914757, -4.2811408 ], [ -38.9162056, -4.2849522 ], [ -38.9159063, -4.2915315 ], [ -38.9335883, -4.3231461 ], [ -38.9412092, -4.3032608 ] ] ] } },
{ "type": "Feature", "properties": { "CD_MUN": "2306405", "NM_MUN": "Itapipoca", "CD_RGI": "230002", "NM_RGI": "Itapipoca", "CD_RGINT": "2301", "NM_RGINT": "Fortaleza", "CD_UF": "23", "NM_UF": "Ceará", "SIGLA_UF": "CE", "CD_REGIA": "2", "NM_REGIA": "Nordeste", "SIGLA_RG": "NE", "CD_CONCU": "2306405", "NM_CONCU": "Itapipoca", "AREA_KM2": 1596.225, "mun_upp": "ITAPIPOCA", "has_qualif": 1, "municipio": "Itapipoca", "REGIÃO DE PLANEJAMENTO": "Litoral Oeste / Vale do Curu", "auxiliary_storage_labeling_positionx": null, "auxiliary_storage_labeling_positiony": null, "auxiliary_storage_labeling_lineanchorpercent": null, "auxiliary_storage_labeling_lineanchorclipping": null, "auxiliary_storage_labeling_lineanchortype": null, "auxiliary_storage_labeling_lineanchortextpoint": null, "auxiliary_storage_callouts_originx": null, "auxiliary_storage_callouts_originy": null, "auxiliary_storage_callouts_destinationx": null, "auxiliary_storage_callouts_destinationy": null }, "geometry": { "type": "Polygon", "coordinates": [ [ [ -39.5506491, -3.079233 ], [ -39.533122, -3.0912314 ], [ -39.5228171, -3.1019599 ], [ -39.4868939, -3.1191393 ], [ -39.4750318, -3.1350368 ], [ -39.4637897, -3.143205 ], [ -39.454669, -3.1459531 ], [ -39.4380994, -3.1475857 ], [ -39.4269817, -3.1544948 ], [ -39.4214258, -3.154785 ], [ -39.4128481, -3.1603738 ], [ -39.3969699, -3.1767682 ], [ -39.3883273, -3.1791439 ], [ -39.3818222, -3.1835786 ], [ -39.3786223, -3.1832788 ], [ -39.3791374, -3.1854185 ], [ -39.3814239, -3.1863799 ], [ -39.3906388, -3.1838487 ], [ -39.3946403, -3.1860302 ], [ -39.399012, -3.1848652 ], [ -39.4005567, -3.1891301 ], [ -39.4032577, -3.1905795 ], [ -39.4046433, -3.1896024 ], [ -39.4046987, -3.1851789 ], [ -39.407985, -3.1851633 ], [ -39.4089646, -3.193555 ], [ -39.4057046, -3.19966 ], [ -39.4096846, -3.2074138 ], [ -39.4178263, -3.2008998 ], [ -39.4235415, -3.2006821 ], [ -39.4285436, -3.2036002 ], [ -39.4312602, -3.2080273 ], [ -39.4366653, -3.2064931 ], [ -39.440452, -3.2072335 ], [ -39.4445707, -3.2045747 ], [ -39.4483807, -3.204214 ], [ -39.4482636, -3.2088338 ], [ -39.4530752, -3.2114407 ], [ -39.4560751, -3.2099792 ], [ -39.4582431, -3.2120847 ], [ -39.4606244, -3.2120118 ], [ -39.462577, -3.21158 ], [ -39.4622191, -3.2101201 ], [ -39.4552171, -3.2083759 ], [ -39.4548155, -3.2070848 ], [ -39.4651697, -3.2049964 ], [ -39.4702684, -3.2000429 ], [ -39.4757919, -3.1973356 ], [ -39.4801268, -3.1991766 ], [ -39.4803899, -3.2016658 ], [ -39.4826528, -3.2029334 ], [ -39.4835357, -3.2067149 ], [ -39.4805596, -3.2081046 ], [ -39.4809174, -3.2092773 ], [ -39.4868947, -3.2093702 ], [ -39.487917, -3.2059468 ], [ -39.4849872, -3.2044163 ], [ -39.4846042, -3.2002038 ], [ -39.4897719, -3.2003928 ], [ -39.4894398, -3.2032413 ], [ -39.4908693, -3.204605 ], [ -39.4928916, -3.2007264 ], [ -39.5005113, -3.1994301 ], [ -39.5052509, -3.2009597 ], [ -39.5060861, -3.20443 ], [ -39.5095141, -3.2020826 ], [ -39.5097306, -3.2065106 ], [ -39.5074935, -3.2092644 ], [ -39.5103037, -3.2096938 ], [ -39.5107097, -3.2121112 ], [ -39.5088051, -3.2131174 ], [ -39.511258, -3.2133556 ], [ -39.5114028, -3.2171374 ], [ -39.5058308, -3.2180737 ], [ -39.5055697, -3.2197733 ], [ -39.5069269, -3.2193417 ], [ -39.5078328, -3.2213998 ], [ -39.5055465, -3.2209222 ], [ -39.5050722, -3.2250155 ], [ -39.506192, -3.2260203 ], [ -39.5077152, -3.2242961 ], [ -39.5071211, -3.2268815 ], [ -39.5095987, -3.2286515 ], [ -39.5068127, -3.2290838 ], [ -39.5085521, -3.2311175 ], [ -39.5064093, -3.232076 ], [ -39.5041276, -3.2410531 ], [ -39.505463, -3.2446429 ], [ -39.5085117, -3.245527 ], [ -39.5127788, -3.2541657 ], [ -39.5148743, -3.2537338 ], [ -39.5168803, -3.2646236 ], [ -39.5224578, -3.2739079 ], [ -39.5166019, -3.2790811 ], [ -39.5118924, -3.2907403 ], [ -39.5049866, -3.2921082 ], [ -39.5046561, -3.297853 ], [ -39.5105173, -3.3029484 ], [ -39.5100205, -3.3094832 ], [ -39.5121417, -3.3124741 ], [ -39.5100724, -3.3176932 ], [ -39.504477, -3.3205205 ], [ -39.5019303, -3.3237532 ], [ -39.500909, -3.3293787 ], [ -39.503579, -3.334356 ], [ -39.5027714, -3.3385213 ], [ -39.505297, -3.3406981 ], [ -39.5026565, -3.3468511 ], [ -39.5041107, -3.3494354 ], [ -39.5031361, -3.3532417 ], [ -39.496563, -3.3539871 ], [ -39.4932063, -3.3570287 ], [ -39.4941836, -3.358608 ], [ -39.4926613, -3.3626779 ], [ -39.4955704, -3.3694024 ], [ -39.4914509, -3.3712476 ], [ -39.4911432, -3.3749339 ], [ -39.4864404, -3.3801184 ], [ -39.4847857, -3.3861942 ], [ -39.4799304, -3.3935642 ], [ -39.481032, -3.3960194 ], [ -39.4727875, -3.3987953 ], [ -39.4702599, -3.4027317 ], [ -39.4679, -3.4017988 ], [ -39.4666007, -3.402999 ], [ -39.4655526, -3.4089946 ], [ -39.4630642, -3.4103243 ], [ -39.463733, -3.4142016 ], [ -39.460863, -3.4145501 ], [ -39.4592455, -3.4192064 ], [ -39.4571731, -3.4188603 ], [ -39.4560432, -3.4219247 ], [ -39.458307, -3.4241018 ], [ -39.4562615, -3.4302065 ], [ -39.4513981, -3.4338351 ], [ -39.4514208, -3.4440319 ], [ -39.4490983, -3.4438056 ], [ -39.4490633, -3.4454094 ], [ -39.4462177, -3.4472179 ], [ -39.4438474, -3.4465847 ], [ -39.4386557, -3.4487414 ], [ -39.4390622, -3.4522239 ], [ -39.4349422, -3.4539133 ], [ -39.4334801, -3.4600416 ], [ -39.4263153, -3.4713427 ], [ -39.4276857, -3.472898 ], [ -39.4271394, -3.4764887 ], [ -39.4338579, -3.4790228 ], [ -39.4349562, -3.4845755 ], [ -39.431432, -3.4874016 ], [ -39.4322434, -3.4906166 ], [ -39.4299168, -3.4947806 ], [ -39.4256233, -3.4951715 ], [ -39.4243868, -3.5000551 ], [ -39.4203976, -3.5018401 ], [ -39.4183962, -3.5009315 ], [ -39.4168117, -3.5025646 ], [ -39.4181894, -3.5067394 ], [ -39.4157239, -3.5120352 ], [ -39.4168307, -3.5154672 ], [ -39.4122317, -3.5229772 ], [ -39.4134435, -3.5266421 ], [ -39.41071, -3.5293673 ], [ -39.4099208, -3.5333793 ], [ -39.4059102, -3.5356598 ], [ -39.400999, -3.5486737 ], [ -39.4064128, -3.5518979 ], [ -39.4127691, -3.5530345 ], [ -39.4152126, -3.5520551 ], [ -39.4200991, -3.5579716 ], [ -39.4235963, -3.5580848 ], [ -39.4232261, -3.5611776 ], [ -39.431842, -3.5647927 ], [ -39.433006, -3.568057 ], [ -39.431592, -3.5703364 ], [ -39.4397022, -3.5794712 ], [ -39.4452769, -3.5798994 ], [ -39.4463262, -3.5821728 ], [ -39.4511148, -3.5825534 ], [ -39.4565004, -3.5856385 ], [ -39.4634745, -3.5832174 ], [ -39.4774059, -3.5825783 ], [ -39.4839128, -3.5798366 ], [ -39.4919567, -3.582178 ], [ -39.5045409, -3.5744713 ], [ -39.5453266, -3.5749736 ], [ -39.5474654, -3.5803992 ], [ -39.5964181, -3.6266191 ], [ -39.6012647, -3.6264612 ], [ -39.6038614, -3.6301727 ], [ -39.6102772, -3.632813 ], [ -39.614776, -3.6279179 ], [ -39.6218904, -3.6246048 ], [ -39.6356452, -3.6225361 ], [ -39.6390773, -3.6247836 ], [ -39.6416559, -3.641991 ], [ -39.6488513, -3.6428475 ], [ -39.6492525, -3.6472435 ], [ -39.6540556, -3.6505065 ], [ -39.6650337, -3.6445877 ], [ -39.6768891, -3.6456416 ], [ -39.6798067, -3.6477457 ], [ -39.6927935, -3.6248947 ], [ -39.6926201, -3.6173419 ], [ -39.691102, -3.6147408 ], [ -39.6954066, -3.6124872 ], [ -39.7071906, -3.6211595 ], [ -39.7091483, -3.6266055 ], [ -39.7076498, -3.6296034 ], [ -39.7091296, -3.6332307 ], [ -39.7080986, -3.6369463 ], [ -39.710749, -3.6386052 ], [ -39.7085114, -3.6469986 ], [ -39.7131233, -3.6549893 ], [ -39.713318, -3.6506565 ], [ -39.7157285, -3.6472713 ], [ -39.7333904, -3.6310192 ], [ -39.7473483, -3.6112419 ], [ -39.7558227, -3.6027134 ], [ -39.7690968, -3.5953025 ], [ -39.7730269, -3.5901067 ], [ -39.7636366, -3.5904403 ], [ -39.7552686, -3.5858699 ], [ -39.7589888, -3.5771011 ], [ -39.7560336, -3.574453 ], [ -39.7555535, -3.5709435 ], [ -39.7523556, -3.5688565 ], [ -39.7535954, -3.5655989 ], [ -39.7525843, -3.5621893 ], [ -39.7585572, -3.5557978 ], [ -39.7590232, -3.5531017 ], [ -39.7613273, -3.5522494 ], [ -39.7616061, -3.5409054 ], [ -39.7684212, -3.5297911 ], [ -39.7674904, -3.5255221 ], [ -39.7723966, -3.5141199 ], [ -39.7748525, -3.5119377 ], [ -39.7776178, -3.5027808 ], [ -39.7794987, -3.5021007 ], [ -39.7792328, -3.4962572 ], [ -39.7866449, -3.4890955 ], [ -39.7866584, -3.4836045 ], [ -39.7843516, -3.4809378 ], [ -39.7857547, -3.4794169 ], [ -39.7851395, -3.4757176 ], [ -39.7870862, -3.4676016 ], [ -39.7813121, -3.4615167 ], [ -39.7794923, -3.4621813 ], [ -39.7770556, -3.4596735 ], [ -39.7686573, -3.4579109 ], [ -39.7687162, -3.4551679 ], [ -39.7641696, -3.4500543 ], [ -39.7684963, -3.448093 ], [ -39.7687977, -3.4421796 ], [ -39.7668552, -3.4399768 ], [ -39.7671871, -3.4376825 ], [ -39.7621825, -3.4342208 ], [ -39.7581642, -3.434858 ], [ -39.7496513, -3.418113 ], [ -39.7527982, -3.4154736 ], [ -39.7528903, -3.4135461 ], [ -39.7494214, -3.4102673 ], [ -39.7462776, -3.410399 ], [ -39.7415093, -3.4072936 ], [ -39.7351482, -3.4003988 ], [ -39.7335072, -3.3951648 ], [ -39.7351425, -3.3929025 ], [ -39.7399215, -3.3918435 ], [ -39.7411319, -3.3882764 ], [ -39.7368283, -3.3835262 ], [ -39.7364584, -3.3792961 ], [ -39.7318383, -3.3748782 ], [ -39.7335461, -3.3706193 ], [ -39.7366008, -3.3699347 ], [ -39.7377366, -3.3676791 ], [ -39.7352614, -3.3624042 ], [ -39.737857, -3.356107 ], [ -39.7332756, -3.3479075 ], [ -39.728143, -3.347875 ], [ -39.7284177, -3.3442041 ], [ -39.7250783, -3.3371218 ], [ -39.7148726, -3.3362796 ], [ -39.709722, -3.3272718 ], [ -39.7028525, -3.3230437 ], [ -39.7287334, -3.2447594 ], [ -39.7034846, -3.2458153 ], [ -39.6986346, -3.2428042 ], [ -39.6998531, -3.2342461 ], [ -39.6894867, -3.2249358 ], [ -39.686093, -3.2192086 ], [ -39.6886583, -3.2084455 ], [ -39.6793459, -3.2040837 ], [ -39.6804336, -3.199003 ], [ -39.6790002, -3.194691 ], [ -39.679631, -3.1832132 ], [ -39.6725365, -3.1748791 ], [ -39.6698408, -3.1654423 ], [ -39.6665218, -3.1642887 ], [ -39.6568345, -3.1658355 ], [ -39.6510198, -3.1603388 ], [ -39.6358849, -3.1569508 ], [ -39.6274363, -3.1495059 ], [ -39.6196539, -3.1468961 ], [ -39.6117962, -3.1498529 ], [ -39.6126289, -3.156832 ], [ -39.5661492, -3.13132 ], [ -39.5506491, -3.079233 ] ] ] } },
{ "type": "Feature", "properties": { "CD_MUN": "2302057", "NM_MUN": "Barroquinha", "CD_RGI": "230018", "NM_RGI": "Camocim", "CD_RGINT": "2306", "NM_RGINT": "Sobral", "CD_UF": "23", "NM_UF": "Ceará", "SIGLA_UF": "CE", "CD_REGIA": "2", "NM_REGIA": "Nordeste", "SIGLA_RG": "NE", "CD_CONCU": null, "NM_CONCU": null, "AREA_KM2": 385.59, "mun_upp": "BARROQUINHA", "has_qualif": 1, "municipio": "Barroquinha", "REGIÃO DE PLANEJAMENTO": "Litoral Norte", "auxiliary_storage_labeling_positionx": -41.241360031234542, "auxiliary_storage_labeling_positiony": -2.9661505586130126, "auxiliary_storage_labeling_lineanchorpercent": null, "auxiliary_storage_labeling_lineanchorclipping": null, "auxiliary_storage_labeling_lineanchortype": null, "auxiliary_storage_labeling_lineanchortextpoint": null, "auxiliary_storage_callouts_originx": null, "auxiliary_storage_callouts_originy": null, "auxiliary_storage_callouts_destinationx": null, "auxiliary_storage_callouts_destinationy": null }, "geometry": { "type": "Polygon", "coordinates": [ [ [ -41.1805902, -3.0417004 ], [ -41.1839742, -3.0441998 ], [ -41.1892208, -3.0442028 ], [ -41.1861109, -3.0301615 ], [ -41.1860011, -3.0216727 ], [ -41.1886835, -3.0208128 ], [ -41.193452, -2.9983874 ], [ -41.247878, -2.972052 ], [ -41.2706947, -2.9717489 ], [ -41.2799387, -2.9678059 ], [ -41.2970439, -2.9681283 ], [ -41.3027121, -2.9672499 ], [ -41.3155144, -2.9615893 ], [ -41.3201076, -2.9570999 ], [ -41.321769, -2.951732 ], [ -41.3206999, -2.9373411 ], [ -41.3226683, -2.9212078 ], [ -41.2851492, -2.9008558 ], [ -41.2711576, -2.8871915 ], [ -41.2605616, -2.8836139 ], [ -41.2529948, -2.886523 ], [ -41.2384543, -2.8889546 ], [ -41.2230061, -2.8878399 ], [ -41.2055391, -2.8905028 ], [ -41.1993655, -2.8881579 ], [ -41.1875917, -2.8908519 ], [ -41.1813897, -2.8865072 ], [ -41.176816, -2.8862143 ], [ -41.1481626, -2.8917845 ], [ -41.1289946, -2.8926294 ], [ -41.1234486, -2.8918487 ], [ -41.1160321, -2.884872 ], [ -41.1091396, -2.8972825 ], [ -41.0981657, -2.9036131 ], [ -41.0864291, -2.9077851 ], [ -41.0834826, -2.9167388 ], [ -41.078569, -2.9207679 ], [ -41.0767825, -2.9286159 ], [ -41.0752131, -2.9299547 ], [ -41.0696215, -2.928474 ], [ -41.0664244, -2.9332481 ], [ -41.065669, -2.9380602 ], [ -41.0669412, -2.9413493 ], [ -41.0753355, -2.9423701 ], [ -41.0762263, -2.944787 ], [ -41.0646646, -2.9623336 ], [ -41.0696136, -2.9650027 ], [ -41.070734, -2.9709167 ], [ -41.0747954, -2.9761463 ], [ -41.0774071, -2.9874992 ], [ -41.0751237, -2.9895564 ], [ -41.0759583, -2.9958139 ], [ -41.0735484, -2.9971138 ], [ -41.0718649, -2.9944867 ], [ -41.0710984, -2.9966942 ], [ -41.0749723, -3.0001778 ], [ -41.0760588, -3.0034577 ], [ -41.0787694, -3.0045508 ], [ -41.0770988, -3.0073262 ], [ -41.0774386, -3.0108707 ], [ -41.0833384, -3.0125834 ], [ -41.0817177, -3.0194569 ], [ -41.0857782, -3.023186 ], [ -41.088286, -3.0230759 ], [ -41.0914686, -3.0262393 ], [ -41.0944745, -3.0258557 ], [ -41.1004755, -3.0295733 ], [ -41.1005573, -3.0356992 ], [ -41.098391, -3.037225 ], [ -41.1001307, -3.0415314 ], [ -41.0990343, -3.0429789 ], [ -41.1027615, -3.0473884 ], [ -41.1032698, -3.0509402 ], [ -41.107989, -3.0555771 ], [ -41.1153763, -3.0596594 ], [ -41.1195762, -3.064988 ], [ -41.1168368, -3.0723068 ], [ -41.112973, -3.0756344 ], [ -41.1118649, -3.0797401 ], [ -41.1093291, -3.0807696 ], [ -41.1014882, -3.0938361 ], [ -41.1511225, -3.1251171 ], [ -41.1544358, -3.1227352 ], [ -41.1587107, -3.1224177 ], [ -41.1620787, -3.1134862 ], [ -41.168399, -3.1060222 ], [ -41.1679172, -3.1027603 ], [ -41.1703198, -3.0973641 ], [ -41.1688988, -3.0898918 ], [ -41.171751, -3.0845581 ], [ -41.1686395, -3.0795731 ], [ -41.1593751, -3.0740604 ], [ -41.157618, -3.070961 ], [ -41.1684146, -3.0537351 ], [ -41.1801891, -3.0475472 ], [ -41.1805902, -3.0417004 ] ] ] } },
{ "type": "Feature", "properties": { "CD_MUN": "2311009", "NM_MUN": "Poranga", "CD_RGI": "230013", "NM_RGI": "Crateús", "CD_RGINT": "2305", "NM_RGINT": "Crateús", "CD_UF": "23", "NM_UF": "Ceará", "SIGLA_UF": "CE", "CD_REGIA": "2", "NM_REGIA": "Nordeste", "SIGLA_RG": "NE", "CD_CONCU": null, "NM_CONCU": null, "AREA_KM2": 1310.768, "mun_upp": "PORANGA", "has_qualif": 1, "municipio": "Poranga", "REGIÃO DE PLANEJAMENTO": "Sertão dos Crateús", "auxiliary_storage_labeling_positionx": null, "auxiliary_storage_labeling_positiony": null, "auxiliary_storage_labeling_lineanchorpercent": null, "auxiliary_storage_labeling_lineanchorclipping": null, "auxiliary_storage_labeling_lineanchortype": null, "auxiliary_storage_labeling_lineanchortextpoint": null, "auxiliary_storage_callouts_originx": null, "auxiliary_storage_callouts_originy": null, "auxiliary_storage_callouts_destinationx": null, "auxiliary_storage_callouts_destinationy": null }, "geometry": { "type": "Polygon", "coordinates": [ [ [ -40.8756141, -4.7458404 ], [ -40.8833612, -4.7523458 ], [ -40.8794961, -4.7683126 ], [ -40.8799504, -4.7716359 ], [ -40.8828322, -4.7751509 ], [ -40.8823099, -4.7841883 ], [ -40.8792328, -4.7874363 ], [ -40.8826755, -4.7936958 ], [ -40.8805155, -4.7999978 ], [ -40.8826939, -4.8003656 ], [ -40.8862724, -4.797487 ], [ -40.8791527, -4.8143774 ], [ -40.8779994, -4.8143813 ], [ -40.8794947, -4.8225435 ], [ -40.8778987, -4.8237941 ], [ -40.8800922, -4.8299407 ], [ -40.8763834, -4.8320725 ], [ -40.8814089, -4.8434648 ], [ -40.8786667, -4.8471509 ], [ -40.8792511, -4.8502652 ], [ -40.8759273, -4.8520206 ], [ -40.8756781, -4.8545145 ], [ -40.8806877, -4.8597999 ], [ -40.8721151, -4.86319 ], [ -40.8794328, -4.8682635 ], [ -40.8859427, -4.8657316 ], [ -40.8947397, -4.8681176 ], [ -40.8991999, -4.872459 ], [ -40.9106084, -4.8753273 ], [ -40.9182069, -4.8824227 ], [ -40.9250367, -4.8854353 ], [ -40.9290454, -4.8861056 ], [ -40.9315128, -4.8836225 ], [ -40.9418697, -4.8825315 ], [ -40.946965, -4.8871854 ], [ -40.9502086, -4.8869906 ], [ -40.9511134, -4.8894517 ], [ -40.9564196, -4.8932706 ], [ -40.9602215, -4.892506 ], [ -40.9694148, -4.9024007 ], [ -40.9720568, -4.9005808 ], [ -40.9750858, -4.9046445 ], [ -40.9773529, -4.9050864 ], [ -40.9787766, -4.9086704 ], [ -40.9857922, -4.9101198 ], [ -40.9868879, -4.9140549 ], [ -40.991584, -4.9143057 ], [ -40.9929559, -4.9179861 ], [ -40.9946797, -4.917075 ], [ -40.9948511, -4.9199674 ], [ -40.9975662, -4.9219556 ], [ -40.9969646, -4.9245587 ], [ -41.000262, -4.9243105 ], [ -41.0000033, -4.9281416 ], [ -41.0036638, -4.9281831 ], [ -41.0065559, -4.9308322 ], [ -41.0036264, -4.9340712 ], [ -41.0090865, -4.9360395 ], [ -41.0077969, -4.9393662 ], [ -41.0095815, -4.9415073 ], [ -41.0198, -4.9495357 ], [ -41.0215575, -4.9549253 ], [ -41.0247678, -4.9536237 ], [ -41.0264394, -4.9583544 ], [ -41.0305264, -4.9617848 ], [ -41.0325819, -4.9607163 ], [ -41.0336052, -4.9658612 ], [ -41.0362023, -4.965986 ], [ -41.0346859, -4.9687709 ], [ -41.038145, -4.975 ], [ -41.0376694, -4.9779874 ], [ -41.0402448, -4.9793397 ], [ -41.0398723, -4.9858823 ], [ -41.044111, -4.9888015 ], [ -41.0430748, -4.9916239 ], [ -41.0449524, -5.0033216 ], [ -41.0508378, -5.0121941 ], [ -41.0525951, -5.0186881 ], [ -41.0506227, -5.0262454 ], [ -41.1216778, -5.0260174 ], [ -41.1201353, -5.0219123 ], [ -41.122016, -5.0182017 ], [ -41.1226032, -5.0080507 ], [ -41.1320114, -5.0024534 ], [ -41.1354668, -4.9978181 ], [ -41.1375224, -4.9849676 ], [ -41.1408632, -4.9848178 ], [ -41.1464703, -4.9921984 ], [ -41.150922, -4.9921105 ], [ -41.1645106, -4.9731001 ], [ -41.167181, -4.9661732 ], [ -41.1752333, -4.958567 ], [ -41.1802162, -4.9475449 ], [ -41.18901, -4.9406188 ], [ -41.1985524, -4.9374549 ], [ -41.2002751, -4.9456713 ], [ -41.2037911, -4.9497493 ], [ -41.2096115, -4.9459602 ], [ -41.2089323, -4.9413381 ], [ -41.2105879, -4.9386158 ], [ -41.2213666, -4.9382298 ], [ -41.2229499, -4.9265085 ], [ -41.234928, -4.9057444 ], [ -41.2346854, -4.9016835 ], [ -41.2281032, -4.8909878 ], [ -41.2406954, -4.8803695 ], [ -41.2495738, -4.8696902 ], [ -41.2493359, -4.8673274 ], [ -41.244572, -4.8637548 ], [ -41.2394453, -4.8545385 ], [ -41.240667, -4.8384194 ], [ -41.2431815, -4.8283262 ], [ -41.2418184, -4.8221417 ], [ -41.2328333, -4.8157381 ], [ -41.2324656, -4.8045361 ], [ -41.2254302, -4.7978194 ], [ -41.2230715, -4.7894665 ], [ -41.2099759, -4.7833468 ], [ -41.2080154, -4.7767684 ], [ -41.2127659, -4.772025 ], [ -41.2213442, -4.7702146 ], [ -41.226834, -4.7707379 ], [ -41.2419189, -4.7650276 ], [ -41.2477903, -4.7617835 ], [ -41.2504422, -4.7589656 ], [ -41.2503381, -4.7566274 ], [ -41.2437248, -4.7507658 ], [ -41.2352339, -4.7465289 ], [ -41.2342295, -4.7442117 ], [ -41.2366502, -4.7387516 ], [ -41.2340841, -4.733741 ], [ -41.2259548, -4.7265406 ], [ -41.2238319, -4.7209125 ], [ -41.2179498, -4.7175547 ], [ -41.214618, -4.7127436 ], [ -41.2024924, -4.701895 ], [ -41.1935743, -4.689 ], [ -41.1879494, -4.6840153 ], [ -41.1817163, -4.6738033 ], [ -41.175366, -4.6708028 ], [ -41.1738526, -4.6669429 ], [ -41.1750097, -4.6653359 ], [ -41.179464, -4.6653823 ], [ -41.1855999, -4.6619673 ], [ -41.2028161, -4.6381951 ], [ -41.2173385, -4.6289155 ], [ -41.2256583, -4.6210983 ], [ -41.2293307, -4.620095 ], [ -41.2334115, -4.6087651 ], [ -41.2230407, -4.589792 ], [ -41.2212151, -4.5789362 ], [ -41.2398187, -4.5735368 ], [ -41.2349449, -4.5725892 ], [ -41.2243734, -4.5748328 ], [ -41.2199458, -4.5739896 ], [ -41.2174269, -4.5762954 ], [ -41.2167015, -4.5832729 ], [ -41.2069536, -4.5859155 ], [ -41.1994121, -4.5845285 ], [ -41.1973025, -4.5813997 ], [ -41.1935443, -4.5811943 ], [ -41.1899146, -4.5779953 ], [ -41.1838196, -4.5777347 ], [ -41.1857261, -4.579714 ], [ -41.186756, -4.5884794 ], [ -41.1834299, -4.5938059 ], [ -41.1776137, -4.590831 ], [ -41.1637791, -4.5916864 ], [ -41.1493045, -4.597253 ], [ -41.1476741, -4.599673 ], [ -41.1321072, -4.5989957 ], [ -41.1175276, -4.6021604 ], [ -41.0988583, -4.6024165 ], [ -41.0871918, -4.6134005 ], [ -41.0745113, -4.616039 ], [ -41.0684535, -4.6150819 ], [ -41.0592552, -4.620449 ], [ -41.0518486, -4.6292435 ], [ -41.0340111, -4.6357299 ], [ -41.0262882, -4.6424381 ], [ -41.0228182, -4.6420354 ], [ -41.0141544, -4.6449128 ], [ -41.0070385, -4.6514458 ], [ -40.9973996, -4.6552529 ], [ -40.9918125, -4.6608365 ], [ -40.9870658, -4.6600426 ], [ -40.9744744, -4.6888867 ], [ -40.9692898, -4.6926438 ], [ -40.9631149, -4.6882735 ], [ -40.9553464, -4.716359 ], [ -40.8880584, -4.7165491 ], [ -40.8875868, -4.7142934 ], [ -40.8816185, -4.7109691 ], [ -40.8733977, -4.6998978 ], [ -40.8747593, -4.6924192 ], [ -40.8713723, -4.6862047 ], [ -40.8614784, -4.6798393 ], [ -40.8571454, -4.6729843 ], [ -40.8482764, -4.6717907 ], [ -40.854094, -4.6760558 ], [ -40.852706, -4.6855907 ], [ -40.8622108, -4.6896161 ], [ -40.8676989, -4.6993019 ], [ -40.8666727, -4.705542 ], [ -40.8723755, -4.7134913 ], [ -40.8711509, -4.7245834 ], [ -40.867256, -4.7281783 ], [ -40.8675611, -4.732484 ], [ -40.8756141, -4.7458404 ] ] ] } },
{ "type": "Feature", "properties": { "CD_MUN": "2301604", "NM_MUN": "Assaré", "CD_RGI": "230011", "NM_RGI": "Juazeiro do Norte", "CD_RGINT": "2304", "NM_RGINT": "Juazeiro do Norte", "CD_UF": "23", "NM_UF": "Ceará", "SIGLA_UF": "CE", "CD_REGIA": "2", "NM_REGIA": "Nordeste", "SIGLA_RG": "NE", "CD_CONCU": null, "NM_CONCU": null, "AREA_KM2": 1155.124, "mun_upp": "ASSARÉ", "has_qualif": 1, "municipio": "Assaré", "REGIÃO DE PLANEJAMENTO": "Cariri", "auxiliary_storage_labeling_positionx": null, "auxiliary_storage_labeling_positiony": null, "auxiliary_storage_labeling_lineanchorpercent": null, "auxiliary_storage_labeling_lineanchorclipping": null, "auxiliary_storage_labeling_lineanchortype": null, "auxiliary_storage_labeling_lineanchortextpoint": null, "auxiliary_storage_callouts_originx": null, "auxiliary_storage_callouts_originy": null, "auxiliary_storage_callouts_destinationx": null, "auxiliary_storage_callouts_destinationy": null }, "geometry": { "type": "Polygon", "coordinates": [ [ [ -39.6658523, -6.8908599 ], [ -39.6643029, -6.8931592 ], [ -39.6662472, -6.9007537 ], [ -39.6658158, -6.9065242 ], [ -39.6617392, -6.9069206 ], [ -39.6607389, -6.9028563 ], [ -39.6550472, -6.894945 ], [ -39.6467532, -6.8928069 ], [ -39.6423567, -6.8942119 ], [ -39.6350726, -6.8932599 ], [ -39.6309759, -6.8963282 ], [ -39.6247195, -6.8971947 ], [ -39.6238571, -6.9001941 ], [ -39.6177655, -6.8976674 ], [ -39.6127006, -6.9021694 ], [ -39.6102283, -6.9013512 ], [ -39.606525, -6.90422 ], [ -39.6074646, -6.9174175 ], [ -39.6131811, -6.9229183 ], [ -39.6185971, -6.9326174 ], [ -39.6237503, -6.9366639 ], [ -39.6310425, -6.9338681 ], [ -39.6355889, -6.9367803 ], [ -39.6399331, -6.9455832 ], [ -39.642644, -6.9455467 ], [ -39.6431801, -6.9474642 ], [ -39.6535092, -6.9532623 ], [ -39.6576831, -6.9535242 ], [ -39.6685231, -6.9603783 ], [ -39.6846841, -6.9661085 ], [ -39.6906299, -6.969832 ], [ -39.6929095, -6.9693267 ], [ -39.6933466, -6.9672351 ], [ -39.6902042, -6.9622933 ], [ -39.6911866, -6.9608351 ], [ -39.6976014, -6.9610389 ], [ -39.6982829, -6.9581613 ], [ -39.7014968, -6.9571516 ], [ -39.7023191, -6.9543346 ], [ -39.7088261, -6.9525153 ], [ -39.7134533, -6.9559709 ], [ -39.7155551, -6.9606365 ], [ -39.718722, -6.9610136 ], [ -39.7188733, -6.9643879 ], [ -39.7212429, -6.9645079 ], [ -39.7217111, -6.9665441 ], [ -39.7240963, -6.9657756 ], [ -39.7297226, -6.9686791 ], [ -39.7453861, -6.9796108 ], [ -39.7527746, -6.9874464 ], [ -39.755504, -6.9872469 ], [ -39.7554193, -6.9899479 ], [ -39.7581827, -6.9932165 ], [ -39.7611939, -6.9920673 ], [ -39.7636754, -6.9939336 ], [ -39.767893, -6.9932375 ], [ -39.7727548, -6.9998704 ], [ -39.7766653, -7.0024513 ], [ -39.7784962, -7.0020059 ], [ -39.790999, -7.0088329 ], [ -39.8001637, -7.0113093 ], [ -39.7474521, -7.0224802 ], [ -39.7542667, -7.0278499 ], [ -39.7597347, -7.0357226 ], [ -39.763923, -7.0335792 ], [ -39.7662864, -7.0349176 ], [ -39.7665145, -7.0378539 ], [ -39.7682637, -7.0389798 ], [ -39.7679842, -7.0451925 ], [ -39.7643439, -7.0464684 ], [ -39.764349, -7.0484457 ], [ -39.770039, -7.0553523 ], [ -39.7717942, -7.0605712 ], [ -39.7784904, -7.059291 ], [ -39.7834401, -7.0602687 ], [ -39.7850092, -7.0570451 ], [ -39.7841555, -7.0506715 ], [ -39.790665, -7.0433144 ], [ -39.7907482, -7.0411078 ], [ -39.7896693, -7.0338395 ], [ -39.7843644, -7.0320951 ], [ -39.7943361, -7.0297247 ], [ -39.7951238, -7.0327835 ], [ -39.8074356, -7.037259 ], [ -39.8214521, -7.0397405 ], [ -39.8304449, -7.0445832 ], [ -39.8400293, -7.0452848 ], [ -39.8497277, -7.0483688 ], [ -39.8541615, -7.0513653 ], [ -39.8595275, -7.050897 ], [ -39.8637753, -7.0526669 ], [ -39.8733751, -7.0676701 ], [ -39.8898577, -7.0532074 ], [ -39.8945856, -7.0563362 ], [ -39.8946919, -7.0613992 ], [ -39.8977425, -7.0625935 ], [ -39.9011362, -7.0683926 ], [ -39.9075672, -7.0690694 ], [ -39.9242282, -7.0747893 ], [ -39.9329909, -7.0749828 ], [ -39.93683, -7.0733111 ], [ -39.9430176, -7.07681 ], [ -39.9494203, -7.0108213 ], [ -39.9668708, -7.0028528 ], [ -39.9991221, -7.0083988 ], [ -40.073168, -7.0051127 ], [ -40.0818257, -6.9829209 ], [ -40.0804296, -6.981629 ], [ -40.0749002, -6.9822104 ], [ -40.071584, -6.9703362 ], [ -40.0689432, -6.9689351 ], [ -40.0683389, -6.9649901 ], [ -40.0664545, -6.9650348 ], [ -40.0674217, -6.9571611 ], [ -40.0619119, -6.9485491 ], [ -40.0647263, -6.9442108 ], [ -40.0624629, -6.9418943 ], [ -40.0650552, -6.9392043 ], [ -40.0592093, -6.9330508 ], [ -40.063308, -6.9249767 ], [ -40.0602936, -6.9236254 ], [ -40.0569817, -6.9190292 ], [ -40.064506, -6.9185996 ], [ -40.0694455, -6.9134705 ], [ -40.0708897, -6.9154535 ], [ -40.0732393, -6.9153614 ], [ -40.0760883, -6.9124654 ], [ -40.0787383, -6.9155045 ], [ -40.0805491, -6.9154466 ], [ -40.125545, -6.8869545 ], [ -40.1232408, -6.886644 ], [ -40.1103707, -6.8753601 ], [ -40.1031896, -6.8721605 ], [ -40.0915836, -6.8603286 ], [ -40.0817903, -6.8595856 ], [ -40.0517167, -6.8441073 ], [ -40.0560613, -6.836941 ], [ -40.0547854, -6.8277112 ], [ -40.0534969, -6.8250491 ], [ -40.0434194, -6.8169856 ], [ -40.0255116, -6.8141528 ], [ -40.0201445, -6.8121899 ], [ -40.0149395, -6.8076301 ], [ -40.00206, -6.8031288 ], [ -39.9933917, -6.8104153 ], [ -39.9920915, -6.8133983 ], [ -39.9869182, -6.8150808 ], [ -39.9797517, -6.8107525 ], [ -39.9762637, -6.8056033 ], [ -39.9688587, -6.8047951 ], [ -39.9598675, -6.7988582 ], [ -39.9498913, -6.7894769 ], [ -39.9303098, -6.7792971 ], [ -39.9094459, -6.7634663 ], [ -39.8787684, -6.7674295 ], [ -39.8537711, -6.7794041 ], [ -39.7907858, -6.8023313 ], [ -39.7413631, -6.8054716 ], [ -39.7412303, -6.7996786 ], [ -39.734688, -6.7963834 ], [ -39.7341898, -6.7936211 ], [ -39.7317344, -6.7954035 ], [ -39.7301618, -6.7924639 ], [ -39.7248922, -6.7909726 ], [ -39.7221839, -6.7851013 ], [ -39.7085711, -6.7853287 ], [ -39.7064512, -6.7873741 ], [ -39.7074025, -6.7912318 ], [ -39.6959751, -6.7959301 ], [ -39.6962946, -6.7977975 ], [ -39.6994768, -6.7989975 ], [ -39.7010567, -6.801548 ], [ -39.6970801, -6.8056662 ], [ -39.6953865, -6.8156326 ], [ -39.6931604, -6.816729 ], [ -39.6914505, -6.8245033 ], [ -39.6920082, -6.8301893 ], [ -39.6906868, -6.8311469 ], [ -39.683389, -6.8294887 ], [ -39.6774447, -6.8248654 ], [ -39.6751121, -6.8252126 ], [ -39.6749516, -6.8270785 ], [ -39.6649369, -6.825389 ], [ -39.6597927, -6.8229477 ], [ -39.6571233, -6.8197874 ], [ -39.653102, -6.8206993 ], [ -39.6550501, -6.8253104 ], [ -39.6435065, -6.8289808 ], [ -39.6394763, -6.8377323 ], [ -39.6366264, -6.8387518 ], [ -39.6387878, -6.8421582 ], [ -39.6376833, -6.847152 ], [ -39.6422607, -6.8547502 ], [ -39.64778, -6.8586526 ], [ -39.650711, -6.8586702 ], [ -39.6547391, -6.8624413 ], [ -39.6612695, -6.8608767 ], [ -39.6682274, -6.8639213 ], [ -39.6665302, -6.8693974 ], [ -39.6678038, -6.8733548 ], [ -39.6622919, -6.8789052 ], [ -39.6611681, -6.8821399 ], [ -39.6652304, -6.8874846 ], [ -39.6658523, -6.8908599 ] ] ] } },
{ "type": "Feature", "properties": { "CD_MUN": "2300309", "NM_MUN": "Acopiara", "CD_RGI": "230009", "NM_RGI": "Iguatu", "CD_RGINT": "2303", "NM_RGINT": "Iguatu", "CD_UF": "23", "NM_UF": "Ceará", "SIGLA_UF": "CE", "CD_REGIA": "2", "NM_REGIA": "Nordeste", "SIGLA_RG": "NE", "CD_CONCU": null, "NM_CONCU": null, "AREA_KM2": 2254.279, "mun_upp": "ACOPIARA", "has_qualif": 1, "municipio": "Acopiara", "REGIÃO DE PLANEJAMENTO": "Centro Sul", "auxiliary_storage_labeling_positionx": null, "auxiliary_storage_labeling_positiony": null, "auxiliary_storage_labeling_lineanchorpercent": null, "auxiliary_storage_labeling_lineanchorclipping": null, "auxiliary_storage_labeling_lineanchortype": null, "auxiliary_storage_labeling_lineanchortextpoint": null, "auxiliary_storage_callouts_originx": null, "auxiliary_storage_callouts_originy": null, "auxiliary_storage_callouts_destinationx": null, "auxiliary_storage_callouts_destinationy": null }, "geometry": { "type": "Polygon", "coordinates": [ [ [ -39.4226337, -5.98715 ], [ -39.4152992, -5.9856389 ], [ -39.412951, -5.9764374 ], [ -39.403422, -5.9760193 ], [ -39.3942329, -5.9733365 ], [ -39.3818123, -5.9736212 ], [ -39.37298, -5.9784245 ], [ -39.3633329, -5.9808534 ], [ -39.3671852, -5.9872672 ], [ -39.3652276, -5.9920414 ], [ -39.3558419, -5.9900013 ], [ -39.3484829, -5.9937457 ], [ -39.3487865, -6.0009128 ], [ -39.3449017, -6.0078819 ], [ -39.3429598, -6.0072419 ], [ -39.3416283, -6.0031036 ], [ -39.3372166, -6.0018259 ], [ -39.3245685, -6.0029951 ], [ -39.3194605, -6.0067619 ], [ -39.3098431, -6.0008277 ], [ -39.3064873, -5.9936906 ], [ -39.3036194, -5.991471 ], [ -39.2968942, -5.9899115 ], [ -39.2949521, -5.9925668 ], [ -39.295089, -5.9984395 ], [ -39.2895041, -5.9988107 ], [ -39.2808376, -6.0051819 ], [ -39.277534, -6.0049719 ], [ -39.2722859, -5.9996074 ], [ -39.2658286, -5.9971744 ], [ -39.2561763, -5.9984699 ], [ -39.2402068, -5.9953372 ], [ -39.2386059, -5.9957984 ], [ -39.2391433, -6.000578 ], [ -39.2358611, -6.001559 ], [ -39.2319115, -5.9899822 ], [ -39.2293705, -5.987859 ], [ -39.2255457, -5.9885787 ], [ -39.2201696, -5.992345 ], [ -39.2124176, -5.9916524 ], [ -39.2043293, -5.9880877 ], [ -39.2016426, -5.9724594 ], [ -39.1974728, -5.964672 ], [ -39.1976661, -5.9569373 ], [ -39.1869696, -5.9605551 ], [ -39.1811142, -5.9642289 ], [ -39.1765594, -5.9639527 ], [ -39.1698739, -5.9602333 ], [ -39.1680207, -5.962821 ], [ -39.1661751, -5.9627354 ], [ -39.1610288, -5.9554692 ], [ -39.1526696, -5.9590504 ], [ -39.1474739, -5.9573085 ], [ -39.1435534, -5.960246 ], [ -39.1440294, -5.9667611 ], [ -39.142518, -5.967496 ], [ -39.1372723, -5.9650675 ], [ -39.1383085, -5.9715327 ], [ -39.1354271, -5.978946 ], [ -39.130624, -5.9835752 ], [ -39.1254493, -5.9798756 ], [ -39.1194143, -5.9791822 ], [ -39.1154715, -5.9764067 ], [ -39.1126391, -5.9771011 ], [ -39.1146111, -5.9838104 ], [ -39.1130119, -5.9888993 ], [ -39.1063588, -5.9835805 ], [ -39.1022926, -5.9831199 ], [ -39.0963825, -5.98867 ], [ -39.0866506, -5.9923733 ], [ -39.0781523, -5.9914518 ], [ -39.0721354, -5.998261 ], [ -39.0603625, -5.9976572 ], [ -39.0590769, -5.9995806 ], [ -39.0600694, -6.0033039 ], [ -39.0507418, -6.0253532 ], [ -39.0521048, -6.0384434 ], [ -39.0570741, -6.0478574 ], [ -39.0601743, -6.0450835 ], [ -39.063583, -6.0452758 ], [ -39.0737735, -6.051559 ], [ -39.0754106, -6.0617268 ], [ -39.082974, -6.0698385 ], [ -39.0830293, -6.0768764 ], [ -39.0913592, -6.0839882 ], [ -39.0894096, -6.0879409 ], [ -39.0900042, -6.0936709 ], [ -39.108145, -6.1122409 ], [ -39.1417054, -6.1544054 ], [ -39.2597083, -6.1283745 ], [ -39.3077218, -6.1745663 ], [ -39.3567744, -6.2257183 ], [ -39.3612393, -6.2215802 ], [ -39.3672292, -6.2211912 ], [ -39.3690652, -6.216269 ], [ -39.3726625, -6.2189844 ], [ -39.373504, -6.2166791 ], [ -39.3749392, -6.2167475 ], [ -39.3806338, -6.2192005 ], [ -39.3810528, -6.2206979 ], [ -39.3847692, -6.2193781 ], [ -39.3870941, -6.2220141 ], [ -39.3906233, -6.2219668 ], [ -39.4063961, -6.2341633 ], [ -39.4114599, -6.2397252 ], [ -39.4125346, -6.2430773 ], [ -39.4170626, -6.2457156 ], [ -39.4175821, -6.2525264 ], [ -39.4148689, -6.2544074 ], [ -39.4146335, -6.2591705 ], [ -39.4638612, -6.2803854 ], [ -39.4594781, -6.3248263 ], [ -39.4624861, -6.3258033 ], [ -39.4679682, -6.3233976 ], [ -39.4684094, -6.3315241 ], [ -39.4742157, -6.3373528 ], [ -39.4828663, -6.3342427 ], [ -39.4837415, -6.3303196 ], [ -39.4874329, -6.3292822 ], [ -39.4911093, -6.3256794 ], [ -39.4950523, -6.3321136 ], [ -39.4986374, -6.328909 ], [ -39.5008558, -6.3347408 ], [ -39.5035168, -6.3344689 ], [ -39.5084935, -6.3302718 ], [ -39.5132976, -6.335249 ], [ -39.5170281, -6.3339433 ], [ -39.5185248, -6.3384424 ], [ -39.5235648, -6.3391856 ], [ -39.5248669, -6.3345375 ], [ -39.5283076, -6.3325305 ], [ -39.5242306, -6.3295403 ], [ -39.5235416, -6.3270066 ], [ -39.5274312, -6.3269596 ], [ -39.5312937, -6.3242955 ], [ -39.5340572, -6.324867 ], [ -39.5400023, -6.3218809 ], [ -39.5406987, -6.3198506 ], [ -39.5443051, -6.3223613 ], [ -39.5509013, -6.3235853 ], [ -39.5600982, -6.3327429 ], [ -39.5619492, -6.3293043 ], [ -39.5691878, -6.3247767 ], [ -39.5715071, -6.3195984 ], [ -39.57904, -6.3132621 ], [ -39.5815258, -6.3158585 ], [ -39.5849746, -6.3153578 ], [ -39.5861997, -6.3116361 ], [ -39.5888712, -6.3131994 ], [ -39.5897956, -6.3072936 ], [ -39.5972043, -6.3127245 ], [ -39.5964226, -6.3152241 ], [ -39.5996887, -6.3180455 ], [ -39.6056469, -6.319714 ], [ -39.6048325, -6.3230298 ], [ -39.6105832, -6.3210725 ], [ -39.614695, -6.3249448 ], [ -39.6177334, -6.3253481 ], [ -39.6170105, -6.3208973 ], [ -39.6198577, -6.3213726 ], [ -39.6257662, -6.3191025 ], [ -39.6281384, -6.3224623 ], [ -39.6305296, -6.3218012 ], [ -39.6392162, -6.3269496 ], [ -39.641277, -6.3298429 ], [ -39.647969, -6.3324887 ], [ -39.6519975, -6.3373545 ], [ -39.6609642, -6.3355507 ], [ -39.6690091, -6.3363916 ], [ -39.6729411, -6.3328985 ], [ -39.6802745, -6.3372562 ], [ -39.6831784, -6.3331032 ], [ -39.685737, -6.3330998 ], [ -39.688758, -6.3293844 ], [ -39.6906203, -6.3313466 ], [ -39.7000018, -6.3283065 ], [ -39.7089062, -6.3403965 ], [ -39.7201577, -6.2727609 ], [ -39.7217748, -6.2689551 ], [ -39.7248526, -6.2686637 ], [ -39.7261214, -6.2702494 ], [ -39.7250896, -6.271323 ], [ -39.7278642, -6.2713958 ], [ -39.7276684, -6.2694 ], [ -39.7302998, -6.2664186 ], [ -39.7285801, -6.2621639 ], [ -39.7308655, -6.2630463 ], [ -39.7329634, -6.258173 ], [ -39.7349466, -6.258257 ], [ -39.7328397, -6.2480944 ], [ -39.7344559, -6.2452998 ], [ -39.732362, -6.2413334 ], [ -39.7298936, -6.241222 ], [ -39.726555, -6.2367852 ], [ -39.7221512, -6.2351265 ], [ -39.7177134, -6.2217827 ], [ -39.7154145, -6.2195839 ], [ -39.7153598, -6.2145102 ], [ -39.7181356, -6.2077011 ], [ -39.7297584, -6.2078647 ], [ -39.732236, -6.2096203 ], [ -39.7341051, -6.2123102 ], [ -39.733128, -6.2221588 ], [ -39.7496893, -6.22837 ], [ -39.7538887, -6.2394298 ], [ -39.7600614, -6.2401992 ], [ -39.7640871, -6.2223029 ], [ -39.7626613, -6.2117633 ], [ -39.7676091, -6.210033 ], [ -39.7689796, -6.2052321 ], [ -39.7739651, -6.2064833 ], [ -39.7788874, -6.2050181 ], [ -39.7828561, -6.2073876 ], [ -39.7875805, -6.2060979 ], [ -39.7973072, -6.2075388 ], [ -39.7942352, -6.1961733 ], [ -39.7997326, -6.1957706 ], [ -39.8003397, -6.1943858 ], [ -39.7936869, -6.1794619 ], [ -39.7930793, -6.1760568 ], [ -39.7967206, -6.1738001 ], [ -39.7974507, -6.1704525 ], [ -39.7950822, -6.1665115 ], [ -39.7932978, -6.1573637 ], [ -39.7960703, -6.1543963 ], [ -39.796741, -6.1477018 ], [ -39.7998773, -6.1474305 ], [ -39.8049899, -6.142896 ], [ -39.8026442, -6.1375934 ], [ -39.8142679, -6.133755 ], [ -39.8179826, -6.1247035 ], [ -39.8197601, -6.1237961 ], [ -39.8254978, -6.127142 ], [ -39.8291477, -6.1341262 ], [ -39.8397393, -6.1311125 ], [ -39.851381, -6.1140157 ], [ -39.8641077, -6.1243534 ], [ -39.865621, -6.1233678 ], [ -39.8657638, -6.1201688 ], [ -39.8757453, -6.1201997 ], [ -39.8932573, -6.1125996 ], [ -39.8934538, -6.1099764 ], [ -39.8888937, -6.1052932 ], [ -39.8900051, -6.1001172 ], [ -39.887483, -6.0952925 ], [ -39.875713, -6.0908452 ], [ -39.8767674, -6.0862937 ], [ -39.8754902, -6.0855296 ], [ -39.8635505, -6.0809963 ], [ -39.8639247, -6.0765282 ], [ -39.8566576, -6.0730112 ], [ -39.8532032, -6.06387 ], [ -39.8422808, -6.0588272 ], [ -39.8401931, -6.054448 ], [ -39.8255499, -6.0416594 ], [ -39.8245315, -6.0368316 ], [ -39.8223251, -6.0351118 ], [ -39.8225056, -6.0337312 ], [ -39.8253517, -6.0330358 ], [ -39.8261619, -6.0251117 ], [ -39.8236619, -6.0215805 ], [ -39.8162502, -6.0203832 ], [ -39.8131071, -6.0120878 ], [ -39.8073582, -6.0159371 ], [ -39.8011339, -6.0159969 ], [ -39.7998946, -6.0193184 ], [ -39.7944955, -6.0208793 ], [ -39.7796043, -6.0178308 ], [ -39.7741301, -6.0155157 ], [ -39.7686986, -6.0075886 ], [ -39.7541837, -6.0064022 ], [ -39.733693, -5.9838024 ], [ -39.7227349, -5.9751513 ], [ -39.7213025, -5.9755358 ], [ -39.7215923, -5.9774504 ], [ -39.7298294, -5.9903665 ], [ -39.7450481, -6.0052818 ], [ -39.7461383, -6.0083852 ], [ -39.7412418, -6.0119404 ], [ -39.7422599, -6.0178042 ], [ -39.7342698, -6.0185052 ], [ -39.7316871, -6.0208985 ], [ -39.7299554, -6.0205797 ], [ -39.728016, -6.0128202 ], [ -39.7261828, -6.0148932 ], [ -39.7245281, -6.0140334 ], [ -39.722966, -6.0066651 ], [ -39.7208786, -6.0058057 ], [ -39.7126709, -6.0087818 ], [ -39.704214, -6.004401 ], [ -39.6954122, -6.0154498 ], [ -39.6861358, -6.0158089 ], [ -39.684489, -6.0211588 ], [ -39.6798979, -6.0225431 ], [ -39.6781507, -6.0206474 ], [ -39.6746623, -6.0222031 ], [ -39.6729161, -6.0196191 ], [ -39.6730847, -6.0097862 ], [ -39.6701918, -5.994468 ], [ -39.663251, -5.9915239 ], [ -39.66006, -5.9804712 ], [ -39.6540099, -5.972624 ], [ -39.6522985, -5.96637 ], [ -39.6454043, -5.9657946 ], [ -39.6389034, -5.9710388 ], [ -39.6157669, -5.9791676 ], [ -39.606152, -5.9876668 ], [ -39.601132, -5.989259 ], [ -39.5988771, -5.9871049 ], [ -39.5997151, -5.9822162 ], [ -39.5969002, -5.9766546 ], [ -39.5919109, -5.9735664 ], [ -39.5870844, -5.9735715 ], [ -39.5825876, -5.9709584 ], [ -39.5749503, -5.9623941 ], [ -39.5663231, -5.9623507 ], [ -39.5670962, -5.9868112 ], [ -39.5631014, -5.9953303 ], [ -39.5611591, -6.0097624 ], [ -39.5545476, -6.012359 ], [ -39.5501022, -6.0116588 ], [ -39.5477636, -6.0078564 ], [ -39.5431559, -5.9890861 ], [ -39.5357125, -5.9797876 ], [ -39.5309605, -5.9775157 ], [ -39.5275154, -5.9813653 ], [ -39.5182316, -5.9831707 ], [ -39.5086859, -5.9834517 ], [ -39.5059566, -5.9806565 ], [ -39.5000138, -5.9802323 ], [ -39.493008, -5.9855286 ], [ -39.4868069, -5.9838513 ], [ -39.4813051, -5.9879731 ], [ -39.4653747, -5.9808353 ], [ -39.4493743, -5.980058 ], [ -39.4424576, -5.9809836 ], [ -39.4392336, -5.9841885 ], [ -39.4309285, -5.9845606 ], [ -39.4226337, -5.98715 ] ] ] } },
{ "type": "Feature", "properties": { "CD_MUN": "2302909", "NM_MUN": "Capistrano", "CD_RGI": "230003", "NM_RGI": "Redenção-Acarape", "CD_RGINT": "2301", "NM_RGINT": "Fortaleza", "CD_UF": "23", "NM_UF": "Ceará", "SIGLA_UF": "CE", "CD_REGIA": "2", "NM_REGIA": "Nordeste", "SIGLA_RG": "NE", "CD_CONCU": null, "NM_CONCU": null, "AREA_KM2": 226.549, "mun_upp": "CAPISTRANO", "has_qualif": 0, "municipio": null, "REGIÃO DE PLANEJAMENTO": "Maciço de Baturité", "auxiliary_storage_labeling_positionx": null, "auxiliary_storage_labeling_positiony": null, "auxiliary_storage_labeling_lineanchorpercent": null, "auxiliary_storage_labeling_lineanchorclipping": null, "auxiliary_storage_labeling_lineanchortype": null, "auxiliary_storage_labeling_lineanchortextpoint": null, "auxiliary_storage_callouts_originx": null, "auxiliary_storage_callouts_originy": null, "auxiliary_storage_callouts_destinationx": null, "auxiliary_storage_callouts_destinationy": null }, "geometry": { "type": "Polygon", "coordinates": [ [ [ -38.9339616, -4.5179158 ], [ -38.9378664, -4.5033173 ], [ -38.9363942, -4.4967734 ], [ -38.9479771, -4.4876938 ], [ -38.9551278, -4.4911625 ], [ -38.9695803, -4.4911317 ], [ -38.9749324, -4.4953429 ], [ -38.9840772, -4.4960752 ], [ -38.9909503, -4.4928812 ], [ -38.9979698, -4.4837467 ], [ -38.9989875, -4.4796798 ], [ -38.9970794, -4.4726626 ], [ -38.9978258, -4.4675141 ], [ -38.9939916, -4.4602209 ], [ -38.9932708, -4.4518866 ], [ -38.9902757, -4.4480964 ], [ -38.9866527, -4.4493792 ], [ -38.9801512, -4.4461492 ], [ -38.9788548, -4.4436755 ], [ -38.9768131, -4.4449353 ], [ -38.9740647, -4.4396489 ], [ -38.9830327, -4.3808316 ], [ -38.959202, -4.3568764 ], [ -38.9579924, -4.3583709 ], [ -38.9539922, -4.3582989 ], [ -38.9530386, -4.3546545 ], [ -38.9511427, -4.3569702 ], [ -38.9524845, -4.3501664 ], [ -38.9487525, -4.3515664 ], [ -38.9452652, -4.3499984 ], [ -38.939936, -4.3526249 ], [ -38.9378914, -4.3556828 ], [ -38.9363511, -4.3530487 ], [ -38.9328651, -4.3528997 ], [ -38.9296833, -4.354433 ], [ -38.9250904, -4.3539015 ], [ -38.9200531, -4.3569908 ], [ -38.9435309, -4.3867413 ], [ -38.922794, -4.4104664 ], [ -38.9126696, -4.4085555 ], [ -38.9081841, -4.4165614 ], [ -38.9039442, -4.4175829 ], [ -38.9031383, -4.4191784 ], [ -38.8997349, -4.4188129 ], [ -38.8972453, -4.4206775 ], [ -38.8958829, -4.4245088 ], [ -38.8928445, -4.4243722 ], [ -38.8868731, -4.4307905 ], [ -38.8791104, -4.4324172 ], [ -38.874075, -4.4290699 ], [ -38.8665239, -4.429807 ], [ -38.8650981, -4.4346239 ], [ -38.861509, -4.4338992 ], [ -38.8595588, -4.4373456 ], [ -38.8603991, -4.4392308 ], [ -38.855653, -4.4404925 ], [ -38.8559923, -4.4430657 ], [ -38.8530722, -4.4441265 ], [ -38.8005905, -4.5829249 ], [ -38.8059251, -4.5791827 ], [ -38.8154752, -4.5816555 ], [ -38.8222796, -4.5757306 ], [ -38.8290917, -4.5770057 ], [ -38.8332698, -4.5809896 ], [ -38.839562, -4.5832701 ], [ -38.8377702, -4.5691217 ], [ -38.8407145, -4.5614607 ], [ -38.836974, -4.5556799 ], [ -38.8380408, -4.550333 ], [ -38.8446053, -4.5494575 ], [ -38.8558274, -4.5525646 ], [ -38.859588, -4.5507011 ], [ -38.865746, -4.5507919 ], [ -38.8689019, -4.5469572 ], [ -38.8710146, -4.5288876 ], [ -38.8732624, -4.5262863 ], [ -38.8796017, -4.5239987 ], [ -38.8856314, -4.527849 ], [ -38.9007435, -4.5281358 ], [ -38.9081663, -4.5259347 ], [ -38.9139035, -4.5221377 ], [ -38.9165581, -4.5186272 ], [ -38.9180345, -4.5121942 ], [ -38.920142, -4.5134257 ], [ -38.922815, -4.5117822 ], [ -38.924801, -4.5144913 ], [ -38.9288816, -4.5148994 ], [ -38.9313618, -4.5189209 ], [ -38.9339616, -4.5179158 ] ] ] } },
{ "type": "Feature", "properties": { "CD_MUN": "2307700", "NM_MUN": "Maranguape", "CD_RGI": "230001", "NM_RGI": "Fortaleza", "CD_RGINT": "2301", "NM_RGINT": "Fortaleza", "CD_UF": "23", "NM_UF": "Ceará", "SIGLA_UF": "CE", "CD_REGIA": "2", "NM_REGIA": "Nordeste", "SIGLA_RG": "NE", "CD_CONCU": "2304400", "NM_CONCU": "Fortaleza/CE", "AREA_KM2": 583.505, "mun_upp": "MARANGUAPE", "has_qualif": 1, "municipio": "Maranguape", "REGIÃO DE PLANEJAMENTO": "Grande Fortaleza", "auxiliary_storage_labeling_positionx": null, "auxiliary_storage_labeling_positiony": null, "auxiliary_storage_labeling_lineanchorpercent": null, "auxiliary_storage_labeling_lineanchorclipping": null, "auxiliary_storage_labeling_lineanchortype": null, "auxiliary_storage_labeling_lineanchortextpoint": null, "auxiliary_storage_callouts_originx": null, "auxiliary_storage_callouts_originy": null, "auxiliary_storage_callouts_destinationx": null, "auxiliary_storage_callouts_destinationy": null }, "geometry": { "type": "Polygon", "coordinates": [ [ [ -38.6586029, -3.9540395 ], [ -38.6401157, -3.9684529 ], [ -38.6430801, -3.9746541 ], [ -38.6568754, -3.9857812 ], [ -38.6700567, -4.0050424 ], [ -38.6664855, -4.0151166 ], [ -38.6690695, -4.0202368 ], [ -38.6679883, -4.0234601 ], [ -38.6743153, -4.0285071 ], [ -38.6745055, -4.0331524 ], [ -38.6718614, -4.0368868 ], [ -38.6726099, -4.039651 ], [ -38.6858525, -4.0483904 ], [ -38.6996011, -4.052128 ], [ -38.7011861, -4.0551839 ], [ -38.7097189, -4.0620944 ], [ -38.7187616, -4.0676838 ], [ -38.7227334, -4.0681741 ], [ -38.7228106, -4.0720638 ], [ -38.7263236, -4.0736917 ], [ -38.7310593, -4.073059 ], [ -38.7336276, -4.0710352 ], [ -38.7448758, -4.0717926 ], [ -38.7485843, -4.0930029 ], [ -38.7507079, -4.0905913 ], [ -38.7491814, -4.0895746 ], [ -38.75128, -4.0873959 ], [ -38.7509966, -4.0850834 ], [ -38.7539066, -4.0847595 ], [ -38.757079, -4.0811581 ], [ -38.7562254, -4.0769115 ], [ -38.758993, -4.0761391 ], [ -38.7580218, -4.074894 ], [ -38.7606961, -4.0724116 ], [ -38.7632216, -4.0812639 ], [ -38.7671058, -4.0848912 ], [ -38.7690785, -4.0893653 ], [ -38.7701698, -4.0956761 ], [ -38.7749168, -4.0971743 ], [ -38.7809982, -4.093741 ], [ -38.7846751, -4.0942529 ], [ -38.8099494, -4.0803568 ], [ -38.813991, -4.0807393 ], [ -38.8174088, -4.0847406 ], [ -38.8344878, -4.0726409 ], [ -38.8376138, -4.0767851 ], [ -38.8376456, -4.0813701 ], [ -38.8406642, -4.0862968 ], [ -38.8407101, -4.1041331 ], [ -38.8460334, -4.1061481 ], [ -38.8504213, -4.1051426 ], [ -38.8525691, -4.1074934 ], [ -38.8556926, -4.1051345 ], [ -38.8634431, -4.1049454 ], [ -38.8570678, -4.1076016 ], [ -38.8561642, -4.1094558 ], [ -38.8620958, -4.1122226 ], [ -38.8643192, -4.1204901 ], [ -38.8673181, -4.1164004 ], [ -38.8707629, -4.1147599 ], [ -38.8723679, -4.1109625 ], [ -38.8797325, -4.1140539 ], [ -38.8838314, -4.1138359 ], [ -38.8803462, -4.1069949 ], [ -38.8860196, -4.1063263 ], [ -38.8865747, -4.1020013 ], [ -38.8917861, -4.1075526 ], [ -38.9082254, -4.1035718 ], [ -38.9074863, -4.1092574 ], [ -38.9101044, -4.1158881 ], [ -38.9159124, -4.1200251 ], [ -38.9191207, -4.1191943 ], [ -38.925077, -4.1133874 ], [ -38.9260437, -4.1059977 ], [ -38.9281409, -4.1041164 ], [ -38.9435791, -4.1035855 ], [ -38.9428885, -4.1006116 ], [ -38.9447499, -4.0998871 ], [ -38.9450682, -4.0968591 ], [ -38.9487176, -4.1032483 ], [ -38.951762, -4.1019593 ], [ -38.9533353, -4.0984392 ], [ -38.9574473, -4.0997865 ], [ -38.9586737, -4.0962809 ], [ -38.9560762, -4.0965993 ], [ -38.9565673, -4.0949763 ], [ -38.9529599, -4.0929478 ], [ -38.9549513, -4.0893119 ], [ -38.9539559, -4.0864432 ], [ -38.9557309, -4.0840965 ], [ -38.9555293, -4.080532 ], [ -38.9604638, -4.0788514 ], [ -38.9607956, -4.0744618 ], [ -38.9565973, -4.0728241 ], [ -38.9841596, -4.0443863 ], [ -39.0035461, -3.9917706 ], [ -38.9434661, -3.9446729 ], [ -38.8716433, -3.9687314 ], [ -38.8483332, -3.9948709 ], [ -38.8116313, -3.9619419 ], [ -38.7944044, -3.9667407 ], [ -38.7877198, -3.9666437 ], [ -38.7801089, -3.9543004 ], [ -38.7692374, -3.943635 ], [ -38.765353, -3.9419584 ], [ -38.7576236, -3.9324569 ], [ -38.7559906, -3.9278093 ], [ -38.7526895, -3.927787 ], [ -38.7432593, -3.9351518 ], [ -38.7371902, -3.9302111 ], [ -38.7353488, -3.9250596 ], [ -38.7355416, -3.9181851 ], [ -38.7324677, -3.9098548 ], [ -38.7243079, -3.9014744 ], [ -38.7230497, -3.8953242 ], [ -38.7162413, -3.8819636 ], [ -38.7073368, -3.8746001 ], [ -38.7030171, -3.8753466 ], [ -38.7014686, -3.8740595 ], [ -38.6881286, -3.8567838 ], [ -38.6812954, -3.8573672 ], [ -38.6797271, -3.859208 ], [ -38.6727879, -3.8601546 ], [ -38.6691192, -3.862407 ], [ -38.6556444, -3.8597087 ], [ -38.6608177, -3.865438 ], [ -38.6465931, -3.8757334 ], [ -38.6507157, -3.8781743 ], [ -38.6488264, -3.8806054 ], [ -38.6480385, -3.8937138 ], [ -38.651132, -3.89548 ], [ -38.6498127, -3.8979562 ], [ -38.6545093, -3.9004624 ], [ -38.6516474, -3.9024423 ], [ -38.6575295, -3.9181054 ], [ -38.6611452, -3.917883 ], [ -38.6639023, -3.9205518 ], [ -38.6595975, -3.9312346 ], [ -38.6553734, -3.9333272 ], [ -38.6545041, -3.9356424 ], [ -38.6544021, -3.9420475 ], [ -38.6586029, -3.9540395 ] ] ] } },
{ "type": "Feature", "properties": { "CD_MUN": "2309508", "NM_MUN": "Orós", "CD_RGI": "230010", "NM_RGI": "Icó", "CD_RGINT": "2303", "NM_RGINT": "Iguatu", "CD_UF": "23", "NM_UF": "Ceará", "SIGLA_UF": "CE", "CD_REGIA": "2", "NM_REGIA": "Nordeste", "SIGLA_RG": "NE", "CD_CONCU": null, "NM_CONCU": null, "AREA_KM2": 577.526, "mun_upp": "ORÓS", "has_qualif": 1, "municipio": "Orós", "REGIÃO DE PLANEJAMENTO": "Centro Sul", "auxiliary_storage_labeling_positionx": null, "auxiliary_storage_labeling_positiony": null, "auxiliary_storage_labeling_lineanchorpercent": null, "auxiliary_storage_labeling_lineanchorclipping": null, "auxiliary_storage_labeling_lineanchortype": null, "auxiliary_storage_labeling_lineanchortextpoint": null, "auxiliary_storage_callouts_originx": null, "auxiliary_storage_callouts_originy": null, "auxiliary_storage_callouts_destinationx": null, "auxiliary_storage_callouts_destinationy": null }, "geometry": { "type": "Polygon", "coordinates": [ [ [ -38.9188256, -6.0852581 ], [ -38.9126835, -6.0873053 ], [ -38.9072283, -6.0862861 ], [ -38.9075324, -6.1085125 ], [ -38.9035095, -6.1373236 ], [ -38.9014193, -6.1412355 ], [ -38.8919459, -6.1436049 ], [ -38.8890471, -6.1459116 ], [ -38.8838341, -6.1448765 ], [ -38.881995, -6.1472602 ], [ -38.8769682, -6.1477473 ], [ -38.8720579, -6.1400442 ], [ -38.8665693, -6.1404302 ], [ -38.8636045, -6.138754 ], [ -38.8621707, -6.1347038 ], [ -38.8550827, -6.1349988 ], [ -38.8545942, -6.1372485 ], [ -38.8520018, -6.1377456 ], [ -38.8495614, -6.1360895 ], [ -38.8496453, -6.1330904 ], [ -38.8512357, -6.132387 ], [ -38.8487999, -6.1307798 ], [ -38.8425422, -6.135891 ], [ -38.8400921, -6.132324 ], [ -38.8406905, -6.1303495 ], [ -38.8382876, -6.1293555 ], [ -38.8351064, -6.1316044 ], [ -38.8341156, -6.1263265 ], [ -38.8300171, -6.1276321 ], [ -38.827573, -6.124442 ], [ -38.8205178, -6.1244344 ], [ -38.8207044, -6.1365844 ], [ -38.8156827, -6.1361375 ], [ -38.8082277, -6.1329097 ], [ -38.8069019, -6.1289241 ], [ -38.8042114, -6.1297489 ], [ -38.8007708, -6.1219448 ], [ -38.8267202, -6.2179413 ], [ -38.8270768, -6.2250463 ], [ -38.8302191, -6.2315982 ], [ -38.828762, -6.2333951 ], [ -38.8310207, -6.2382211 ], [ -38.8276496, -6.2413722 ], [ -38.828151, -6.2442565 ], [ -38.830531, -6.2437965 ], [ -38.8311191, -6.24811 ], [ -38.8275616, -6.2597214 ], [ -38.8294273, -6.2634032 ], [ -38.8264065, -6.2638955 ], [ -38.8283435, -6.2652317 ], [ -38.8278695, -6.2665959 ], [ -38.8213531, -6.2686616 ], [ -38.8203934, -6.2719218 ], [ -38.8219838, -6.2734736 ], [ -38.8218752, -6.2762381 ], [ -38.824119, -6.2758128 ], [ -38.8278114, -6.2783415 ], [ -38.8363342, -6.2922185 ], [ -38.8783307, -6.3274368 ], [ -38.9163396, -6.3096042 ], [ -38.9221959, -6.3240118 ], [ -38.9243532, -6.3247807 ], [ -38.9269434, -6.3293981 ], [ -38.9246557, -6.3322057 ], [ -38.929335, -6.3360328 ], [ -38.9334833, -6.3361116 ], [ -38.9344815, -6.3400191 ], [ -38.9407102, -6.336501 ], [ -38.945937, -6.3395197 ], [ -38.9480662, -6.3381078 ], [ -38.9514537, -6.3385174 ], [ -38.957016, -6.3349492 ], [ -38.9701924, -6.3402687 ], [ -38.974373, -6.3401397 ], [ -38.9838397, -6.3521477 ], [ -38.9817222, -6.3602256 ], [ -38.9831504, -6.3639523 ], [ -38.9804802, -6.3695457 ], [ -38.9817721, -6.3715994 ], [ -38.9804753, -6.3771142 ], [ -38.9816073, -6.378821 ], [ -38.9918973, -6.3769615 ], [ -38.997754, -6.3787423 ], [ -39.000747, -6.376143 ], [ -39.0057711, -6.3778232 ], [ -39.0061587, -6.3762291 ], [ -39.00791, -6.377299 ], [ -39.0170012, -6.3740341 ], [ -39.020913, -6.3770737 ], [ -39.0272889, -6.378519 ], [ -39.031289, -6.3763359 ], [ -39.0342558, -6.3779633 ], [ -39.036361, -6.3759527 ], [ -39.040055, -6.3768906 ], [ -39.0470559, -6.3832327 ], [ -39.0564348, -6.387205 ], [ -39.0606933, -6.3852179 ], [ -39.0640217, -6.3783574 ], [ -39.0738111, -6.371464 ], [ -39.0765233, -6.3657731 ], [ -39.0818007, -6.3642584 ], [ -39.0891497, -6.3758632 ], [ -39.0922314, -6.3770689 ], [ -39.0923718, -6.379778 ], [ -39.1039556, -6.382744 ], [ -39.1084549, -6.3899043 ], [ -39.1161686, -6.3907643 ], [ -39.118045, -6.393952 ], [ -39.1220651, -6.3964115 ], [ -39.122315, -6.4009782 ], [ -39.1250045, -6.4021564 ], [ -39.1293902, -6.4086288 ], [ -39.1299243, -6.3893383 ], [ -39.1189707, -6.3837557 ], [ -39.1094718, -6.3634429 ], [ -39.1019185, -6.3567566 ], [ -39.100197, -6.3431749 ], [ -39.0939956, -6.334822 ], [ -39.0824157, -6.333259 ], [ -39.0716054, -6.3113216 ], [ -39.0598337, -6.303565 ], [ -39.052828, -6.2961578 ], [ -39.0563409, -6.2588205 ], [ -39.0031917, -6.2201643 ], [ -38.9913784, -6.1903803 ], [ -38.9863533, -6.1659227 ], [ -38.9833491, -6.1587924 ], [ -38.9861863, -6.1566295 ], [ -38.9734883, -6.1341878 ], [ -38.9730522, -6.1299912 ], [ -38.9688289, -6.1224246 ], [ -38.969741, -6.1198881 ], [ -38.9754928, -6.118812 ], [ -38.9707709, -6.1103842 ], [ -38.9726021, -6.1083054 ], [ -38.9773017, -6.1077149 ], [ -38.9761335, -6.1028124 ], [ -38.9724894, -6.1029382 ], [ -38.9681152, -6.0917258 ], [ -38.960518, -6.0911936 ], [ -38.9577064, -6.0864044 ], [ -38.9493524, -6.0800814 ], [ -38.9436822, -6.0816502 ], [ -38.9409885, -6.0793183 ], [ -38.9359638, -6.0794409 ], [ -38.9278229, -6.0808596 ], [ -38.924917, -6.0831726 ], [ -38.9217816, -6.0821856 ], [ -38.9188256, -6.0852581 ] ] ] } },
{ "type": "Feature", "properties": { "CD_MUN": "2311900", "NM_MUN": "Saboeiro", "CD_RGI": "230009", "NM_RGI": "Iguatu", "CD_RGINT": "2303", "NM_RGINT": "Iguatu", "CD_UF": "23", "NM_UF": "Ceará", "SIGLA_UF": "CE", "CD_REGIA": "2", "NM_REGIA": "Nordeste", "SIGLA_RG": "NE", "CD_CONCU": null, "NM_CONCU": null, "AREA_KM2": 1381.274, "mun_upp": "SABOEIRO", "has_qualif": 1, "municipio": "Saboeiro", "REGIÃO DE PLANEJAMENTO": "Centro Sul", "auxiliary_storage_labeling_positionx": null, "auxiliary_storage_labeling_positiony": null, "auxiliary_storage_labeling_lineanchorpercent": null, "auxiliary_storage_labeling_lineanchorclipping": null, "auxiliary_storage_labeling_lineanchortype": null, "auxiliary_storage_labeling_lineanchortextpoint": null, "auxiliary_storage_callouts_originx": null, "auxiliary_storage_callouts_originy": null, "auxiliary_storage_callouts_destinationx": null, "auxiliary_storage_callouts_destinationy": null }, "geometry": { "type": "Polygon", "coordinates": [ [ [ -39.765926, -6.4015584 ], [ -39.772085, -6.4060655 ], [ -39.775974, -6.4108464 ], [ -39.7764975, -6.4143977 ], [ -39.7738204, -6.4183465 ], [ -39.7749929, -6.4216761 ], [ -39.7738629, -6.4258576 ], [ -39.775772, -6.4297389 ], [ -39.765023, -6.4427522 ], [ -39.7653694, -6.4456854 ], [ -39.7705642, -6.4530313 ], [ -39.7718441, -6.4597039 ], [ -39.7708263, -6.4626835 ], [ -39.7667233, -6.4700388 ], [ -39.7600646, -6.471827 ], [ -39.7582359, -6.4754077 ], [ -39.7521672, -6.4756474 ], [ -39.7513579, -6.4779404 ], [ -39.7460773, -6.4785385 ], [ -39.7451729, -6.4818808 ], [ -39.7389554, -6.4827835 ], [ -39.7357932, -6.4884422 ], [ -39.728055, -6.4917085 ], [ -39.7248463, -6.4963551 ], [ -39.7430113, -6.5049619 ], [ -39.7509187, -6.5123694 ], [ -39.7491059, -6.51575 ], [ -39.7503771, -6.5209367 ], [ -39.7480062, -6.5229123 ], [ -39.7456264, -6.5223057 ], [ -39.7451018, -6.5265926 ], [ -39.742389, -6.5303684 ], [ -39.7398985, -6.5291467 ], [ -39.7379102, -6.5358747 ], [ -39.73539, -6.5364582 ], [ -39.7350859, -6.5379329 ], [ -39.7271887, -6.5384959 ], [ -39.7287995, -6.5433889 ], [ -39.7375346, -6.5499232 ], [ -39.7414068, -6.5619427 ], [ -39.7498873, -6.5649576 ], [ -39.7532442, -6.5764772 ], [ -39.751433, -6.5815153 ], [ -39.7557726, -6.5834041 ], [ -39.7608566, -6.5819536 ], [ -39.7704436, -6.5860654 ], [ -39.7702998, -6.587861 ], [ -39.7641467, -6.5906695 ], [ -39.7624473, -6.5935852 ], [ -39.7658084, -6.6004534 ], [ -39.7738633, -6.6072802 ], [ -39.7709744, -6.6119046 ], [ -39.7758796, -6.617965 ], [ -39.7761593, -6.6204468 ], [ -39.7745143, -6.6243305 ], [ -39.7729417, -6.6242343 ], [ -39.7628817, -6.6192599 ], [ -39.7560585, -6.613158 ], [ -39.7451171, -6.6075073 ], [ -39.7444195, -6.6055985 ], [ -39.7335176, -6.6002531 ], [ -39.7332394, -6.6042792 ], [ -39.7270369, -6.6142249 ], [ -39.7210474, -6.6134151 ], [ -39.7192633, -6.6167146 ], [ -39.7365563, -6.6127249 ], [ -39.7507525, -6.6180886 ], [ -39.7676227, -6.6270085 ], [ -39.7738591, -6.6276039 ], [ -39.7720528, -6.6335549 ], [ -39.7791275, -6.642625 ], [ -39.7751595, -6.6496873 ], [ -39.775224, -6.6567996 ], [ -39.782189, -6.668221 ], [ -39.7952449, -6.6725626 ], [ -39.8103583, -6.6878316 ], [ -39.8291341, -6.69668 ], [ -39.8329574, -6.6999334 ], [ -39.8363464, -6.6956176 ], [ -39.8336025, -6.6903671 ], [ -39.8363886, -6.6880133 ], [ -39.8355391, -6.6853609 ], [ -39.8379876, -6.6791942 ], [ -39.8476788, -6.6798434 ], [ -39.8486866, -6.6751228 ], [ -39.8526033, -6.6742721 ], [ -39.8582716, -6.6787686 ], [ -39.8644417, -6.6798848 ], [ -39.8659588, -6.6762921 ], [ -39.8698821, -6.6791706 ], [ -39.8770671, -6.6802858 ], [ -39.8770584, -6.6754268 ], [ -39.8739397, -6.6733824 ], [ -39.8717742, -6.6696961 ], [ -39.8977246, -6.6843177 ], [ -39.9017318, -6.6844683 ], [ -39.902696, -6.6884416 ], [ -39.9048482, -6.6873188 ], [ -39.9126507, -6.6895517 ], [ -39.9130688, -6.6878279 ], [ -39.9162, -6.6905465 ], [ -39.9157492, -6.6926749 ], [ -39.9231405, -6.6976077 ], [ -39.9251486, -6.6962685 ], [ -39.9286003, -6.698836 ], [ -39.93127, -6.6982373 ], [ -39.9353517, -6.7031692 ], [ -39.9340163, -6.7033009 ], [ -39.9346425, -6.7066368 ], [ -39.9379409, -6.7078294 ], [ -39.9409855, -6.7127176 ], [ -39.9438242, -6.7075669 ], [ -39.9478984, -6.7075676 ], [ -39.9501335, -6.7047777 ], [ -39.9545018, -6.7038734 ], [ -39.9575779, -6.7011865 ], [ -39.9625567, -6.7024188 ], [ -39.9630209, -6.6941787 ], [ -39.968432, -6.6957592 ], [ -39.9704304, -6.6936185 ], [ -39.9714881, -6.6869728 ], [ -39.9766263, -6.6853401 ], [ -39.9804752, -6.6889437 ], [ -39.982331, -6.6869369 ], [ -39.975517, -6.6803841 ], [ -39.9772897, -6.679502 ], [ -39.9741711, -6.6727911 ], [ -39.9764925, -6.6722022 ], [ -39.9762111, -6.6682976 ], [ -39.9775569, -6.6709543 ], [ -39.9857424, -6.6722582 ], [ -39.9866102, -6.6802318 ], [ -39.9930209, -6.683491 ], [ -40.0037045, -6.6845823 ], [ -40.0050866, -6.6867869 ], [ -40.0165924, -6.6722173 ], [ -40.0277967, -6.6765257 ], [ -40.0295054, -6.6756005 ], [ -40.0296483, -6.6716965 ], [ -40.033297, -6.6731614 ], [ -40.0390292, -6.6725225 ], [ -40.0465965, -6.6824095 ], [ -40.0516856, -6.679678 ], [ -40.0485222, -6.6742019 ], [ -40.0548911, -6.6750731 ], [ -40.0548192, -6.6694495 ], [ -40.0379076, -6.6420354 ], [ -40.0366015, -6.6373123 ], [ -40.0400342, -6.6273234 ], [ -40.0462956, -6.6257274 ], [ -40.0544573, -6.6262609 ], [ -40.0571098, -6.6238983 ], [ -40.0548075, -6.6113376 ], [ -40.0303438, -6.595833 ], [ -40.0314652, -6.5942034 ], [ -40.0396709, -6.592942 ], [ -40.0404146, -6.590011 ], [ -40.0260796, -6.5817159 ], [ -40.030272, -6.5693853 ], [ -40.0301357, -6.5629195 ], [ -40.0348503, -6.5584417 ], [ -40.0336676, -6.5510961 ], [ -40.0312528, -6.5475163 ], [ -40.0311086, -6.5418552 ], [ -40.0409574, -6.5388249 ], [ -40.0407496, -6.5321957 ], [ -40.0522508, -6.5212259 ], [ -40.0495884, -6.5146935 ], [ -40.0528978, -6.5106422 ], [ -40.0554457, -6.5111043 ], [ -40.0559159, -6.5076398 ], [ -40.0584978, -6.5065815 ], [ -40.0569691, -6.5032535 ], [ -40.0590206, -6.5003106 ], [ -40.0538259, -6.4949175 ], [ -40.0575832, -6.4925887 ], [ -40.0588407, -6.4897862 ], [ -40.0531063, -6.4866609 ], [ -40.0553521, -6.4828081 ], [ -40.0553424, -6.4781177 ], [ -40.0512891, -6.4756278 ], [ -40.0519943, -6.4741905 ], [ -40.04687, -6.4721239 ], [ -40.0476752, -6.468121 ], [ -40.0512014, -6.4673336 ], [ -40.0493792, -6.4631064 ], [ -40.0511223, -6.4619374 ], [ -40.0478234, -6.4604437 ], [ -40.0498446, -6.456747 ], [ -40.0468605, -6.4540729 ], [ -40.0488099, -6.4538416 ], [ -40.0470842, -6.4523375 ], [ -40.0471749, -6.4499083 ], [ -40.043533, -6.4472236 ], [ -40.0447124, -6.444852 ], [ -40.0380424, -6.4403774 ], [ -40.0350049, -6.4407784 ], [ -40.0329774, -6.4437619 ], [ -40.0316699, -6.4419578 ], [ -40.033126, -6.4403515 ], [ -40.0286843, -6.4428976 ], [ -40.0280772, -6.4383878 ], [ -40.0334582, -6.4315902 ], [ -40.0379647, -6.4301094 ], [ -40.0423696, -6.4257091 ], [ -40.0614587, -6.4175208 ], [ -40.0668354, -6.4049706 ], [ -40.0716761, -6.4042933 ], [ -40.0761913, -6.3999772 ], [ -40.0778499, -6.3928746 ], [ -40.0848531, -6.3787887 ], [ -40.082638, -6.3719493 ], [ -40.0841055, -6.3674083 ], [ -40.0757893, -6.3685948 ], [ -40.0668469, -6.3622488 ], [ -40.0638119, -6.3624827 ], [ -40.0619802, -6.3665912 ], [ -40.0565763, -6.3637812 ], [ -40.0490888, -6.3570464 ], [ -40.0475171, -6.3496918 ], [ -40.0396225, -6.3453761 ], [ -40.0411636, -6.3389241 ], [ -40.029837, -6.3310859 ], [ -40.0245409, -6.3290821 ], [ -40.0222639, -6.3319077 ], [ -40.0157291, -6.3339348 ], [ -40.0148927, -6.3306133 ], [ -40.0102292, -6.3335439 ], [ -40.0071128, -6.3325406 ], [ -40.0013031, -6.3336616 ], [ -39.9921562, -6.3270284 ], [ -39.9795012, -6.3319964 ], [ -39.9744337, -6.33855 ], [ -39.9577132, -6.3330374 ], [ -39.9557362, -6.3311281 ], [ -39.9512771, -6.3328467 ], [ -39.9466273, -6.3311321 ], [ -39.9409056, -6.335589 ], [ -39.9325032, -6.3385267 ], [ -39.9313417, -6.3408647 ], [ -39.9247209, -6.3404545 ], [ -39.9229724, -6.3480157 ], [ -39.9211074, -6.3501338 ], [ -39.9244331, -6.3519432 ], [ -39.920698, -6.3527549 ], [ -39.9187325, -6.3567907 ], [ -39.9134362, -6.3556911 ], [ -39.9121968, -6.3583137 ], [ -39.9070106, -6.3617491 ], [ -39.8946634, -6.3622735 ], [ -39.8958085, -6.364085 ], [ -39.8946725, -6.3680162 ], [ -39.8864619, -6.3614817 ], [ -39.8796158, -6.3635086 ], [ -39.8747308, -6.35969 ], [ -39.8661356, -6.3568495 ], [ -39.8543956, -6.3580299 ], [ -39.8497085, -6.35449 ], [ -39.8452352, -6.3474438 ], [ -39.8449151, -6.3424043 ], [ -39.8480252, -6.3407855 ], [ -39.8401183, -6.3291101 ], [ -39.8386587, -6.3243763 ], [ -39.8352307, -6.3227691 ], [ -39.8304299, -6.3072569 ], [ -39.8325022, -6.3040298 ], [ -39.8324951, -6.2995958 ], [ -39.8381985, -6.2967655 ], [ -39.836429, -6.2937453 ], [ -39.8308217, -6.2910335 ], [ -39.8286737, -6.2880809 ], [ -39.8241781, -6.2897324 ], [ -39.8211652, -6.2881262 ], [ -39.8221894, -6.2794573 ], [ -39.8191739, -6.2766409 ], [ -39.8203089, -6.2718026 ], [ -39.8179189, -6.2695079 ], [ -39.8168351, -6.263166 ], [ -39.8091491, -6.2648185 ], [ -39.8059376, -6.2605127 ], [ -39.8093853, -6.252305 ], [ -39.8067372, -6.2514181 ], [ -39.8078066, -6.2462571 ], [ -39.8017411, -6.2453943 ], [ -39.7964412, -6.2416476 ], [ -39.792313, -6.2297771 ], [ -39.7864924, -6.2206107 ], [ -39.7853801, -6.2136506 ], [ -39.7890942, -6.2101987 ], [ -39.7892953, -6.2064763 ], [ -39.7828561, -6.2073876 ], [ -39.7788874, -6.2050181 ], [ -39.7739651, -6.2064833 ], [ -39.7701877, -6.204957 ], [ -39.7680821, -6.2064919 ], [ -39.7676091, -6.210033 ], [ -39.7633296, -6.2108769 ], [ -39.7640871, -6.2223029 ], [ -39.7600614, -6.2401992 ], [ -39.7538887, -6.2394298 ], [ -39.7496893, -6.22837 ], [ -39.733128, -6.2221588 ], [ -39.7341051, -6.2123102 ], [ -39.732236, -6.2096203 ], [ -39.7297584, -6.2078647 ], [ -39.7212912, -6.206907 ], [ -39.7181356, -6.2077011 ], [ -39.7163468, -6.2112934 ], [ -39.7154145, -6.2195839 ], [ -39.7177134, -6.2217827 ], [ -39.7221512, -6.2351265 ], [ -39.726555, -6.2367852 ], [ -39.7298936, -6.241222 ], [ -39.732362, -6.2413334 ], [ -39.7344559, -6.2452998 ], [ -39.7328397, -6.2480944 ], [ -39.7349466, -6.258257 ], [ -39.7329634, -6.258173 ], [ -39.7308655, -6.2630463 ], [ -39.7285801, -6.2621639 ], [ -39.7302998, -6.2664186 ], [ -39.7276684, -6.2694 ], [ -39.7278642, -6.2713958 ], [ -39.7250896, -6.271323 ], [ -39.7261214, -6.2702494 ], [ -39.7248526, -6.2686637 ], [ -39.7217748, -6.2689551 ], [ -39.7201577, -6.2727609 ], [ -39.7089062, -6.3403965 ], [ -39.7145238, -6.3473852 ], [ -39.7158213, -6.3515477 ], [ -39.7141674, -6.3589688 ], [ -39.7196835, -6.3595718 ], [ -39.7237443, -6.3656284 ], [ -39.7272227, -6.3670219 ], [ -39.7277166, -6.3710428 ], [ -39.7339151, -6.3708603 ], [ -39.734387, -6.3733228 ], [ -39.7393827, -6.3747828 ], [ -39.740576, -6.3815444 ], [ -39.7433247, -6.3859537 ], [ -39.750743, -6.3887869 ], [ -39.7581623, -6.3995265 ], [ -39.765926, -6.4015584 ] ] ] } },
{ "type": "Feature", "properties": { "CD_MUN": "2310605", "NM_MUN": "Penaforte", "CD_RGI": "230012", "NM_RGI": "Brejo Santo", "CD_RGINT": "2304", "NM_RGINT": "Juazeiro do Norte", "CD_UF": "23", "NM_UF": "Ceará", "SIGLA_UF": "CE", "CD_REGIA": "2", "NM_REGIA": "Nordeste", "SIGLA_RG": "NE", "CD_CONCU": null, "NM_CONCU": null, "AREA_KM2": 150.536, "mun_upp": "PENAFORTE", "has_qualif": 1, "municipio": "Penaforte", "REGIÃO DE PLANEJAMENTO": "Cariri", "auxiliary_storage_labeling_positionx": null, "auxiliary_storage_labeling_positiony": null, "auxiliary_storage_labeling_lineanchorpercent": null, "auxiliary_storage_labeling_lineanchorclipping": null, "auxiliary_storage_labeling_lineanchortype": null, "auxiliary_storage_labeling_lineanchortextpoint": null, "auxiliary_storage_callouts_originx": null, "auxiliary_storage_callouts_originy": null, "auxiliary_storage_callouts_destinationx": null, "auxiliary_storage_callouts_destinationy": null }, "geometry": { "type": "Polygon", "coordinates": [ [ [ -39.101906, -7.7865278 ], [ -39.1003333, -7.7757077 ], [ -39.1063539, -7.7602263 ], [ -39.1238533, -7.743246 ], [ -39.1356409, -7.7233751 ], [ -39.1422997, -7.7190257 ], [ -39.1465294, -7.7182247 ], [ -39.1307785, -7.7052989 ], [ -39.1297252, -7.6973868 ], [ -39.1240399, -7.6938327 ], [ -39.1187932, -7.6870581 ], [ -39.1178319, -7.6834616 ], [ -39.0686706, -7.7319651 ], [ -39.059518, -7.7505015 ], [ -39.0080389, -7.7781954 ], [ -38.9760542, -7.7753763 ], [ -38.9704304, -7.7772754 ], [ -38.9634559, -7.7948389 ], [ -38.9633687, -7.7988886 ], [ -38.9567704, -7.8089271 ], [ -38.9586255, -7.8173837 ], [ -38.9675166, -7.8237507 ], [ -38.9698682, -7.8283341 ], [ -38.9697793, -7.8348127 ], [ -38.9663997, -7.8354659 ], [ -38.9649835, -7.8379908 ], [ -38.9669511, -7.8424665 ], [ -38.9659744, -7.8456234 ], [ -38.9702995, -7.8458076 ], [ -38.9746389, -7.8429745 ], [ -38.977496, -7.8455233 ], [ -38.9822446, -7.8461256 ], [ -38.9903579, -7.8440017 ], [ -38.9947808, -7.8403449 ], [ -39.0014086, -7.8401261 ], [ -39.0053535, -7.8345034 ], [ -39.0104695, -7.8164127 ], [ -39.0163703, -7.8121807 ], [ -39.021593, -7.8148542 ], [ -39.0263931, -7.8246351 ], [ -39.0394438, -7.8205631 ], [ -39.0537557, -7.8193046 ], [ -39.0577608, -7.822931 ], [ -39.0648798, -7.8395042 ], [ -39.0853502, -7.8517125 ], [ -39.0896519, -7.8574098 ], [ -39.0929919, -7.8575578 ], [ -39.0965472, -7.8501566 ], [ -39.0957673, -7.8464361 ], [ -39.0878173, -7.8361718 ], [ -39.087965, -7.8326165 ], [ -39.0928572, -7.8212956 ], [ -39.0905551, -7.8096046 ], [ -39.0964095, -7.7950987 ], [ -39.101906, -7.7865278 ] ] ] } },
{ "type": "Feature", "properties": { "CD_MUN": "2313609", "NM_MUN": "Ubajara", "CD_RGI": "230016", "NM_RGI": "São Benedito - Ipu - Guaraciaba do Norte - Tianguá", "CD_RGINT": "2306", "NM_RGINT": "Sobral", "CD_UF": "23", "NM_UF": "Ceará", "SIGLA_UF": "CE", "CD_REGIA": "2", "NM_REGIA": "Nordeste", "SIGLA_RG": "NE", "CD_CONCU": null, "NM_CONCU": null, "AREA_KM2": 423.673, "mun_upp": "UBAJARA", "has_qualif": 1, "municipio": "Ubajara", "REGIÃO DE PLANEJAMENTO": "Serra da Ibiapaba", "auxiliary_storage_labeling_positionx": null, "auxiliary_storage_labeling_positiony": null, "auxiliary_storage_labeling_lineanchorpercent": null, "auxiliary_storage_labeling_lineanchorclipping": null, "auxiliary_storage_labeling_lineanchortype": null, "auxiliary_storage_labeling_lineanchortextpoint": null, "auxiliary_storage_callouts_originx": null, "auxiliary_storage_callouts_originy": null, "auxiliary_storage_callouts_destinationx": null, "auxiliary_storage_callouts_destinationy": null }, "geometry": { "type": "Polygon", "coordinates": [ [ [ -40.9048179, -3.7845314 ], [ -40.9023932, -3.7789992 ], [ -40.8997079, -3.777919 ], [ -40.8953028, -3.7809788 ], [ -40.8920026, -3.7806943 ], [ -40.8869186, -3.7833769 ], [ -40.8701111, -3.7834386 ], [ -40.8613906, -3.7860816 ], [ -40.8539345, -3.7853194 ], [ -40.8456916, -3.7887248 ], [ -40.7796351, -3.7862498 ], [ -40.781464, -3.7884968 ], [ -40.7805052, -3.7942229 ], [ -40.7759575, -3.795217 ], [ -40.7756461, -3.7982236 ], [ -40.777434, -3.7985192 ], [ -40.7766015, -3.8041575 ], [ -40.7788916, -3.8054497 ], [ -40.7773851, -3.8095153 ], [ -40.7799185, -3.8114193 ], [ -40.7794503, -3.8130568 ], [ -40.7833048, -3.8186891 ], [ -40.7825977, -3.8216757 ], [ -40.78455, -3.8225911 ], [ -40.7865029, -3.8200095 ], [ -40.7878275, -3.822004 ], [ -40.7922476, -3.8233083 ], [ -40.7907534, -3.8263547 ], [ -40.7938303, -3.8316485 ], [ -40.7896883, -3.8372174 ], [ -40.7942681, -3.8363533 ], [ -40.7930688, -3.8401737 ], [ -40.7978426, -3.8408552 ], [ -40.7951809, -3.8438229 ], [ -40.7978634, -3.8469413 ], [ -40.8043554, -3.8452602 ], [ -40.8090649, -3.846768 ], [ -40.8099379, -3.849483 ], [ -40.8157094, -3.85307 ], [ -40.8137969, -3.855431 ], [ -40.8161663, -3.8602595 ], [ -40.8195448, -3.8594035 ], [ -40.8258546, -3.8685654 ], [ -40.8300471, -3.865528 ], [ -40.8344002, -3.8683904 ], [ -40.839522, -3.8686903 ], [ -40.8423715, -3.865127 ], [ -40.8472606, -3.8632053 ], [ -40.8537121, -3.8668536 ], [ -40.870775, -3.8705073 ], [ -40.8757425, -3.8658225 ], [ -40.8815723, -3.8653645 ], [ -40.8878388, -3.8685228 ], [ -40.8915431, -3.8680641 ], [ -40.8931991, -3.870234 ], [ -40.896189, -3.8777546 ], [ -40.8943305, -3.8882061 ], [ -40.9180838, -3.8891196 ], [ -40.9238865, -3.894895 ], [ -40.9260979, -3.8998129 ], [ -40.9308257, -3.9035161 ], [ -40.9323856, -3.9076021 ], [ -40.9404604, -3.904665 ], [ -40.9425319, -3.9073298 ], [ -40.9463455, -3.9043067 ], [ -40.9568092, -3.9005181 ], [ -40.959409, -3.8977308 ], [ -40.9614938, -3.8978626 ], [ -40.9650207, -3.8931512 ], [ -40.9703958, -3.8942492 ], [ -40.9731184, -3.8919923 ], [ -40.9771047, -3.8925188 ], [ -41.1081885, -3.9318819 ], [ -41.1137542, -3.9316905 ], [ -41.1193886, -3.9276575 ], [ -41.122248, -3.9282243 ], [ -41.1305669, -3.9402588 ], [ -41.1336438, -3.9420449 ], [ -41.1435054, -3.9425935 ], [ -41.1507255, -3.9471494 ], [ -41.1635243, -3.9437217 ], [ -41.2118476, -3.9724089 ], [ -41.2156486, -3.9732264 ], [ -41.2218186, -3.9689495 ], [ -41.2289347, -3.968103 ], [ -41.2202395, -3.9415055 ], [ -41.2289134, -3.9117298 ], [ -41.2333477, -3.9102551 ], [ -41.2356399, -3.90595 ], [ -41.2453319, -3.8983156 ], [ -41.2451081, -3.8954528 ], [ -41.2387619, -3.8946566 ], [ -41.2192545, -3.9001678 ], [ -41.2075315, -3.8996954 ], [ -41.1945941, -3.8954489 ], [ -41.1899931, -3.8899416 ], [ -41.183227, -3.8919476 ], [ -41.1783228, -3.8759236 ], [ -41.1609011, -3.8721606 ], [ -41.1318875, -3.8440959 ], [ -41.1124922, -3.8452585 ], [ -41.0990755, -3.8441283 ], [ -41.088148, -3.8390978 ], [ -41.0757616, -3.8380038 ], [ -41.0661597, -3.8411249 ], [ -41.0546753, -3.8399551 ], [ -41.0353281, -3.8496051 ], [ -41.030587, -3.8462571 ], [ -41.0188351, -3.8445942 ], [ -41.0156168, -3.8417869 ], [ -41.0140468, -3.8440673 ], [ -41.0065896, -3.8399736 ], [ -40.9943548, -3.8412255 ], [ -40.981102, -3.8386498 ], [ -40.9731366, -3.8419341 ], [ -40.9673765, -3.8391108 ], [ -40.9668479, -3.8304368 ], [ -40.9614367, -3.8235933 ], [ -40.9619882, -3.8152262 ], [ -40.9599084, -3.8139285 ], [ -40.959803, -3.8115556 ], [ -40.9556863, -3.8088833 ], [ -40.9559032, -3.8067431 ], [ -40.9439594, -3.8009949 ], [ -40.9341531, -3.7982994 ], [ -40.9277312, -3.7907469 ], [ -40.9215135, -3.7869542 ], [ -40.9106121, -3.7884484 ], [ -40.9048179, -3.7845314 ] ] ] } },
{ "type": "Feature", "properties": { "CD_MUN": "2304707", "NM_MUN": "Granja", "CD_RGI": "230018", "NM_RGI": "Camocim", "CD_RGINT": "2306", "NM_RGINT": "Sobral", "CD_UF": "23", "NM_UF": "Ceará", "SIGLA_UF": "CE", "CD_REGIA": "2", "NM_REGIA": "Nordeste", "SIGLA_RG": "NE", "CD_CONCU": null, "NM_CONCU": null, "AREA_KM2": 2663.176, "mun_upp": "GRANJA", "has_qualif": 1, "municipio": "Granja", "REGIÃO DE PLANEJAMENTO": "Litoral Norte", "auxiliary_storage_labeling_positionx": -41.074331679692108, "auxiliary_storage_labeling_positiony": -3.2470784334177201, "auxiliary_storage_labeling_lineanchorpercent": null, "auxiliary_storage_labeling_lineanchorclipping": null, "auxiliary_storage_labeling_lineanchortype": null, "auxiliary_storage_labeling_lineanchortextpoint": null, "auxiliary_storage_callouts_originx": null, "auxiliary_storage_callouts_originy": null, "auxiliary_storage_callouts_destinationx": null, "auxiliary_storage_callouts_destinationy": null }, "geometry": { "type": "Polygon", "coordinates": [ [ [ -40.9918486, -3.0301573 ], [ -40.8799273, -3.0107798 ], [ -40.8388492, -3.0362637 ], [ -40.6917775, -3.0085358 ], [ -40.5635847, -3.0163528 ], [ -40.562646, -3.0227343 ], [ -40.5587661, -3.0255048 ], [ -40.5460883, -3.0286795 ], [ -40.5412898, -3.0320119 ], [ -40.5368129, -3.0317514 ], [ -40.5352442, -3.0337649 ], [ -40.5314043, -3.0340107 ], [ -40.5265103, -3.037588 ], [ -40.5249618, -3.0420647 ], [ -40.5196666, -3.044796 ], [ -40.5191706, -3.0473709 ], [ -40.5163911, -3.0485558 ], [ -40.5153427, -3.050935 ], [ -40.5063323, -3.0546463 ], [ -40.5047286, -3.0576734 ], [ -40.4950246, -3.062025 ], [ -40.5095497, -3.1096413 ], [ -40.5744196, -3.1356788 ], [ -40.7510415, -3.0507806 ], [ -40.7100746, -3.2132073 ], [ -40.7279212, -3.2339412 ], [ -40.8343033, -3.2084946 ], [ -40.8317606, -3.2133741 ], [ -40.8363184, -3.2171555 ], [ -40.8384196, -3.2259077 ], [ -40.8356975, -3.2304167 ], [ -40.8276716, -3.2299712 ], [ -40.82649, -3.2347679 ], [ -40.8293337, -3.2383514 ], [ -40.832089, -3.239318 ], [ -40.836207, -3.2377361 ], [ -40.8397937, -3.2414713 ], [ -40.8304557, -3.2472315 ], [ -40.8207146, -3.2582534 ], [ -40.822478, -3.2593125 ], [ -40.8288548, -3.2579323 ], [ -40.8365144, -3.2603108 ], [ -40.8396198, -3.2626799 ], [ -40.8384493, -3.2666999 ], [ -40.8291501, -3.2700775 ], [ -40.8260755, -3.2742445 ], [ -40.8132115, -3.2703936 ], [ -40.8126142, -3.2751019 ], [ -40.8168671, -3.2802713 ], [ -40.8146642, -3.2836846 ], [ -40.8180253, -3.2862983 ], [ -40.817491, -3.2909359 ], [ -40.8203928, -3.2942537 ], [ -40.8198107, -3.296146 ], [ -40.8308001, -3.299449 ], [ -40.8342342, -3.304779 ], [ -40.8396258, -3.3088831 ], [ -40.8466213, -3.3069091 ], [ -40.8522401, -3.309992 ], [ -40.8527031, -3.3170537 ], [ -40.8489227, -3.3196166 ], [ -40.8504913, -3.3219671 ], [ -40.8486832, -3.3238079 ], [ -40.8499887, -3.3269336 ], [ -40.8486959, -3.3293883 ], [ -40.8524697, -3.332922 ], [ -40.8522812, -3.3371151 ], [ -40.8541375, -3.3368843 ], [ -40.8551702, -3.3417151 ], [ -40.8595943, -3.3460848 ], [ -40.862737, -3.3462941 ], [ -40.8634675, -3.3499101 ], [ -40.8695078, -3.3516593 ], [ -40.8725659, -3.3574144 ], [ -40.8804007, -3.3647191 ], [ -40.8775978, -3.3703658 ], [ -40.8378526, -3.3589762 ], [ -40.8361797, -3.3618029 ], [ -40.833107, -3.3616979 ], [ -40.8291206, -3.3678452 ], [ -40.8284499, -3.3720094 ], [ -40.8290976, -3.3746638 ], [ -40.8367901, -3.3825802 ], [ -40.8413085, -3.3912165 ], [ -40.8490659, -3.4171692 ], [ -40.8520309, -3.4194487 ], [ -40.8467499, -3.4265653 ], [ -40.8461211, -3.4301552 ], [ -40.8522113, -3.4338562 ], [ -40.8542162, -3.4370664 ], [ -40.8611313, -3.4398358 ], [ -40.8656962, -3.4549852 ], [ -40.8697319, -3.460927 ], [ -40.8685997, -3.4642663 ], [ -40.8728804, -3.4689509 ], [ -40.8728702, -3.4734486 ], [ -40.8673714, -3.4763496 ], [ -40.866995, -3.4786662 ], [ -40.8752417, -3.4816209 ], [ -40.8786153, -3.4858159 ], [ -40.8843282, -3.4880161 ], [ -40.8830334, -3.4958945 ], [ -40.8693198, -3.5078854 ], [ -40.8695092, -3.5099385 ], [ -40.8841341, -3.5148924 ], [ -40.8867233, -3.5203942 ], [ -41.0034961, -3.4230461 ], [ -41.0235939, -3.409613 ], [ -41.0517073, -3.4020378 ], [ -41.0488993, -3.3914765 ], [ -41.0878088, -3.3720632 ], [ -41.0979179, -3.3700309 ], [ -41.1030003, -3.3669719 ], [ -41.1128662, -3.3643049 ], [ -41.1151461, -3.361927 ], [ -41.1214878, -3.3623534 ], [ -41.1262398, -3.3585061 ], [ -41.1362611, -3.3610197 ], [ -41.1415104, -3.3595495 ], [ -41.1490822, -3.3634064 ], [ -41.1701669, -3.2878929 ], [ -41.1773329, -3.379144 ], [ -41.2039745, -3.4097538 ], [ -41.2061576, -3.415145 ], [ -41.204617, -3.4159522 ], [ -41.2052508, -3.4183044 ], [ -41.2082919, -3.4242102 ], [ -41.2106931, -3.4250657 ], [ -41.2137719, -3.4224753 ], [ -41.2168025, -3.4237886 ], [ -41.2194238, -3.4209696 ], [ -41.2200223, -3.4237407 ], [ -41.2237775, -3.4262982 ], [ -41.2291481, -3.4266875 ], [ -41.2348212, -3.4343664 ], [ -41.2239254, -3.4367312 ], [ -41.2200845, -3.4391225 ], [ -41.2266446, -3.4432978 ], [ -41.2288645, -3.4429625 ], [ -41.2272614, -3.4444731 ], [ -41.2279071, -3.4457632 ], [ -41.2321448, -3.4490303 ], [ -41.2349436, -3.4490977 ], [ -41.2344881, -3.4558115 ], [ -41.2360944, -3.4556881 ], [ -41.2366658, -3.4582879 ], [ -41.2395138, -3.4583003 ], [ -41.2415784, -3.4556405 ], [ -41.2455448, -3.4570662 ], [ -41.2493385, -3.4609319 ], [ -41.2532632, -3.4598104 ], [ -41.2506461, -3.4628303 ], [ -41.2512757, -3.464838 ], [ -41.2534973, -3.4682051 ], [ -41.2590019, -3.4708469 ], [ -41.2603402, -3.4780909 ], [ -41.2623534, -3.4805656 ], [ -41.2707386, -3.4783927 ], [ -41.276847, -3.482145 ], [ -41.2881775, -3.4792135 ], [ -41.2991727, -3.4910407 ], [ -41.30303, -3.4921826 ], [ -41.319739, -3.4840869 ], [ -41.3269804, -3.4463006 ], [ -41.3246834, -3.4264192 ], [ -41.3240493, -3.3859241 ], [ -41.3443099, -3.388161 ], [ -41.3467858, -3.385526 ], [ -41.3504202, -3.3882036 ], [ -41.3598208, -3.3910218 ], [ -41.36226, -3.393225 ], [ -41.3620366, -3.3982356 ], [ -41.3665085, -3.3969227 ], [ -41.3754246, -3.3990704 ], [ -41.3869906, -3.4092984 ], [ -41.3870216, -3.3900079 ], [ -41.3920733, -3.3850643 ], [ -41.3952529, -3.3850959 ], [ -41.3991468, -3.3882815 ], [ -41.4001993, -3.3852808 ], [ -41.3985301, -3.3769219 ], [ -41.4013718, -3.36725 ], [ -41.3990862, -3.363587 ], [ -41.4057034, -3.3625818 ], [ -41.4187177, -3.370489 ], [ -41.421596, -3.3705431 ], [ -41.423518, -3.3680065 ], [ -41.4233109, -3.3644248 ], [ -41.4152146, -3.3526354 ], [ -41.4123177, -3.3406973 ], [ -41.397965, -3.3275467 ], [ -41.4005977, -3.3202491 ], [ -41.3953781, -3.3106857 ], [ -41.3958586, -3.3040985 ], [ -41.3221708, -3.1786426 ], [ -41.2374287, -3.1795118 ], [ -41.1014882, -3.0938361 ], [ -40.9918486, -3.0301573 ] ] ] } },
{ "type": "Feature", "properties": { "CD_MUN": "2312304", "NM_MUN": "São Benedito", "CD_RGI": "230016", "NM_RGI": "São Benedito - Ipu - Guaraciaba do Norte - Tianguá", "CD_RGINT": "2306", "NM_RGINT": "Sobral", "CD_UF": "23", "NM_UF": "Ceará", "SIGLA_UF": "CE", "CD_REGIA": "2", "NM_REGIA": "Nordeste", "SIGLA_RG": "NE", "CD_CONCU": null, "NM_CONCU": null, "AREA_KM2": 350.847, "mun_upp": "SÃO BENEDITO", "has_qualif": 1, "municipio": "São Benedito", "REGIÃO DE PLANEJAMENTO": "Serra da Ibiapaba", "auxiliary_storage_labeling_positionx": null, "auxiliary_storage_labeling_positiony": null, "auxiliary_storage_labeling_lineanchorpercent": null, "auxiliary_storage_labeling_lineanchorclipping": null, "auxiliary_storage_labeling_lineanchortype": null, "auxiliary_storage_labeling_lineanchortextpoint": null, "auxiliary_storage_callouts_originx": null, "auxiliary_storage_callouts_originy": null, "auxiliary_storage_callouts_destinationx": null, "auxiliary_storage_callouts_destinationy": null }, "geometry": { "type": "Polygon", "coordinates": [ [ [ -40.8341322, -4.0435951 ], [ -40.8347912, -4.0515516 ], [ -40.8442578, -4.0657314 ], [ -40.8458215, -4.0744362 ], [ -40.8433178, -4.0797818 ], [ -40.8455906, -4.0901692 ], [ -40.8449761, -4.0965058 ], [ -40.8476777, -4.102605 ], [ -40.8400367, -4.103637 ], [ -40.8206499, -4.1107046 ], [ -40.8103031, -4.1185124 ], [ -40.8227599, -4.1170797 ], [ -40.8337118, -4.1182073 ], [ -40.8333803, -4.1226867 ], [ -40.8447915, -4.1290945 ], [ -40.8500855, -4.1410367 ], [ -40.8540708, -4.1455952 ], [ -40.8523243, -4.1537839 ], [ -40.8642968, -4.1536923 ], [ -40.8697143, -4.1573576 ], [ -40.880062, -4.1566398 ], [ -40.8865372, -4.1526962 ], [ -40.8913925, -4.1535707 ], [ -40.8957473, -4.1574353 ], [ -40.9008923, -4.1589504 ], [ -40.8968702, -4.1495146 ], [ -40.8867056, -4.1415279 ], [ -40.886664, -4.1359821 ], [ -40.8902827, -4.1307485 ], [ -40.889567, -4.1164236 ], [ -40.8912285, -4.1097364 ], [ -40.9407915, -4.057602 ], [ -40.9525532, -4.0566656 ], [ -40.9646859, -4.0580134 ], [ -40.9678832, -4.0562275 ], [ -40.9727384, -4.0577218 ], [ -40.9777713, -4.0546355 ], [ -40.9830467, -4.0573426 ], [ -40.9855345, -4.0563399 ], [ -41.000023, -4.0606176 ], [ -41.0215973, -4.0623503 ], [ -41.0333816, -4.0669005 ], [ -41.0367169, -4.0651832 ], [ -41.0397722, -4.06562 ], [ -41.0416942, -4.0626154 ], [ -41.0441711, -4.0625849 ], [ -41.048662, -4.0583037 ], [ -41.0560004, -4.0560977 ], [ -41.0628728, -4.049888 ], [ -41.0689616, -4.0499155 ], [ -41.070554, -4.0522365 ], [ -41.0754594, -4.053511 ], [ -41.0798654, -4.0582991 ], [ -41.0868994, -4.0622799 ], [ -41.0889607, -4.0604672 ], [ -41.0951049, -4.0618897 ], [ -41.0981522, -4.0682542 ], [ -41.1037167, -4.0715086 ], [ -41.1034717, -4.0735995 ], [ -41.1054493, -4.0757631 ], [ -41.1044349, -4.0772645 ], [ -41.1065009, -4.0790151 ], [ -41.1058718, -4.0817184 ], [ -41.1148404, -4.0882461 ], [ -41.115361, -4.0905698 ], [ -41.1181043, -4.0911314 ], [ -41.121606, -4.1010302 ], [ -41.1260221, -4.1062426 ], [ -41.1255436, -4.1090569 ], [ -41.1302832, -4.1123021 ], [ -41.1312959, -4.1168777 ], [ -41.1340725, -4.1182624 ], [ -41.1343584, -4.1200762 ], [ -41.1393781, -4.1209527 ], [ -41.1344007, -4.1049085 ], [ -41.1289359, -4.0972695 ], [ -41.1275947, -4.0886714 ], [ -41.1222352, -4.0771858 ], [ -41.1219787, -4.0722155 ], [ -41.1275353, -4.0660638 ], [ -41.1271585, -4.0613897 ], [ -41.1141151, -4.0518193 ], [ -41.1128693, -4.0417415 ], [ -41.1203449, -4.036339 ], [ -41.1238953, -4.037128 ], [ -41.1337205, -4.0351533 ], [ -41.1430977, -4.0368131 ], [ -41.1532553, -4.0348934 ], [ -41.1599501, -4.0317114 ], [ -41.1718147, -4.0324776 ], [ -41.1838065, -4.0244013 ], [ -41.1817351, -4.0138087 ], [ -41.1807222, -4.0144716 ], [ -41.1805171, -4.0125634 ], [ -41.1778588, -4.0124987 ], [ -41.1711002, -4.0074937 ], [ -41.1657213, -3.9999877 ], [ -41.1619868, -3.998686 ], [ -41.1564301, -3.9996479 ], [ -41.150115, -3.9947562 ], [ -41.1435134, -3.9950605 ], [ -41.1400151, -3.991827 ], [ -41.1247724, -3.987431 ], [ -41.1176395, -3.9871682 ], [ -41.1079798, -4.0007794 ], [ -41.0960235, -4.0062922 ], [ -41.0907338, -4.0056025 ], [ -41.0743586, -3.9954827 ], [ -41.0721475, -3.9971389 ], [ -41.063437, -3.9943908 ], [ -41.0557562, -3.9951753 ], [ -41.0476888, -3.9921955 ], [ -41.0437523, -3.9931221 ], [ -41.0422662, -3.9950393 ], [ -41.0334692, -3.9958109 ], [ -41.0287266, -3.9909426 ], [ -41.025242, -3.9920421 ], [ -41.0243336, -3.9905308 ], [ -41.0198948, -3.9912085 ], [ -41.0177448, -3.9895358 ], [ -41.0112468, -3.9901702 ], [ -41.0077762, -3.9873011 ], [ -41.0032862, -3.9886771 ], [ -40.9980293, -3.9866677 ], [ -40.9862883, -3.9886077 ], [ -40.9827053, -3.9864227 ], [ -40.9700375, -3.9853928 ], [ -40.9643251, -3.9820822 ], [ -40.9561646, -3.9859446 ], [ -40.9510247, -3.9865227 ], [ -40.9332061, -3.9877672 ], [ -40.9264456, -3.9859464 ], [ -40.9222256, -3.9885303 ], [ -40.9194012, -3.9878213 ], [ -40.9180246, -3.9902559 ], [ -40.9136192, -3.9887278 ], [ -40.9092702, -3.9892285 ], [ -40.8982575, -3.9932963 ], [ -40.8961222, -3.9919824 ], [ -40.8929721, -3.9935217 ], [ -40.891823, -3.9914864 ], [ -40.8847625, -3.9929063 ], [ -40.8811494, -3.9905311 ], [ -40.8762033, -3.9921599 ], [ -40.8729934, -3.9891624 ], [ -40.8697981, -3.9824651 ], [ -40.8668348, -3.9823701 ], [ -40.8632631, -3.9788448 ], [ -40.8554991, -3.9752493 ], [ -40.8457321, -3.9775294 ], [ -40.8376172, -3.9859311 ], [ -40.8344568, -3.9872438 ], [ -40.8331775, -3.9947302 ], [ -40.8345883, -4.0121056 ], [ -40.8388898, -4.01801 ], [ -40.8350166, -4.0246601 ], [ -40.8355462, -4.0398365 ], [ -40.8341322, -4.0435951 ] ] ] } },
{ "type": "Feature", "properties": { "CD_MUN": "2308203", "NM_MUN": "Meruoca", "CD_RGI": "230015", "NM_RGI": "Sobral", "CD_RGINT": "2306", "NM_RGINT": "Sobral", "CD_UF": "23", "NM_UF": "Ceará", "SIGLA_UF": "CE", "CD_REGIA": "2", "NM_REGIA": "Nordeste", "SIGLA_RG": "NE", "CD_CONCU": null, "NM_CONCU": null, "AREA_KM2": 151.651, "mun_upp": "MERUOCA", "has_qualif": 1, "municipio": "Meruoca", "REGIÃO DE PLANEJAMENTO": "Sertão de Sobral", "auxiliary_storage_labeling_positionx": null, "auxiliary_storage_labeling_positiony": null, "auxiliary_storage_labeling_lineanchorpercent": null, "auxiliary_storage_labeling_lineanchorclipping": null, "auxiliary_storage_labeling_lineanchortype": null, "auxiliary_storage_labeling_lineanchortextpoint": null, "auxiliary_storage_callouts_originx": null, "auxiliary_storage_callouts_originy": null, "auxiliary_storage_callouts_destinationx": null, "auxiliary_storage_callouts_destinationy": null }, "geometry": { "type": "Polygon", "coordinates": [ [ [ -40.4640673, -3.6404402 ], [ -40.4689849, -3.6352657 ], [ -40.4722923, -3.6392468 ], [ -40.4765296, -3.6360175 ], [ -40.4941807, -3.6320697 ], [ -40.4989585, -3.6297875 ], [ -40.5045428, -3.6240955 ], [ -40.5027528, -3.6237606 ], [ -40.4992451, -3.6179113 ], [ -40.4979407, -3.604674 ], [ -40.4813218, -3.5957675 ], [ -40.478909, -3.5916793 ], [ -40.4872468, -3.5854265 ], [ -40.4963935, -3.5841095 ], [ -40.4985239, -3.5775767 ], [ -40.476463, -3.557619 ], [ -40.4902674, -3.5538286 ], [ -40.4932884, -3.5509106 ], [ -40.5106283, -3.5492825 ], [ -40.5218008, -3.5450254 ], [ -40.5149458, -3.5322201 ], [ -40.5201707, -3.5133272 ], [ -40.5148441, -3.5115434 ], [ -40.5092071, -3.5131425 ], [ -40.5087122, -3.5092689 ], [ -40.5070118, -3.5079992 ], [ -40.4987483, -3.5104064 ], [ -40.4936372, -3.505124 ], [ -40.4874328, -3.5037213 ], [ -40.4830423, -3.4979727 ], [ -40.4777173, -3.4948501 ], [ -40.476576, -3.495209 ], [ -40.4757478, -3.5051414 ], [ -40.4683018, -3.5077804 ], [ -40.4666012, -3.5160703 ], [ -40.4633807, -3.5198125 ], [ -40.4581205, -3.5203912 ], [ -40.4552535, -3.5188545 ], [ -40.4338062, -3.5223374 ], [ -40.4126282, -3.5387829 ], [ -40.4154971, -3.5673214 ], [ -40.3793996, -3.597402 ], [ -40.3813882, -3.5995084 ], [ -40.3816464, -3.602909 ], [ -40.377885, -3.6066894 ], [ -40.3763426, -3.6118615 ], [ -40.3681195, -3.6161321 ], [ -40.3618556, -3.6155756 ], [ -40.3997883, -3.6271317 ], [ -40.3947193, -3.6311404 ], [ -40.3964937, -3.6370498 ], [ -40.400269, -3.6376101 ], [ -40.4010129, -3.6419185 ], [ -40.4048755, -3.6417669 ], [ -40.4064912, -3.6452961 ], [ -40.4125277, -3.6432146 ], [ -40.4237689, -3.6440298 ], [ -40.4278288, -3.6405432 ], [ -40.4347067, -3.6379836 ], [ -40.4490759, -3.6371393 ], [ -40.4527937, -3.6411055 ], [ -40.4640673, -3.6404402 ] ] ] } },
{ "type": "Feature", "properties": { "CD_MUN": "2311959", "NM_MUN": "Salitre", "CD_RGI": "230011", "NM_RGI": "Juazeiro do Norte", "CD_RGINT": "2304", "NM_RGINT": "Juazeiro do Norte", "CD_UF": "23", "NM_UF": "Ceará", "SIGLA_UF": "CE", "CD_REGIA": "2", "NM_REGIA": "Nordeste", "SIGLA_RG": "NE", "CD_CONCU": null, "NM_CONCU": null, "AREA_KM2": 806.253, "mun_upp": "SALITRE", "has_qualif": 1, "municipio": "Salitre", "REGIÃO DE PLANEJAMENTO": "Cariri", "auxiliary_storage_labeling_positionx": null, "auxiliary_storage_labeling_positiony": null, "auxiliary_storage_labeling_lineanchorpercent": null, "auxiliary_storage_labeling_lineanchorclipping": null, "auxiliary_storage_labeling_lineanchortype": null, "auxiliary_storage_labeling_lineanchortextpoint": null, "auxiliary_storage_callouts_originx": null, "auxiliary_storage_callouts_originy": null, "auxiliary_storage_callouts_destinationx": null, "auxiliary_storage_callouts_destinationy": null }, "geometry": { "type": "Polygon", "coordinates": [ [ [ -40.2441139, -7.3163417 ], [ -40.2629956, -7.3010209 ], [ -40.2838808, -7.2991745 ], [ -40.2965445, -7.3009515 ], [ -40.3107408, -7.3006974 ], [ -40.3185632, -7.3033404 ], [ -40.3293944, -7.3185579 ], [ -40.3507936, -7.3341714 ], [ -40.3554554, -7.3472757 ], [ -40.3609839, -7.3556007 ], [ -40.3727696, -7.3624404 ], [ -40.3874805, -7.3670348 ], [ -40.4003496, -7.3685323 ], [ -40.4335917, -7.3671782 ], [ -40.449055, -7.3611255 ], [ -40.5004686, -7.3279953 ], [ -40.5102865, -7.3228302 ], [ -40.5237232, -7.3184505 ], [ -40.5142687, -7.3078321 ], [ -40.5116313, -7.2994306 ], [ -40.5157994, -7.2644616 ], [ -40.5135611, -7.2397033 ], [ -40.5109597, -7.2338543 ], [ -40.5102684, -7.2243555 ], [ -40.5042512, -7.2047963 ], [ -40.5012969, -7.1886528 ], [ -40.4947919, -7.1823441 ], [ -40.4957103, -7.1696181 ], [ -40.4843697, -7.1331987 ], [ -40.4853014, -7.1270179 ], [ -40.4897393, -7.1186901 ], [ -40.4852507, -7.1110093 ], [ -40.4704331, -7.0939704 ], [ -40.4694212, -7.0876441 ], [ -40.4578033, -7.0784436 ], [ -40.4410436, -7.0797754 ], [ -40.4409193, -7.0829429 ], [ -40.4440274, -7.0841966 ], [ -40.4469213, -7.089293 ], [ -40.3348643, -7.1277427 ], [ -40.3296326, -7.1288975 ], [ -40.3203481, -7.1281383 ], [ -40.3247466, -7.116688 ], [ -40.3202779, -7.1087041 ], [ -40.3257035, -7.0988054 ], [ -40.3219373, -7.0904765 ], [ -40.3239014, -7.0819712 ], [ -40.314416, -7.0765919 ], [ -40.3089166, -7.0757779 ], [ -40.3007489, -7.0779702 ], [ -40.2946854, -7.0767429 ], [ -40.2906208, -7.0751031 ], [ -40.288049, -7.0719069 ], [ -40.2806472, -7.0695793 ], [ -40.2520463, -7.0678788 ], [ -40.2481406, -7.0631961 ], [ -40.2515634, -7.0602254 ], [ -40.2478897, -7.0550666 ], [ -40.2421047, -7.0512703 ], [ -40.2395842, -7.0473909 ], [ -40.2326855, -7.0435471 ], [ -40.2297473, -7.0397035 ], [ -40.2208607, -7.0376665 ], [ -40.2131401, -7.0293568 ], [ -40.1929882, -7.0255368 ], [ -40.1843855, -7.0208967 ], [ -40.1810335, -7.0172582 ], [ -40.1771726, -7.0191172 ], [ -40.1676653, -7.0146348 ], [ -40.1559665, -7.0151107 ], [ -40.1481739, -7.0086223 ], [ -40.1425487, -7.0072205 ], [ -40.1331926, -7.0009709 ], [ -40.1301869, -7.0024095 ], [ -40.1247109, -7.011903 ], [ -40.1204067, -7.0149227 ], [ -40.1222966, -7.0220734 ], [ -40.1244902, -7.0200998 ], [ -40.1230505, -7.0177638 ], [ -40.1281561, -7.019394 ], [ -40.143759, -7.0274594 ], [ -40.1428442, -7.0296093 ], [ -40.1461873, -7.032008 ], [ -40.1672903, -7.039013 ], [ -40.1647063, -7.0473675 ], [ -40.166737, -7.0500219 ], [ -40.1685807, -7.0590936 ], [ -40.177482, -7.0679712 ], [ -40.1752517, -7.0728774 ], [ -40.1761794, -7.0763341 ], [ -40.1744043, -7.077593 ], [ -40.182985, -7.0850832 ], [ -40.1871799, -7.0845235 ], [ -40.1930243, -7.0895772 ], [ -40.1949139, -7.0888832 ], [ -40.2047454, -7.0946725 ], [ -40.2076772, -7.0945787 ], [ -40.2106214, -7.0992228 ], [ -40.2140123, -7.0966067 ], [ -40.2200198, -7.1041515 ], [ -40.2227495, -7.1036992 ], [ -40.2253017, -7.1067936 ], [ -40.2276311, -7.1071464 ], [ -40.2279281, -7.1107493 ], [ -40.2288176, -7.1094676 ], [ -40.2320724, -7.111687 ], [ -40.2330581, -7.1103193 ], [ -40.2394402, -7.1122644 ], [ -40.2421798, -7.1279483 ], [ -40.255945, -7.1390779 ], [ -40.2625857, -7.1482706 ], [ -40.26199, -7.1626238 ], [ -40.2641234, -7.1691719 ], [ -40.2686291, -7.1747148 ], [ -40.2686911, -7.1783417 ], [ -40.2662442, -7.1864354 ], [ -40.2623634, -7.1921686 ], [ -40.2623271, -7.196392 ], [ -40.2522232, -7.2002304 ], [ -40.2509123, -7.2185088 ], [ -40.2488638, -7.2256329 ], [ -40.2530392, -7.2326128 ], [ -40.266758, -7.2484498 ], [ -40.2441139, -7.3163417 ] ] ] } },
{ "type": "Feature", "properties": { "CD_MUN": "2303402", "NM_MUN": "Carnaubal", "CD_RGI": "230016", "NM_RGI": "São Benedito - Ipu - Guaraciaba do Norte - Tianguá", "CD_RGINT": "2306", "NM_RGINT": "Sobral", "CD_UF": "23", "NM_UF": "Ceará", "SIGLA_UF": "CE", "CD_REGIA": "2", "NM_REGIA": "Nordeste", "SIGLA_RG": "NE", "CD_CONCU": null, "NM_CONCU": null, "AREA_KM2": 363.212, "mun_upp": "CARNAUBAL", "has_qualif": 1, "municipio": "Carnaubal", "REGIÃO DE PLANEJAMENTO": "Serra da Ibiapaba", "auxiliary_storage_labeling_positionx": null, "auxiliary_storage_labeling_positiony": null, "auxiliary_storage_labeling_lineanchorpercent": null, "auxiliary_storage_labeling_lineanchorclipping": null, "auxiliary_storage_labeling_lineanchortype": null, "auxiliary_storage_labeling_lineanchortextpoint": null, "auxiliary_storage_callouts_originx": null, "auxiliary_storage_callouts_originy": null, "auxiliary_storage_callouts_destinationx": null, "auxiliary_storage_callouts_destinationy": null }, "geometry": { "type": "Polygon", "coordinates": [ [ [ -40.9407915, -4.057602 ], [ -40.8912285, -4.1097364 ], [ -40.889567, -4.1164236 ], [ -40.8902827, -4.1307485 ], [ -40.886664, -4.1359821 ], [ -40.8867056, -4.1415279 ], [ -40.8968702, -4.1495146 ], [ -40.9008923, -4.1589504 ], [ -40.9753765, -4.2302113 ], [ -40.9757996, -4.2262223 ], [ -40.9841138, -4.2169157 ], [ -40.9840272, -4.2122641 ], [ -40.9860691, -4.2101458 ], [ -40.992388, -4.2083219 ], [ -41.0007373, -4.1951519 ], [ -41.0061936, -4.1899021 ], [ -41.0136255, -4.1984947 ], [ -41.0175087, -4.2003039 ], [ -41.0740564, -4.2004582 ], [ -41.0805582, -4.1904257 ], [ -41.0921968, -4.1868871 ], [ -41.0986531, -4.1812304 ], [ -41.0908856, -4.1703318 ], [ -41.1057572, -4.1696185 ], [ -41.1183295, -4.1652241 ], [ -41.1261503, -4.1528306 ], [ -41.1253297, -4.1449497 ], [ -41.1281146, -4.1393244 ], [ -41.1342747, -4.1316521 ], [ -41.1431399, -4.1242337 ], [ -41.1378876, -4.120155 ], [ -41.1343584, -4.1200762 ], [ -41.1340725, -4.1182624 ], [ -41.1312959, -4.1168777 ], [ -41.1302832, -4.1123021 ], [ -41.1255436, -4.1090569 ], [ -41.1260221, -4.1062426 ], [ -41.121606, -4.1010302 ], [ -41.1181043, -4.0911314 ], [ -41.115361, -4.0905698 ], [ -41.1148404, -4.0882461 ], [ -41.1058718, -4.0817184 ], [ -41.1065009, -4.0790151 ], [ -41.1044349, -4.0772645 ], [ -41.1054493, -4.0757631 ], [ -41.1034717, -4.0735995 ], [ -41.1037167, -4.0715086 ], [ -41.0981522, -4.0682542 ], [ -41.0951049, -4.0618897 ], [ -41.0889607, -4.0604672 ], [ -41.0868994, -4.0622799 ], [ -41.0680739, -4.0496383 ], [ -41.0628728, -4.049888 ], [ -41.0560004, -4.0560977 ], [ -41.048662, -4.0583037 ], [ -41.0441711, -4.0625849 ], [ -41.0416942, -4.0626154 ], [ -41.0397722, -4.06562 ], [ -41.0367169, -4.0651832 ], [ -41.0333816, -4.0669005 ], [ -41.0215973, -4.0623503 ], [ -41.000023, -4.0606176 ], [ -40.9855345, -4.0563399 ], [ -40.9830467, -4.0573426 ], [ -40.9777713, -4.0546355 ], [ -40.9727384, -4.0577218 ], [ -40.9678832, -4.0562275 ], [ -40.9646859, -4.0580134 ], [ -40.9525532, -4.0566656 ], [ -40.9407915, -4.057602 ] ] ] } },
{ "type": "Feature", "properties": { "CD_MUN": "2302107", "NM_MUN": "Baturité", "CD_RGI": "230003", "NM_RGI": "Redenção-Acarape", "CD_RGINT": "2301", "NM_RGINT": "Fortaleza", "CD_UF": "23", "NM_UF": "Ceará", "SIGLA_UF": "CE", "CD_REGIA": "2", "NM_REGIA": "Nordeste", "SIGLA_RG": "NE", "CD_CONCU": null, "NM_CONCU": null, "AREA_KM2": 314.075, "mun_upp": "BATURITÉ", "has_qualif": 1, "municipio": "Baturité", "REGIÃO DE PLANEJAMENTO": "Maciço de Baturité", "auxiliary_storage_labeling_positionx": null, "auxiliary_storage_labeling_positiony": null, "auxiliary_storage_labeling_lineanchorpercent": null, "auxiliary_storage_labeling_lineanchorclipping": null, "auxiliary_storage_labeling_lineanchortype": null, "auxiliary_storage_labeling_lineanchortextpoint": null, "auxiliary_storage_callouts_originx": null, "auxiliary_storage_callouts_originy": null, "auxiliary_storage_callouts_destinationx": null, "auxiliary_storage_callouts_destinationy": null }, "geometry": { "type": "Polygon", "coordinates": [ [ [ -38.8831943, -4.4320074 ], [ -38.8896042, -4.4287313 ], [ -38.8928445, -4.4243722 ], [ -38.8958829, -4.4245088 ], [ -38.8972453, -4.4206775 ], [ -38.8997349, -4.4188129 ], [ -38.9031383, -4.4191784 ], [ -38.9039442, -4.4175829 ], [ -38.9081841, -4.4165614 ], [ -38.9126696, -4.4085555 ], [ -38.922794, -4.4104664 ], [ -38.9435309, -4.3867413 ], [ -38.9200531, -4.3569908 ], [ -38.9250904, -4.3539015 ], [ -38.9296833, -4.354433 ], [ -38.9328651, -4.3528997 ], [ -38.9363511, -4.3530487 ], [ -38.9378914, -4.3556828 ], [ -38.939936, -4.3526249 ], [ -38.9452652, -4.3499984 ], [ -38.9487525, -4.3515664 ], [ -38.9531581, -4.3504776 ], [ -38.9511427, -4.3569702 ], [ -38.9530386, -4.3546545 ], [ -38.9539922, -4.3582989 ], [ -38.9579924, -4.3583709 ], [ -38.959202, -4.3568764 ], [ -38.9524922, -4.3420529 ], [ -38.9483538, -4.3389331 ], [ -38.9465473, -4.3328691 ], [ -38.9468901, -4.3238467 ], [ -38.9353388, -4.3253171 ], [ -38.9337008, -4.3241037 ], [ -38.9159063, -4.2915315 ], [ -38.9162056, -4.2849522 ], [ -38.914757, -4.2811408 ], [ -38.9176872, -4.2751839 ], [ -38.9227238, -4.2771289 ], [ -38.9249466, -4.2761886 ], [ -38.9182767, -4.2709578 ], [ -38.919422, -4.2675025 ], [ -38.916662, -4.2638163 ], [ -38.9144699, -4.2635599 ], [ -38.9133625, -4.2653664 ], [ -38.9086854, -4.2634541 ], [ -38.9051085, -4.2683667 ], [ -38.8912397, -4.2770241 ], [ -38.8876045, -4.269939 ], [ -38.8919926, -4.2610447 ], [ -38.8901886, -4.2598847 ], [ -38.8778928, -4.2630565 ], [ -38.874896, -4.261467 ], [ -38.8712814, -4.2521839 ], [ -38.8733516, -4.2489575 ], [ -38.8735297, -4.2449692 ], [ -38.8706595, -4.2430762 ], [ -38.8628393, -4.2441836 ], [ -38.8596667, -4.239294 ], [ -38.8602787, -4.2332376 ], [ -38.8592229, -4.2310448 ], [ -38.8556918, -4.2300457 ], [ -38.8537318, -4.2250985 ], [ -38.847897, -4.2309363 ], [ -38.8400846, -4.2326677 ], [ -38.8397073, -4.2374344 ], [ -38.8418889, -4.2394221 ], [ -38.8408646, -4.2459532 ], [ -38.8379692, -4.2475503 ], [ -38.833512, -4.2468197 ], [ -38.829917, -4.2509173 ], [ -38.8242193, -4.2494767 ], [ -38.8094547, -4.25029 ], [ -38.805073, -4.2542151 ], [ -38.8049609, -4.2564327 ], [ -38.8023022, -4.2573945 ], [ -38.8045241, -4.2659118 ], [ -38.8007641, -4.2724323 ], [ -38.7968484, -4.2736781 ], [ -38.7871852, -4.2700598 ], [ -38.7816183, -4.2732655 ], [ -38.7800806, -4.2805308 ], [ -38.7845927, -4.2817349 ], [ -38.7894199, -4.2883707 ], [ -38.7953935, -4.2896182 ], [ -38.7961065, -4.2926525 ], [ -38.7945947, -4.2949115 ], [ -38.7956298, -4.2957187 ], [ -38.7655713, -4.3055498 ], [ -38.7789112, -4.3093169 ], [ -38.7872049, -4.3209505 ], [ -38.7951812, -4.3234345 ], [ -38.7978834, -4.3229066 ], [ -38.79897, -4.3170317 ], [ -38.8020634, -4.3155506 ], [ -38.806494, -4.3149122 ], [ -38.811297, -4.3167661 ], [ -38.8237013, -4.3139441 ], [ -38.8416067, -4.3611994 ], [ -38.842272, -4.4541597 ], [ -38.8306894, -4.4437367 ], [ -38.8266171, -4.4442803 ], [ -38.8259318, -4.4426944 ], [ -38.8227239, -4.4438246 ], [ -38.8214961, -4.4423762 ], [ -38.8135726, -4.441327 ], [ -38.8198819, -4.4463883 ], [ -38.8196661, -4.4511815 ], [ -38.8221632, -4.45573 ], [ -38.8221765, -4.4599285 ], [ -38.8295741, -4.4666982 ], [ -38.8338727, -4.4741593 ], [ -38.7909393, -4.5101466 ], [ -38.7855673, -4.5123284 ], [ -38.7868444, -4.5157418 ], [ -38.783923, -4.5152484 ], [ -38.7791119, -4.5175057 ], [ -38.776095, -4.5165294 ], [ -38.7736529, -4.5274435 ], [ -38.7623542, -4.5248129 ], [ -38.7597057, -4.527798 ], [ -38.7557948, -4.5258579 ], [ -38.7472496, -4.5271714 ], [ -38.7657138, -4.623237 ], [ -38.8005905, -4.5829249 ], [ -38.8530722, -4.4441265 ], [ -38.8559923, -4.4430657 ], [ -38.855653, -4.4404925 ], [ -38.8603991, -4.4392308 ], [ -38.8595588, -4.4373456 ], [ -38.861509, -4.4338992 ], [ -38.8650981, -4.4346239 ], [ -38.8665239, -4.429807 ], [ -38.874075, -4.4290699 ], [ -38.8765244, -4.4318228 ], [ -38.8831943, -4.4320074 ] ] ] } },
{ "type": "Feature", "properties": { "CD_MUN": "2314102", "NM_MUN": "Viçosa do Ceará", "CD_RGI": "230016", "NM_RGI": "São Benedito - Ipu - Guaraciaba do Norte - Tianguá", "CD_RGINT": "2306", "NM_RGINT": "Sobral", "CD_UF": "23", "NM_UF": "Ceará", "SIGLA_UF": "CE", "CD_REGIA": "2", "NM_REGIA": "Nordeste", "SIGLA_RG": "NE", "CD_CONCU": null, "NM_CONCU": null, "AREA_KM2": 1310.91, "mun_upp": "VIÇOSA DO CEARÁ", "has_qualif": 1, "municipio": "Viçosa do Ceará", "REGIÃO DE PLANEJAMENTO": "Serra da Ibiapaba", "auxiliary_storage_labeling_positionx": null, "auxiliary_storage_labeling_positiony": null, "auxiliary_storage_labeling_lineanchorpercent": null, "auxiliary_storage_labeling_lineanchorclipping": null, "auxiliary_storage_labeling_lineanchortype": null, "auxiliary_storage_labeling_lineanchortextpoint": null, "auxiliary_storage_callouts_originx": null, "auxiliary_storage_callouts_originy": null, "auxiliary_storage_callouts_destinationx": null, "auxiliary_storage_callouts_destinationy": null }, "geometry": { "type": "Polygon", "coordinates": [ [ [ -41.0255636, -3.6536149 ], [ -41.0385621, -3.6653611 ], [ -41.0427307, -3.6661409 ], [ -41.0458351, -3.664842 ], [ -41.0517437, -3.6664073 ], [ -41.0525479, -3.669276 ], [ -41.0603933, -3.674377 ], [ -41.0626309, -3.6740968 ], [ -41.0644481, -3.6774056 ], [ -41.07439, -3.683269 ], [ -41.0803682, -3.6908213 ], [ -41.0876797, -3.6895725 ], [ -41.0989967, -3.6973316 ], [ -41.1090934, -3.699712 ], [ -41.1134519, -3.7027615 ], [ -41.1203341, -3.7115828 ], [ -41.1296007, -3.7123417 ], [ -41.1349643, -3.7019589 ], [ -41.1403094, -3.700914 ], [ -41.1468462, -3.6962317 ], [ -41.1504395, -3.6954835 ], [ -41.1566297, -3.6953249 ], [ -41.164077, -3.699086 ], [ -41.1720573, -3.6978322 ], [ -41.1892075, -3.7038888 ], [ -41.1923909, -3.7027691 ], [ -41.1963222, -3.6960016 ], [ -41.1999276, -3.6995987 ], [ -41.2048866, -3.7010876 ], [ -41.2085133, -3.7089718 ], [ -41.2125978, -3.7101687 ], [ -41.2212197, -3.7189091 ], [ -41.2246516, -3.7134319 ], [ -41.2392948, -3.7127754 ], [ -41.2417764, -3.7109519 ], [ -41.2453732, -3.7108766 ], [ -41.2554322, -3.7032602 ], [ -41.2717402, -3.7033608 ], [ -41.2793342, -3.7007474 ], [ -41.286078, -3.6922381 ], [ -41.2908016, -3.689689 ], [ -41.3076646, -3.6848034 ], [ -41.3265429, -3.6873195 ], [ -41.3417478, -3.6807726 ], [ -41.3432822, -3.6781684 ], [ -41.3436927, -3.6759732 ], [ -41.3400222, -3.6739739 ], [ -41.337348, -3.6546624 ], [ -41.333971, -3.647729 ], [ -41.3311298, -3.6332863 ], [ -41.3313155, -3.6246843 ], [ -41.3449041, -3.5887389 ], [ -41.349323, -3.5859702 ], [ -41.3620082, -3.5831799 ], [ -41.3680228, -3.5785359 ], [ -41.3713131, -3.5726272 ], [ -41.3712461, -3.5677937 ], [ -41.3646614, -3.5579986 ], [ -41.3559967, -3.5570974 ], [ -41.3501797, -3.5538754 ], [ -41.3453604, -3.5554387 ], [ -41.3368693, -3.5538936 ], [ -41.3316444, -3.5460761 ], [ -41.3311639, -3.5414359 ], [ -41.3256787, -3.5364128 ], [ -41.327086, -3.5308993 ], [ -41.3260514, -3.5082507 ], [ -41.3210691, -3.498281 ], [ -41.2991727, -3.4910407 ], [ -41.2881775, -3.4792135 ], [ -41.276847, -3.482145 ], [ -41.2707386, -3.4783927 ], [ -41.2613801, -3.4799899 ], [ -41.2590019, -3.4708469 ], [ -41.2534973, -3.4682051 ], [ -41.2512757, -3.464838 ], [ -41.2506461, -3.4628303 ], [ -41.2532632, -3.4598104 ], [ -41.2493385, -3.4609319 ], [ -41.2455448, -3.4570662 ], [ -41.2415784, -3.4556405 ], [ -41.2395138, -3.4583003 ], [ -41.2366658, -3.4582879 ], [ -41.2360944, -3.4556881 ], [ -41.2344881, -3.4558115 ], [ -41.2349436, -3.4490977 ], [ -41.2321448, -3.4490303 ], [ -41.2279071, -3.4457632 ], [ -41.2272614, -3.4444731 ], [ -41.2288645, -3.4429625 ], [ -41.2266446, -3.4432978 ], [ -41.2200845, -3.4391225 ], [ -41.2239254, -3.4367312 ], [ -41.2348212, -3.4343664 ], [ -41.2291481, -3.4266875 ], [ -41.2237775, -3.4262982 ], [ -41.2200223, -3.4237407 ], [ -41.2194238, -3.4209696 ], [ -41.2168025, -3.4237886 ], [ -41.2137719, -3.4224753 ], [ -41.2106931, -3.4250657 ], [ -41.2082919, -3.4242102 ], [ -41.2052508, -3.4183044 ], [ -41.204617, -3.4159522 ], [ -41.2061576, -3.415145 ], [ -41.2039745, -3.4097538 ], [ -41.1773329, -3.379144 ], [ -41.1701669, -3.2878929 ], [ -41.1490822, -3.3634064 ], [ -41.1415104, -3.3595495 ], [ -41.1362611, -3.3610197 ], [ -41.1262398, -3.3585061 ], [ -41.1214878, -3.3623534 ], [ -41.1151461, -3.361927 ], [ -41.1128662, -3.3643049 ], [ -41.1030003, -3.3669719 ], [ -41.0979179, -3.3700309 ], [ -41.0878088, -3.3720632 ], [ -41.0488993, -3.3914765 ], [ -41.0517073, -3.4020378 ], [ -41.0235939, -3.409613 ], [ -41.0034961, -3.4230461 ], [ -40.8867233, -3.5203942 ], [ -40.8768744, -3.5325409 ], [ -40.894597, -3.5494109 ], [ -40.9007633, -3.5491829 ], [ -40.907434, -3.5515512 ], [ -40.9161514, -3.5681493 ], [ -40.9303627, -3.5778577 ], [ -40.9335145, -3.5849643 ], [ -40.9394231, -3.5858485 ], [ -40.9460997, -3.5895442 ], [ -40.9541352, -3.6011176 ], [ -40.9602036, -3.6046212 ], [ -40.9686514, -3.6133945 ], [ -40.9836919, -3.6215409 ], [ -40.998692, -3.6238723 ], [ -41.0044149, -3.627735 ], [ -41.0101415, -3.6331765 ], [ -41.0120854, -3.6400617 ], [ -41.0073782, -3.6433734 ], [ -41.0044571, -3.6431996 ], [ -41.0061916, -3.6475485 ], [ -41.0241693, -3.6470058 ], [ -41.0255636, -3.6536149 ] ] ] } },
{ "type": "Feature", "properties": { "CD_MUN": "2306504", "NM_MUN": "Itapiúna", "CD_RGI": "230003", "NM_RGI": "Redenção-Acarape", "CD_RGINT": "2301", "NM_RGINT": "Fortaleza", "CD_UF": "23", "NM_UF": "Ceará", "SIGLA_UF": "CE", "CD_REGIA": "2", "NM_REGIA": "Nordeste", "SIGLA_RG": "NE", "CD_CONCU": null, "NM_CONCU": null, "AREA_KM2": 593.231, "mun_upp": "ITAPIÚNA", "has_qualif": 1, "municipio": "Itapiúna", "REGIÃO DE PLANEJAMENTO": "Maciço de Baturité", "auxiliary_storage_labeling_positionx": null, "auxiliary_storage_labeling_positiony": null, "auxiliary_storage_labeling_lineanchorpercent": null, "auxiliary_storage_labeling_lineanchorclipping": null, "auxiliary_storage_labeling_lineanchortype": null, "auxiliary_storage_labeling_lineanchortextpoint": null, "auxiliary_storage_callouts_originx": null, "auxiliary_storage_callouts_originy": null, "auxiliary_storage_callouts_destinationx": null, "auxiliary_storage_callouts_destinationy": null }, "geometry": { "type": "Polygon", "coordinates": [ [ [ -38.8400106, -4.582734 ], [ -38.8332698, -4.5809896 ], [ -38.8290917, -4.5770057 ], [ -38.8222796, -4.5757306 ], [ -38.8154752, -4.5816555 ], [ -38.8067934, -4.5791925 ], [ -38.8033868, -4.5804937 ], [ -38.7657138, -4.623237 ], [ -38.7689464, -4.6307544 ], [ -38.7724471, -4.6321467 ], [ -38.7761803, -4.6276147 ], [ -38.7821631, -4.6305303 ], [ -38.7837413, -4.6351157 ], [ -38.7827529, -4.6406317 ], [ -38.7876772, -4.6397205 ], [ -38.7900019, -4.6462038 ], [ -38.7921659, -4.64786 ], [ -38.8022712, -4.6493567 ], [ -38.8045925, -4.6587067 ], [ -38.8120655, -4.66435 ], [ -38.8149089, -4.6723833 ], [ -38.823525, -4.6714669 ], [ -38.8309944, -4.6682518 ], [ -38.8346376, -4.6704539 ], [ -38.8378438, -4.6697401 ], [ -38.8396194, -4.6716097 ], [ -38.8461101, -4.6713852 ], [ -38.85307, -4.6674474 ], [ -38.8582236, -4.6670148 ], [ -38.8696622, -4.6779126 ], [ -38.8757416, -4.6813348 ], [ -38.8777815, -4.6861636 ], [ -38.8753515, -4.6899273 ], [ -38.8809466, -4.6937115 ], [ -38.8834309, -4.7089955 ], [ -38.8871465, -4.7099479 ], [ -38.8912588, -4.7148097 ], [ -38.9050552, -4.7130404 ], [ -38.9013823, -4.7198933 ], [ -38.905657, -4.7212771 ], [ -38.911932, -4.7290304 ], [ -38.9175504, -4.7312427 ], [ -38.9251799, -4.7397171 ], [ -38.9437605, -4.7407936 ], [ -38.946628, -4.7249544 ], [ -38.94974, -4.7217811 ], [ -38.9512165, -4.7169728 ], [ -38.9596568, -4.7120239 ], [ -38.9650881, -4.7049487 ], [ -38.9609787, -4.6958837 ], [ -38.949245, -4.68402 ], [ -38.952021, -4.6792218 ], [ -38.9505036, -4.6716021 ], [ -38.9531514, -4.6641065 ], [ -38.9646157, -4.665279 ], [ -38.9719082, -4.6692832 ], [ -38.9774659, -4.6697059 ], [ -38.9773985, -4.6589744 ], [ -38.9851697, -4.6531671 ], [ -38.9919446, -4.6531283 ], [ -38.9940678, -4.6465863 ], [ -38.9970855, -4.6464188 ], [ -39.0002941, -4.6495574 ], [ -39.0065561, -4.6507961 ], [ -39.0128896, -4.6426053 ], [ -39.0202907, -4.6426785 ], [ -39.025163, -4.6398613 ], [ -39.0262068, -4.643718 ], [ -39.0287713, -4.6440889 ], [ -39.0321945, -4.6438554 ], [ -39.0392315, -4.6395091 ], [ -39.0480102, -4.639902 ], [ -39.0552748, -4.6488506 ], [ -39.0655987, -4.6539017 ], [ -39.0730829, -4.6491781 ], [ -39.0784432, -4.6386157 ], [ -39.0891959, -4.6389555 ], [ -39.0955718, -4.6439289 ], [ -39.100962, -4.6361265 ], [ -39.1044514, -4.6401847 ], [ -39.1127236, -4.6432098 ], [ -39.113391, -4.6398691 ], [ -39.1191212, -4.6338647 ], [ -39.1191973, -4.6256127 ], [ -39.1297993, -4.6281468 ], [ -39.0655891, -4.5611042 ], [ -39.0686615, -4.5549201 ], [ -39.0679861, -4.55228 ], [ -39.0707865, -4.5511594 ], [ -39.0704452, -4.5460627 ], [ -39.0750418, -4.5488587 ], [ -39.077129, -4.5481395 ], [ -39.0752888, -4.544347 ], [ -39.0777902, -4.5417347 ], [ -39.0762705, -4.5385616 ], [ -39.0820593, -4.5394755 ], [ -39.0858666, -4.5370683 ], [ -39.0815811, -4.5315442 ], [ -39.0867644, -4.520841 ], [ -39.0842785, -4.5182029 ], [ -39.0843417, -4.5131895 ], [ -39.0820584, -4.5100352 ], [ -39.0832282, -4.5074829 ], [ -39.0824397, -4.5041025 ], [ -39.0875511, -4.4994304 ], [ -39.0886696, -4.4937395 ], [ -39.0791882, -4.4856205 ], [ -39.083905, -4.4802353 ], [ -39.0850401, -4.4716475 ], [ -39.0283578, -4.4603347 ], [ -39.029246, -4.46335 ], [ -39.0345031, -4.4675018 ], [ -39.035338, -4.4712957 ], [ -39.033462, -4.4744066 ], [ -39.0354813, -4.4764689 ], [ -39.0329533, -4.4782044 ], [ -39.0332397, -4.4812443 ], [ -39.0296802, -4.4843173 ], [ -39.0274504, -4.4894003 ], [ -39.0282747, -4.4906397 ], [ -39.0265396, -4.491378 ], [ -39.0288698, -4.4984816 ], [ -39.0260365, -4.4993259 ], [ -39.0263871, -4.5017912 ], [ -39.020753, -4.5063013 ], [ -39.0224269, -4.5085895 ], [ -39.0180888, -4.5141943 ], [ -39.0135349, -4.514151 ], [ -39.0136976, -4.5081702 ], [ -39.0153217, -4.5086565 ], [ -39.0167192, -4.5058049 ], [ -39.0153091, -4.5022152 ], [ -39.0130933, -4.5018249 ], [ -39.013194, -4.4990599 ], [ -39.0095933, -4.4968614 ], [ -39.0105753, -4.4958919 ], [ -39.0069117, -4.4909677 ], [ -39.0073083, -4.4860498 ], [ -39.0040564, -4.4815675 ], [ -38.9988121, -4.4808219 ], [ -38.9909503, -4.4928812 ], [ -38.9819804, -4.4963713 ], [ -38.9749324, -4.4953429 ], [ -38.970067, -4.4912315 ], [ -38.9551278, -4.4911625 ], [ -38.9479771, -4.4876938 ], [ -38.9363942, -4.4967734 ], [ -38.9378664, -4.5033173 ], [ -38.9329598, -4.5189689 ], [ -38.9313618, -4.5189209 ], [ -38.9288816, -4.5148994 ], [ -38.924801, -4.5144913 ], [ -38.922815, -4.5117822 ], [ -38.920142, -4.5134257 ], [ -38.9180345, -4.5121942 ], [ -38.9149372, -4.5209082 ], [ -38.9064299, -4.5265089 ], [ -38.891241, -4.5284217 ], [ -38.8856314, -4.527849 ], [ -38.8796017, -4.5239987 ], [ -38.8732624, -4.5262863 ], [ -38.8710146, -4.5288876 ], [ -38.8689019, -4.5469572 ], [ -38.865746, -4.5507919 ], [ -38.859588, -4.5507011 ], [ -38.8558274, -4.5525646 ], [ -38.8446053, -4.5494575 ], [ -38.8380408, -4.550333 ], [ -38.836974, -4.5556799 ], [ -38.8407145, -4.5614607 ], [ -38.8377702, -4.5691217 ], [ -38.8400106, -4.582734 ] ] ] } },
{ "type": "Feature", "properties": { "CD_MUN": "2311108", "NM_MUN": "Porteiras", "CD_RGI": "230012", "NM_RGI": "Brejo Santo", "CD_RGINT": "2304", "NM_RGINT": "Juazeiro do Norte", "CD_UF": "23", "NM_UF": "Ceará", "SIGLA_UF": "CE", "CD_REGIA": "2", "NM_REGIA": "Nordeste", "SIGLA_RG": "NE", "CD_CONCU": null, "NM_CONCU": null, "AREA_KM2": 224.86, "mun_upp": "PORTEIRAS", "has_qualif": 1, "municipio": "Porteiras", "REGIÃO DE PLANEJAMENTO": "Cariri", "auxiliary_storage_labeling_positionx": null, "auxiliary_storage_labeling_positiony": null, "auxiliary_storage_labeling_lineanchorpercent": null, "auxiliary_storage_labeling_lineanchorclipping": null, "auxiliary_storage_labeling_lineanchortype": null, "auxiliary_storage_labeling_lineanchortextpoint": null, "auxiliary_storage_callouts_originx": null, "auxiliary_storage_callouts_originy": null, "auxiliary_storage_callouts_destinationx": null, "auxiliary_storage_callouts_destinationy": null }, "geometry": { "type": "Polygon", "coordinates": [ [ [ -39.0725537, -7.6261523 ], [ -39.1708518, -7.5628256 ], [ -39.1949002, -7.5035995 ], [ -39.1872473, -7.473946 ], [ -39.153497, -7.4509129 ], [ -39.0983926, -7.4834797 ], [ -39.0884097, -7.4855764 ], [ -39.0299117, -7.5329789 ], [ -39.0318518, -7.6097577 ], [ -39.0306214, -7.6150498 ], [ -39.0312626, -7.6243013 ], [ -39.0271612, -7.634273 ], [ -39.0366029, -7.6373297 ], [ -39.0407201, -7.6416133 ], [ -39.045566, -7.6423667 ], [ -39.0535122, -7.6297318 ], [ -39.0559604, -7.6309937 ], [ -39.0618677, -7.6266709 ], [ -39.064902, -7.6205768 ], [ -39.0690133, -7.6217975 ], [ -39.0725537, -7.6261523 ] ] ] } },
{ "type": "Feature", "properties": { "CD_MUN": "2301703", "NM_MUN": "Aurora", "CD_RGI": "230011", "NM_RGI": "Juazeiro do Norte", "CD_RGINT": "2304", "NM_RGINT": "Juazeiro do Norte", "CD_UF": "23", "NM_UF": "Ceará", "SIGLA_UF": "CE", "CD_REGIA": "2", "NM_REGIA": "Nordeste", "SIGLA_RG": "NE", "CD_CONCU": null, "NM_CONCU": null, "AREA_KM2": 885.87, "mun_upp": "AURORA", "has_qualif": 1, "municipio": "Aurora", "REGIÃO DE PLANEJAMENTO": "Cariri", "auxiliary_storage_labeling_positionx": null, "auxiliary_storage_labeling_positiony": null, "auxiliary_storage_labeling_lineanchorpercent": null, "auxiliary_storage_labeling_lineanchorclipping": null, "auxiliary_storage_labeling_lineanchortype": null, "auxiliary_storage_labeling_lineanchortextpoint": null, "auxiliary_storage_callouts_originx": null, "auxiliary_storage_callouts_originy": null, "auxiliary_storage_callouts_destinationx": null, "auxiliary_storage_callouts_destinationy": null }, "geometry": { "type": "Polygon", "coordinates": [ [ [ -38.8561528, -6.9775291 ], [ -38.9089741, -7.082704 ], [ -38.9578729, -7.0817465 ], [ -39.0254536, -7.1501061 ], [ -39.0310727, -7.1519711 ], [ -39.0318649, -7.1490667 ], [ -39.0387179, -7.14931 ], [ -39.0413498, -7.1471677 ], [ -39.0418116, -7.1421296 ], [ -39.0482849, -7.1420571 ], [ -39.05132, -7.1376577 ], [ -39.0613172, -7.1404616 ], [ -39.0676035, -7.1470928 ], [ -39.0722025, -7.1470784 ], [ -39.0705153, -7.1459646 ], [ -39.0726048, -7.1421537 ], [ -39.0733513, -7.1462363 ], [ -39.0756547, -7.1463716 ], [ -39.0757869, -7.1484558 ], [ -39.0787796, -7.1507918 ], [ -39.0774864, -7.1557943 ], [ -39.0898107, -7.1574285 ], [ -39.0910885, -7.1562256 ], [ -39.0897656, -7.161949 ], [ -39.0907064, -7.1631605 ], [ -39.0950986, -7.1578782 ], [ -39.0960579, -7.1538515 ], [ -39.1003164, -7.1560451 ], [ -39.1028459, -7.1547671 ], [ -39.1015483, -7.1562796 ], [ -39.1023784, -7.1583683 ], [ -39.1042765, -7.1581794 ], [ -39.1051666, -7.1559174 ], [ -39.1081379, -7.1556295 ], [ -39.1092525, -7.1570743 ], [ -39.1107912, -7.1558642 ], [ -39.1121501, -7.1584338 ], [ -39.1150909, -7.1552608 ], [ -39.1177118, -7.1463088 ], [ -39.1219637, -7.1448718 ], [ -39.1219052, -7.1427616 ], [ -39.1292797, -7.1439968 ], [ -39.1337122, -7.1424733 ], [ -39.1319212, -7.1394822 ], [ -39.1363413, -7.1362167 ], [ -39.1349942, -7.135693 ], [ -39.1358424, -7.1307516 ], [ -39.1327021, -7.1297927 ], [ -39.1262815, -7.1239255 ], [ -39.1159174, -7.1011308 ], [ -39.1143191, -7.0920393 ], [ -39.1104127, -7.0882748 ], [ -39.1149872, -7.0823369 ], [ -39.128196, -7.0782624 ], [ -39.1337993, -7.0784304 ], [ -39.13734, -7.0716438 ], [ -39.1392583, -7.0706685 ], [ -39.1400511, -7.0664623 ], [ -39.1572727, -7.0335753 ], [ -39.1555975, -7.013382 ], [ -39.1624223, -7.0060679 ], [ -39.161527, -6.9994666 ], [ -39.1553749, -6.9944684 ], [ -39.1545234, -6.9905229 ], [ -39.1506107, -6.9883531 ], [ -39.1490215, -6.9832652 ], [ -39.12861, -6.9798546 ], [ -39.1157987, -6.9658013 ], [ -39.1104648, -6.9627288 ], [ -39.10644, -6.9634027 ], [ -39.1021148, -6.9610336 ], [ -39.1005461, -6.9534734 ], [ -39.0927433, -6.9437198 ], [ -39.0901573, -6.9428913 ], [ -39.0868198, -6.9373172 ], [ -39.0908216, -6.9353083 ], [ -39.0865326, -6.9312393 ], [ -39.0714592, -6.9300504 ], [ -39.0745564, -6.9266857 ], [ -39.0671046, -6.9208539 ], [ -39.0701856, -6.918089 ], [ -39.0691417, -6.9172678 ], [ -39.0644643, -6.9163005 ], [ -39.0607595, -6.9115265 ], [ -39.0449992, -6.9083704 ], [ -39.0427978, -6.9061787 ], [ -39.0443616, -6.9019957 ], [ -39.0434174, -6.9001703 ], [ -39.0208584, -6.895257 ], [ -39.021136, -6.8902403 ], [ -39.015212, -6.8812007 ], [ -39.0145185, -6.8774357 ], [ -39.0065749, -6.8738338 ], [ -38.9989807, -6.873794 ], [ -38.9956969, -6.8709481 ], [ -38.9888317, -6.8685538 ], [ -38.9783428, -6.8684546 ], [ -38.9808683, -6.8640259 ], [ -38.9790882, -6.8612802 ], [ -38.9732489, -6.8632857 ], [ -38.9691128, -6.8620308 ], [ -38.9608337, -6.8628133 ], [ -38.9507085, -6.8672629 ], [ -38.944494, -6.8664264 ], [ -38.9311379, -6.8609175 ], [ -38.920252, -6.8612071 ], [ -38.8832249, -6.8567163 ], [ -38.8673673, -6.8605993 ], [ -38.8629334, -6.8564495 ], [ -38.8475102, -6.8602483 ], [ -38.8344931, -6.8574174 ], [ -38.8196712, -6.8567299 ], [ -38.8162184, -6.8633849 ], [ -38.812886, -6.8648662 ], [ -38.7859804, -6.8631408 ], [ -38.779458, -6.8674075 ], [ -38.7741879, -6.8684498 ], [ -38.773593, -6.8766434 ], [ -38.7757589, -6.8845714 ], [ -38.783728, -6.8883563 ], [ -38.785476, -6.8918913 ], [ -38.7861419, -6.8946932 ], [ -38.783203, -6.8967053 ], [ -38.7846808, -6.9049588 ], [ -38.7786476, -6.9072483 ], [ -38.775003, -6.9057332 ], [ -38.7682168, -6.90755 ], [ -38.7592236, -6.9154828 ], [ -38.7587671, -6.9252777 ], [ -38.7624094, -6.9265442 ], [ -38.7583007, -6.9312599 ], [ -38.7552435, -6.9391261 ], [ -38.7640248, -6.9446171 ], [ -38.7656034, -6.9494655 ], [ -38.7573015, -6.9581767 ], [ -38.7502577, -6.9584958 ], [ -38.7469655, -6.9605801 ], [ -38.7459684, -6.9625348 ], [ -38.7480759, -6.9667046 ], [ -38.7462151, -6.9703741 ], [ -38.7425175, -6.9721448 ], [ -38.7422504, -6.9742785 ], [ -38.7489655, -6.9807992 ], [ -38.7510746, -6.9876727 ], [ -38.754688, -6.989622 ], [ -38.7609649, -6.9900533 ], [ -38.764807, -6.994153 ], [ -38.7704785, -6.9941523 ], [ -38.7733208, -7.000883 ], [ -38.781068, -7.0005793 ], [ -38.7901734, -6.9952425 ], [ -38.8034724, -6.9901639 ], [ -38.8254895, -6.9889546 ], [ -38.8287216, -6.9839678 ], [ -38.8315078, -6.9827892 ], [ -38.853339, -6.9806381 ], [ -38.8561528, -6.9775291 ] ] ] } },
{ "type": "Feature", "properties": { "CD_MUN": "2300408", "NM_MUN": "Aiuaba", "CD_RGI": "230011", "NM_RGI": "Juazeiro do Norte", "CD_RGINT": "2304", "NM_RGINT": "Juazeiro do Norte", "CD_UF": "23", "NM_UF": "Ceará", "SIGLA_UF": "CE", "CD_REGIA": "2", "NM_REGIA": "Nordeste", "SIGLA_RG": "NE", "CD_CONCU": null, "NM_CONCU": null, "AREA_KM2": 2438.563, "mun_upp": "AIUABA", "has_qualif": 1, "municipio": "Aiuaba", "REGIÃO DE PLANEJAMENTO": "Sertão dos Inhamuns", "auxiliary_storage_labeling_positionx": null, "auxiliary_storage_labeling_positiony": null, "auxiliary_storage_labeling_lineanchorpercent": null, "auxiliary_storage_labeling_lineanchorclipping": null, "auxiliary_storage_labeling_lineanchortype": null, "auxiliary_storage_labeling_lineanchortextpoint": null, "auxiliary_storage_callouts_originx": null, "auxiliary_storage_callouts_originy": null, "auxiliary_storage_callouts_destinationx": null, "auxiliary_storage_callouts_destinationy": null }, "geometry": { "type": "Polygon", "coordinates": [ [ [ -40.447981804962566, -6.497078378120038 ], [ -40.4424034, -6.4898573 ], [ -40.4239742, -6.4854736 ], [ -40.3911973, -6.4746403 ], [ -40.3902668, -6.4684054 ], [ -40.3873564, -6.4644514 ], [ -40.38365, -6.4638111 ], [ -40.3690245, -6.4510866 ], [ -40.3680167, -6.4431427 ], [ -40.3700534, -6.4385768 ], [ -40.3664547, -6.4344544 ], [ -40.3659641, -6.4295968 ], [ -40.3591779, -6.4244394 ], [ -40.3522408, -6.4158246 ], [ -40.3481427, -6.4142284 ], [ -40.3472214, -6.4099296 ], [ -40.3446374, -6.4096492 ], [ -40.3394402, -6.4144404 ], [ -40.3349688, -6.4063432 ], [ -40.3274069, -6.401871 ], [ -40.3236302, -6.4028247 ], [ -40.3177295, -6.399186 ], [ -40.3129337, -6.3982507 ], [ -40.3122268, -6.402452 ], [ -40.30793, -6.4030444 ], [ -40.3071728, -6.3959221 ], [ -40.2957006, -6.3919311 ], [ -40.2894923, -6.3871049 ], [ -40.2852503, -6.3808034 ], [ -40.2827588, -6.38128 ], [ -40.27575, -6.38731 ], [ -40.2717797, -6.3880513 ], [ -40.2685326, -6.3856305 ], [ -40.2609996, -6.3862353 ], [ -40.2579689, -6.3842326 ], [ -40.2572347, -6.382344 ], [ -40.2609266, -6.3788303 ], [ -40.2599487, -6.377085 ], [ -40.2561114, -6.376154 ], [ -40.2502692, -6.3802552 ], [ -40.2507062, -6.3878277 ], [ -40.2448096, -6.3876506 ], [ -40.2430379, -6.3919382 ], [ -40.2393212, -6.3930958 ], [ -40.2358428, -6.3889165 ], [ -40.2312576, -6.3870132 ], [ -40.225869, -6.3874206 ], [ -40.2181109, -6.3764135 ], [ -40.2146432, -6.376661 ], [ -40.2126412, -6.380289 ], [ -40.2058148, -6.3808694 ], [ -40.1983371, -6.3744856 ], [ -40.1970868, -6.3717007 ], [ -40.1919523, -6.3700136 ], [ -40.1865703, -6.3647495 ], [ -40.1802558, -6.3647759 ], [ -40.172424, -6.3606085 ], [ -40.1619778, -6.3621466 ], [ -40.1591705, -6.3538159 ], [ -40.1538953, -6.3545406 ], [ -40.1539877, -6.358288 ], [ -40.1493706, -6.3609856 ], [ -40.1451414, -6.3602413 ], [ -40.1452079, -6.3557231 ], [ -40.141623, -6.3510706 ], [ -40.1390077, -6.3527414 ], [ -40.1343186, -6.3502877 ], [ -40.1268341, -6.3517531 ], [ -40.123193, -6.3492532 ], [ -40.1180067, -6.3484537 ], [ -40.1070716, -6.3512953 ], [ -40.0983592, -6.358682 ], [ -40.0841055, -6.3674083 ], [ -40.082638, -6.3719493 ], [ -40.0848531, -6.3787887 ], [ -40.0778499, -6.3928746 ], [ -40.0761913, -6.3999772 ], [ -40.0716761, -6.4042933 ], [ -40.0668354, -6.4049706 ], [ -40.0614587, -6.4175208 ], [ -40.0423696, -6.4257091 ], [ -40.0379647, -6.4301094 ], [ -40.0334582, -6.4315902 ], [ -40.0280772, -6.4383878 ], [ -40.0286843, -6.4428976 ], [ -40.033126, -6.4403515 ], [ -40.0316699, -6.4419578 ], [ -40.0329774, -6.4437619 ], [ -40.0350049, -6.4407784 ], [ -40.0380424, -6.4403774 ], [ -40.0447124, -6.444852 ], [ -40.043533, -6.4472236 ], [ -40.0471749, -6.4499083 ], [ -40.0470842, -6.4523375 ], [ -40.0488099, -6.4538416 ], [ -40.0468605, -6.4540729 ], [ -40.0498446, -6.456747 ], [ -40.0478234, -6.4604437 ], [ -40.0511223, -6.4619374 ], [ -40.0493792, -6.4631064 ], [ -40.0512014, -6.4673336 ], [ -40.0476752, -6.468121 ], [ -40.04687, -6.4721239 ], [ -40.0519943, -6.4741905 ], [ -40.0512891, -6.4756278 ], [ -40.0553424, -6.4781177 ], [ -40.0553521, -6.4828081 ], [ -40.0531063, -6.4866609 ], [ -40.0588407, -6.4897862 ], [ -40.0575832, -6.4925887 ], [ -40.0538259, -6.4949175 ], [ -40.0590206, -6.5003106 ], [ -40.0569691, -6.5032535 ], [ -40.0584978, -6.5065815 ], [ -40.0559159, -6.5076398 ], [ -40.0554457, -6.5111043 ], [ -40.0528978, -6.5106422 ], [ -40.0495884, -6.5146935 ], [ -40.0522508, -6.5212259 ], [ -40.0407496, -6.5321957 ], [ -40.0409574, -6.5388249 ], [ -40.0311086, -6.5418552 ], [ -40.0312528, -6.5475163 ], [ -40.0336676, -6.5510961 ], [ -40.0348503, -6.5584417 ], [ -40.0301357, -6.5629195 ], [ -40.030272, -6.5693853 ], [ -40.0260796, -6.5817159 ], [ -40.0404146, -6.590011 ], [ -40.0396709, -6.592942 ], [ -40.0314652, -6.5942034 ], [ -40.0303438, -6.595833 ], [ -40.0548075, -6.6113376 ], [ -40.0571098, -6.6238983 ], [ -40.0544573, -6.6262609 ], [ -40.0462956, -6.6257274 ], [ -40.0400342, -6.6273234 ], [ -40.0366015, -6.6373123 ], [ -40.0472721, -6.6580663 ], [ -40.0507097, -6.6611025 ], [ -40.0556663, -6.6738151 ], [ -40.053689, -6.6757348 ], [ -40.0485222, -6.6742019 ], [ -40.0516856, -6.679678 ], [ -40.0465965, -6.6824095 ], [ -40.0390292, -6.6725225 ], [ -40.033297, -6.6731614 ], [ -40.0296483, -6.6716965 ], [ -40.0295054, -6.6756005 ], [ -40.0277967, -6.6765257 ], [ -40.0165924, -6.6722173 ], [ -40.0047052, -6.6872952 ], [ -40.0010468, -6.6973775 ], [ -39.9975999, -6.6973127 ], [ -39.9952403, -6.7023143 ], [ -39.9994069, -6.7031243 ], [ -40.0048648, -6.7103067 ], [ -40.0111571, -6.7111266 ], [ -40.0140385, -6.7154713 ], [ -40.0133125, -6.7186173 ], [ -40.0191505, -6.721922 ], [ -40.0256066, -6.7323327 ], [ -40.0327911, -6.7338539 ], [ -40.0331895, -6.7395404 ], [ -40.0431434, -6.7464543 ], [ -40.0424024, -6.7491983 ], [ -40.0448596, -6.7531057 ], [ -40.0514112, -6.7573345 ], [ -40.0591945, -6.765868 ], [ -40.0693467, -6.7711439 ], [ -40.0691313, -6.7776774 ], [ -40.071579, -6.7779239 ], [ -40.0719889, -6.7798659 ], [ -40.066472, -6.7863539 ], [ -40.0666076, -6.7895906 ], [ -40.0684297, -6.7915222 ], [ -40.0735885, -6.7926287 ], [ -40.0780781, -6.796237 ], [ -40.0804299, -6.794437 ], [ -40.0808258, -6.7916507 ], [ -40.0824492, -6.7917669 ], [ -40.0958919, -6.8035053 ], [ -40.1008621, -6.8035443 ], [ -40.10416, -6.8072698 ], [ -40.1079312, -6.8043322 ], [ -40.1096369, -6.8089946 ], [ -40.1123931, -6.8113645 ], [ -40.1140018, -6.8175347 ], [ -40.11831, -6.8200805 ], [ -40.1263556, -6.8173589 ], [ -40.1353018, -6.8191327 ], [ -40.1397821, -6.8222287 ], [ -40.1410369, -6.8209831 ], [ -40.1401971, -6.8178217 ], [ -40.1452987, -6.8187429 ], [ -40.1421998, -6.8145507 ], [ -40.1330362, -6.8106018 ], [ -40.1352376, -6.8075207 ], [ -40.1306535, -6.8052715 ], [ -40.1306091, -6.8035204 ], [ -40.1342985, -6.8010182 ], [ -40.1389972, -6.8019825 ], [ -40.1415023, -6.7915799 ], [ -40.1467857, -6.7855692 ], [ -40.1499154, -6.7844711 ], [ -40.168392, -6.7918167 ], [ -40.1693667, -6.7773791 ], [ -40.1781202, -6.7612357 ], [ -40.1823305, -6.7592403 ], [ -40.2031268, -6.7742822 ], [ -40.2120937, -6.776048 ], [ -40.2420845, -6.7767853 ], [ -40.251749, -6.7866299 ], [ -40.2584472, -6.7862076 ], [ -40.2649552, -6.7966552 ], [ -40.2782912, -6.7944958 ], [ -40.2833966, -6.7951271 ], [ -40.2916159, -6.8080892 ], [ -40.3006196, -6.8068088 ], [ -40.3009428, -6.7995743 ], [ -40.3040538, -6.7953163 ], [ -40.3058347, -6.7880412 ], [ -40.3103681, -6.7861728 ], [ -40.3157568, -6.7915793 ], [ -40.31842, -6.8006316 ], [ -40.3221126, -6.8025726 ], [ -40.3316226, -6.8043577 ], [ -40.3429689, -6.802433 ], [ -40.3485056, -6.7967711 ], [ -40.3508583, -6.7987967 ], [ -40.3512585, -6.8076913 ], [ -40.3545285, -6.8088193 ], [ -40.3564941, -6.8070403 ], [ -40.3639936, -6.8068296 ], [ -40.3741037, -6.8006057 ], [ -40.3887903, -6.7969987 ], [ -40.3950017, -6.7980881 ], [ -40.4041374, -6.8024878 ], [ -40.4168356, -6.812533 ], [ -40.4277358, -6.8137296 ], [ -40.4321666, -6.8129776 ], [ -40.4389902, -6.8066889 ], [ -40.4429301, -6.7898739 ], [ -40.4520295, -6.7837755 ], [ -40.4541807, -6.778779 ], [ -40.4597267, -6.7542375 ], [ -40.4719372, -6.7449343 ], [ -40.4738871, -6.7348774 ], [ -40.4769263, -6.7328317 ], [ -40.5173877, -6.7304949 ], [ -40.5589699, -6.720807 ], [ -40.6022071, -6.7160118 ], [ -40.6164213, -6.710402 ], [ -40.6324189, -6.6989038 ], [ -40.6491396, -6.6788294 ], [ -40.7101828, -6.6761295 ], [ -40.7178079, -6.6714143 ], [ -40.7314656, -6.656968 ], [ -40.7322401, -6.6535854 ], [ -40.7218947, -6.6185558 ], [ -40.7319661, -6.6086542 ], [ -40.736489, -6.5999334 ], [ -40.6763031, -6.6005236 ], [ -40.6743111, -6.6015208 ], [ -40.6722163, -6.6118874 ], [ -40.6699963, -6.6140448 ], [ -40.6614328, -6.6112658 ], [ -40.6543838, -6.6134749 ], [ -40.6504981, -6.6128834 ], [ -40.646722, -6.6068571 ], [ -40.644176, -6.6058481 ], [ -40.6237079, -6.6042963 ], [ -40.6157367, -6.6054031 ], [ -40.6105111, -6.6084869 ], [ -40.6100349, -6.6031469 ], [ -40.6055321, -6.5983982 ], [ -40.5982288, -6.594522 ], [ -40.5961413, -6.5846491 ], [ -40.5883103, -6.5739798 ], [ -40.5892623, -6.5605146 ], [ -40.5871339, -6.5576509 ], [ -40.5814159, -6.5552932 ], [ -40.5784073, -6.5488217 ], [ -40.5636809, -6.5466149 ], [ -40.5528254, -6.5499998 ], [ -40.5442839, -6.5493187 ], [ -40.5275419, -6.5379875 ], [ -40.5153384, -6.5370539 ], [ -40.4997855, -6.5330268 ], [ -40.496386, -6.5307247 ], [ -40.4918038, -6.5311243 ], [ -40.4822625, -6.5280829 ], [ -40.4685809, -6.5298618 ], [ -40.4590087, -6.5282944 ], [ -40.4531319, -6.5240442 ], [ -40.4539188, -6.5195477 ], [ -40.4474519, -6.5063271 ], [ -40.447981804962566, -6.497078378120038 ] ] ] } },
{ "type": "Feature", "properties": { "CD_MUN": "2306553", "NM_MUN": "Itarema", "CD_RGI": "230017", "NM_RGI": "Acaraú", "CD_RGINT": "2306", "NM_RGINT": "Sobral", "CD_UF": "23", "NM_UF": "Ceará", "SIGLA_UF": "CE", "CD_REGIA": "2", "NM_REGIA": "Nordeste", "SIGLA_RG": "NE", "CD_CONCU": null, "NM_CONCU": null, "AREA_KM2": 714.833, "mun_upp": "ITAREMA", "has_qualif": 1, "municipio": "Itarema", "REGIÃO DE PLANEJAMENTO": "Litoral Norte", "auxiliary_storage_labeling_positionx": -39.99612417030756, "auxiliary_storage_labeling_positiony": -3.0952107463376288, "auxiliary_storage_labeling_lineanchorpercent": null, "auxiliary_storage_labeling_lineanchorclipping": null, "auxiliary_storage_labeling_lineanchortype": null, "auxiliary_storage_labeling_lineanchortextpoint": null, "auxiliary_storage_callouts_originx": null, "auxiliary_storage_callouts_originy": null, "auxiliary_storage_callouts_destinationx": null, "auxiliary_storage_callouts_destinationy": null }, "geometry": { "type": "Polygon", "coordinates": [ [ [ -39.989326235768502, -3.11344475498013 ], [ -39.9903277, -3.1092077 ], [ -39.9885185, -3.09674 ], [ -39.9899696, -3.0971758 ], [ -39.9906252, -3.0951106 ], [ -39.9791342, -3.0796603 ], [ -39.9723987, -3.0740885 ], [ -39.973311, -3.0596535 ], [ -39.9818572, -3.0341681 ], [ -39.9812786, -3.0294328 ], [ -39.9835861, -3.0176262 ], [ -39.9740686, -3.0010039 ], [ -39.9666806, -2.9321192 ], [ -39.9577156, -2.8977387 ], [ -39.9537512, -2.8957831 ], [ -39.9424209, -2.8663561 ], [ -39.9145021, -2.8795377 ], [ -39.9134093, -2.8781772 ], [ -39.8969412, -2.8844932 ], [ -39.8914785, -2.8898315 ], [ -39.885059, -2.890957 ], [ -39.8857955, -2.8891375 ], [ -39.8928418, -2.8868332 ], [ -39.904927, -2.8759778 ], [ -39.9247026, -2.8720398 ], [ -39.9251533, -2.870581 ], [ -39.9229671, -2.8683658 ], [ -39.9187373, -2.8683649 ], [ -39.8963547, -2.8787642 ], [ -39.8887066, -2.8837591 ], [ -39.8818231, -2.8929461 ], [ -39.8757435, -2.8938077 ], [ -39.8724948, -2.8971897 ], [ -39.8701375, -2.8963778 ], [ -39.8652826, -2.8981287 ], [ -39.8517543, -2.907095 ], [ -39.8224709, -2.9319775 ], [ -39.8055157, -2.9426677 ], [ -39.7999939, -2.9444668 ], [ -39.793715, -2.9528485 ], [ -39.788238, -2.9507462 ], [ -39.7761955, -2.9560682 ], [ -39.7578732, -2.9691973 ], [ -39.7325378, -2.9905367 ], [ -39.7234221, -2.9944921 ], [ -39.7195074, -3.0003411 ], [ -39.7093309, -3.0030041 ], [ -39.7069016, -3.005251 ], [ -39.7080092, -3.0138773 ], [ -39.868006, -3.1246053 ], [ -39.8653427, -3.1273705 ], [ -39.864575, -3.1320491 ], [ -39.8658515, -3.1346373 ], [ -39.8643502, -3.1413677 ], [ -39.8661936, -3.1481874 ], [ -39.8647038, -3.1504044 ], [ -39.865524, -3.157271 ], [ -39.8679989, -3.158185 ], [ -39.8688061, -3.1616896 ], [ -39.8670835, -3.1655238 ], [ -39.8687059, -3.1696725 ], [ -39.8707172, -3.1701416 ], [ -39.8735514, -3.1786474 ], [ -39.8760274, -3.1794686 ], [ -39.8770942, -3.1781031 ], [ -39.8768785, -3.1798681 ], [ -39.8798788, -3.1826766 ], [ -39.8782571, -3.1853287 ], [ -39.8825321, -3.1857719 ], [ -39.8873515, -3.1911292 ], [ -39.889165, -3.1909789 ], [ -39.8937984, -3.1957646 ], [ -39.8963919, -3.1963218 ], [ -39.898804, -3.2008114 ], [ -39.8980387, -3.2027566 ], [ -39.9026343, -3.2079233 ], [ -39.9013143, -3.2135874 ], [ -39.8990711, -3.2158562 ], [ -39.8924148, -3.2167769 ], [ -39.8907199, -3.2191801 ], [ -39.8918596, -3.2218703 ], [ -39.8904985, -3.2214106 ], [ -39.8891024, -3.2239909 ], [ -39.8950249, -3.2315455 ], [ -39.8940178, -3.2326414 ], [ -39.8952016, -3.2356646 ], [ -39.891868, -3.2368701 ], [ -39.8908784, -3.2405093 ], [ -39.8929658, -3.2405637 ], [ -39.8944891, -3.2460621 ], [ -39.8968396, -3.2471307 ], [ -39.8973314, -3.2530911 ], [ -39.8990329, -3.2529921 ], [ -39.8993293, -3.255526 ], [ -39.9035828, -3.2600252 ], [ -39.9041146, -3.2625902 ], [ -39.9024601, -3.2646522 ], [ -39.9054757, -3.2663961 ], [ -39.9057301, -3.2700604 ], [ -39.9076558, -3.2713712 ], [ -39.9063062, -3.2732109 ], [ -39.9249736, -3.2663411 ], [ -39.9411408, -3.2469191 ], [ -39.946013, -3.2437684 ], [ -39.9655775, -3.2394425 ], [ -39.971982, -3.2323051 ], [ -39.9767438, -3.2317979 ], [ -39.9763336, -3.2261021 ], [ -39.9793603, -3.2226168 ], [ -39.9883023, -3.2173309 ], [ -39.9941759, -3.2090733 ], [ -39.9970442, -3.1990275 ], [ -39.9960293, -3.1867662 ], [ -39.9885901, -3.1797324 ], [ -39.9828122, -3.1648144 ], [ -39.982697, -3.1603069 ], [ -39.9889717, -3.1611086 ], [ -39.992188, -3.1380218 ], [ -39.9940532, -3.1339513 ], [ -39.989326235768502, -3.11344475498013 ] ] ] } },
{ "type": "Feature", "properties": { "CD_MUN": "2305209", "NM_MUN": "Hidrolândia", "CD_RGI": "230015", "NM_RGI": "Sobral", "CD_RGINT": "2306", "NM_RGINT": "Sobral", "CD_UF": "23", "NM_UF": "Ceará", "SIGLA_UF": "CE", "CD_REGIA": "2", "NM_REGIA": "Nordeste", "SIGLA_RG": "NE", "CD_CONCU": null, "NM_CONCU": null, "AREA_KM2": 926.592, "mun_upp": "HIDROLÂNDIA", "has_qualif": 1, "municipio": "Hidrolândia", "REGIÃO DE PLANEJAMENTO": "Sertão dos Crateús", "auxiliary_storage_labeling_positionx": null, "auxiliary_storage_labeling_positiony": null, "auxiliary_storage_labeling_lineanchorpercent": null, "auxiliary_storage_labeling_lineanchorclipping": null, "auxiliary_storage_labeling_lineanchortype": null, "auxiliary_storage_labeling_lineanchortextpoint": null, "auxiliary_storage_callouts_originx": null, "auxiliary_storage_callouts_originy": null, "auxiliary_storage_callouts_destinationx": null, "auxiliary_storage_callouts_destinationy": null }, "geometry": { "type": "Polygon", "coordinates": [ [ [ -40.38119, -4.548867 ], [ -40.4608693, -4.5283444 ], [ -40.509401, -4.5075023 ], [ -40.5878834, -4.5575772 ], [ -40.5936486, -4.5379127 ], [ -40.5989263, -4.5307679 ], [ -40.5902185, -4.5163793 ], [ -40.5891928, -4.5086065 ], [ -40.581857, -4.5058329 ], [ -40.5848436, -4.5004195 ], [ -40.5843456, -4.4915992 ], [ -40.5791104, -4.4871788 ], [ -40.5844414, -4.4812894 ], [ -40.5841726, -4.4718433 ], [ -40.5794782, -4.4697231 ], [ -40.5766063, -4.464537 ], [ -40.5658006, -4.4561019 ], [ -40.562859, -4.4488029 ], [ -40.5547169, -4.4400102 ], [ -40.5550116, -4.4327356 ], [ -40.5597652, -4.4315891 ], [ -40.5653245, -4.4194145 ], [ -40.5610681, -4.4085339 ], [ -40.5613585, -4.4011978 ], [ -40.5521617, -4.3978074 ], [ -40.5521891, -4.3937755 ], [ -40.5544682, -4.3892604 ], [ -40.5532007, -4.3842839 ], [ -40.5502006, -4.3832156 ], [ -40.5497762, -4.3783684 ], [ -40.5436912, -4.3696286 ], [ -40.5294621, -4.3612323 ], [ -40.522692, -4.3550859 ], [ -40.5218512, -4.3389087 ], [ -40.5172594, -4.3289543 ], [ -40.5122001, -4.3259734 ], [ -40.5075303, -4.3270595 ], [ -40.5007579, -4.3257091 ], [ -40.4956127, -4.3221821 ], [ -40.4929699, -4.3087694 ], [ -40.489006, -4.3010622 ], [ -40.4780627, -4.2923098 ], [ -40.4665246, -4.2712031 ], [ -40.4508063, -4.2602927 ], [ -40.3024343, -4.2686206 ], [ -40.3047449, -4.2712131 ], [ -40.3086966, -4.2716072 ], [ -40.3088737, -4.2776777 ], [ -40.3161745, -4.2815149 ], [ -40.3126435, -4.293685 ], [ -40.3159057, -4.3054964 ], [ -40.3207084, -4.3085601 ], [ -40.3226357, -4.3134115 ], [ -40.3213828, -4.322893 ], [ -40.3233876, -4.324255 ], [ -40.3235705, -4.3369018 ], [ -40.32569, -4.3425066 ], [ -40.3191472, -4.3465683 ], [ -40.3210521, -4.3521197 ], [ -40.319878, -4.3555543 ], [ -40.3117161, -4.3573902 ], [ -40.3133351, -4.3664614 ], [ -40.306078, -4.3745999 ], [ -40.3033461, -4.3836652 ], [ -40.3053895, -4.3872054 ], [ -40.2962803, -4.4028964 ], [ -40.2869372, -4.4114775 ], [ -40.2759834, -4.431535 ], [ -40.2676635, -4.4386597 ], [ -40.2602594, -4.4398846 ], [ -40.2570857, -4.443526 ], [ -40.255738, -4.45581 ], [ -40.25878, -4.4601681 ], [ -40.2589882, -4.4631623 ], [ -40.2560833, -4.4651715 ], [ -40.2540404, -4.4745575 ], [ -40.2461926, -4.4780579 ], [ -40.2443979, -4.486066 ], [ -40.2515179, -4.4905818 ], [ -40.2540708, -4.4868456 ], [ -40.2572936, -4.4884703 ], [ -40.2567756, -4.4933907 ], [ -40.266051, -4.5043908 ], [ -40.2678628, -4.508569 ], [ -40.264098, -4.5148057 ], [ -40.2566914, -4.5186422 ], [ -40.2535931, -4.5226524 ], [ -40.2484338, -4.5196612 ], [ -40.2461234, -4.5200112 ], [ -40.24063, -4.5292903 ], [ -40.2432146, -4.5345832 ], [ -40.2409845, -4.5370352 ], [ -40.2424788, -4.5410548 ], [ -40.2397588, -4.5489025 ], [ -40.2440444, -4.5512464 ], [ -40.2411622, -4.5517945 ], [ -40.2418832, -4.5562567 ], [ -40.2393497, -4.5591891 ], [ -40.2348102, -4.5589577 ], [ -40.2328356, -4.5572521 ], [ -40.2326021, -4.5618968 ], [ -40.2347577, -4.5666232 ], [ -40.2396512, -4.570445 ], [ -40.243449, -4.5768112 ], [ -40.2388574, -4.5786562 ], [ -40.24047, -4.5906194 ], [ -40.2358386, -4.5921078 ], [ -40.2475315, -4.6054558 ], [ -40.2501812, -4.6033195 ], [ -40.2521552, -4.6060952 ], [ -40.2547597, -4.6053078 ], [ -40.2657923, -4.6080552 ], [ -40.2677521, -4.6105506 ], [ -40.2713553, -4.6104688 ], [ -40.2763634, -4.6072778 ], [ -40.281821, -4.6084214 ], [ -40.2841165, -4.6055183 ], [ -40.2894403, -4.6045104 ], [ -40.2944351, -4.5994939 ], [ -40.2957057, -4.5968884 ], [ -40.293471, -4.5888258 ], [ -40.3002524, -4.5854934 ], [ -40.300487, -4.5786978 ], [ -40.3034186, -4.5790959 ], [ -40.3098748, -4.5837382 ], [ -40.3137602, -4.5826762 ], [ -40.3221096, -4.5765792 ], [ -40.3271899, -4.5789352 ], [ -40.3271675, -4.5818321 ], [ -40.3288763, -4.5821827 ], [ -40.3411806, -4.5793363 ], [ -40.3489872, -4.5800352 ], [ -40.3598329, -4.5727851 ], [ -40.364225, -4.5624755 ], [ -40.3721698, -4.5548586 ], [ -40.3749733, -4.5528053 ], [ -40.3783869, -4.5531181 ], [ -40.38119, -4.548867 ] ] ] } },
{ "type": "Feature", "properties": { "CD_MUN": "2305266", "NM_MUN": "Ibaretama", "CD_RGI": "230006", "NM_RGI": "Quixadá", "CD_RGINT": "2302", "NM_RGINT": "Quixadá", "CD_UF": "23", "NM_UF": "Ceará", "SIGLA_UF": "CE", "CD_REGIA": "2", "NM_REGIA": "Nordeste", "SIGLA_RG": "NE", "CD_CONCU": null, "NM_CONCU": null, "AREA_KM2": 879.255, "mun_upp": "IBARETAMA", "has_qualif": 1, "municipio": "Ibaretama", "REGIÃO DE PLANEJAMENTO": "Sertão Central", "auxiliary_storage_labeling_positionx": null, "auxiliary_storage_labeling_positiony": null, "auxiliary_storage_labeling_lineanchorpercent": null, "auxiliary_storage_labeling_lineanchorclipping": null, "auxiliary_storage_labeling_lineanchortype": null, "auxiliary_storage_labeling_lineanchortextpoint": null, "auxiliary_storage_callouts_originx": null, "auxiliary_storage_callouts_originy": null, "auxiliary_storage_callouts_destinationx": null, "auxiliary_storage_callouts_destinationy": null }, "geometry": { "type": "Polygon", "coordinates": [ [ [ -38.7012424, -4.9023912 ], [ -38.8826573, -4.9352112 ], [ -38.8852043, -4.9341858 ], [ -38.8827394, -4.9283317 ], [ -38.8867338, -4.9260754 ], [ -38.8862591, -4.9234567 ], [ -38.8906207, -4.9159774 ], [ -38.8893061, -4.9103335 ], [ -38.8909746, -4.9042804 ], [ -38.8907218, -4.8948286 ], [ -38.8969977, -4.8880044 ], [ -38.9005813, -4.8785478 ], [ -38.903596, -4.8778368 ], [ -38.9064274, -4.8693725 ], [ -38.913803, -4.8599191 ], [ -38.9140874, -4.8567259 ], [ -38.9199778, -4.8510393 ], [ -38.9182714, -4.8455092 ], [ -38.91927, -4.8406853 ], [ -38.9231063, -4.8353701 ], [ -38.9219382, -4.8267049 ], [ -38.9046734, -4.8341992 ], [ -38.8988811, -4.8351641 ], [ -38.8967892, -4.8404548 ], [ -38.8860175, -4.8424647 ], [ -38.8807106, -4.8473888 ], [ -38.8788768, -4.8473885 ], [ -38.8752164, -4.8519463 ], [ -38.871373, -4.8458623 ], [ -38.8603392, -4.8391475 ], [ -38.8601483, -4.8289657 ], [ -38.8022725, -4.741018 ], [ -38.8744039, -4.6794854 ], [ -38.871534, -4.6792896 ], [ -38.8570955, -4.6668321 ], [ -38.8461101, -4.6713852 ], [ -38.8396194, -4.6716097 ], [ -38.8378438, -4.6697401 ], [ -38.8346376, -4.6704539 ], [ -38.8309944, -4.6682518 ], [ -38.823525, -4.6714669 ], [ -38.8140876, -4.6720474 ], [ -38.8120655, -4.66435 ], [ -38.8045925, -4.6587067 ], [ -38.8022712, -4.6493567 ], [ -38.7921659, -4.64786 ], [ -38.7900019, -4.6462038 ], [ -38.7876772, -4.6397205 ], [ -38.7827529, -4.6406317 ], [ -38.7837413, -4.6351157 ], [ -38.7821631, -4.6305303 ], [ -38.7761803, -4.6276147 ], [ -38.7714289, -4.6321557 ], [ -38.7689464, -4.6307544 ], [ -38.7657138, -4.623237 ], [ -38.7563869, -4.6248365 ], [ -38.7390669, -4.6184672 ], [ -38.7186317, -4.6201653 ], [ -38.7161467, -4.6146971 ], [ -38.7077481, -4.6108007 ], [ -38.7003593, -4.6122531 ], [ -38.6986462, -4.6259844 ], [ -38.693085, -4.62985 ], [ -38.6917506, -4.6396668 ], [ -38.6865828, -4.6449971 ], [ -38.6899183, -4.6498241 ], [ -38.6891736, -4.6519867 ], [ -38.6762754, -4.658142 ], [ -38.6740227, -4.6643487 ], [ -38.6709958, -4.666587 ], [ -38.6675318, -4.6620442 ], [ -38.6635806, -4.6607575 ], [ -38.6586091, -4.6697045 ], [ -38.654649, -4.6813879 ], [ -38.646522, -4.6813795 ], [ -38.6332495, -4.6885821 ], [ -38.6382297, -4.6904516 ], [ -38.6362289, -4.6993532 ], [ -38.6309838, -4.7005285 ], [ -38.6214078, -4.6959277 ], [ -38.6179181, -4.6972423 ], [ -38.6157489, -4.6940217 ], [ -38.6043714, -4.6860778 ], [ -38.604247, -4.6845878 ], [ -38.5976395, -4.6833513 ], [ -38.5935926, -4.6787354 ], [ -38.5892934, -4.6774224 ], [ -38.5889011, -4.6751782 ], [ -38.586193, -4.6759845 ], [ -38.5830706, -4.6713989 ], [ -38.5762255, -4.6689594 ], [ -38.5690774, -4.6732164 ], [ -38.5627528, -4.6711277 ], [ -38.5582776, -4.6734711 ], [ -38.5572104, -4.6712877 ], [ -38.5528721, -4.6731428 ], [ -38.5501959, -4.6724948 ], [ -38.5380181, -4.6799089 ], [ -38.529036, -4.6800776 ], [ -38.5260294, -4.6848133 ], [ -38.5285926, -4.6867987 ], [ -38.528179, -4.6899279 ], [ -38.5307344, -4.6947152 ], [ -38.5295635, -4.6976181 ], [ -38.5327303, -4.6977938 ], [ -38.5337524, -4.7033684 ], [ -38.5281613, -4.7206624 ], [ -38.52531, -4.7256136 ], [ -38.5197184, -4.7300168 ], [ -38.5194357, -4.7334469 ], [ -38.5219229, -4.7376552 ], [ -38.5265795, -4.7400699 ], [ -38.5277742, -4.7461114 ], [ -38.534862, -4.7521225 ], [ -38.5356417, -4.7546153 ], [ -38.5375622, -4.7547123 ], [ -38.5374808, -4.7560975 ], [ -38.541873, -4.7571162 ], [ -38.551856, -4.7552873 ], [ -38.553954, -4.7577151 ], [ -38.5613043, -4.7593728 ], [ -38.5687626, -4.7649485 ], [ -38.5721417, -4.764819 ], [ -38.5750542, -4.7668748 ], [ -38.5793552, -4.7711185 ], [ -38.5790071, -4.7744917 ], [ -38.5746653, -4.7785161 ], [ -38.5767768, -4.7833614 ], [ -38.5793413, -4.784081 ], [ -38.5768483, -4.7883879 ], [ -38.5778392, -4.7920192 ], [ -38.5796044, -4.792855 ], [ -38.5781701, -4.7972029 ], [ -38.5817391, -4.7989793 ], [ -38.5807351, -4.802026 ], [ -38.5850413, -4.8078285 ], [ -38.5897121, -4.8126155 ], [ -38.5971754, -4.8110117 ], [ -38.5963962, -4.8173273 ], [ -38.6016805, -4.8187261 ], [ -38.6005214, -4.8219403 ], [ -38.6120106, -4.8321195 ], [ -38.6117637, -4.8363006 ], [ -38.6141187, -4.8385968 ], [ -38.6214443, -4.838402 ], [ -38.6222485, -4.8403861 ], [ -38.6256008, -4.8407709 ], [ -38.6335071, -4.8478078 ], [ -38.6368, -4.8479502 ], [ -38.6404252, -4.851366 ], [ -38.6420604, -4.8502119 ], [ -38.6506205, -4.8508253 ], [ -38.6495095, -4.8536745 ], [ -38.6579842, -4.8581938 ], [ -38.6596572, -4.8648801 ], [ -38.6651656, -4.8665135 ], [ -38.6668316, -4.8693941 ], [ -38.6646343, -4.8761905 ], [ -38.6591888, -4.8803629 ], [ -38.6562671, -4.8884011 ], [ -38.6527611, -4.8890262 ], [ -38.6501515, -4.8931356 ], [ -38.6483055, -4.892628 ], [ -38.6462895, -4.8946506 ], [ -38.6458318, -4.8971273 ], [ -38.649662, -4.9029688 ], [ -38.6391008, -4.9169618 ], [ -38.6401798, -4.9206442 ], [ -38.637513, -4.9236233 ], [ -38.6380651, -4.9264958 ], [ -38.6473203, -4.9345431 ], [ -38.6475384, -4.9375525 ], [ -38.7012424, -4.9023912 ] ] ] } },
{ "type": "Feature", "properties": { "CD_MUN": "2307809", "NM_MUN": "Marco", "CD_RGI": "230017", "NM_RGI": "Acaraú", "CD_RGINT": "2306", "NM_RGINT": "Sobral", "CD_UF": "23", "NM_UF": "Ceará", "SIGLA_UF": "CE", "CD_REGIA": "2", "NM_REGIA": "Nordeste", "SIGLA_RG": "NE", "CD_CONCU": null, "NM_CONCU": null, "AREA_KM2": 573.61, "mun_upp": "MARCO", "has_qualif": 1, "municipio": "Marco", "REGIÃO DE PLANEJAMENTO": "Litoral Norte", "auxiliary_storage_labeling_positionx": null, "auxiliary_storage_labeling_positiony": null, "auxiliary_storage_labeling_lineanchorpercent": null, "auxiliary_storage_labeling_lineanchorclipping": null, "auxiliary_storage_labeling_lineanchortype": null, "auxiliary_storage_labeling_lineanchortextpoint": null, "auxiliary_storage_callouts_originx": null, "auxiliary_storage_callouts_originy": null, "auxiliary_storage_callouts_destinationx": null, "auxiliary_storage_callouts_destinationy": null }, "geometry": { "type": "Polygon", "coordinates": [ [ [ -40.1395505, -3.0733412 ], [ -40.0735364, -3.1229317 ], [ -40.0025845, -3.2200124 ], [ -40.0880201, -3.1989036 ], [ -40.0905693, -3.1971384 ], [ -40.1046749, -3.19803 ], [ -40.1065754, -3.1993677 ], [ -40.1185684, -3.1984098 ], [ -40.2375059, -3.2861173 ], [ -40.2788128, -3.2637767 ], [ -40.2743707, -3.3055949 ], [ -40.2760899, -3.3056057 ], [ -40.2838694, -3.3040832 ], [ -40.2911113, -3.2993834 ], [ -40.2940416, -3.2994357 ], [ -40.2973882, -3.3024501 ], [ -40.3023101, -3.3017187 ], [ -40.3072369, -3.2960151 ], [ -40.3139729, -3.2918099 ], [ -40.3182622, -3.2859549 ], [ -40.3211039, -3.2857512 ], [ -40.3227752, -3.2886358 ], [ -40.3304968, -3.2835695 ], [ -40.3349459, -3.2825299 ], [ -40.3400675, -3.2843752 ], [ -40.3407053, -3.2900932 ], [ -40.3502178, -3.2885461 ], [ -40.3494018, -3.2865952 ], [ -40.3540261, -3.2833948 ], [ -40.3551885, -3.2847133 ], [ -40.3562778, -3.2821366 ], [ -40.3587205, -3.2815738 ], [ -40.3565548, -3.2761603 ], [ -40.3614825, -3.2728058 ], [ -40.3638185, -3.274306 ], [ -40.3665913, -3.2722032 ], [ -40.3680035, -3.2747109 ], [ -40.3725832, -3.2720281 ], [ -40.3743608, -3.273401 ], [ -40.3819953, -3.2719489 ], [ -40.385823, -3.2729059 ], [ -40.3878259, -3.2709487 ], [ -40.3876783, -3.2669874 ], [ -40.3897241, -3.2628865 ], [ -40.3939502, -3.2570397 ], [ -40.3979443, -3.2560715 ], [ -40.4010267, -3.2513861 ], [ -40.3999609, -3.2485012 ], [ -40.4025905, -3.2454132 ], [ -40.402158, -3.2425183 ], [ -40.4049687, -3.2413594 ], [ -40.4065644, -3.2370322 ], [ -40.4112198, -3.2367119 ], [ -40.4139374, -3.2386864 ], [ -40.4182796, -3.2376571 ], [ -40.4197452, -3.2276545 ], [ -40.4213603, -3.2274749 ], [ -40.4230383, -3.2237752 ], [ -40.4219872, -3.2195473 ], [ -40.4242761, -3.2159149 ], [ -40.4284824, -3.2202264 ], [ -40.4309648, -3.2180642 ], [ -40.4301887, -3.2152275 ], [ -40.4322857, -3.213551 ], [ -40.4342237, -3.2007582 ], [ -40.437389, -3.1961556 ], [ -40.4433607, -3.1919781 ], [ -40.4451171, -3.1830245 ], [ -40.4501902, -3.180584 ], [ -40.4523492, -3.1715038 ], [ -40.4516843, -3.1650767 ], [ -40.4534971, -3.1639155 ], [ -40.4540916, -3.1597615 ], [ -40.4521604, -3.154515 ], [ -40.4536875, -3.1538489 ], [ -40.45569, -3.1466321 ], [ -40.4619558, -3.1407875 ], [ -40.4626272, -3.1356431 ], [ -40.4667894, -3.1323629 ], [ -40.4745642, -3.1309467 ], [ -40.4763669, -3.1270581 ], [ -40.4810107, -3.1249937 ], [ -40.4826711, -3.1207224 ], [ -40.4891685, -3.1217716 ], [ -40.5035614, -3.1169897 ], [ -40.5033254, -3.115151 ], [ -40.5047835, -3.1160582 ], [ -40.505237, -3.1135211 ], [ -40.5095497, -3.1096413 ], [ -40.4950246, -3.062025 ], [ -40.4898888, -3.0651528 ], [ -40.4850294, -3.064896 ], [ -40.4796361, -3.070406 ], [ -40.4773073, -3.0767808 ], [ -40.4637597, -3.0850663 ], [ -40.4519348, -3.0967391 ], [ -40.4442763, -3.1010203 ], [ -40.435432, -3.1017968 ], [ -40.4282077, -3.1104427 ], [ -40.4275528, -3.1140759 ], [ -40.4246122, -3.1153721 ], [ -40.4176743, -3.1251831 ], [ -40.4108279, -3.1275273 ], [ -40.403297, -3.1255485 ], [ -40.3994857, -3.1291002 ], [ -40.3943547, -3.1291918 ], [ -40.3826745, -3.1338282 ], [ -40.3772704, -3.1391311 ], [ -40.3746659, -3.1453382 ], [ -40.370379, -3.1469629 ], [ -40.3693158, -3.1504934 ], [ -40.3645694, -3.1548411 ], [ -40.3640615, -3.1598948 ], [ -40.3612555, -3.1647965 ], [ -40.3604284, -3.1694548 ], [ -40.3638425, -3.1747342 ], [ -40.3621816, -3.1761008 ], [ -40.3639437, -3.1814962 ], [ -40.356786, -3.2007527 ], [ -40.3528007, -3.2026724 ], [ -40.3419062, -3.2038391 ], [ -40.3302626, -3.1995671 ], [ -40.319959, -3.1929168 ], [ -40.309933, -3.1943512 ], [ -40.3018458, -3.2022901 ], [ -40.2969228, -3.2046158 ], [ -40.2684158, -3.1504026 ], [ -40.2608927, -3.1529965 ], [ -40.2558661, -3.1620244 ], [ -40.2534345, -3.163715 ], [ -40.2454926, -3.1645331 ], [ -40.2365752, -3.1684128 ], [ -40.22743, -3.1597585 ], [ -40.2218616, -3.1602471 ], [ -40.2163488, -3.155411 ], [ -40.2101051, -3.1540327 ], [ -40.2069669, -3.149887 ], [ -40.2002199, -3.1473561 ], [ -40.1990733, -3.1417394 ], [ -40.1881286, -3.1365533 ], [ -40.1874673, -3.1324403 ], [ -40.1816219, -3.1306765 ], [ -40.1703596, -3.1222783 ], [ -40.1703887, -3.1209735 ], [ -40.1636683, -3.1196251 ], [ -40.1621897, -3.117406 ], [ -40.1547673, -3.1136278 ], [ -40.1544301, -3.1106541 ], [ -40.1479362, -3.1081361 ], [ -40.146932, -3.1066381 ], [ -40.1495198, -3.1008498 ], [ -40.148578, -3.0992224 ], [ -40.1527328, -3.0892194 ], [ -40.1495078, -3.0863678 ], [ -40.1486402, -3.0818403 ], [ -40.1459142, -3.0791544 ], [ -40.1437242, -3.0780004 ], [ -40.1401319, -3.0791095 ], [ -40.1395505, -3.0733412 ] ] ] } },
{ "type": "Feature", "properties": { "CD_MUN": "2305233", "NM_MUN": "Horizonte", "CD_RGI": "230001", "NM_RGI": "Fortaleza", "CD_RGINT": "2301", "NM_RGINT": "Fortaleza", "CD_UF": "23", "NM_UF": "Ceará", "SIGLA_UF": "CE", "CD_REGIA": "2", "NM_REGIA": "Nordeste", "SIGLA_RG": "NE", "CD_CONCU": null, "NM_CONCU": null, "AREA_KM2": 160.557, "mun_upp": "HORIZONTE", "has_qualif": 1, "municipio": "Horizonte", "REGIÃO DE PLANEJAMENTO": "Grande Fortaleza", "auxiliary_storage_labeling_positionx": null, "auxiliary_storage_labeling_positiony": null, "auxiliary_storage_labeling_lineanchorpercent": null, "auxiliary_storage_labeling_lineanchorclipping": null, "auxiliary_storage_labeling_lineanchortype": null, "auxiliary_storage_labeling_lineanchortextpoint": null, "auxiliary_storage_callouts_originx": null, "auxiliary_storage_callouts_originy": null, "auxiliary_storage_callouts_destinationx": null, "auxiliary_storage_callouts_destinationy": null }, "geometry": { "type": "Polygon", "coordinates": [ [ [ -38.3725084, -4.0784555 ], [ -38.381888, -4.1451465 ], [ -38.4802347, -4.1381707 ], [ -38.4964443, -4.1451546 ], [ -38.5014429, -4.1416698 ], [ -38.5041154, -4.1423543 ], [ -38.5218574, -4.1355931 ], [ -38.5261904, -4.1322113 ], [ -38.5420391, -4.1303824 ], [ -38.5425408, -4.1285444 ], [ -38.5703908, -4.1282485 ], [ -38.5664484, -4.122272 ], [ -38.5632927, -4.1233107 ], [ -38.5575441, -4.1191696 ], [ -38.5576287, -4.114364 ], [ -38.5502178, -4.0927873 ], [ -38.5359939, -4.0792455 ], [ -38.5376439, -4.073264 ], [ -38.533017, -4.0682613 ], [ -38.5343649, -4.0616933 ], [ -38.5333693, -4.0587988 ], [ -38.5357934, -4.0528728 ], [ -38.5392223, -4.049561 ], [ -38.5358511, -4.0413507 ], [ -38.501031, -4.0611573 ], [ -38.4919602, -4.0596646 ], [ -38.4728849, -4.0615033 ], [ -38.4657465, -4.0653683 ], [ -38.4603876, -4.0656414 ], [ -38.4533509, -4.0687941 ], [ -38.4471863, -4.0685917 ], [ -38.4423054, -4.0712367 ], [ -38.413049, -4.068871 ], [ -38.3859849, -4.0703295 ], [ -38.3725084, -4.0784555 ] ] ] } },
{ "type": "Feature", "properties": { "CD_MUN": "2304806", "NM_MUN": "Granjeiro", "CD_RGI": "230011", "NM_RGI": "Juazeiro do Norte", "CD_RGINT": "2304", "NM_RGINT": "Juazeiro do Norte", "CD_UF": "23", "NM_UF": "Ceará", "SIGLA_UF": "CE", "CD_REGIA": "2", "NM_REGIA": "Nordeste", "SIGLA_RG": "NE", "CD_CONCU": null, "NM_CONCU": null, "AREA_KM2": 111.528, "mun_upp": "GRANJEIRO", "has_qualif": 0, "municipio": null, "REGIÃO DE PLANEJAMENTO": "Cariri", "auxiliary_storage_labeling_positionx": null, "auxiliary_storage_labeling_positiony": null, "auxiliary_storage_labeling_lineanchorpercent": null, "auxiliary_storage_labeling_lineanchorclipping": null, "auxiliary_storage_labeling_lineanchortype": null, "auxiliary_storage_labeling_lineanchortextpoint": null, "auxiliary_storage_callouts_originx": null, "auxiliary_storage_callouts_originy": null, "auxiliary_storage_callouts_destinationx": null, "auxiliary_storage_callouts_destinationy": null }, "geometry": { "type": "Polygon", "coordinates": [ [ [ -39.2662528, -6.8816899 ], [ -39.2297555, -6.8814595 ], [ -39.2172451, -6.8762018 ], [ -39.2069695, -6.8773296 ], [ -39.2044707, -6.8741074 ], [ -39.1998863, -6.8719889 ], [ -39.1952439, -6.8661013 ], [ -39.1889328, -6.8634079 ], [ -39.1858058, -6.8636983 ], [ -39.1665231, -6.9058743 ], [ -39.1665778, -6.9357782 ], [ -39.2355945, -6.9282671 ], [ -39.2365724, -6.9306198 ], [ -39.2464979, -6.9353213 ], [ -39.2559499, -6.9359846 ], [ -39.2611716, -6.931463 ], [ -39.2645586, -6.9324755 ], [ -39.2619462, -6.9367983 ], [ -39.267293, -6.9365642 ], [ -39.2696631, -6.9347076 ], [ -39.2708711, -6.9360719 ], [ -39.2738861, -6.9341708 ], [ -39.275535, -6.9365094 ], [ -39.2950864, -6.9388699 ], [ -39.3209734, -6.9332754 ], [ -39.3250762, -6.9834495 ], [ -39.3278009, -6.9859289 ], [ -39.3317478, -6.9774063 ], [ -39.329667, -6.9749269 ], [ -39.32919, -6.9674596 ], [ -39.3338204, -6.9625711 ], [ -39.3376775, -6.9610405 ], [ -39.3366855, -6.95599 ], [ -39.3405648, -6.9449792 ], [ -39.3456157, -6.9450697 ], [ -39.3478814, -6.9415038 ], [ -39.3448551, -6.9383868 ], [ -39.347037, -6.9365855 ], [ -39.3419217, -6.9336534 ], [ -39.3385774, -6.928646 ], [ -39.3377094, -6.9245615 ], [ -39.3394179, -6.9134056 ], [ -39.3358192, -6.9079967 ], [ -39.3387916, -6.9058135 ], [ -39.2662528, -6.8816899 ] ] ] } },
{ "type": "Feature", "properties": { "CD_MUN": "2309607", "NM_MUN": "Pacajus", "CD_RGI": "230001", "NM_RGI": "Fortaleza", "CD_RGINT": "2301", "NM_RGINT": "Fortaleza", "CD_UF": "23", "NM_UF": "Ceará", "SIGLA_UF": "CE", "CD_REGIA": "2", "NM_REGIA": "Nordeste", "SIGLA_RG": "NE", "CD_CONCU": null, "NM_CONCU": null, "AREA_KM2": 250.305, "mun_upp": "PACAJUS", "has_qualif": 1, "municipio": "Pacajus", "REGIÃO DE PLANEJAMENTO": "Grande Fortaleza", "auxiliary_storage_labeling_positionx": null, "auxiliary_storage_labeling_positiony": null, "auxiliary_storage_labeling_lineanchorpercent": null, "auxiliary_storage_labeling_lineanchorclipping": null, "auxiliary_storage_labeling_lineanchortype": null, "auxiliary_storage_labeling_lineanchortextpoint": null, "auxiliary_storage_callouts_originx": null, "auxiliary_storage_callouts_originy": null, "auxiliary_storage_callouts_destinationx": null, "auxiliary_storage_callouts_destinationy": null }, "geometry": { "type": "Polygon", "coordinates": [ [ [ -38.4655342, -4.245405 ], [ -38.4951402, -4.2313078 ], [ -38.504462, -4.2314024 ], [ -38.5246938, -4.225892 ], [ -38.5314559, -4.2325921 ], [ -38.5407535, -4.231342 ], [ -38.5527899, -4.2353047 ], [ -38.5667512, -4.2323005 ], [ -38.570474, -4.2354845 ], [ -38.6144394, -4.1829202 ], [ -38.6194048, -4.1690155 ], [ -38.6185874, -4.1613909 ], [ -38.6153509, -4.158972 ], [ -38.6138663, -4.1520203 ], [ -38.6100148, -4.1511106 ], [ -38.6035253, -4.1448422 ], [ -38.5983759, -4.1451508 ], [ -38.593514, -4.1428265 ], [ -38.5837594, -4.1345087 ], [ -38.5792736, -4.1349594 ], [ -38.571065, -4.1323556 ], [ -38.5703908, -4.1282485 ], [ -38.5425408, -4.1285444 ], [ -38.5420391, -4.1303824 ], [ -38.5261904, -4.1322113 ], [ -38.5218574, -4.1355931 ], [ -38.5041154, -4.1423543 ], [ -38.5014429, -4.1416698 ], [ -38.4964443, -4.1451546 ], [ -38.4802347, -4.1381707 ], [ -38.381888, -4.1451465 ], [ -38.3928506, -4.223148 ], [ -38.4177288, -4.229911 ], [ -38.4223195, -4.2290673 ], [ -38.437443, -4.2316678 ], [ -38.4443095, -4.2298435 ], [ -38.4473606, -4.240266 ], [ -38.463218, -4.2452467 ], [ -38.4655342, -4.245405 ] ] ] } },
{ "type": "Feature", "properties": { "CD_MUN": "2313708", "NM_MUN": "Umari", "CD_RGI": "230010", "NM_RGI": "Icó", "CD_RGINT": "2303", "NM_RGINT": "Iguatu", "CD_UF": "23", "NM_UF": "Ceará", "SIGLA_UF": "CE", "CD_REGIA": "2", "NM_REGIA": "Nordeste", "SIGLA_RG": "NE", "CD_CONCU": null, "NM_CONCU": null, "AREA_KM2": 263.185, "mun_upp": "UMARI", "has_qualif": 1, "municipio": "Umari", "REGIÃO DE PLANEJAMENTO": "Centro Sul", "auxiliary_storage_labeling_positionx": null, "auxiliary_storage_labeling_positiony": null, "auxiliary_storage_labeling_lineanchorpercent": null, "auxiliary_storage_labeling_lineanchorclipping": null, "auxiliary_storage_labeling_lineanchortype": null, "auxiliary_storage_labeling_lineanchortextpoint": null, "auxiliary_storage_callouts_originx": null, "auxiliary_storage_callouts_originy": null, "auxiliary_storage_callouts_destinationx": null, "auxiliary_storage_callouts_destinationy": null }, "geometry": { "type": "Polygon", "coordinates": [ [ [ -38.7022256, -6.6983872 ], [ -38.7230707, -6.6885658 ], [ -38.7387282, -6.6779606 ], [ -38.7457865, -6.6775301 ], [ -38.7506363, -6.6744072 ], [ -38.7597178, -6.6760536 ], [ -38.7682917, -6.6709266 ], [ -38.769785, -6.6718751 ], [ -38.7727451, -6.6691479 ], [ -38.7762837, -6.6689792 ], [ -38.7857928, -6.6645418 ], [ -38.7942149, -6.6647589 ], [ -38.7947003, -6.662404 ], [ -38.7985354, -6.6618722 ], [ -38.8012166, -6.6587919 ], [ -38.8051809, -6.6582908 ], [ -38.8096327, -6.6599153 ], [ -38.8285962, -6.6586703 ], [ -38.8314222, -6.6594552 ], [ -38.8340353, -6.6652569 ], [ -38.8384003, -6.6639467 ], [ -38.8422053, -6.6677817 ], [ -38.843739, -6.667271 ], [ -38.8507781, -6.6471174 ], [ -38.8735394, -6.6118104 ], [ -38.8721934, -6.5966308 ], [ -38.8691711, -6.5941097 ], [ -38.869021, -6.5914314 ], [ -38.8773733, -6.5852081 ], [ -38.8765668, -6.5816181 ], [ -38.8620103, -6.5875422 ], [ -38.8546121, -6.5968804 ], [ -38.8354585, -6.5990873 ], [ -38.8334992, -6.5941093 ], [ -38.8303557, -6.5940196 ], [ -38.823085, -6.5971036 ], [ -38.796008, -6.599029 ], [ -38.7908691, -6.6006606 ], [ -38.7755412, -6.6123207 ], [ -38.773826, -6.6122349 ], [ -38.7676511, -6.6060518 ], [ -38.7622465, -6.6068209 ], [ -38.7607019, -6.6057038 ], [ -38.7565389, -6.5999892 ], [ -38.7561469, -6.5968999 ], [ -38.7509234, -6.5917817 ], [ -38.737279, -6.5885923 ], [ -38.7312741, -6.5855243 ], [ -38.7361778, -6.5824613 ], [ -38.7344646, -6.5771874 ], [ -38.7361815, -6.5753483 ], [ -38.7352045, -6.5703915 ], [ -38.7020513, -6.5555542 ], [ -38.6949707, -6.5607219 ], [ -38.6792829, -6.5630686 ], [ -38.6723867, -6.5554736 ], [ -38.6636731, -6.5502719 ], [ -38.6595596, -6.545852 ], [ -38.6561195, -6.5481142 ], [ -38.6530621, -6.5476432 ], [ -38.6468418, -6.5423578 ], [ -38.6418695, -6.5413809 ], [ -38.6400927, -6.5380254 ], [ -38.6372225, -6.5383698 ], [ -38.6350116, -6.5349624 ], [ -38.6268131, -6.5315777 ], [ -38.6226263, -6.5308432 ], [ -38.6176957, -6.5328349 ], [ -38.6122804, -6.5328811 ], [ -38.6070845, -6.5295148 ], [ -38.6121695, -6.5383173 ], [ -38.6266059, -6.5529542 ], [ -38.6256612, -6.5579835 ], [ -38.6326318, -6.562437 ], [ -38.6330812, -6.5692103 ], [ -38.6428534, -6.5811777 ], [ -38.6329341, -6.5899254 ], [ -38.6296563, -6.5980454 ], [ -38.6291604, -6.6045824 ], [ -38.6387697, -6.6128436 ], [ -38.6466593, -6.6159807 ], [ -38.6491293, -6.6275858 ], [ -38.6509253, -6.6269546 ], [ -38.6552633, -6.6304788 ], [ -38.6570803, -6.6422895 ], [ -38.6532655, -6.6438404 ], [ -38.6469653, -6.6542076 ], [ -38.6460225, -6.6602643 ], [ -38.6519647, -6.6731834 ], [ -38.6556011, -6.6722803 ], [ -38.6623614, -6.6743179 ], [ -38.6605834, -6.6788019 ], [ -38.6644625, -6.6801914 ], [ -38.6650196, -6.6839734 ], [ -38.6731505, -6.6972212 ], [ -38.6730594, -6.7006379 ], [ -38.6700365, -6.7025483 ], [ -38.6725406, -6.7062314 ], [ -38.6771879, -6.7021938 ], [ -38.6858705, -6.7042743 ], [ -38.6926414, -6.7002951 ], [ -38.7022256, -6.6983872 ] ] ] } },
{ "type": "Feature", "properties": { "CD_MUN": "2307007", "NM_MUN": "Jaguaruana", "CD_RGI": "230008", "NM_RGI": "Aracati", "CD_RGINT": "2302", "NM_RGINT": "Quixadá", "CD_UF": "23", "NM_UF": "Ceará", "SIGLA_UF": "CE", "CD_REGIA": "2", "NM_REGIA": "Nordeste", "SIGLA_RG": "NE", "CD_CONCU": null, "NM_CONCU": null, "AREA_KM2": 854.36, "mun_upp": "JAGUARUANA", "has_qualif": 1, "municipio": "Jaguaruana", "REGIÃO DE PLANEJAMENTO": "Litoral Leste", "auxiliary_storage_labeling_positionx": null, "auxiliary_storage_labeling_positiony": null, "auxiliary_storage_labeling_lineanchorpercent": null, "auxiliary_storage_labeling_lineanchorclipping": null, "auxiliary_storage_labeling_lineanchortype": null, "auxiliary_storage_labeling_lineanchortextpoint": null, "auxiliary_storage_callouts_originx": null, "auxiliary_storage_callouts_originy": null, "auxiliary_storage_callouts_destinationx": null, "auxiliary_storage_callouts_destinationy": null }, "geometry": { "type": "Polygon", "coordinates": [ [ [ -37.8744759, -4.9394745 ], [ -37.8721301, -4.9240317 ], [ -37.8866515, -4.9053728 ], [ -37.883542, -4.8533292 ], [ -37.8864019, -4.8490862 ], [ -37.8897504, -4.8473804 ], [ -37.9004355, -4.8208553 ], [ -37.9337665, -4.7636224 ], [ -37.8300869, -4.763207 ], [ -37.8258396, -4.7525861 ], [ -37.8266274, -4.7488322 ], [ -37.8251491, -4.742014 ], [ -37.7885724, -4.7295893 ], [ -37.7929133, -4.7385443 ], [ -37.7932613, -4.7444849 ], [ -37.7887298, -4.756712 ], [ -37.6162718, -4.7180139 ], [ -37.6115132, -4.7682183 ], [ -37.58869, -4.8082817 ], [ -37.6403381, -4.9264044 ], [ -37.6772438, -5.0528668 ], [ -37.8196935, -4.9842893 ], [ -37.8744759, -4.9394745 ] ] ] } },
{ "type": "Feature", "properties": { "CD_MUN": "2312403", "NM_MUN": "São Gonçalo do Amarante", "CD_RGI": "230001", "NM_RGI": "Fortaleza", "CD_RGINT": "2301", "NM_RGINT": "Fortaleza", "CD_UF": "23", "NM_UF": "Ceará", "SIGLA_UF": "CE", "CD_REGIA": "2", "NM_REGIA": "Nordeste", "SIGLA_RG": "NE", "CD_CONCU": null, "NM_CONCU": null, "AREA_KM2": 842.68, "mun_upp": "SÃO GONÇALO DO AMARANTE", "has_qualif": 1, "municipio": "São Gonçalo do Amarante", "REGIÃO DE PLANEJAMENTO": "Grande Fortaleza", "auxiliary_storage_labeling_positionx": -38.867601914560716, "auxiliary_storage_labeling_positiony": -3.4741611336664269, "auxiliary_storage_labeling_lineanchorpercent": null, "auxiliary_storage_labeling_lineanchorclipping": null, "auxiliary_storage_labeling_lineanchortype": null, "auxiliary_storage_labeling_lineanchortextpoint": null, "auxiliary_storage_callouts_originx": null, "auxiliary_storage_callouts_originy": null, "auxiliary_storage_callouts_destinationx": null, "auxiliary_storage_callouts_destinationy": null }, "geometry": { "type": "Polygon", "coordinates": [ [ [ -38.928524852788172, -3.47306261255261 ], [ -38.9179401, -3.4942927 ], [ -38.911174, -3.5026221 ], [ -38.9049324, -3.5061402 ], [ -38.8916399, -3.5059233 ], [ -38.8521618, -3.5408416 ], [ -38.8377245, -3.5454829 ], [ -38.8272019, -3.546416 ], [ -38.819643, -3.5459822 ], [ -38.8136535, -3.5442172 ], [ -38.8122587, -3.5421269 ], [ -38.8065572, -3.5486438 ], [ -38.8318923, -3.5707607 ], [ -38.8816278, -3.6854159 ], [ -38.9183502, -3.6666526 ], [ -38.9173533, -3.6698261 ], [ -38.9198252, -3.6730947 ], [ -38.920866, -3.6846008 ], [ -38.9325132, -3.6805043 ], [ -38.9402041, -3.6832336 ], [ -38.9615086, -3.7119819 ], [ -39.0015375, -3.6849674 ], [ -39.1433258, -3.7039421 ], [ -39.216623, -3.6928152 ], [ -39.2209583, -3.6883141 ], [ -39.2206122, -3.6857649 ], [ -39.2224466, -3.6847471 ], [ -39.2226128, -3.6824731 ], [ -39.2261272, -3.6824603 ], [ -39.2242175, -3.6695655 ], [ -39.227709, -3.6636584 ], [ -39.2244309, -3.660995 ], [ -39.2241782, -3.6515637 ], [ -39.2187837, -3.6480359 ], [ -39.2208273, -3.6436775 ], [ -39.2203294, -3.6389084 ], [ -39.2244292, -3.6344275 ], [ -39.2252386, -3.6301374 ], [ -39.220266, -3.6272179 ], [ -39.2184689, -3.6227053 ], [ -39.2187745, -3.6182007 ], [ -39.2205759, -3.6157804 ], [ -39.2156671, -3.6085951 ], [ -39.2533358, -3.5885684 ], [ -39.2581627, -3.5892132 ], [ -39.262185, -3.5851114 ], [ -39.292855, -3.5834386 ], [ -39.3003726, -3.5802837 ], [ -39.306831, -3.5799046 ], [ -39.3097141, -3.5813398 ], [ -39.3148839, -3.5799427 ], [ -39.3137091, -3.5725279 ], [ -39.3065676, -3.5654431 ], [ -39.3122078, -3.5576205 ], [ -39.3091553, -3.5519467 ], [ -39.3099159, -3.5464282 ], [ -39.3082384, -3.5418266 ], [ -39.3099116, -3.5375331 ], [ -39.3099098, -3.5281783 ], [ -39.3031435, -3.5342346 ], [ -39.293682, -3.5315245 ], [ -39.2868817, -3.5246571 ], [ -39.2843014, -3.5145887 ], [ -39.284198, -3.5032653 ], [ -39.2636576, -3.4924476 ], [ -39.2624632, -3.4905066 ], [ -39.2574727, -3.4928655 ], [ -39.2213676, -3.5001524 ], [ -39.2225455, -3.5019419 ], [ -39.220985, -3.5070262 ], [ -39.2104641, -3.5096291 ], [ -39.2115093, -3.5128253 ], [ -39.1665412, -3.5229844 ], [ -39.1175176, -3.5283393 ], [ -39.1004757, -3.5322334 ], [ -39.101203, -3.5494368 ], [ -39.0815673, -3.5533688 ], [ -39.0815623, -3.5508282 ], [ -39.0700317, -3.542626 ], [ -39.0657109, -3.5450149 ], [ -39.0575905, -3.543989 ], [ -39.0495897, -3.5540683 ], [ -39.0473295, -3.5510745 ], [ -39.0409597, -3.5489542 ], [ -39.0266587, -3.5553824 ], [ -39.0199621, -3.5524633 ], [ -39.0120528, -3.5538422 ], [ -39.006545, -3.552272 ], [ -39.0021997, -3.5542444 ], [ -38.9959866, -3.5542635 ], [ -38.9955292, -3.557136 ], [ -38.9874446, -3.5612616 ], [ -38.9839426, -3.5600767 ], [ -38.9820129, -3.557312 ], [ -38.9756165, -3.5551934 ], [ -38.9740334, -3.5522376 ], [ -38.9693457, -3.5497165 ], [ -38.9646462, -3.5504895 ], [ -38.9603582, -3.5482632 ], [ -38.9576783, -3.5424823 ], [ -38.9642152, -3.5305918 ], [ -38.9627248, -3.5234815 ], [ -38.9680563, -3.5197906 ], [ -38.968371, -3.5116473 ], [ -38.9604241, -3.5097656 ], [ -38.959481, -3.5045378 ], [ -38.9573371, -3.5038052 ], [ -38.9553505, -3.4998699 ], [ -38.9510485, -3.4966669 ], [ -38.9478612, -3.4963077 ], [ -38.9471183, -3.4895862 ], [ -38.9410012, -3.4859809 ], [ -38.9375284, -3.4817726 ], [ -38.9385291, -3.4776651 ], [ -38.9354138, -3.4711445 ], [ -38.9310831, -3.4717618 ], [ -38.9289819, -3.4742319 ], [ -38.928524852788172, -3.47306261255261 ] ] ] } },
{ "type": "Feature", "properties": { "CD_MUN": "2305704", "NM_MUN": "Ipaumirim", "CD_RGI": "230010", "NM_RGI": "Icó", "CD_RGINT": "2303", "NM_RGINT": "Iguatu", "CD_UF": "23", "NM_UF": "Ceará", "SIGLA_UF": "CE", "CD_REGIA": "2", "NM_REGIA": "Nordeste", "SIGLA_RG": "NE", "CD_CONCU": null, "NM_CONCU": null, "AREA_KM2": 276.508, "mun_upp": "IPAUMIRIM", "has_qualif": 1, "municipio": "Ipaumirim", "REGIÃO DE PLANEJAMENTO": "Centro Sul", "auxiliary_storage_labeling_positionx": null, "auxiliary_storage_labeling_positiony": null, "auxiliary_storage_labeling_lineanchorpercent": null, "auxiliary_storage_labeling_lineanchorclipping": null, "auxiliary_storage_labeling_lineanchortype": null, "auxiliary_storage_labeling_lineanchortextpoint": null, "auxiliary_storage_callouts_originx": null, "auxiliary_storage_callouts_originy": null, "auxiliary_storage_callouts_destinationx": null, "auxiliary_storage_callouts_destinationy": null }, "geometry": { "type": "Polygon", "coordinates": [ [ [ -38.6987421, -6.7628272 ], [ -38.6957854, -6.7667936 ], [ -38.6876542, -6.7673421 ], [ -38.6836639, -6.7638803 ], [ -38.6830996, -6.7578626 ], [ -38.681015, -6.7550921 ], [ -38.674899, -6.7582706 ], [ -38.6692302, -6.7590709 ], [ -38.6523385, -6.7568652 ], [ -38.6526802, -6.7597641 ], [ -38.6506098, -6.761858 ], [ -38.6402689, -6.7639897 ], [ -38.6387698, -6.7689502 ], [ -38.6346054, -6.7699124 ], [ -38.6290247, -6.7777091 ], [ -38.6136847, -6.783031 ], [ -38.6182092, -6.7941425 ], [ -38.6268961, -6.7908499 ], [ -38.638515, -6.791884 ], [ -38.6375285, -6.7981968 ], [ -38.6355555, -6.8006458 ], [ -38.6363502, -6.8047273 ], [ -38.6407895, -6.8038294 ], [ -38.6428721, -6.8072307 ], [ -38.6469004, -6.8071762 ], [ -38.6478668, -6.8104188 ], [ -38.6518704, -6.8117122 ], [ -38.6678906, -6.8280145 ], [ -38.672935, -6.8361431 ], [ -38.668883, -6.8429579 ], [ -38.6772011, -6.8543296 ], [ -38.6754169, -6.8618294 ], [ -38.6795295, -6.864794 ], [ -38.6866911, -6.8657917 ], [ -38.6948153, -6.8745632 ], [ -38.702417, -6.8768748 ], [ -38.7091308, -6.8744256 ], [ -38.714161, -6.8767837 ], [ -38.7158509, -6.8792808 ], [ -38.7139091, -6.8825441 ], [ -38.7140128, -6.8861467 ], [ -38.7242614, -6.8886863 ], [ -38.7297375, -6.8872736 ], [ -38.7324201, -6.8892283 ], [ -38.7298416, -6.8945712 ], [ -38.7302886, -6.8968135 ], [ -38.7562792, -6.9035917 ], [ -38.7649712, -6.9105334 ], [ -38.7682168, -6.90755 ], [ -38.775003, -6.9057332 ], [ -38.7786476, -6.9072483 ], [ -38.7846808, -6.9049588 ], [ -38.783203, -6.8967053 ], [ -38.7861419, -6.8946932 ], [ -38.783728, -6.8883563 ], [ -38.7757589, -6.8845714 ], [ -38.773593, -6.8766434 ], [ -38.7741879, -6.8684498 ], [ -38.779458, -6.8674075 ], [ -38.7859804, -6.8631408 ], [ -38.812886, -6.8648662 ], [ -38.8162184, -6.8633849 ], [ -38.8196712, -6.8567299 ], [ -38.8344931, -6.8574174 ], [ -38.8475102, -6.8602483 ], [ -38.8560104, -6.859032 ], [ -38.8354645, -6.8476236 ], [ -38.8235663, -6.8486755 ], [ -38.8110251, -6.8466351 ], [ -38.8097658, -6.8449367 ], [ -38.8095935, -6.8389508 ], [ -38.8153404, -6.8257938 ], [ -38.8135931, -6.8201711 ], [ -38.8153442, -6.8109476 ], [ -38.8185973, -6.807296 ], [ -38.8168488, -6.8002295 ], [ -38.8201481, -6.7913068 ], [ -38.8222502, -6.7777903 ], [ -38.7956479, -6.7688459 ], [ -38.8288832, -6.7446623 ], [ -38.827982, -6.7365314 ], [ -38.839105, -6.7262949 ], [ -38.8469195, -6.7217375 ], [ -38.8481337, -6.7162478 ], [ -38.8465922, -6.7092104 ], [ -38.8433832, -6.7083264 ], [ -38.8362302, -6.7098474 ], [ -38.8229552, -6.7168124 ], [ -38.8024945, -6.7242559 ], [ -38.7964712, -6.7245334 ], [ -38.7883107, -6.7186308 ], [ -38.7791722, -6.7216314 ], [ -38.7774512, -6.7185054 ], [ -38.7745459, -6.717586 ], [ -38.7725281, -6.7251808 ], [ -38.7739159, -6.7268568 ], [ -38.7708006, -6.7283704 ], [ -38.769267, -6.7313615 ], [ -38.7651965, -6.7323289 ], [ -38.7622375, -6.7369826 ], [ -38.7594963, -6.7367539 ], [ -38.7592102, -6.74397 ], [ -38.7552038, -6.7458085 ], [ -38.7517179, -6.7504739 ], [ -38.7517767, -6.752616 ], [ -38.7484764, -6.755603 ], [ -38.7342182, -6.756414 ], [ -38.7329095, -6.7590412 ], [ -38.7260822, -6.7613758 ], [ -38.7198325, -6.7675037 ], [ -38.6987421, -6.7628272 ] ] ] } },
{ "type": "Feature", "properties": { "CD_MUN": "2313757", "NM_MUN": "Umirim", "CD_RGI": "230002", "NM_RGI": "Itapipoca", "CD_RGINT": "2301", "NM_RGINT": "Fortaleza", "CD_UF": "23", "NM_UF": "Ceará", "SIGLA_UF": "CE", "CD_REGIA": "2", "NM_REGIA": "Nordeste", "SIGLA_RG": "NE", "CD_CONCU": null, "NM_CONCU": null, "AREA_KM2": 315.647, "mun_upp": "UMIRIM", "has_qualif": 1, "municipio": "Umirim", "REGIÃO DE PLANEJAMENTO": "Litoral Oeste / Vale do Curu", "auxiliary_storage_labeling_positionx": null, "auxiliary_storage_labeling_positiony": null, "auxiliary_storage_labeling_lineanchorpercent": null, "auxiliary_storage_labeling_lineanchorclipping": null, "auxiliary_storage_labeling_lineanchortype": null, "auxiliary_storage_labeling_lineanchortextpoint": null, "auxiliary_storage_callouts_originx": null, "auxiliary_storage_callouts_originy": null, "auxiliary_storage_callouts_destinationx": null, "auxiliary_storage_callouts_destinationy": null }, "geometry": { "type": "Polygon", "coordinates": [ [ [ -39.2952486, -3.6714017 ], [ -39.2883744, -3.677479 ], [ -39.2839273, -3.6736745 ], [ -39.27843, -3.6742212 ], [ -39.2767243, -3.7370584 ], [ -39.2860302, -3.738942 ], [ -39.2980523, -3.7383145 ], [ -39.3100787, -3.7335039 ], [ -39.3224874, -3.7317378 ], [ -39.3298294, -3.7404095 ], [ -39.3388091, -3.7443891 ], [ -39.3447646, -3.7407868 ], [ -39.3481931, -3.7339396 ], [ -39.3516429, -3.7329999 ], [ -39.3506919, -3.7382376 ], [ -39.3558868, -3.7394993 ], [ -39.3551708, -3.7418722 ], [ -39.3610615, -3.7512977 ], [ -39.3631506, -3.7614099 ], [ -39.3669656, -3.7674522 ], [ -39.3742928, -3.7676286 ], [ -39.3809913, -3.7630491 ], [ -39.3954377, -3.7646284 ], [ -39.3979713, -3.7688161 ], [ -39.3965739, -3.7742921 ], [ -39.3975277, -3.7759074 ], [ -39.4153133, -3.7837584 ], [ -39.4200978, -3.7831051 ], [ -39.4246362, -3.7862433 ], [ -39.4322981, -3.7847285 ], [ -39.4302855, -3.780927 ], [ -39.4356643, -3.772889 ], [ -39.4323232, -3.7671819 ], [ -39.432758, -3.7646182 ], [ -39.4427846, -3.7451899 ], [ -39.4443102, -3.7466284 ], [ -39.4563995, -3.747789 ], [ -39.4576385, -3.7420261 ], [ -39.462582, -3.7395368 ], [ -39.4701386, -3.7306559 ], [ -39.4714037, -3.72699 ], [ -39.4795343, -3.7277402 ], [ -39.4832485, -3.7226255 ], [ -39.4913499, -3.7232337 ], [ -39.4959047, -3.721795 ], [ -39.497145, -3.7112291 ], [ -39.5000906, -3.7084269 ], [ -39.5058841, -3.7065853 ], [ -39.5070267, -3.7047081 ], [ -39.5050926, -3.7018934 ], [ -39.5060151, -3.6968497 ], [ -39.5112206, -3.6953457 ], [ -39.5129726, -3.693335 ], [ -39.5145669, -3.6692932 ], [ -39.4556274, -3.6431076 ], [ -39.4542038, -3.6462273 ], [ -39.4553386, -3.6511325 ], [ -39.4541156, -3.6543214 ], [ -39.4499644, -3.6579714 ], [ -39.426329, -3.6558151 ], [ -39.3542726, -3.6623829 ], [ -39.3592543, -3.655784 ], [ -39.3594136, -3.6489861 ], [ -39.3611228, -3.6454284 ], [ -39.3769716, -3.6351437 ], [ -39.3815183, -3.6260269 ], [ -39.3799518, -3.6173243 ], [ -39.3825057, -3.6134823 ], [ -39.3859739, -3.6134941 ], [ -39.3897871, -3.6083448 ], [ -39.3741857, -3.5779339 ], [ -39.3618974, -3.5800722 ], [ -39.3480677, -3.5727817 ], [ -39.3319937, -3.5777377 ], [ -39.3241224, -3.5775778 ], [ -39.3148839, -3.5799427 ], [ -39.3069217, -3.6640194 ], [ -39.3033679, -3.6698335 ], [ -39.2952486, -3.6714017 ] ] ] } },
{ "type": "Feature", "properties": { "CD_MUN": "2304400", "NM_MUN": "Fortaleza", "CD_RGI": "230001", "NM_RGI": "Fortaleza", "CD_RGINT": "2301", "NM_RGINT": "Fortaleza", "CD_UF": "23", "NM_UF": "Ceará", "SIGLA_UF": "CE", "CD_REGIA": "2", "NM_REGIA": "Nordeste", "SIGLA_RG": "NE", "CD_CONCU": "2304400", "NM_CONCU": "Fortaleza/CE", "AREA_KM2": 312.353, "mun_upp": "FORTALEZA", "has_qualif": 1, "municipio": "Fortaleza", "REGIÃO DE PLANEJAMENTO": null, "auxiliary_storage_labeling_positionx": -38.401184081417853, "auxiliary_storage_labeling_positiony": -3.7506544345216586, "auxiliary_storage_labeling_lineanchorpercent": null, "auxiliary_storage_labeling_lineanchorclipping": null, "auxiliary_storage_labeling_lineanchortype": null, "auxiliary_storage_labeling_lineanchortextpoint": null, "auxiliary_storage_callouts_originx": null, "auxiliary_storage_callouts_originy": null, "auxiliary_storage_callouts_destinationx": null, "auxiliary_storage_callouts_destinationy": null }, "geometry": { "type": "Polygon", "coordinates": [ [ [ -38.514651, -3.894035 ], [ -38.531158, -3.879367 ], [ -38.5266773, -3.8709459 ], [ -38.520516, -3.867253 ], [ -38.518954, -3.864611 ], [ -38.5423193, -3.8591902 ], [ -38.5413587, -3.8533673 ], [ -38.565488, -3.8436334 ], [ -38.5875996, -3.8389113 ], [ -38.6146953, -3.8239349 ], [ -38.6141495, -3.822857 ], [ -38.6225012, -3.8169673 ], [ -38.6215201, -3.8152591 ], [ -38.630527, -3.8097441 ], [ -38.6297677, -3.8065367 ], [ -38.637726, -3.8046894 ], [ -38.6379029, -3.8013954 ], [ -38.6343638, -3.7977021 ], [ -38.6352735, -3.7919584 ], [ -38.6334293, -3.7905809 ], [ -38.6315443, -3.7836874 ], [ -38.6280283, -3.7846777 ], [ -38.6254477, -3.7809586 ], [ -38.6225164, -3.7817875 ], [ -38.6115608, -3.7567466 ], [ -38.6013324, -3.7484656 ], [ -38.5989311, -3.7422291 ], [ -38.60119, -3.741265 ], [ -38.602306, -3.7368889 ], [ -38.6011436, -3.7344498 ], [ -38.6059982, -3.7270694 ], [ -38.6161973, -3.7207872 ], [ -38.6175123, -3.7220931 ], [ -38.6168938, -3.7192841 ], [ -38.6201965, -3.7182718 ], [ -38.6178453, -3.7103107 ], [ -38.6211512, -3.7095215 ], [ -38.6218457, -3.7026217 ], [ -38.5955816, -3.7030197 ], [ -38.5894414, -3.6991673 ], [ -38.5866652, -3.692026 ], [ -38.5817855, -3.6938782 ], [ -38.5811311, -3.6921305 ], [ -38.578306, -3.6956837 ], [ -38.5763275, -3.6944966 ], [ -38.5772105, -3.6958899 ], [ -38.5750405, -3.6985904 ], [ -38.5710128, -3.7006469 ], [ -38.5704058, -3.6995695 ], [ -38.568141, -3.7022612 ], [ -38.5630915, -3.7031391 ], [ -38.5620423, -3.7005947 ], [ -38.5632704, -3.6985128 ], [ -38.5618994, -3.7004749 ], [ -38.5623264, -3.7043169 ], [ -38.5597289, -3.7051653 ], [ -38.5590581, -3.703873 ], [ -38.5558445, -3.7066713 ], [ -38.554678, -3.7048037 ], [ -38.554224, -3.7073886 ], [ -38.5525317, -3.7085366 ], [ -38.5513172, -3.7072914 ], [ -38.5519479, -3.7087637 ], [ -38.5492689, -3.7105631 ], [ -38.5475421, -3.708743 ], [ -38.5484206, -3.7107486 ], [ -38.5461683, -3.7121358 ], [ -38.5453348, -3.7111899 ], [ -38.5434989, -3.7136902 ], [ -38.5413454, -3.710969 ], [ -38.5423907, -3.7142521 ], [ -38.5393636, -3.7163689 ], [ -38.5255901, -3.719945 ], [ -38.5243286, -3.717426 ], [ -38.5222199, -3.7174847 ], [ -38.5275578, -3.7160874 ], [ -38.5265217, -3.7154405 ], [ -38.5206829, -3.7179028 ], [ -38.5197905, -3.71576 ], [ -38.5199205, -3.7178186 ], [ -38.5169419, -3.7183316 ], [ -38.5163673, -3.7161436 ], [ -38.5167989, -3.7183674 ], [ -38.5127004, -3.7190234 ], [ -38.5108265, -3.7134445 ], [ -38.5112349, -3.7192978 ], [ -38.5046096, -3.7220348 ], [ -38.5040673, -3.7204723 ], [ -38.5045495, -3.7229563 ], [ -38.4958517, -3.7250337 ], [ -38.4907384, -3.7242758 ], [ -38.4881336, -3.7221211 ], [ -38.4822911, -3.7222407 ], [ -38.4762152, -3.7193215 ], [ -38.4772727, -3.7153169 ], [ -38.4825639, -3.7122802 ], [ -38.4831848, -3.709899 ], [ -38.4824091, -3.7122083 ], [ -38.4773829, -3.7150518 ], [ -38.4728821, -3.7062427 ], [ -38.4761136, -3.7010864 ], [ -38.4794855, -3.7002148 ], [ -38.4825003, -3.6987325 ], [ -38.4735877, -3.7016355 ], [ -38.4705111, -3.7067918 ], [ -38.4671506, -3.7086208 ], [ -38.4603025, -3.705064 ], [ -38.46403, -3.7075418 ], [ -38.4634834, -3.7127528 ], [ -38.4561905, -3.731107 ], [ -38.4358215, -3.7705705 ], [ -38.4352503, -3.7695409 ], [ -38.4337002, -3.7716223 ], [ -38.4209438, -3.7940073 ], [ -38.402214, -3.8208601 ], [ -38.4013571, -3.8265851 ], [ -38.4059311, -3.8239857 ], [ -38.4058699, -3.8215425 ], [ -38.4084146, -3.819611 ], [ -38.4429292, -3.8015499 ], [ -38.4460031, -3.8051995 ], [ -38.4422189, -3.811673 ], [ -38.4426038, -3.8157911 ], [ -38.4451897, -3.8192662 ], [ -38.4457408, -3.8264201 ], [ -38.4498887, -3.8378741 ], [ -38.45881, -3.8430671 ], [ -38.4636241, -3.8436112 ], [ -38.4640201, -3.8420822 ], [ -38.466334, -3.8435072 ], [ -38.4678499, -3.8497012 ], [ -38.47106, -3.8506961 ], [ -38.4713099, -3.8536292 ], [ -38.4756889, -3.8550112 ], [ -38.4753447, -3.857818 ], [ -38.477774, -3.8592112 ], [ -38.4779623, -3.8622373 ], [ -38.4832649, -3.8632176 ], [ -38.4883754, -3.8668181 ], [ -38.4938988, -3.8839542 ], [ -38.4960818, -3.8862852 ], [ -38.5045547, -3.8882402 ], [ -38.505755, -3.890542 ], [ -38.510856, -3.888698 ], [ -38.514651, -3.894035 ] ] ] } },
{ "type": "Feature", "properties": { "CD_MUN": "2308302", "NM_MUN": "Milagres", "CD_RGI": "230012", "NM_RGI": "Brejo Santo", "CD_RGINT": "2304", "NM_RGINT": "Juazeiro do Norte", "CD_UF": "23", "NM_UF": "Ceará", "SIGLA_UF": "CE", "CD_REGIA": "2", "NM_REGIA": "Nordeste", "SIGLA_RG": "NE", "CD_CONCU": null, "NM_CONCU": null, "AREA_KM2": 579.097, "mun_upp": "MILAGRES", "has_qualif": 1, "municipio": "Milagres", "REGIÃO DE PLANEJAMENTO": "Cariri", "auxiliary_storage_labeling_positionx": null, "auxiliary_storage_labeling_positiony": null, "auxiliary_storage_labeling_lineanchorpercent": null, "auxiliary_storage_labeling_lineanchorclipping": null, "auxiliary_storage_labeling_lineanchortype": null, "auxiliary_storage_labeling_lineanchortextpoint": null, "auxiliary_storage_callouts_originx": null, "auxiliary_storage_callouts_originy": null, "auxiliary_storage_callouts_destinationx": null, "auxiliary_storage_callouts_destinationy": null }, "geometry": { "type": "Polygon", "coordinates": [ [ [ -38.9417337, -7.4279473 ], [ -38.969878, -7.4273003 ], [ -38.9665585, -7.4098828 ], [ -38.9628273, -7.4044327 ], [ -38.9619594, -7.3959093 ], [ -38.9739652, -7.3795539 ], [ -38.9868482, -7.333537 ], [ -39.0013274, -7.3074158 ], [ -39.0103991, -7.3025619 ], [ -39.0176058, -7.3023008 ], [ -39.0234612, -7.2993819 ], [ -39.0337298, -7.297419 ], [ -39.0367505, -7.2946803 ], [ -39.0495431, -7.2916203 ], [ -39.0684787, -7.279092 ], [ -39.0716885, -7.2734803 ], [ -39.0855723, -7.2656946 ], [ -39.091809, -7.2597091 ], [ -39.0928023, -7.2530471 ], [ -39.0877527, -7.251194 ], [ -39.0892478, -7.2433604 ], [ -39.0865674, -7.2417346 ], [ -39.0873304, -7.2405675 ], [ -39.0832596, -7.2388751 ], [ -39.0862444, -7.2345411 ], [ -39.0829687, -7.2309605 ], [ -39.0766524, -7.2284167 ], [ -39.0253431, -7.1943868 ], [ -39.0254536, -7.1501061 ], [ -38.9578729, -7.0817465 ], [ -38.9089741, -7.082704 ], [ -38.9252139, -7.1142086 ], [ -38.9476891, -7.1419207 ], [ -38.9145078, -7.2430012 ], [ -38.9067881, -7.2411604 ], [ -38.9046536, -7.2373954 ], [ -38.8999237, -7.2422676 ], [ -38.8843829, -7.2387514 ], [ -38.8796551, -7.2360925 ], [ -38.8748572, -7.2383214 ], [ -38.8716663, -7.2431284 ], [ -38.8687738, -7.2442215 ], [ -38.8654194, -7.2405653 ], [ -38.8602162, -7.2417044 ], [ -38.8610544, -7.2402363 ], [ -38.8587376, -7.2355093 ], [ -38.8599172, -7.2319438 ], [ -38.8586521, -7.2308878 ], [ -38.8573691, -7.2347644 ], [ -38.852794, -7.239332 ], [ -38.8400759, -7.2396046 ], [ -38.8295598, -7.2350036 ], [ -38.8255415, -7.2302937 ], [ -38.8155883, -7.2251933 ], [ -38.8126377, -7.2270198 ], [ -38.8049814, -7.2275259 ], [ -38.8002905, -7.232693 ], [ -38.7980915, -7.2316106 ], [ -38.7992465, -7.2255474 ], [ -38.7976128, -7.2181268 ], [ -38.7932918, -7.220859 ], [ -38.7846371, -7.2182619 ], [ -38.7855018, -7.221552 ], [ -38.7830141, -7.2268077 ], [ -38.860262, -7.3544669 ], [ -38.8823563, -7.4570869 ], [ -38.9417337, -7.4279473 ] ] ] } },
{ "type": "Feature", "properties": { "CD_MUN": "2308377", "NM_MUN": "Miraíma", "CD_RGI": "230002", "NM_RGI": "Itapipoca", "CD_RGINT": "2301", "NM_RGINT": "Fortaleza", "CD_UF": "23", "NM_UF": "Ceará", "SIGLA_UF": "CE", "CD_REGIA": "2", "NM_REGIA": "Nordeste", "SIGLA_RG": "NE", "CD_CONCU": null, "NM_CONCU": null, "AREA_KM2": 708.678, "mun_upp": "MIRAÍMA", "has_qualif": 1, "municipio": "Miraíma", "REGIÃO DE PLANEJAMENTO": "Litoral Oeste / Vale do Curu", "auxiliary_storage_labeling_positionx": null, "auxiliary_storage_labeling_positiony": null, "auxiliary_storage_labeling_lineanchorpercent": null, "auxiliary_storage_labeling_lineanchorclipping": null, "auxiliary_storage_labeling_lineanchortype": null, "auxiliary_storage_labeling_lineanchortextpoint": null, "auxiliary_storage_callouts_originx": null, "auxiliary_storage_callouts_originy": null, "auxiliary_storage_callouts_destinationx": null, "auxiliary_storage_callouts_destinationy": null }, "geometry": { "type": "Polygon", "coordinates": [ [ [ -39.9359702, -3.7170784 ], [ -40.0149215, -3.7120918 ], [ -40.0202625, -3.6941847 ], [ -40.0147257, -3.6855034 ], [ -40.0163122, -3.6770293 ], [ -40.0146056, -3.6740995 ], [ -40.0150894, -3.6700423 ], [ -40.0068385, -3.6551318 ], [ -40.0096393, -3.6460341 ], [ -40.0044654, -3.6418755 ], [ -40.001527, -3.634316 ], [ -39.9937534, -3.6271686 ], [ -39.9931245, -3.6183858 ], [ -39.9866149, -3.6124575 ], [ -39.9839572, -3.5998715 ], [ -39.9799754, -3.5963576 ], [ -39.9794695, -3.591021 ], [ -39.9767251, -3.5862612 ], [ -39.9780962, -3.5763992 ], [ -39.9744111, -3.5716224 ], [ -39.9804437, -3.5723515 ], [ -39.9840806, -3.5764761 ], [ -39.9974952, -3.5801532 ], [ -40.0094983, -3.5780997 ], [ -40.0207579, -3.5823712 ], [ -40.0326206, -3.5827408 ], [ -40.0369297, -3.5807076 ], [ -40.0433848, -3.5805866 ], [ -40.0530659, -3.589646 ], [ -40.0587465, -3.5892206 ], [ -40.0660761, -3.5935318 ], [ -40.069983, -3.5938982 ], [ -40.0696796, -3.5926631 ], [ -40.0662065, -3.5924948 ], [ -40.0615395, -3.5857656 ], [ -40.0522614, -3.5833352 ], [ -40.050912, -3.5781099 ], [ -40.0479654, -3.5759306 ], [ -40.0429967, -3.5675789 ], [ -40.0430044, -3.5616771 ], [ -40.046626, -3.5542203 ], [ -40.046251, -3.5384681 ], [ -40.0493331, -3.5341711 ], [ -40.0486587, -3.5317451 ], [ -40.0446512, -3.5300598 ], [ -40.0466279, -3.5256013 ], [ -40.0451913, -3.5238081 ], [ -40.0454735, -3.5205337 ], [ -40.0402735, -3.517275 ], [ -40.0391879, -3.5084576 ], [ -40.0413284, -3.5056311 ], [ -40.041158, -3.5023286 ], [ -40.0390085, -3.4969461 ], [ -40.036305, -3.4951395 ], [ -40.0385845, -3.4887948 ], [ -40.0375015, -3.4874506 ], [ -40.0391558, -3.4842752 ], [ -40.0380266, -3.4841185 ], [ -40.0385436, -3.4798962 ], [ -40.0398912, -3.477274 ], [ -40.0410923, -3.4779763 ], [ -40.0411185, -3.4756289 ], [ -40.0429525, -3.4756508 ], [ -40.0405135, -3.4714289 ], [ -40.0378826, -3.4699958 ], [ -40.0376076, -3.466634 ], [ -40.0391852, -3.4654567 ], [ -40.0361959, -3.4629973 ], [ -40.0379528, -3.4622702 ], [ -40.0373863, -3.4602202 ], [ -40.0262691, -3.4507047 ], [ -40.0268324, -3.4479687 ], [ -40.0251398, -3.4464388 ], [ -40.0271498, -3.444163 ], [ -40.027866, -3.4374248 ], [ -39.9961382, -3.4373192 ], [ -39.9832157, -3.4408242 ], [ -39.9652552, -3.4383461 ], [ -39.9510186, -3.433132 ], [ -39.9386784, -3.4341393 ], [ -39.8529909, -3.453723 ], [ -39.7835918, -3.4643941 ], [ -39.7872216, -3.4680086 ], [ -39.7851395, -3.4757176 ], [ -39.7857547, -3.4794169 ], [ -39.7843516, -3.4809378 ], [ -39.7866584, -3.4836045 ], [ -39.7865015, -3.4898103 ], [ -39.7792328, -3.4962572 ], [ -39.7794987, -3.5021007 ], [ -39.7776178, -3.5027808 ], [ -39.7748525, -3.5119377 ], [ -39.7723966, -3.5141199 ], [ -39.7674904, -3.5255221 ], [ -39.7681607, -3.5304516 ], [ -39.7616061, -3.5409054 ], [ -39.7613273, -3.5522494 ], [ -39.7590232, -3.5531017 ], [ -39.7585572, -3.5557978 ], [ -39.7525843, -3.5621893 ], [ -39.7535954, -3.5655989 ], [ -39.7523556, -3.5688565 ], [ -39.7555535, -3.5709435 ], [ -39.7560336, -3.574453 ], [ -39.7589888, -3.5771011 ], [ -39.7552686, -3.5858699 ], [ -39.7636366, -3.5904403 ], [ -39.7730269, -3.5901067 ], [ -39.7690968, -3.5953025 ], [ -39.7558227, -3.6027134 ], [ -39.7473483, -3.6112419 ], [ -39.7333904, -3.6310192 ], [ -39.7157285, -3.6472713 ], [ -39.713318, -3.6506565 ], [ -39.7131233, -3.6549893 ], [ -39.7813625, -3.6419984 ], [ -39.7780936, -3.6355895 ], [ -39.7786337, -3.6336853 ], [ -39.7845481, -3.6315193 ], [ -39.7882356, -3.6249857 ], [ -39.7957404, -3.6227873 ], [ -39.8028122, -3.6176701 ], [ -39.8038062, -3.6138287 ], [ -39.8094566, -3.6093882 ], [ -39.809804, -3.6056422 ], [ -39.8312299, -3.6033128 ], [ -39.8990677, -3.6619303 ], [ -39.89777, -3.6681359 ], [ -39.8997728, -3.6698441 ], [ -39.8991661, -3.6792817 ], [ -39.9036884, -3.6826367 ], [ -39.9050158, -3.6879602 ], [ -39.9074091, -3.6905777 ], [ -39.9071443, -3.6973462 ], [ -39.9055227, -3.6986282 ], [ -39.9130076, -3.7208293 ], [ -39.9359702, -3.7170784 ] ] ] } },
{ "type": "Feature", "properties": { "CD_MUN": "2311603", "NM_MUN": "Redenção", "CD_RGI": "230003", "NM_RGI": "Redenção-Acarape", "CD_RGINT": "2301", "NM_RGINT": "Fortaleza", "CD_UF": "23", "NM_UF": "Ceará", "SIGLA_UF": "CE", "CD_REGIA": "2", "NM_REGIA": "Nordeste", "SIGLA_RG": "NE", "CD_CONCU": null, "NM_CONCU": null, "AREA_KM2": 247.989, "mun_upp": "REDENÇÃO", "has_qualif": 1, "municipio": "Redenção", "REGIÃO DE PLANEJAMENTO": "Maciço de Baturité", "auxiliary_storage_labeling_positionx": null, "auxiliary_storage_labeling_positiony": null, "auxiliary_storage_labeling_lineanchorpercent": null, "auxiliary_storage_labeling_lineanchorclipping": null, "auxiliary_storage_labeling_lineanchortype": null, "auxiliary_storage_labeling_lineanchortextpoint": null, "auxiliary_storage_callouts_originx": null, "auxiliary_storage_callouts_originy": null, "auxiliary_storage_callouts_destinationx": null, "auxiliary_storage_callouts_destinationy": null }, "geometry": { "type": "Polygon", "coordinates": [ [ [ -38.7495944, -4.3362123 ], [ -38.7585595, -4.3205741 ], [ -38.757778, -4.3113543 ], [ -38.7608023, -4.3106095 ], [ -38.7655713, -4.3055498 ], [ -38.7956298, -4.2957187 ], [ -38.7945947, -4.2949115 ], [ -38.7961065, -4.2926525 ], [ -38.7953935, -4.2896182 ], [ -38.7894199, -4.2883707 ], [ -38.7845927, -4.2817349 ], [ -38.7800806, -4.2805308 ], [ -38.7816183, -4.2732655 ], [ -38.7871852, -4.2700598 ], [ -38.7968484, -4.2736781 ], [ -38.8007641, -4.2724323 ], [ -38.8045241, -4.2659118 ], [ -38.8023022, -4.2573945 ], [ -38.8051461, -4.2562358 ], [ -38.8070869, -4.2517105 ], [ -38.8125744, -4.2493677 ], [ -38.829917, -4.2509173 ], [ -38.833512, -4.2468197 ], [ -38.8379692, -4.2475503 ], [ -38.8418303, -4.2440449 ], [ -38.841636, -4.2382667 ], [ -38.8397073, -4.2374344 ], [ -38.8400846, -4.2326677 ], [ -38.848799, -4.2298023 ], [ -38.8434846, -4.2227961 ], [ -38.8545131, -4.1770633 ], [ -38.8033381, -4.1614439 ], [ -38.805876, -4.1499828 ], [ -38.8040962, -4.1446177 ], [ -38.7976805, -4.1422247 ], [ -38.7936326, -4.143504 ], [ -38.7888211, -4.1421667 ], [ -38.7756157, -4.1624731 ], [ -38.7567227, -4.1572294 ], [ -38.7191823, -4.1683172 ], [ -38.71518, -4.1731015 ], [ -38.7175178, -4.1871752 ], [ -38.7136153, -4.2226741 ], [ -38.7124072, -4.2236429 ], [ -38.7116715, -4.2343837 ], [ -38.7069492, -4.247796 ], [ -38.7126362, -4.2549593 ], [ -38.7206807, -4.2799465 ], [ -38.7168452, -4.2823544 ], [ -38.7170765, -4.2905147 ], [ -38.7159861, -4.2907309 ], [ -38.7093717, -4.2901946 ], [ -38.6971564, -4.2831218 ], [ -38.6836651, -4.2780768 ], [ -38.6998501, -4.3301241 ], [ -38.6936101, -4.3799362 ], [ -38.707811, -4.3837629 ], [ -38.713371, -4.3833999 ], [ -38.7133285, -4.3794731 ], [ -38.7204735, -4.3730232 ], [ -38.7238973, -4.3675841 ], [ -38.7307433, -4.3661746 ], [ -38.7319422, -4.3585266 ], [ -38.7385019, -4.3566637 ], [ -38.7455456, -4.3520953 ], [ -38.7508271, -4.3408128 ], [ -38.7495944, -4.3362123 ] ] ] } },
{ "type": "Feature", "properties": { "CD_MUN": "2308351", "NM_MUN": "Milhã", "CD_RGI": "230006", "NM_RGI": "Quixadá", "CD_RGINT": "2302", "NM_RGINT": "Quixadá", "CD_UF": "23", "NM_UF": "Ceará", "SIGLA_UF": "CE", "CD_REGIA": "2", "NM_REGIA": "Nordeste", "SIGLA_RG": "NE", "CD_CONCU": null, "NM_CONCU": null, "AREA_KM2": 502.137, "mun_upp": "MILHÃ", "has_qualif": 1, "municipio": "Milhã", "REGIÃO DE PLANEJAMENTO": "Sertão Central", "auxiliary_storage_labeling_positionx": null, "auxiliary_storage_labeling_positiony": null, "auxiliary_storage_labeling_lineanchorpercent": null, "auxiliary_storage_labeling_lineanchorclipping": null, "auxiliary_storage_labeling_lineanchortype": null, "auxiliary_storage_labeling_lineanchortextpoint": null, "auxiliary_storage_callouts_originx": null, "auxiliary_storage_callouts_originy": null, "auxiliary_storage_callouts_destinationx": null, "auxiliary_storage_callouts_destinationy": null }, "geometry": { "type": "Polygon", "coordinates": [ [ [ -39.2224135, -5.7667448 ], [ -39.2273497, -5.7646997 ], [ -39.23359, -5.7695796 ], [ -39.2369046, -5.7701874 ], [ -39.2385772, -5.7657005 ], [ -39.2449949, -5.7688054 ], [ -39.246863, -5.7634249 ], [ -39.2516133, -5.7672726 ], [ -39.2505214, -5.7627312 ], [ -39.2559286, -5.7570714 ], [ -39.2670886, -5.7653171 ], [ -39.2730212, -5.7619125 ], [ -39.2718862, -5.7568757 ], [ -39.2669411, -5.7543454 ], [ -39.2666987, -5.7441685 ], [ -39.2678801, -5.7423447 ], [ -39.2644227, -5.7377141 ], [ -39.262746, -5.7306375 ], [ -39.2656571, -5.730393 ], [ -39.2606513, -5.7156825 ], [ -39.2672214, -5.7152741 ], [ -39.2676009, -5.7123358 ], [ -39.272721, -5.7093062 ], [ -39.2709125, -5.7082008 ], [ -39.2672073, -5.6997918 ], [ -39.2668748, -5.6895598 ], [ -39.261568, -5.6848119 ], [ -39.259042, -5.6765147 ], [ -39.2601701, -5.6745588 ], [ -39.2658021, -5.6759735 ], [ -39.2686926, -5.6729096 ], [ -39.2761245, -5.6726234 ], [ -39.2796614, -5.6664515 ], [ -39.2788134, -5.6634653 ], [ -39.2757794, -5.661609 ], [ -39.2772843, -5.6513932 ], [ -39.2741834, -5.6519588 ], [ -39.2678201, -5.6421283 ], [ -39.2691662, -5.633644 ], [ -39.2598862, -5.6179423 ], [ -39.2606263, -5.6153224 ], [ -39.2577019, -5.6147964 ], [ -39.2485059, -5.5938066 ], [ -39.2462232, -5.5918384 ], [ -39.2457324, -5.5846361 ], [ -39.2329048, -5.5794956 ], [ -39.2300282, -5.5743065 ], [ -39.2207365, -5.566906 ], [ -39.2205859, -5.5636448 ], [ -39.2240622, -5.5549252 ], [ -39.2240153, -5.5435861 ], [ -39.2205183, -5.5397925 ], [ -39.2146753, -5.5448299 ], [ -39.2068174, -5.5443701 ], [ -39.2026032, -5.5414957 ], [ -39.2005709, -5.5362265 ], [ -39.193591, -5.5306079 ], [ -39.1888996, -5.5231208 ], [ -39.1818144, -5.5225387 ], [ -39.1772349, -5.5253571 ], [ -39.1675572, -5.5240256 ], [ -39.1650922, -5.5194687 ], [ -39.1607621, -5.5186574 ], [ -39.1586036, -5.5149823 ], [ -39.1564609, -5.5164968 ], [ -39.1511108, -5.5162261 ], [ -39.1469981, -5.5089407 ], [ -39.1435745, -5.5067506 ], [ -39.1337618, -5.5124396 ], [ -39.1252828, -5.5079845 ], [ -39.1162965, -5.5071154 ], [ -39.1091972, -5.5112702 ], [ -39.1016508, -5.5107874 ], [ -39.0968938, -5.5124505 ], [ -39.0935573, -5.5067343 ], [ -39.0913232, -5.5068316 ], [ -39.0875508, -5.5107907 ], [ -39.0890427, -5.5287515 ], [ -39.078071, -5.5327099 ], [ -39.0730056, -5.5296871 ], [ -39.0630238, -5.5129187 ], [ -39.0568946, -5.5099357 ], [ -39.0464391, -5.5113817 ], [ -39.030992, -5.4920327 ], [ -39.0269683, -5.489886 ], [ -39.1108466, -5.6774861 ], [ -39.1631537, -5.7985325 ], [ -39.1796943, -5.7997637 ], [ -39.1875388, -5.7904774 ], [ -39.2020066, -5.7902925 ], [ -39.2052315, -5.7878696 ], [ -39.2098466, -5.7883497 ], [ -39.209525, -5.782704 ], [ -39.2152091, -5.7804947 ], [ -39.2178261, -5.7758554 ], [ -39.2208865, -5.7754272 ], [ -39.220778, -5.7697484 ], [ -39.2224135, -5.7667448 ] ] ] } },
{ "type": "Feature", "properties": { "CD_MUN": "2304459", "NM_MUN": "Fortim", "CD_RGI": "230008", "NM_RGI": "Aracati", "CD_RGINT": "2302", "NM_RGINT": "Quixadá", "CD_UF": "23", "NM_UF": "Ceará", "SIGLA_UF": "CE", "CD_REGIA": "2", "NM_REGIA": "Nordeste", "SIGLA_RG": "NE", "CD_CONCU": null, "NM_CONCU": null, "AREA_KM2": 285.024, "mun_upp": "FORTIM", "has_qualif": 1, "municipio": "Fortim", "REGIÃO DE PLANEJAMENTO": "Litoral Leste", "auxiliary_storage_labeling_positionx": null, "auxiliary_storage_labeling_positiony": null, "auxiliary_storage_labeling_lineanchorpercent": null, "auxiliary_storage_labeling_lineanchorclipping": null, "auxiliary_storage_labeling_lineanchortype": null, "auxiliary_storage_labeling_lineanchortextpoint": null, "auxiliary_storage_callouts_originx": null, "auxiliary_storage_callouts_originy": null, "auxiliary_storage_callouts_destinationx": null, "auxiliary_storage_callouts_destinationy": null }, "geometry": { "type": "Polygon", "coordinates": [ [ [ -37.796522, -4.3947528 ], [ -37.7819778, -4.4019497 ], [ -37.7700944, -4.4012707 ], [ -37.7665918, -4.4177281 ], [ -37.7694827, -4.4263877 ], [ -37.7853471, -4.4430421 ], [ -37.7808015, -4.4461772 ], [ -37.7818706, -4.4526679 ], [ -37.7793813, -4.4543314 ], [ -37.7790132, -4.4566163 ], [ -37.773989, -4.4567837 ], [ -37.7725115, -4.4509444 ], [ -37.7707298, -4.4510139 ], [ -37.7688969, -4.4544619 ], [ -37.7713937, -4.4584984 ], [ -37.769755, -4.4617742 ], [ -37.7767554, -4.4661857 ], [ -37.7763722, -4.4686414 ], [ -37.7711813, -4.4715164 ], [ -37.7719188, -4.47969 ], [ -37.7745212, -4.4790855 ], [ -37.7757757, -4.476047 ], [ -37.7779218, -4.4759128 ], [ -37.7758299, -4.4852123 ], [ -37.7795178, -4.4899987 ], [ -37.7863722, -4.493521 ], [ -37.7887112, -4.5071968 ], [ -37.7949306, -4.5087885 ], [ -37.816397, -4.5042198 ], [ -37.8273862, -4.5052851 ], [ -37.8321057, -4.5083335 ], [ -37.8326852, -4.5136451 ], [ -37.834279, -4.5152379 ], [ -37.8465279, -4.5208011 ], [ -37.8523187, -4.5278602 ], [ -37.8520446, -4.5303804 ], [ -37.8478447, -4.5327507 ], [ -37.8489077, -4.5355781 ], [ -37.8568421, -4.5397907 ], [ -37.8677322, -4.5429332 ], [ -37.9633811, -4.5303397 ], [ -37.9622135, -4.526018 ], [ -37.964262, -4.525282 ], [ -37.9639235, -4.5227943 ], [ -37.9655949, -4.5212636 ], [ -37.9677957, -4.5218389 ], [ -37.9690188, -4.5162806 ], [ -37.9667358, -4.5101706 ], [ -37.9625567, -4.5073702 ], [ -37.9650713, -4.5022437 ], [ -37.9639557, -4.4981832 ], [ -37.9586693, -4.4943569 ], [ -37.9603561, -4.4908462 ], [ -37.9549376, -4.4848177 ], [ -37.9537544, -4.4784022 ], [ -37.9555974, -4.4695671 ], [ -37.9612569, -4.4717967 ], [ -37.9636317, -4.4669435 ], [ -37.9669133, -4.4646327 ], [ -37.9654309, -4.4553062 ], [ -37.9699744, -4.4510376 ], [ -37.9763482, -4.4324283 ], [ -37.9676208, -4.4237274 ], [ -37.9573257, -4.4209207 ], [ -37.9503761, -4.4155394 ], [ -37.9479971, -4.4120202 ], [ -37.9504009, -4.4038327 ], [ -37.9432973, -4.3992277 ], [ -37.9311255, -4.3974298 ], [ -37.9238683, -4.4003773 ], [ -37.912868, -4.3997295 ], [ -37.906502, -4.403936 ], [ -37.9086228, -4.4070465 ], [ -37.908033, -4.4105064 ], [ -37.90491, -4.4139444 ], [ -37.8995493, -4.4114683 ], [ -37.8996479, -4.4070373 ], [ -37.8957794, -4.4066902 ], [ -37.8959087, -4.4105788 ], [ -37.8923127, -4.4119718 ], [ -37.8915751, -4.4071062 ], [ -37.8888115, -4.4070878 ], [ -37.8869311, -4.4090376 ], [ -37.8837397, -4.4058071 ], [ -37.8831688, -4.4084379 ], [ -37.8868713, -4.4114629 ], [ -37.8851768, -4.413632 ], [ -37.8822049, -4.4107446 ], [ -37.879642, -4.4123814 ], [ -37.8775317, -4.4082814 ], [ -37.8743526, -4.4112828 ], [ -37.8708513, -4.4092124 ], [ -37.8713526, -4.4066869 ], [ -37.8753503, -4.4053822 ], [ -37.8714965, -4.4031593 ], [ -37.8746748, -4.4006985 ], [ -37.8737061, -4.3998372 ], [ -37.8703031, -4.4008942 ], [ -37.8681951, -4.403698 ], [ -37.8581381, -4.4008753 ], [ -37.8543678, -4.4032467 ], [ -37.8445722, -4.4012624 ], [ -37.8462909, -4.4076139 ], [ -37.8412465, -4.4073597 ], [ -37.8367932, -4.4018548 ], [ -37.8313424, -4.4029305 ], [ -37.8249498, -4.4069689 ], [ -37.823346, -4.4058921 ], [ -37.822551, -4.4010028 ], [ -37.8169412, -4.4015635 ], [ -37.8180474, -4.3980316 ], [ -37.8261989, -4.3942086 ], [ -37.8307608, -4.388161 ], [ -37.8362027, -4.388147 ], [ -37.8428816, -4.384808 ], [ -37.8451205, -4.3816564 ], [ -37.8441612, -4.3787879 ], [ -37.8380767, -4.380888 ], [ -37.809989, -4.3986351 ], [ -37.8009514, -4.3995539 ], [ -37.796522, -4.3947528 ] ] ] } },
{ "type": "Feature", "properties": { "CD_MUN": "2310308", "NM_MUN": "Parambu", "CD_RGI": "230014", "NM_RGI": "Tauá", "CD_RGINT": "2305", "NM_RGINT": "Crateús", "CD_UF": "23", "NM_UF": "Ceará", "SIGLA_UF": "CE", "CD_REGIA": "2", "NM_REGIA": "Nordeste", "SIGLA_RG": "NE", "CD_CONCU": null, "NM_CONCU": null, "AREA_KM2": 2313.867, "mun_upp": "PARAMBU", "has_qualif": 1, "municipio": "Parambu", "REGIÃO DE PLANEJAMENTO": "Sertão dos Inhamuns", "auxiliary_storage_labeling_positionx": -40.73278276429388, "auxiliary_storage_labeling_positiony": -6.4512041400367517, "auxiliary_storage_labeling_lineanchorpercent": null, "auxiliary_storage_labeling_lineanchorclipping": null, "auxiliary_storage_labeling_lineanchortype": null, "auxiliary_storage_labeling_lineanchortextpoint": null, "auxiliary_storage_callouts_originx": null, "auxiliary_storage_callouts_originy": null, "auxiliary_storage_callouts_destinationx": null, "auxiliary_storage_callouts_destinationy": null }, "geometry": { "type": "Polygon", "coordinates": [ [ [ -40.447981804962566, -6.497078378120038 ], [ -40.4474519, -6.5063271 ], [ -40.4539188, -6.5195477 ], [ -40.4531319, -6.5240442 ], [ -40.4590087, -6.5282944 ], [ -40.4685809, -6.5298618 ], [ -40.4822625, -6.5280829 ], [ -40.4918038, -6.5311243 ], [ -40.496386, -6.5307247 ], [ -40.4997855, -6.5330268 ], [ -40.5153384, -6.5370539 ], [ -40.5275419, -6.5379875 ], [ -40.5442839, -6.5493187 ], [ -40.5528254, -6.5499998 ], [ -40.5636809, -6.5466149 ], [ -40.5784073, -6.5488217 ], [ -40.5814159, -6.5552932 ], [ -40.5871339, -6.5576509 ], [ -40.5892623, -6.5605146 ], [ -40.5883103, -6.5739798 ], [ -40.5961413, -6.5846491 ], [ -40.5982288, -6.594522 ], [ -40.6055321, -6.5983982 ], [ -40.6100349, -6.6031469 ], [ -40.6105111, -6.6084869 ], [ -40.6157367, -6.6054031 ], [ -40.6237079, -6.6042963 ], [ -40.644176, -6.6058481 ], [ -40.646722, -6.6068571 ], [ -40.6504981, -6.6128834 ], [ -40.6543838, -6.6134749 ], [ -40.6614328, -6.6112658 ], [ -40.6699963, -6.6140448 ], [ -40.6722163, -6.6118874 ], [ -40.6743111, -6.6015208 ], [ -40.6763031, -6.6005236 ], [ -40.736489, -6.5999334 ], [ -40.7402249, -6.5774961 ], [ -40.745852, -6.5655468 ], [ -40.7542915, -6.5546712 ], [ -40.7836794, -6.5284046 ], [ -40.7905614, -6.5187012 ], [ -40.7921223, -6.5128611 ], [ -40.7899395, -6.5006314 ], [ -40.7965856, -6.4707013 ], [ -40.7937757, -6.4601895 ], [ -40.7960626, -6.4450291 ], [ -40.7960894, -6.4281847 ], [ -40.8051547, -6.3931316 ], [ -40.8000881, -6.3817022 ], [ -40.7903471, -6.3718893 ], [ -40.7810893, -6.3516596 ], [ -40.7791491, -6.3413465 ], [ -40.7801352, -6.3276718 ], [ -40.7828633, -6.3133745 ], [ -40.7865622, -6.3053647 ], [ -40.8105046, -6.2870634 ], [ -40.8235748, -6.2582643 ], [ -40.8331463, -6.2452112 ], [ -40.8522242, -6.2242205 ], [ -40.84723, -6.2030136 ], [ -40.8519427, -6.1857824 ], [ -40.8536235, -6.1632816 ], [ -40.8457385, -6.134995 ], [ -40.8490497, -6.1234314 ], [ -40.8576806, -6.1053561 ], [ -40.8069475, -6.1049531 ], [ -40.808422, -6.0991501 ], [ -40.8121817, -6.0958959 ], [ -40.8104805, -6.0929471 ], [ -40.8075379, -6.0920957 ], [ -40.801773, -6.0939688 ], [ -40.79048, -6.0886549 ], [ -40.7809618, -6.0913296 ], [ -40.7764497, -6.089604 ], [ -40.7725829, -6.0911383 ], [ -40.767342, -6.0891052 ], [ -40.7600569, -6.0928484 ], [ -40.7537263, -6.0903032 ], [ -40.7479807, -6.0907967 ], [ -40.7465822, -6.0883229 ], [ -40.7470176, -6.0814868 ], [ -40.7399121, -6.0816271 ], [ -40.7316769, -6.0701293 ], [ -40.7334812, -6.06748 ], [ -40.7385024, -6.0659769 ], [ -40.7378596, -6.0582135 ], [ -40.73208, -6.0544319 ], [ -40.7314144, -6.05241 ], [ -40.7243712, -6.0528455 ], [ -40.7216457, -6.0477984 ], [ -40.7126025, -6.0440432 ], [ -40.7140776, -6.0394795 ], [ -40.7097508, -6.0348172 ], [ -40.7007014, -6.0336134 ], [ -40.6999426, -6.0317018 ], [ -40.7027371, -6.0311548 ], [ -40.7017112, -6.0260678 ], [ -40.6975277, -6.0197709 ], [ -40.6905759, -6.0154249 ], [ -40.6870369, -6.0099626 ], [ -40.6762402, -6.0070194 ], [ -40.6661252, -6.0082506 ], [ -40.6619293, -6.0034719 ], [ -40.6594638, -6.0055034 ], [ -40.6535651, -6.0046383 ], [ -40.6510823, -6.0061072 ], [ -40.6480471, -6.0036379 ], [ -40.642301, -6.0038204 ], [ -40.6346888, -5.998807 ], [ -40.6276574, -5.9973376 ], [ -40.6243099, -5.9937125 ], [ -40.6181249, -5.9935516 ], [ -40.61225, -5.9901544 ], [ -40.6088325, -5.9906808 ], [ -40.6031798, -5.9946838 ], [ -40.5980439, -5.9940014 ], [ -40.5974356, -6.0009327 ], [ -40.5958733, -6.002001 ], [ -40.5889777, -5.9929847 ], [ -40.5841674, -5.9963447 ], [ -40.580839, -5.9957244 ], [ -40.5771505, -5.9988332 ], [ -40.5719168, -5.998208 ], [ -40.5660889, -5.9997993 ], [ -40.5652031, -5.9976006 ], [ -40.5615097, -6.0044606 ], [ -40.557349, -6.0074307 ], [ -40.55635, -6.005351 ], [ -40.5528153, -6.0063365 ], [ -40.5506212, -6.0027402 ], [ -40.5454446, -6.0043662 ], [ -40.5397649, -6.0026885 ], [ -40.5353687, -5.9995819 ], [ -40.5317355, -5.9930651 ], [ -40.5261234, -5.9934009 ], [ -40.5168214, -5.9890375 ], [ -40.5047869, -5.9909916 ], [ -40.4970692, -5.9896597 ], [ -40.4926951, -5.9817724 ], [ -40.4891186, -5.9823074 ], [ -40.4852401, -5.9877918 ], [ -40.4810874, -5.9897573 ], [ -40.4786195, -5.9962165 ], [ -40.4738546, -6.00006 ], [ -40.4771999, -6.0069229 ], [ -40.4682918, -6.0129134 ], [ -40.4661378, -6.0171936 ], [ -40.4725475, -6.0279279 ], [ -40.4814077, -6.0329754 ], [ -40.4803878, -6.0452871 ], [ -40.478141, -6.0522132 ], [ -40.4816767, -6.0574632 ], [ -40.4817331, -6.0614511 ], [ -40.4834692, -6.0614112 ], [ -40.4861726, -6.0656279 ], [ -40.4842575, -6.0680675 ], [ -40.4861004, -6.0711679 ], [ -40.4854632, -6.0736432 ], [ -40.4890972, -6.0774444 ], [ -40.4863519, -6.0808392 ], [ -40.4939369, -6.0836417 ], [ -40.5085777, -6.1444979 ], [ -40.5316467, -6.1600126 ], [ -40.4880623, -6.2032638 ], [ -40.4915092, -6.2083129 ], [ -40.4888702, -6.2117029 ], [ -40.4923086, -6.2169189 ], [ -40.4888163, -6.2197425 ], [ -40.4889174, -6.2216756 ], [ -40.4948258, -6.2266368 ], [ -40.4953005, -6.2424085 ], [ -40.4991872, -6.2476476 ], [ -40.4997336, -6.2518119 ], [ -40.5023081, -6.2513073 ], [ -40.5049566, -6.2531164 ], [ -40.5039572, -6.2550932 ], [ -40.50553, -6.2571284 ], [ -40.5076833, -6.2555012 ], [ -40.5082088, -6.2594955 ], [ -40.5101503, -6.2590413 ], [ -40.5124444, -6.2606736 ], [ -40.5125518, -6.2626533 ], [ -40.5153016, -6.2626872 ], [ -40.5147887, -6.265177 ], [ -40.5199977, -6.2701088 ], [ -40.522189, -6.2692052 ], [ -40.5264613, -6.27271 ], [ -40.5285426, -6.2709752 ], [ -40.5343382, -6.2761264 ], [ -40.5353621, -6.2751983 ], [ -40.5360669, -6.2763759 ], [ -40.5339408, -6.279232 ], [ -40.5425706, -6.2798748 ], [ -40.5488382, -6.2840482 ], [ -40.555577, -6.2842196 ], [ -40.5568767, -6.2871573 ], [ -40.5555067, -6.2890164 ], [ -40.5594952, -6.2887396 ], [ -40.5661356, -6.2917854 ], [ -40.5699682, -6.2909587 ], [ -40.5729611, -6.2931808 ], [ -40.574999, -6.2921029 ], [ -40.5744565, -6.2902073 ], [ -40.5789843, -6.2875477 ], [ -40.5826865, -6.2916238 ], [ -40.5886911, -6.2930878 ], [ -40.591925, -6.3035653 ], [ -40.5905213, -6.3090534 ], [ -40.591284, -6.3135773 ], [ -40.5954546, -6.3176946 ], [ -40.595589, -6.3201155 ], [ -40.6005921, -6.3226889 ], [ -40.6025909, -6.3288068 ], [ -40.6105868, -6.3377903 ], [ -40.6038735, -6.3504957 ], [ -40.597781, -6.3443461 ], [ -40.5930952, -6.3444166 ], [ -40.5913531, -6.3417064 ], [ -40.5831916, -6.3414771 ], [ -40.5808571, -6.3434886 ], [ -40.578631, -6.3507077 ], [ -40.5736843, -6.3584515 ], [ -40.5673342, -6.3522816 ], [ -40.5593387, -6.3492557 ], [ -40.5472006, -6.3403562 ], [ -40.5278384, -6.3483493 ], [ -40.5226542, -6.3457504 ], [ -40.5153642, -6.3459061 ], [ -40.5107696, -6.3403499 ], [ -40.5095814, -6.3431123 ], [ -40.504034, -6.3431905 ], [ -40.4848198, -6.3383553 ], [ -40.4797108, -6.3331343 ], [ -40.4720738, -6.3308413 ], [ -40.4691538, -6.3339186 ], [ -40.4623371, -6.3336794 ], [ -40.4583234, -6.3365634 ], [ -40.4532085, -6.3365468 ], [ -40.4518088, -6.3338332 ], [ -40.4451419, -6.3318885 ], [ -40.433435, -6.3345973 ], [ -40.4297876, -6.3245115 ], [ -40.424732, -6.3234915 ], [ -40.4219573, -6.3193863 ], [ -40.4112032, -6.3178808 ], [ -40.4051534, -6.3124657 ], [ -40.3274069, -6.401871 ], [ -40.3349688, -6.4063432 ], [ -40.3391853, -6.4143941 ], [ -40.3446374, -6.4096492 ], [ -40.3472214, -6.4099296 ], [ -40.3481427, -6.4142284 ], [ -40.3522408, -6.4158246 ], [ -40.3591779, -6.4244394 ], [ -40.365307, -6.4287591 ], [ -40.3664547, -6.4344544 ], [ -40.3700534, -6.4385768 ], [ -40.3680167, -6.4431427 ], [ -40.3690245, -6.4510866 ], [ -40.38365, -6.4638111 ], [ -40.3873564, -6.4644514 ], [ -40.3902668, -6.4684054 ], [ -40.3909474, -6.4744506 ], [ -40.4239742, -6.4854736 ], [ -40.4424034, -6.4898573 ], [ -40.447981804962566, -6.497078378120038 ] ] ] } },
{ "type": "Feature", "properties": { "CD_MUN": "2300903", "NM_MUN": "Apuiarés", "CD_RGI": "230005", "NM_RGI": "Itapagé", "CD_RGINT": "2301", "NM_RGINT": "Fortaleza", "CD_UF": "23", "NM_UF": "Ceará", "SIGLA_UF": "CE", "CD_REGIA": "2", "NM_REGIA": "Nordeste", "SIGLA_RG": "NE", "CD_CONCU": null, "NM_CONCU": null, "AREA_KM2": 543.98, "mun_upp": "APUIARÉS", "has_qualif": 1, "municipio": "Apuiarés", "REGIÃO DE PLANEJAMENTO": "Litoral Oeste / Vale do Curu", "auxiliary_storage_labeling_positionx": null, "auxiliary_storage_labeling_positiony": null, "auxiliary_storage_labeling_lineanchorpercent": null, "auxiliary_storage_labeling_lineanchorclipping": null, "auxiliary_storage_labeling_lineanchortype": null, "auxiliary_storage_labeling_lineanchortextpoint": null, "auxiliary_storage_callouts_originx": null, "auxiliary_storage_callouts_originy": null, "auxiliary_storage_callouts_destinationx": null, "auxiliary_storage_callouts_destinationy": null }, "geometry": { "type": "Polygon", "coordinates": [ [ [ -39.1927955, -3.9706522 ], [ -39.1836018, -3.976137 ], [ -39.1825745, -3.9785479 ], [ -39.1883159, -3.9848842 ], [ -39.1917392, -3.9922761 ], [ -39.1854329, -4.0016568 ], [ -39.187404, -4.0073266 ], [ -39.1923551, -4.0116741 ], [ -39.1936904, -4.0226811 ], [ -39.192265, -4.030058 ], [ -39.1982778, -4.037117 ], [ -39.2013985, -4.04433 ], [ -39.2036807, -4.046781 ], [ -39.2111009, -4.0484888 ], [ -39.2155234, -4.0517429 ], [ -39.2172773, -4.059055 ], [ -39.2254523, -4.0662947 ], [ -39.2275756, -4.072721 ], [ -39.2372311, -4.0779124 ], [ -39.2414213, -4.0739736 ], [ -39.2421568, -4.0757048 ], [ -39.2454784, -4.0764917 ], [ -39.2524626, -4.0762202 ], [ -39.2536668, -4.077638 ], [ -39.2590776, -4.0767088 ], [ -39.2688232, -4.0834257 ], [ -39.2701302, -4.0862461 ], [ -39.3025572, -4.0832649 ], [ -39.3242308, -4.0902312 ], [ -39.4441628, -3.9691724 ], [ -39.447951, -3.9701098 ], [ -39.4476984, -3.9737937 ], [ -39.4460952, -3.9745304 ], [ -39.4463767, -3.9790286 ], [ -39.4492596, -3.9821032 ], [ -39.4522234, -3.9821619 ], [ -39.4501011, -3.9889551 ], [ -39.4519899, -3.9901096 ], [ -39.4508318, -3.9914414 ], [ -39.4569009, -4.0018058 ], [ -39.4607637, -4.0034426 ], [ -39.4645567, -4.0021462 ], [ -39.4687247, -4.005034 ], [ -39.4760646, -4.0032023 ], [ -39.485732, -4.0051536 ], [ -39.4840943, -3.9739234 ], [ -39.4576042, -3.9289019 ], [ -39.4357565, -3.862097 ], [ -39.4147735, -3.8298594 ], [ -39.3542064, -3.8444171 ], [ -39.3488785, -3.8387979 ], [ -39.3487947, -3.8357655 ], [ -39.3419201, -3.8578061 ], [ -39.3087407, -3.9363837 ], [ -39.2939369, -3.9197767 ], [ -39.2904783, -3.919397 ], [ -39.2873359, -3.9214306 ], [ -39.2795897, -3.9167818 ], [ -39.2688122, -3.9151672 ], [ -39.2521451, -3.8997463 ], [ -39.2424876, -3.8979054 ], [ -39.2144969, -3.9454341 ], [ -39.1940938, -3.9553748 ], [ -39.1854312, -3.9543274 ], [ -39.1926489, -3.9608381 ], [ -39.193839, -3.9671049 ], [ -39.1927955, -3.9706522 ] ] ] } },
{ "type": "Feature", "properties": { "CD_MUN": "2313302", "NM_MUN": "Tauá", "CD_RGI": "230014", "NM_RGI": "Tauá", "CD_RGINT": "2305", "NM_RGINT": "Crateús", "CD_UF": "23", "NM_UF": "Ceará", "SIGLA_UF": "CE", "CD_REGIA": "2", "NM_REGIA": "Nordeste", "SIGLA_RG": "NE", "CD_CONCU": null, "NM_CONCU": null, "AREA_KM2": 4010.618, "mun_upp": "TAUÁ", "has_qualif": 1, "municipio": "Tauá", "REGIÃO DE PLANEJAMENTO": "Sertão dos Inhamuns", "auxiliary_storage_labeling_positionx": null, "auxiliary_storage_labeling_positiony": null, "auxiliary_storage_labeling_lineanchorpercent": null, "auxiliary_storage_labeling_lineanchorclipping": null, "auxiliary_storage_labeling_lineanchortype": null, "auxiliary_storage_labeling_lineanchortextpoint": null, "auxiliary_storage_callouts_originx": null, "auxiliary_storage_callouts_originy": null, "auxiliary_storage_callouts_destinationx": null, "auxiliary_storage_callouts_destinationy": null }, "geometry": { "type": "Polygon", "coordinates": [ [ [ -39.8737358, -6.005851 ], [ -39.8713189, -6.0130586 ], [ -39.8750027, -6.0176748 ], [ -39.8793196, -6.0185826 ], [ -39.8815212, -6.0219397 ], [ -39.8855144, -6.0239539 ], [ -39.8845356, -6.0273141 ], [ -39.8889762, -6.0344283 ], [ -39.9055675, -6.036851 ], [ -39.9054447, -6.0414536 ], [ -39.9074415, -6.0452397 ], [ -39.9058882, -6.0508746 ], [ -39.9087728, -6.0544207 ], [ -39.9097227, -6.0586294 ], [ -39.9322935, -6.0755451 ], [ -39.9353043, -6.0796481 ], [ -39.9388403, -6.0788181 ], [ -39.9476807, -6.0809073 ], [ -39.9501763, -6.07862 ], [ -39.9599461, -6.0855088 ], [ -39.9633446, -6.0920191 ], [ -39.9587826, -6.0977157 ], [ -39.9559368, -6.0973956 ], [ -39.9563602, -6.1002807 ], [ -39.9629034, -6.0994683 ], [ -39.9630265, -6.1013512 ], [ -39.9676453, -6.1031936 ], [ -39.9741296, -6.1001981 ], [ -39.9856725, -6.1024956 ], [ -39.9905055, -6.1006825 ], [ -39.9985715, -6.1029418 ], [ -39.9993305, -6.1049928 ], [ -40.0040286, -6.1049724 ], [ -40.0069036, -6.1031044 ], [ -40.0152915, -6.1025659 ], [ -40.0164792, -6.0967583 ], [ -40.0184409, -6.0956737 ], [ -40.0361302, -6.1012028 ], [ -40.0423274, -6.1063391 ], [ -40.0461558, -6.1016988 ], [ -40.0456923, -6.0991977 ], [ -40.0480044, -6.098454 ], [ -40.0556375, -6.1019189 ], [ -40.0580954, -6.1059178 ], [ -40.0690875, -6.1113062 ], [ -40.0733571, -6.1081788 ], [ -40.0856083, -6.114868 ], [ -40.0875219, -6.1095598 ], [ -40.0986607, -6.1153502 ], [ -40.1053047, -6.1151633 ], [ -40.1085501, -6.1168747 ], [ -40.1155078, -6.1109655 ], [ -40.1187926, -6.1109449 ], [ -40.124811, -6.1138955 ], [ -40.1267626, -6.1125511 ], [ -40.1267498, -6.1092089 ], [ -40.1337013, -6.1095011 ], [ -40.1403587, -6.1142507 ], [ -40.1457669, -6.1121099 ], [ -40.1503205, -6.1135852 ], [ -40.1538893, -6.1183233 ], [ -40.1592891, -6.1198717 ], [ -40.1651151, -6.1313875 ], [ -40.1811942, -6.1412072 ], [ -40.1950424, -6.1424303 ], [ -40.1984291, -6.1455213 ], [ -40.2043137, -6.1383527 ], [ -40.2050472, -6.1340272 ], [ -40.2086611, -6.1359879 ], [ -40.2114798, -6.1355521 ], [ -40.2164855, -6.1405462 ], [ -40.2211476, -6.1421976 ], [ -40.2209564, -6.1362371 ], [ -40.2245872, -6.134459 ], [ -40.226134, -6.1315064 ], [ -40.2344894, -6.1330965 ], [ -40.245175, -6.1450121 ], [ -40.2503151, -6.1481455 ], [ -40.2565936, -6.1492795 ], [ -40.2569922, -6.155239 ], [ -40.2599375, -6.1583251 ], [ -40.2613278, -6.166759 ], [ -40.2682827, -6.1699436 ], [ -40.2720398, -6.1779314 ], [ -40.2756537, -6.1804154 ], [ -40.2806928, -6.1877198 ], [ -40.286827, -6.191211 ], [ -40.2899171, -6.1972646 ], [ -40.2903026, -6.2038011 ], [ -40.3012479, -6.2067779 ], [ -40.4089831, -6.3160965 ], [ -40.4132328, -6.318507 ], [ -40.4219573, -6.3193863 ], [ -40.424732, -6.3234915 ], [ -40.4297876, -6.3245115 ], [ -40.4330219, -6.3343917 ], [ -40.4401823, -6.3320263 ], [ -40.4460186, -6.3319584 ], [ -40.4518088, -6.3338332 ], [ -40.4532085, -6.3365468 ], [ -40.4583234, -6.3365634 ], [ -40.4623371, -6.3336794 ], [ -40.4691538, -6.3339186 ], [ -40.4720738, -6.3308413 ], [ -40.4797108, -6.3331343 ], [ -40.4848198, -6.3383553 ], [ -40.504034, -6.3431905 ], [ -40.5095814, -6.3431123 ], [ -40.5107696, -6.3403499 ], [ -40.5153642, -6.3459061 ], [ -40.5226542, -6.3457504 ], [ -40.5278384, -6.3483493 ], [ -40.5472006, -6.3403562 ], [ -40.5593387, -6.3492557 ], [ -40.5673342, -6.3522816 ], [ -40.5742103, -6.3584912 ], [ -40.5824608, -6.3419133 ], [ -40.5853861, -6.3407781 ], [ -40.5913531, -6.3417064 ], [ -40.5930952, -6.3444166 ], [ -40.597781, -6.3443461 ], [ -40.6038735, -6.3504957 ], [ -40.6079358, -6.3444526 ], [ -40.6103761, -6.3362531 ], [ -40.6025909, -6.3288068 ], [ -40.6005921, -6.3226889 ], [ -40.595589, -6.3201155 ], [ -40.5954546, -6.3176946 ], [ -40.591284, -6.3135773 ], [ -40.5905213, -6.3090534 ], [ -40.591925, -6.3035653 ], [ -40.5886911, -6.2930878 ], [ -40.5826865, -6.2916238 ], [ -40.5789843, -6.2875477 ], [ -40.5744565, -6.2902073 ], [ -40.574999, -6.2921029 ], [ -40.5729611, -6.2931808 ], [ -40.5699682, -6.2909587 ], [ -40.5661356, -6.2917854 ], [ -40.5594952, -6.2887396 ], [ -40.5555067, -6.2890164 ], [ -40.5568767, -6.2871573 ], [ -40.555577, -6.2842196 ], [ -40.5488382, -6.2840482 ], [ -40.5425706, -6.2798748 ], [ -40.5339408, -6.279232 ], [ -40.5360669, -6.2763759 ], [ -40.5353621, -6.2751983 ], [ -40.5343382, -6.2761264 ], [ -40.5285426, -6.2709752 ], [ -40.5264613, -6.27271 ], [ -40.522189, -6.2692052 ], [ -40.5199977, -6.2701088 ], [ -40.5147887, -6.265177 ], [ -40.5153016, -6.2626872 ], [ -40.5125518, -6.2626533 ], [ -40.5124444, -6.2606736 ], [ -40.5101503, -6.2590413 ], [ -40.5082088, -6.2594955 ], [ -40.5076833, -6.2555012 ], [ -40.50553, -6.2571284 ], [ -40.5039572, -6.2550932 ], [ -40.5049566, -6.2531164 ], [ -40.5023081, -6.2513073 ], [ -40.4997336, -6.2518119 ], [ -40.4991872, -6.2476476 ], [ -40.4966167, -6.245485 ], [ -40.4939159, -6.2285376 ], [ -40.4948258, -6.2266368 ], [ -40.4889174, -6.2216756 ], [ -40.4888163, -6.2197425 ], [ -40.4923086, -6.2169189 ], [ -40.4888702, -6.2117029 ], [ -40.4915092, -6.2083129 ], [ -40.4880623, -6.2032638 ], [ -40.5316467, -6.1600126 ], [ -40.5085777, -6.1444979 ], [ -40.4939369, -6.0836417 ], [ -40.4863519, -6.0808392 ], [ -40.4890972, -6.0774444 ], [ -40.4854632, -6.0736432 ], [ -40.4861004, -6.0711679 ], [ -40.4842575, -6.0680675 ], [ -40.4861726, -6.0656279 ], [ -40.4834692, -6.0614112 ], [ -40.4817331, -6.0614511 ], [ -40.4816767, -6.0574632 ], [ -40.478141, -6.0522132 ], [ -40.4803878, -6.0452871 ], [ -40.4814077, -6.0329754 ], [ -40.4725475, -6.0279279 ], [ -40.4660966, -6.0161026 ], [ -40.468744, -6.0125197 ], [ -40.4771999, -6.0069229 ], [ -40.4738546, -6.00006 ], [ -40.4786195, -5.9962165 ], [ -40.4810874, -5.9897573 ], [ -40.4852401, -5.9877918 ], [ -40.4900546, -5.9818505 ], [ -40.4931403, -5.9820296 ], [ -40.4958719, -5.9886922 ], [ -40.4989765, -5.9903982 ], [ -40.5047869, -5.9909916 ], [ -40.5168214, -5.9890375 ], [ -40.5261234, -5.9934009 ], [ -40.5317355, -5.9930651 ], [ -40.5353687, -5.9995819 ], [ -40.5397649, -6.0026885 ], [ -40.5454446, -6.0043662 ], [ -40.5506212, -6.0027402 ], [ -40.5528153, -6.0063365 ], [ -40.55635, -6.005351 ], [ -40.557349, -6.0074307 ], [ -40.5615097, -6.0044606 ], [ -40.5652031, -5.9976006 ], [ -40.5660889, -5.9997993 ], [ -40.5719168, -5.998208 ], [ -40.5771505, -5.9988332 ], [ -40.580839, -5.9957244 ], [ -40.5841674, -5.9963447 ], [ -40.5889777, -5.9929847 ], [ -40.5958733, -6.002001 ], [ -40.5974356, -6.0009327 ], [ -40.5980439, -5.9940014 ], [ -40.6031798, -5.9946838 ], [ -40.6088325, -5.9906808 ], [ -40.61225, -5.9901544 ], [ -40.6181249, -5.9935516 ], [ -40.6243099, -5.9937125 ], [ -40.6276574, -5.9973376 ], [ -40.6346888, -5.998807 ], [ -40.642301, -6.0038204 ], [ -40.6480471, -6.0036379 ], [ -40.6510823, -6.0061072 ], [ -40.6535651, -6.0046383 ], [ -40.6594638, -6.0055034 ], [ -40.6619293, -6.0034719 ], [ -40.6661252, -6.0082506 ], [ -40.6762402, -6.0070194 ], [ -40.6870369, -6.0099626 ], [ -40.6905759, -6.0154249 ], [ -40.6975277, -6.0197709 ], [ -40.7017112, -6.0260678 ], [ -40.7027371, -6.0311548 ], [ -40.6999426, -6.0317018 ], [ -40.7007014, -6.0336134 ], [ -40.7081471, -6.0340327 ], [ -40.7140776, -6.0394795 ], [ -40.7174315, -6.0393349 ], [ -40.7275554, -6.0351783 ], [ -40.7336461, -6.029786 ], [ -40.7337692, -6.0211498 ], [ -40.7391483, -6.0125892 ], [ -40.7364359, -6.0067326 ], [ -40.7358817, -6.0010483 ], [ -40.7389885, -5.9928626 ], [ -40.7436646, -5.991882 ], [ -40.7466275, -5.9848869 ], [ -40.7436026, -5.9794608 ], [ -40.7387099, -5.9796881 ], [ -40.7372445, -5.9762015 ], [ -40.7378552, -5.9718762 ], [ -40.7330589, -5.9741229 ], [ -40.72774, -5.9731139 ], [ -40.7211103, -5.9660849 ], [ -40.7129158, -5.9666039 ], [ -40.7142391, -5.9622617 ], [ -40.7113265, -5.9585442 ], [ -40.7131929, -5.9540824 ], [ -40.7097941, -5.9497917 ], [ -40.7123548, -5.9490398 ], [ -40.7115948, -5.9466818 ], [ -40.7145725, -5.9406331 ], [ -40.7099216, -5.9422531 ], [ -40.7099925, -5.9365818 ], [ -40.7054159, -5.9385698 ], [ -40.7043133, -5.9286303 ], [ -40.7020082, -5.9276614 ], [ -40.6993489, -5.9178449 ], [ -40.6956448, -5.9120674 ], [ -40.6852589, -5.9115241 ], [ -40.6717458, -5.9146521 ], [ -40.6628222, -5.9133007 ], [ -40.664189, -5.9086714 ], [ -40.6728157, -5.9006323 ], [ -40.6765674, -5.8929909 ], [ -40.6777226, -5.8864178 ], [ -40.6827248, -5.8795828 ], [ -40.6813995, -5.8720254 ], [ -40.6709955, -5.8683771 ], [ -40.669451, -5.860186 ], [ -40.6710785, -5.8549155 ], [ -40.6673669, -5.8544744 ], [ -40.6666293, -5.851474 ], [ -40.6631039, -5.850982 ], [ -40.6596841, -5.846054 ], [ -40.6539286, -5.8455452 ], [ -40.6419495, -5.840237 ], [ -40.6323443, -5.8521052 ], [ -40.6280006, -5.8532857 ], [ -40.607185, -5.8484938 ], [ -40.6023254, -5.8431413 ], [ -40.6034692, -5.8381682 ], [ -40.5995376, -5.8387374 ], [ -40.595685, -5.8363769 ], [ -40.5870103, -5.8352761 ], [ -40.5849059, -5.8391656 ], [ -40.5791695, -5.8385625 ], [ -40.5770223, -5.84107 ], [ -40.574771, -5.8398665 ], [ -40.5544317, -5.841068 ], [ -40.5514586, -5.8386784 ], [ -40.5503201, -5.8334509 ], [ -40.536359, -5.8243694 ], [ -40.5318754, -5.8182373 ], [ -40.5231444, -5.8173545 ], [ -40.5180705, -5.811331 ], [ -40.5135235, -5.813555 ], [ -40.5124126, -5.8171367 ], [ -40.5171828, -5.8225365 ], [ -40.5168618, -5.8248495 ], [ -40.5121058, -5.8234636 ], [ -40.5115455, -5.8267764 ], [ -40.507187, -5.8250611 ], [ -40.5043613, -5.8271953 ], [ -40.4995935, -5.8267513 ], [ -40.4942071, -5.8290635 ], [ -40.4900518, -5.8342839 ], [ -40.4867239, -5.8348921 ], [ -40.4763714, -5.8317938 ], [ -40.4740932, -5.8257339 ], [ -40.4522753, -5.8291873 ], [ -40.4271107, -5.818379 ], [ -40.4219317, -5.8121588 ], [ -40.4114001, -5.8112432 ], [ -40.4111305, -5.8058201 ], [ -40.4066809, -5.8017205 ], [ -40.4069825, -5.7970953 ], [ -40.3987969, -5.7896365 ], [ -40.3973555, -5.782104 ], [ -40.3910574, -5.7783513 ], [ -40.3864191, -5.7783911 ], [ -40.3864617, -5.7725105 ], [ -40.3812654, -5.7653865 ], [ -40.3799143, -5.7596806 ], [ -40.3726158, -5.7539033 ], [ -40.3715461, -5.746855 ], [ -40.3655148, -5.7473261 ], [ -40.3630584, -5.7433927 ], [ -40.3546355, -5.7432985 ], [ -40.3389645, -5.7487911 ], [ -40.3289723, -5.7461822 ], [ -40.3227069, -5.7424312 ], [ -40.3189057, -5.7424248 ], [ -40.3093392, -5.7483573 ], [ -40.2977383, -5.7491115 ], [ -40.2896165, -5.7564379 ], [ -40.2857185, -5.7566751 ], [ -40.2827481, -5.7517717 ], [ -40.2766543, -5.7498861 ], [ -40.2723734, -5.744287 ], [ -40.2595412, -5.7352301 ], [ -40.2579099, -5.7309229 ], [ -40.2508747, -5.7278837 ], [ -40.2455967, -5.7215288 ], [ -40.2411239, -5.7190263 ], [ -40.2403786, -5.7165157 ], [ -40.2426126, -5.7100305 ], [ -40.2275609, -5.710434 ], [ -40.2230152, -5.7004232 ], [ -40.2186282, -5.698063 ], [ -40.2144741, -5.698129 ], [ -40.2148648, -5.6945025 ], [ -40.2117615, -5.6936524 ], [ -40.2108469, -5.6917416 ], [ -40.2151287, -5.6847384 ], [ -40.2141179, -5.6776034 ], [ -40.2188297, -5.6721693 ], [ -40.2201563, -5.6671134 ], [ -40.2295891, -5.6606701 ], [ -40.2304912, -5.6567 ], [ -40.2272701, -5.6538519 ], [ -40.2261785, -5.6489154 ], [ -40.2291025, -5.6457974 ], [ -40.2286672, -5.6417731 ], [ -40.2362418, -5.6313938 ], [ -40.2321291, -5.6272987 ], [ -40.2300452, -5.6205584 ], [ -40.2334538, -5.6179819 ], [ -40.234698, -5.6143822 ], [ -40.2319055, -5.6122755 ], [ -40.2272463, -5.6120784 ], [ -40.2259723, -5.6081843 ], [ -40.2201912, -5.6054126 ], [ -40.2218788, -5.6027826 ], [ -40.230166, -5.5999103 ], [ -40.2288836, -5.5920296 ], [ -40.225563, -5.5924649 ], [ -40.2204161, -5.5867658 ], [ -40.2143322, -5.5853652 ], [ -40.1936717, -5.5736915 ], [ -40.1886365, -5.573873 ], [ -40.1869534, -5.571621 ], [ -40.1845926, -5.5718256 ], [ -40.1878171, -5.5624547 ], [ -40.1846558, -5.5607481 ], [ -40.1719655, -5.5596887 ], [ -40.1719796, -5.5523513 ], [ -40.1689852, -5.5486457 ], [ -40.1676665, -5.5434808 ], [ -40.1609286, -5.5457494 ], [ -40.1562289, -5.542818 ], [ -40.148802, -5.5418332 ], [ -40.1469213, -5.540238 ], [ -40.1410196, -5.5482434 ], [ -40.1368387, -5.548851 ], [ -40.1335062, -5.5468018 ], [ -40.1248398, -5.5541665 ], [ -40.1201947, -5.5482119 ], [ -40.1170825, -5.5469205 ], [ -40.1152818, -5.5395668 ], [ -40.1122351, -5.5381807 ], [ -40.110522, -5.5348149 ], [ -40.1101775, -5.5255795 ], [ -40.1127397, -5.5150966 ], [ -40.107817, -5.5106161 ], [ -40.1098133, -5.5035505 ], [ -40.1087173, -5.4979214 ], [ -40.1097676, -5.4926186 ], [ -40.1123308, -5.4903869 ], [ -40.1100501, -5.485741 ], [ -40.1087282, -5.4746161 ], [ -40.1061522, -5.4696013 ], [ -40.1099268, -5.4612521 ], [ -40.1060819, -5.4586325 ], [ -40.1065841, -5.4533211 ], [ -40.1001234, -5.4513059 ], [ -40.0998543, -5.4440545 ], [ -40.0930241, -5.4421256 ], [ -40.0894637, -5.4394482 ], [ -40.0897692, -5.4353078 ], [ -40.0818733, -5.4258716 ], [ -40.0833748, -5.4224999 ], [ -40.0795359, -5.4230492 ], [ -40.0757184, -5.419687 ], [ -40.0724639, -5.4129547 ], [ -40.0730298, -5.4112405 ], [ -40.0692419, -5.4083921 ], [ -40.067438, -5.4015144 ], [ -40.0599107, -5.3971198 ], [ -40.0585906, -5.3980522 ], [ -40.0599955, -5.4040816 ], [ -40.0655039, -5.4108069 ], [ -40.0619499, -5.4143576 ], [ -40.0619829, -5.4166588 ], [ -40.0679168, -5.4245478 ], [ -40.0672152, -5.4261273 ], [ -40.061887, -5.4263517 ], [ -40.0601536, -5.4282455 ], [ -40.0627548, -5.4334627 ], [ -40.0611113, -5.4352786 ], [ -40.056551, -5.4358306 ], [ -40.0580273, -5.4402075 ], [ -40.0556545, -5.4438687 ], [ -40.056725, -5.4505854 ], [ -40.0553685, -5.462197 ], [ -40.0501714, -5.4630603 ], [ -40.0469493, -5.4675143 ], [ -40.0538448, -5.4877198 ], [ -40.0445795, -5.4886455 ], [ -40.0394079, -5.4910212 ], [ -40.0340698, -5.4875902 ], [ -40.0286594, -5.4893834 ], [ -40.0307425, -5.5077926 ], [ -40.0257465, -5.5085654 ], [ -40.0255136, -5.5148563 ], [ -40.0207435, -5.5135889 ], [ -40.0135586, -5.5192789 ], [ -40.0184523, -5.5290504 ], [ -40.0147946, -5.5344193 ], [ -40.0205495, -5.5392277 ], [ -40.0273701, -5.5542369 ], [ -40.0337836, -5.5634709 ], [ -40.0478578, -5.5668587 ], [ -40.0564858, -5.5752119 ], [ -40.0626495, -5.5779329 ], [ -40.0634996, -5.5762868 ], [ -40.066561, -5.5791926 ], [ -40.0771528, -5.5828169 ], [ -40.0759546, -5.5893227 ], [ -40.0654904, -5.5893598 ], [ -40.0582437, -5.5943594 ], [ -40.0571928, -5.5980446 ], [ -40.0596117, -5.603009 ], [ -40.0594992, -5.6072444 ], [ -40.0510579, -5.6104401 ], [ -40.0549021, -5.6128621 ], [ -40.0533892, -5.6198498 ], [ -40.0561021, -5.6238951 ], [ -40.0576335, -5.6315693 ], [ -40.063106, -5.6355637 ], [ -40.0550131, -5.638269 ], [ -40.0541997, -5.6414955 ], [ -40.0589254, -5.6468566 ], [ -40.062045, -5.6541209 ], [ -40.073869, -5.6655389 ], [ -40.0718143, -5.6748966 ], [ -40.0667255, -5.6755044 ], [ -40.0637729, -5.6880663 ], [ -40.056665, -5.6882536 ], [ -40.0574399, -5.6901469 ], [ -40.0553971, -5.6912545 ], [ -40.0552761, -5.6932837 ], [ -40.0529064, -5.6931416 ], [ -40.0474391, -5.697713 ], [ -40.0490536, -5.7019865 ], [ -40.0462718, -5.7041241 ], [ -40.0452755, -5.7089981 ], [ -40.0425529, -5.711882 ], [ -40.0236976, -5.7123112 ], [ -40.0224113, -5.7101028 ], [ -40.0189821, -5.710264 ], [ -40.0158762, -5.7073144 ], [ -40.0079006, -5.7143996 ], [ -40.0061698, -5.7202052 ], [ -40.0090753, -5.7339204 ], [ -40.0076931, -5.7353848 ], [ -40.0027528, -5.7351394 ], [ -40.0023782, -5.736447 ], [ -40.0073379, -5.747614 ], [ -40.0029638, -5.7583446 ], [ -40.0041749, -5.7648191 ], [ -40.0079789, -5.7699241 ], [ -40.0085129, -5.7737722 ], [ -40.0048058, -5.7776897 ], [ -39.9946413, -5.7790851 ], [ -39.9909988, -5.7810189 ], [ -39.989463, -5.7902336 ], [ -39.9842795, -5.7988377 ], [ -39.9835258, -5.8051571 ], [ -39.9870537, -5.8092229 ], [ -39.9856907, -5.8129849 ], [ -39.9798385, -5.8161167 ], [ -39.9728045, -5.8230113 ], [ -39.9677986, -5.8228893 ], [ -39.9625561, -5.8175695 ], [ -39.9594887, -5.8169068 ], [ -39.9568574, -5.8191545 ], [ -39.9492366, -5.8208214 ], [ -39.9495488, -5.823997 ], [ -39.9457882, -5.8273155 ], [ -39.9324988, -5.8256839 ], [ -39.9263471, -5.8307143 ], [ -39.9203753, -5.8322719 ], [ -39.9246033, -5.8360691 ], [ -39.9238534, -5.8390328 ], [ -39.9302867, -5.8464169 ], [ -39.9321991, -5.8532313 ], [ -39.9386006, -5.8570258 ], [ -39.9410511, -5.8633014 ], [ -39.9461663, -5.8632169 ], [ -39.9586723, -5.8708256 ], [ -39.959497, -5.8728198 ], [ -39.9541228, -5.8736144 ], [ -39.9528553, -5.8769883 ], [ -39.9455949, -5.8778803 ], [ -39.9437634, -5.8802671 ], [ -39.9403505, -5.8793399 ], [ -39.9387537, -5.8837784 ], [ -39.9319645, -5.8896467 ], [ -39.9280481, -5.8886912 ], [ -39.9258758, -5.8931318 ], [ -39.9229376, -5.8934246 ], [ -39.9217831, -5.8961135 ], [ -39.9194396, -5.8958693 ], [ -39.9133647, -5.8991245 ], [ -39.9047926, -5.8954185 ], [ -39.8904892, -5.8950269 ], [ -39.8715433, -5.8836297 ], [ -39.8665816, -5.8897258 ], [ -39.8607323, -5.8894132 ], [ -39.8640442, -5.8934919 ], [ -39.8624561, -5.8967613 ], [ -39.8691818, -5.8978471 ], [ -39.8714759, -5.9022646 ], [ -39.8765746, -5.9055426 ], [ -39.8768319, -5.9094027 ], [ -39.8710981, -5.9099199 ], [ -39.8705824, -5.9132693 ], [ -39.8658493, -5.9139279 ], [ -39.858075, -5.9226059 ], [ -39.8543062, -5.9233377 ], [ -39.8534968, -5.9284308 ], [ -39.8493978, -5.9334581 ], [ -39.8375118, -5.9300035 ], [ -39.8373961, -5.9336225 ], [ -39.833743, -5.9410749 ], [ -39.8358041, -5.9523089 ], [ -39.8316227, -5.9632452 ], [ -39.8354615, -5.9762122 ], [ -39.8445848, -5.982151 ], [ -39.8435099, -5.9857679 ], [ -39.8456378, -5.9884616 ], [ -39.8526663, -5.9894123 ], [ -39.8536593, -5.9867682 ], [ -39.8556688, -5.9871776 ], [ -39.858401, -5.9915086 ], [ -39.8625688, -5.9938104 ], [ -39.8615274, -6.0001861 ], [ -39.8668637, -6.0021648 ], [ -39.868132, -6.0064037 ], [ -39.8737358, -6.005851 ] ] ] } },
{ "type": "Feature", "properties": { "CD_MUN": "2313351", "NM_MUN": "Tejuçuoca", "CD_RGI": "230005", "NM_RGI": "Itapagé", "CD_RGINT": "2301", "NM_RGINT": "Fortaleza", "CD_UF": "23", "NM_UF": "Ceará", "SIGLA_UF": "CE", "CD_REGIA": "2", "NM_REGIA": "Nordeste", "SIGLA_RG": "NE", "CD_CONCU": null, "NM_CONCU": null, "AREA_KM2": 758.706, "mun_upp": "TEJUÇUOCA", "has_qualif": 1, "municipio": "Tejuçuoca", "REGIÃO DE PLANEJAMENTO": "Litoral Oeste / Vale do Curu", "auxiliary_storage_labeling_positionx": null, "auxiliary_storage_labeling_positiony": null, "auxiliary_storage_labeling_lineanchorpercent": null, "auxiliary_storage_labeling_lineanchorclipping": null, "auxiliary_storage_labeling_lineanchortype": null, "auxiliary_storage_labeling_lineanchortextpoint": null, "auxiliary_storage_callouts_originx": null, "auxiliary_storage_callouts_originy": null, "auxiliary_storage_callouts_destinationx": null, "auxiliary_storage_callouts_destinationy": null }, "geometry": { "type": "Polygon", "coordinates": [ [ [ -39.4934041, -3.8191927 ], [ -39.4890975, -3.8176017 ], [ -39.4891592, -3.812766 ], [ -39.4819219, -3.8157592 ], [ -39.4802264, -3.815086 ], [ -39.4787818, -3.8177444 ], [ -39.4795421, -3.8222822 ], [ -39.4770448, -3.831951 ], [ -39.4765087, -3.8576366 ], [ -39.4657104, -3.8586855 ], [ -39.4608985, -3.857246 ], [ -39.4570256, -3.8611676 ], [ -39.4355383, -3.8530646 ], [ -39.4325358, -3.8533175 ], [ -39.4303659, -3.855476 ], [ -39.4357565, -3.862097 ], [ -39.4576042, -3.9289019 ], [ -39.4840943, -3.9739234 ], [ -39.485732, -4.0051536 ], [ -39.4953737, -3.996678 ], [ -39.5028183, -4.0013086 ], [ -39.5326814, -4.0844392 ], [ -39.5398733, -4.0868701 ], [ -39.5469123, -4.0975406 ], [ -39.5574015, -4.1013389 ], [ -39.5637149, -4.0968108 ], [ -39.5686484, -4.095802 ], [ -39.5754867, -4.091776 ], [ -39.5846907, -4.0947611 ], [ -39.5976456, -4.0944245 ], [ -39.6081663, -4.0825821 ], [ -39.6252715, -4.0791488 ], [ -39.6284847, -4.0731864 ], [ -39.628603, -4.0695961 ], [ -39.6335377, -4.0705496 ], [ -39.6345175, -4.0742582 ], [ -39.6380652, -4.0712162 ], [ -39.6576109, -4.0713678 ], [ -39.6660476, -4.068058 ], [ -39.667863, -4.0727956 ], [ -39.6649834, -4.078327 ], [ -39.6649485, -4.0816739 ], [ -39.668052, -4.0796336 ], [ -39.6675798, -4.0779047 ], [ -39.6711533, -4.0756399 ], [ -39.6706544, -4.0704411 ], [ -39.6743833, -4.0666149 ], [ -39.6752151, -4.0547644 ], [ -39.6791062, -4.050896 ], [ -39.6804052, -4.0442935 ], [ -39.6838538, -4.0425099 ], [ -39.6821079, -4.0393814 ], [ -39.6842579, -4.0383185 ], [ -39.6835902, -4.0340371 ], [ -39.6862454, -4.0325342 ], [ -39.6926662, -4.0215638 ], [ -39.6981186, -4.0218632 ], [ -39.7004194, -4.019771 ], [ -39.706118, -4.0193484 ], [ -39.708824, -4.0148007 ], [ -39.7076902, -4.010077 ], [ -39.7010933, -4.0076445 ], [ -39.6997006, -4.0028357 ], [ -39.7014498, -4.0009749 ], [ -39.7043851, -4.0012878 ], [ -39.7044758, -3.995826 ], [ -39.7027517, -3.9936578 ], [ -39.705064, -3.9913316 ], [ -39.7069482, -3.9777805 ], [ -39.7104473, -3.976156 ], [ -39.7123437, -3.9721287 ], [ -39.7168968, -3.9741376 ], [ -39.7192735, -3.9701937 ], [ -39.7182294, -3.9684582 ], [ -39.7149055, -3.9679186 ], [ -39.7159225, -3.9624924 ], [ -39.7132408, -3.9575884 ], [ -39.7156228, -3.9553337 ], [ -39.7111234, -3.9534151 ], [ -39.7105807, -3.950526 ], [ -39.708348, -3.9487942 ], [ -39.7045306, -3.9478657 ], [ -39.7055368, -3.9434657 ], [ -39.7103726, -3.9364204 ], [ -39.7092103, -3.932803 ], [ -39.7117752, -3.9223293 ], [ -39.7158124, -3.919729 ], [ -39.7154878, -3.9163185 ], [ -39.7119658, -3.9133498 ], [ -39.7118832, -3.9082705 ], [ -39.7089301, -3.9057194 ], [ -39.710818, -3.9024862 ], [ -39.7162645, -3.8999576 ], [ -39.7166976, -3.8982943 ], [ -39.714358, -3.8950529 ], [ -39.7187314, -3.8872533 ], [ -39.7176147, -3.8858271 ], [ -39.7117554, -3.8860916 ], [ -39.7109084, -3.8842406 ], [ -39.717819, -3.8774649 ], [ -39.7207854, -3.8722258 ], [ -39.7199387, -3.8708112 ], [ -39.7187052, -3.8701164 ], [ -39.7151725, -3.8721716 ], [ -39.7121057, -3.8696856 ], [ -39.71096, -3.8663469 ], [ -39.7118907, -3.8630467 ], [ -39.7094589, -3.8616246 ], [ -39.7096158, -3.8596607 ], [ -39.7038011, -3.850877 ], [ -39.6983984, -3.8492617 ], [ -39.6912704, -3.8436378 ], [ -39.6915932, -3.8362622 ], [ -39.6890564, -3.8355094 ], [ -39.6837516, -3.8387846 ], [ -39.6802115, -3.83635 ], [ -39.6782516, -3.832656 ], [ -39.6684523, -3.8343779 ], [ -39.6619194, -3.8285802 ], [ -39.6613371, -3.8247121 ], [ -39.6558563, -3.8229551 ], [ -39.6499398, -3.8247995 ], [ -39.6476045, -3.8213416 ], [ -39.6451464, -3.8211705 ], [ -39.6395267, -3.822134 ], [ -39.6351176, -3.8300788 ], [ -39.6294369, -3.8262354 ], [ -39.6229687, -3.8302659 ], [ -39.6223393, -3.8258632 ], [ -39.6127009, -3.8208476 ], [ -39.6093773, -3.8208682 ], [ -39.6064604, -3.8234006 ], [ -39.5998217, -3.8225403 ], [ -39.5959256, -3.8258612 ], [ -39.5918711, -3.8263201 ], [ -39.5884105, -3.8254733 ], [ -39.5865295, -3.8220935 ], [ -39.5802198, -3.8215159 ], [ -39.5779678, -3.8131686 ], [ -39.5443475, -3.7714801 ], [ -39.5392661, -3.7619625 ], [ -39.5145138, -3.7453719 ], [ -39.489718, -3.7601785 ], [ -39.4934041, -3.8191927 ] ] ] } },
{ "type": "Feature", "properties": { "CD_MUN": "2312007", "NM_MUN": "Santana do Acaraú", "CD_RGI": "230015", "NM_RGI": "Sobral", "CD_RGINT": "2306", "NM_RGINT": "Sobral", "CD_UF": "23", "NM_UF": "Ceará", "SIGLA_UF": "CE", "CD_REGIA": "2", "NM_REGIA": "Nordeste", "SIGLA_RG": "NE", "CD_CONCU": null, "NM_CONCU": null, "AREA_KM2": 972.551, "mun_upp": "SANTANA DO ACARAÚ", "has_qualif": 1, "municipio": "Santana do Acaraú", "REGIÃO DE PLANEJAMENTO": "Sertão de Sobral", "auxiliary_storage_labeling_positionx": null, "auxiliary_storage_labeling_positiony": null, "auxiliary_storage_labeling_lineanchorpercent": null, "auxiliary_storage_labeling_lineanchorclipping": null, "auxiliary_storage_labeling_lineanchortype": null, "auxiliary_storage_labeling_lineanchortextpoint": null, "auxiliary_storage_callouts_originx": null, "auxiliary_storage_callouts_originy": null, "auxiliary_storage_callouts_destinationx": null, "auxiliary_storage_callouts_destinationy": null }, "geometry": { "type": "Polygon", "coordinates": [ [ [ -40.0272446, -3.4436962 ], [ -40.0251398, -3.4464388 ], [ -40.0268324, -3.4479687 ], [ -40.0262691, -3.4507047 ], [ -40.0373863, -3.4602202 ], [ -40.0379528, -3.4622702 ], [ -40.0361959, -3.4629973 ], [ -40.0391852, -3.4654567 ], [ -40.0376076, -3.466634 ], [ -40.0378826, -3.4699958 ], [ -40.0405135, -3.4714289 ], [ -40.0429525, -3.4756508 ], [ -40.0411185, -3.4756289 ], [ -40.0410923, -3.4779763 ], [ -40.0398912, -3.477274 ], [ -40.0385436, -3.4798962 ], [ -40.0380266, -3.4841185 ], [ -40.0391558, -3.4842752 ], [ -40.0375015, -3.4874506 ], [ -40.0385845, -3.4887948 ], [ -40.036305, -3.4951395 ], [ -40.0390085, -3.4969461 ], [ -40.041158, -3.5023286 ], [ -40.0413284, -3.5056311 ], [ -40.0391879, -3.5084576 ], [ -40.0402735, -3.517275 ], [ -40.0454735, -3.5205337 ], [ -40.0451913, -3.5238081 ], [ -40.0466279, -3.5256013 ], [ -40.0446512, -3.5300598 ], [ -40.0486587, -3.5317451 ], [ -40.0493331, -3.5341711 ], [ -40.046251, -3.5384681 ], [ -40.046626, -3.5542203 ], [ -40.0430044, -3.5616771 ], [ -40.0429967, -3.5675789 ], [ -40.0479654, -3.5759306 ], [ -40.050912, -3.5781099 ], [ -40.0522614, -3.5833352 ], [ -40.0619114, -3.5860237 ], [ -40.0628154, -3.589153 ], [ -40.0659472, -3.5907863 ], [ -40.0664067, -3.5926382 ], [ -40.0699085, -3.5928064 ], [ -40.0965433, -3.6212247 ], [ -40.1203045, -3.6392653 ], [ -40.1190331, -3.6445819 ], [ -40.109743, -3.6450498 ], [ -40.1093867, -3.6586527 ], [ -40.1109161, -3.6680335 ], [ -40.1127575, -3.6703863 ], [ -40.113007, -3.6850271 ], [ -40.1116939, -3.6902438 ], [ -40.1170283, -3.6923419 ], [ -40.1214624, -3.6895612 ], [ -40.1335038, -3.6869845 ], [ -40.1391471, -3.6778626 ], [ -40.1452888, -3.6744036 ], [ -40.1474878, -3.6683892 ], [ -40.1541128, -3.6657301 ], [ -40.163438, -3.6664884 ], [ -40.1732399, -3.6743507 ], [ -40.1838707, -3.664969 ], [ -40.1834171, -3.6539153 ], [ -40.1851015, -3.6509495 ], [ -40.1888552, -3.6480427 ], [ -40.1937016, -3.6468823 ], [ -40.1973452, -3.6412231 ], [ -40.2051217, -3.638676 ], [ -40.2082501, -3.6314815 ], [ -40.2127532, -3.6271915 ], [ -40.2126573, -3.6252098 ], [ -40.2059927, -3.6172727 ], [ -40.2059608, -3.6126127 ], [ -40.2006081, -3.6085242 ], [ -40.2021107, -3.6045169 ], [ -40.2059427, -3.6027945 ], [ -40.2080695, -3.5973297 ], [ -40.2099743, -3.5970065 ], [ -40.2141182, -3.6014841 ], [ -40.2161027, -3.601386 ], [ -40.2180792, -3.5976607 ], [ -40.2236708, -3.5929723 ], [ -40.224995, -3.5850962 ], [ -40.230318, -3.5780812 ], [ -40.2397543, -3.5788759 ], [ -40.2448024, -3.5818136 ], [ -40.2527879, -3.5779033 ], [ -40.2637687, -3.5767673 ], [ -40.2692922, -3.572934 ], [ -40.2692339, -3.5689151 ], [ -40.264001, -3.5669792 ], [ -40.2605454, -3.5619967 ], [ -40.2565312, -3.5595229 ], [ -40.253902, -3.5526703 ], [ -40.2546143, -3.5422354 ], [ -40.2540128, -3.5376893 ], [ -40.2518893, -3.5348324 ], [ -40.2530405, -3.5318993 ], [ -40.2519114, -3.5246497 ], [ -40.258415, -3.5160861 ], [ -40.2525436, -3.5020577 ], [ -40.2585235, -3.4989631 ], [ -40.2545041, -3.4977069 ], [ -40.2507218, -3.4902455 ], [ -40.2532526, -3.4887458 ], [ -40.255437, -3.4929146 ], [ -40.2590094, -3.4941621 ], [ -40.2613649, -3.4847749 ], [ -40.2674792, -3.4849697 ], [ -40.27105, -3.482086 ], [ -40.3072952, -3.40986 ], [ -40.3364522, -3.4041782 ], [ -40.3420253, -3.3509198 ], [ -40.3412206, -3.3161809 ], [ -40.2011363, -3.3076546 ], [ -40.2003858, -3.3102576 ], [ -40.1911969, -3.3123628 ], [ -40.1852401, -3.3191426 ], [ -40.1821701, -3.3205583 ], [ -40.1800621, -3.3188482 ], [ -40.1745349, -3.3195963 ], [ -40.1666169, -3.3172365 ], [ -40.1593105, -3.3105221 ], [ -40.1462151, -3.3035861 ], [ -40.1329192, -3.3137908 ], [ -40.1279895, -3.3133369 ], [ -40.1164791, -3.3161405 ], [ -40.113811, -3.3151383 ], [ -40.1064645, -3.3190046 ], [ -40.0983606, -3.3188173 ], [ -40.0947265, -3.3163563 ], [ -40.084021, -3.3154954 ], [ -40.0921794, -3.3544867 ], [ -40.0799213, -3.3561783 ], [ -40.0756861, -3.3626017 ], [ -40.0700829, -3.3672389 ], [ -40.0578445, -3.3691669 ], [ -40.0537324, -3.3653541 ], [ -40.046441, -3.3634574 ], [ -40.0379112, -3.3638543 ], [ -40.0339741, -3.3604001 ], [ -40.0308334, -3.3624458 ], [ -40.0247, -3.3612915 ], [ -40.0183557, -3.3635939 ], [ -40.0094463, -3.360745 ], [ -40.0021867, -3.3611634 ], [ -39.9940765, -3.363226 ], [ -39.9931791, -3.3648896 ], [ -39.9916026, -3.3641764 ], [ -39.9915547, -3.3657296 ], [ -39.9872189, -3.3654506 ], [ -39.9862785, -3.3755017 ], [ -39.9880457, -3.3783629 ], [ -39.9867866, -3.3795155 ], [ -39.9883596, -3.3823446 ], [ -39.9915764, -3.383814 ], [ -39.9905605, -3.3862985 ], [ -39.992857, -3.3880018 ], [ -39.9907029, -3.3927117 ], [ -39.9952033, -3.3986564 ], [ -39.9938284, -3.4030084 ], [ -39.9964514, -3.4086344 ], [ -39.9996811, -3.4100024 ], [ -40.002233, -3.4157717 ], [ -40.005775, -3.4193283 ], [ -40.0045933, -3.4203579 ], [ -40.0057527, -3.423995 ], [ -40.0093238, -3.423923 ], [ -40.0140414, -3.4294716 ], [ -40.018035, -3.4308865 ], [ -40.0206683, -3.4299967 ], [ -40.0254105, -3.4330891 ], [ -40.0248964, -3.4345813 ], [ -40.0279139, -3.4376641 ], [ -40.0272446, -3.4436962 ] ] ] } },
{ "type": "Feature", "properties": { "CD_MUN": "2303105", "NM_MUN": "Cariré", "CD_RGI": "230015", "NM_RGI": "Sobral", "CD_RGINT": "2306", "NM_RGINT": "Sobral", "CD_UF": "23", "NM_UF": "Ceará", "SIGLA_UF": "CE", "CD_REGIA": "2", "NM_REGIA": "Nordeste", "SIGLA_RG": "NE", "CD_CONCU": null, "NM_CONCU": null, "AREA_KM2": 755.597, "mun_upp": "CARIRÉ", "has_qualif": 1, "municipio": "Cariré", "REGIÃO DE PLANEJAMENTO": "Sertão de Sobral", "auxiliary_storage_labeling_positionx": null, "auxiliary_storage_labeling_positiony": null, "auxiliary_storage_labeling_lineanchorpercent": null, "auxiliary_storage_labeling_lineanchorclipping": null, "auxiliary_storage_labeling_lineanchortype": null, "auxiliary_storage_labeling_lineanchortextpoint": null, "auxiliary_storage_callouts_originx": null, "auxiliary_storage_callouts_originy": null, "auxiliary_storage_callouts_destinationx": null, "auxiliary_storage_callouts_destinationy": null }, "geometry": { "type": "Polygon", "coordinates": [ [ [ -40.4711986, -4.085938 ], [ -40.5126856, -4.0462845 ], [ -40.5679099, -4.0468602 ], [ -40.6391965, -4.0158238 ], [ -40.640031, -4.0104315 ], [ -40.6431858, -4.0065394 ], [ -40.6395148, -4.0008139 ], [ -40.6356999, -3.9993955 ], [ -40.6357992, -3.9974025 ], [ -40.641873, -3.9957546 ], [ -40.6436734, -3.9977465 ], [ -40.6499621, -3.9955219 ], [ -40.6603875, -3.9885516 ], [ -40.6645046, -3.9886351 ], [ -40.6671199, -3.9859261 ], [ -40.6673021, -3.9770481 ], [ -40.6582194, -3.972309 ], [ -40.6592567, -3.9644114 ], [ -40.654113, -3.9559995 ], [ -40.65383, -3.946805 ], [ -40.6553089, -3.943919 ], [ -40.6703751, -3.9357418 ], [ -40.6744478, -3.9352192 ], [ -40.6787705, -3.9286905 ], [ -40.6826942, -3.9310872 ], [ -40.6835484, -3.9293628 ], [ -40.6899555, -3.9302291 ], [ -40.6964222, -3.9258123 ], [ -40.6999809, -3.9268172 ], [ -40.7037136, -3.9254697 ], [ -40.7130751, -3.9181004 ], [ -40.7081938, -3.8980509 ], [ -40.7128275, -3.889964 ], [ -40.7114328, -3.8787695 ], [ -40.7070498, -3.8787975 ], [ -40.6936496, -3.8670139 ], [ -40.6840516, -3.8644252 ], [ -40.6846163, -3.8574532 ], [ -40.6696227, -3.8484872 ], [ -40.6699273, -3.8464983 ], [ -40.6792317, -3.8417563 ], [ -40.6564561, -3.8312028 ], [ -40.6478523, -3.834317 ], [ -40.6457079, -3.8406441 ], [ -40.6226526, -3.8254404 ], [ -40.6142853, -3.8425371 ], [ -40.6007089, -3.8434959 ], [ -40.599786, -3.8467876 ], [ -40.5986409, -3.8458925 ], [ -40.5955126, -3.8481715 ], [ -40.5940211, -3.8467506 ], [ -40.5920749, -3.8505946 ], [ -40.5885506, -3.851319 ], [ -40.5882959, -3.8552915 ], [ -40.5819929, -3.8605673 ], [ -40.5736685, -3.8613724 ], [ -40.5334244, -3.8526268 ], [ -40.5147279, -3.8512223 ], [ -40.5127225, -3.8531274 ], [ -40.5040718, -3.8506043 ], [ -40.5006051, -3.8524319 ], [ -40.4962672, -3.8493502 ], [ -40.4953508, -3.8434247 ], [ -40.4590497, -3.8342908 ], [ -40.4548257, -3.8367435 ], [ -40.4506724, -3.83596 ], [ -40.448366, -3.8334343 ], [ -40.4454346, -3.8348353 ], [ -40.4405571, -3.8313989 ], [ -40.4414978, -3.8268868 ], [ -40.4331148, -3.8274104 ], [ -40.4315252, -3.8203891 ], [ -40.4227929, -3.8188738 ], [ -40.4213583, -3.8100395 ], [ -40.4156697, -3.8064802 ], [ -40.4041529, -3.9106845 ], [ -40.4047324, -3.9153067 ], [ -40.4076064, -3.9191496 ], [ -40.4059347, -3.9204543 ], [ -40.4072641, -3.92899 ], [ -40.4027086, -3.9365501 ], [ -40.3993862, -3.9353834 ], [ -40.3991278, -3.9412295 ], [ -40.3956789, -3.9420578 ], [ -40.3995676, -3.9532849 ], [ -40.3984927, -3.9557158 ], [ -40.3931261, -3.9574975 ], [ -40.394558, -3.9672096 ], [ -40.3919223, -3.9707276 ], [ -40.392406, -3.9739159 ], [ -40.3869115, -3.9769003 ], [ -40.38084, -3.9884469 ], [ -40.3779857, -3.9895096 ], [ -40.3778258, -3.9927595 ], [ -40.3708391, -3.9959733 ], [ -40.370772, -4.0015345 ], [ -40.36811, -4.0073292 ], [ -40.3716346, -4.0117804 ], [ -40.3717367, -4.0145706 ], [ -40.3611653, -4.0259918 ], [ -40.3601696, -4.0319041 ], [ -40.3735399, -4.0918512 ], [ -40.4313325, -4.0909171 ], [ -40.4711986, -4.085938 ] ] ] } },
{ "type": "Feature", "properties": { "CD_MUN": "2312908", "NM_MUN": "Sobral", "CD_RGI": "230015", "NM_RGI": "Sobral", "CD_RGINT": "2306", "NM_RGINT": "Sobral", "CD_UF": "23", "NM_UF": "Ceará", "SIGLA_UF": "CE", "CD_REGIA": "2", "NM_REGIA": "Nordeste", "SIGLA_RG": "NE", "CD_CONCU": "2312908", "NM_CONCU": "Sobral/CE", "AREA_KM2": 2068.474, "mun_upp": "SOBRAL", "has_qualif": 1, "municipio": "Sobral", "REGIÃO DE PLANEJAMENTO": "Sertão de Sobral", "auxiliary_storage_labeling_positionx": -40.404872367849023, "auxiliary_storage_labeling_positiony": -3.7235497105055959, "auxiliary_storage_labeling_lineanchorpercent": null, "auxiliary_storage_labeling_lineanchorclipping": null, "auxiliary_storage_labeling_lineanchortype": null, "auxiliary_storage_labeling_lineanchortextpoint": null, "auxiliary_storage_callouts_originx": null, "auxiliary_storage_callouts_originy": null, "auxiliary_storage_callouts_destinationx": null, "auxiliary_storage_callouts_destinationy": null }, "geometry": { "type": "Polygon", "coordinates": [ [ [ -40.3592097, -3.8363705 ], [ -40.3640847, -3.8445524 ], [ -40.3662645, -3.8563302 ], [ -40.3700658, -3.8615614 ], [ -40.3798612, -3.8445461 ], [ -40.3788211, -3.8377422 ], [ -40.3825981, -3.8309448 ], [ -40.3820654, -3.8285766 ], [ -40.3847474, -3.8252843 ], [ -40.3845686, -3.8207188 ], [ -40.3875829, -3.810764 ], [ -40.3866202, -3.8076212 ], [ -40.3896639, -3.799494 ], [ -40.4156697, -3.8064802 ], [ -40.4213583, -3.8100395 ], [ -40.4227929, -3.8188738 ], [ -40.4315252, -3.8203891 ], [ -40.4331148, -3.8274104 ], [ -40.4414978, -3.8268868 ], [ -40.4405571, -3.8313989 ], [ -40.4454346, -3.8348353 ], [ -40.448366, -3.8334343 ], [ -40.4506724, -3.83596 ], [ -40.4548257, -3.8367435 ], [ -40.4590497, -3.8342908 ], [ -40.4953508, -3.8434247 ], [ -40.4962672, -3.8493502 ], [ -40.5006051, -3.8524319 ], [ -40.5040718, -3.8506043 ], [ -40.5127225, -3.8531274 ], [ -40.5147279, -3.8512223 ], [ -40.5334244, -3.8526268 ], [ -40.5749551, -3.8614657 ], [ -40.5819929, -3.8605673 ], [ -40.5882959, -3.8552915 ], [ -40.5885506, -3.851319 ], [ -40.5920749, -3.8505946 ], [ -40.5940211, -3.8467506 ], [ -40.5955126, -3.8481715 ], [ -40.5986409, -3.8458925 ], [ -40.599786, -3.8467876 ], [ -40.6007089, -3.8434959 ], [ -40.6142853, -3.8425371 ], [ -40.6226526, -3.8254404 ], [ -40.6457079, -3.8406441 ], [ -40.6478523, -3.834317 ], [ -40.6564561, -3.8312028 ], [ -40.6792317, -3.8417563 ], [ -40.6885984, -3.8369224 ], [ -40.6940773, -3.8365086 ], [ -40.6947371, -3.8335002 ], [ -40.7050309, -3.8284667 ], [ -40.7094082, -3.822074 ], [ -40.7236252, -3.8211107 ], [ -40.7182619, -3.8204239 ], [ -40.712469, -3.8144389 ], [ -40.7121282, -3.8111356 ], [ -40.7153613, -3.8060479 ], [ -40.6888386, -3.8007183 ], [ -40.6557295, -3.7972558 ], [ -40.6105111, -3.6499619 ], [ -40.5486593, -3.6536704 ], [ -40.5432416, -3.6553463 ], [ -40.5356507, -3.6531867 ], [ -40.5344095, -3.6515521 ], [ -40.5281511, -3.6519936 ], [ -40.5146339, -3.6489082 ], [ -40.5198722, -3.6375188 ], [ -40.512525, -3.6431283 ], [ -40.5093537, -3.6438371 ], [ -40.5045087, -3.6434863 ], [ -40.497379, -3.6399466 ], [ -40.4917315, -3.6354768 ], [ -40.4989585, -3.6297875 ], [ -40.4893121, -3.6339779 ], [ -40.4765296, -3.6360175 ], [ -40.4722923, -3.6392468 ], [ -40.4692486, -3.6352372 ], [ -40.4649657, -3.6403658 ], [ -40.4581531, -3.6414857 ], [ -40.4523425, -3.640966 ], [ -40.4490759, -3.6371393 ], [ -40.4347067, -3.6379836 ], [ -40.4278288, -3.6405432 ], [ -40.4237689, -3.6440298 ], [ -40.4125277, -3.6432146 ], [ -40.4064912, -3.6452961 ], [ -40.4048755, -3.6417669 ], [ -40.4010129, -3.6419185 ], [ -40.400269, -3.6376101 ], [ -40.3964937, -3.6370498 ], [ -40.3947193, -3.6311404 ], [ -40.3997883, -3.6271317 ], [ -40.3618556, -3.6155756 ], [ -40.3615485, -3.6135981 ], [ -40.3417291, -3.6169449 ], [ -40.3346717, -3.6227062 ], [ -40.3308392, -3.6200433 ], [ -40.327939, -3.6207981 ], [ -40.3234912, -3.6186273 ], [ -40.3105242, -3.6217798 ], [ -40.2990081, -3.621795 ], [ -40.2997138, -3.6155625 ], [ -40.294363, -3.6113775 ], [ -40.2915556, -3.6069017 ], [ -40.292995, -3.604028 ], [ -40.2968424, -3.6018335 ], [ -40.2992295, -3.5965527 ], [ -40.2987814, -3.592935 ], [ -40.2865481, -3.5852213 ], [ -40.2796666, -3.5830868 ], [ -40.2802726, -3.5735423 ], [ -40.2758285, -3.5702844 ], [ -40.2637687, -3.5767673 ], [ -40.2527879, -3.5779033 ], [ -40.2448669, -3.5818035 ], [ -40.2397027, -3.5788632 ], [ -40.229946, -3.5782904 ], [ -40.224995, -3.5850962 ], [ -40.2236827, -3.5929526 ], [ -40.2180792, -3.5976607 ], [ -40.2161792, -3.6013156 ], [ -40.2142229, -3.6015519 ], [ -40.2087119, -3.5969174 ], [ -40.2058516, -3.6029177 ], [ -40.2009642, -3.6064671 ], [ -40.2008021, -3.609078 ], [ -40.2059439, -3.6125868 ], [ -40.2060059, -3.6173008 ], [ -40.2128186, -3.6270214 ], [ -40.2082501, -3.6314815 ], [ -40.2051217, -3.638676 ], [ -40.1973452, -3.6412231 ], [ -40.1937016, -3.6468823 ], [ -40.1888552, -3.6480427 ], [ -40.1850657, -3.6509941 ], [ -40.1834156, -3.6539345 ], [ -40.1840095, -3.6645791 ], [ -40.1811781, -3.6684923 ], [ -40.1754847, -3.6711176 ], [ -40.1732399, -3.6743507 ], [ -40.163438, -3.6664884 ], [ -40.1539696, -3.6657754 ], [ -40.1474878, -3.6683892 ], [ -40.1453021, -3.6743859 ], [ -40.1391471, -3.6778626 ], [ -40.1336388, -3.6868983 ], [ -40.121486, -3.6895536 ], [ -40.1165864, -3.6923451 ], [ -40.1116939, -3.6902438 ], [ -40.113007, -3.6850271 ], [ -40.1127575, -3.6703863 ], [ -40.1109161, -3.6680335 ], [ -40.1093867, -3.6586527 ], [ -40.109743, -3.6450498 ], [ -40.1190331, -3.6445819 ], [ -40.1203045, -3.6392653 ], [ -40.0965433, -3.6212247 ], [ -40.069983, -3.5938982 ], [ -40.0660761, -3.5935318 ], [ -40.0587465, -3.5892206 ], [ -40.0530659, -3.589646 ], [ -40.0433848, -3.5805866 ], [ -40.0369297, -3.5807076 ], [ -40.0326206, -3.5827408 ], [ -40.0207579, -3.5823712 ], [ -40.0094983, -3.5780997 ], [ -39.9974952, -3.5801532 ], [ -39.9840806, -3.5764761 ], [ -39.9804437, -3.5723515 ], [ -39.9744111, -3.5716224 ], [ -39.9780962, -3.5763992 ], [ -39.9767251, -3.5862612 ], [ -39.9794695, -3.591021 ], [ -39.9799754, -3.5963576 ], [ -39.9839572, -3.5998715 ], [ -39.9866149, -3.6124575 ], [ -39.9931245, -3.6183858 ], [ -39.9937534, -3.6271686 ], [ -40.001527, -3.634316 ], [ -40.0044654, -3.6418755 ], [ -40.0096393, -3.6460341 ], [ -40.0068385, -3.6551318 ], [ -40.0150894, -3.6700423 ], [ -40.0146056, -3.6740995 ], [ -40.0163122, -3.6770293 ], [ -40.0147257, -3.6855034 ], [ -40.0202625, -3.6941847 ], [ -40.0143618, -3.7144037 ], [ -40.0178272, -3.7223799 ], [ -40.0143112, -3.7243826 ], [ -40.01431, -3.7271641 ], [ -40.0123495, -3.7285013 ], [ -40.013307, -3.732781 ], [ -40.0115113, -3.7381334 ], [ -40.0150401, -3.7405992 ], [ -40.0115909, -3.7468501 ], [ -40.0133497, -3.7493147 ], [ -40.0115035, -3.7606208 ], [ -39.9763432, -3.7766763 ], [ -39.9248611, -3.9460854 ], [ -40.006947, -3.8990925 ], [ -40.0025903, -3.9065938 ], [ -40.0028918, -3.9114516 ], [ -40.0012306, -3.9153694 ], [ -39.9991811, -3.9196084 ], [ -39.9974447, -3.9200438 ], [ -40.0001452, -3.9287547 ], [ -39.993849, -3.9365553 ], [ -39.9766791, -3.9440349 ], [ -39.9691022, -3.9516867 ], [ -39.9622759, -3.9552543 ], [ -39.960027, -3.9599288 ], [ -39.9524427, -3.9643026 ], [ -39.9457536, -3.9756042 ], [ -39.941978, -3.9761966 ], [ -39.9414483, -3.9858859 ], [ -39.9398014, -3.9894003 ], [ -39.9360218, -3.9897465 ], [ -39.9318258, -3.9864721 ], [ -39.9282437, -3.9896635 ], [ -39.9247163, -3.9883967 ], [ -39.9224322, -3.9909994 ], [ -39.9228522, -3.9980245 ], [ -39.9170414, -3.9975052 ], [ -39.913967, -4.0034822 ], [ -39.9104748, -4.0039189 ], [ -39.9111435, -4.006116 ], [ -39.916162, -4.0073474 ], [ -39.9142711, -4.0194823 ], [ -39.9167526, -4.0210147 ], [ -39.9222431, -4.0204932 ], [ -39.9214541, -4.0257878 ], [ -39.9269579, -4.0341672 ], [ -39.9238829, -4.0382249 ], [ -39.9173676, -4.0341162 ], [ -39.9142406, -4.0350033 ], [ -39.9121963, -4.0388582 ], [ -39.9057508, -4.0408444 ], [ -39.9023685, -4.0386853 ], [ -39.898671, -4.0431445 ], [ -39.8934951, -4.0428709 ], [ -39.8913323, -4.0400262 ], [ -39.888187, -4.0393182 ], [ -39.8819964, -4.0421408 ], [ -39.8757413, -4.0419296 ], [ -39.8687563, -4.0442882 ], [ -39.8730475, -4.046916 ], [ -39.8718142, -4.0517156 ], [ -39.8746743, -4.0533222 ], [ -39.8770028, -4.063067 ], [ -39.8670366, -4.0691441 ], [ -39.8589448, -4.076921 ], [ -39.8534232, -4.0784454 ], [ -39.8528545, -4.0830553 ], [ -39.8493331, -4.0881661 ], [ -39.8573173, -4.0982779 ], [ -39.8576079, -4.1027635 ], [ -39.8548796, -4.1053671 ], [ -39.8504747, -4.1052298 ], [ -39.840626, -4.1135274 ], [ -39.843329, -4.1175093 ], [ -39.8491015, -4.1195871 ], [ -39.8510317, -4.1260398 ], [ -39.8595933, -4.1386353 ], [ -39.8658564, -4.1380187 ], [ -39.8690743, -4.1356518 ], [ -39.8825923, -4.1385211 ], [ -39.8879565, -4.1374478 ], [ -39.8927964, -4.1428044 ], [ -39.8989698, -4.1410694 ], [ -39.8998775, -4.1381205 ], [ -39.9023313, -4.1371076 ], [ -39.9188526, -4.1369488 ], [ -39.9222757, -4.1316337 ], [ -39.9388296, -4.1282725 ], [ -39.9442635, -4.1302165 ], [ -39.9492029, -4.1259223 ], [ -39.953936, -4.1264249 ], [ -39.9628643, -4.1219415 ], [ -39.9652645, -4.1186351 ], [ -39.9714603, -4.1148155 ], [ -39.9723436, -4.1128323 ], [ -39.9696772, -4.1053009 ], [ -39.978872, -4.1069796 ], [ -39.9873373, -4.1070961 ], [ -39.9891228, -4.1057026 ], [ -39.9917652, -4.0962271 ], [ -39.9886588, -4.090996 ], [ -39.9911079, -4.0864315 ], [ -39.996961, -4.0821804 ], [ -40.0098259, -4.0873164 ], [ -40.0158716, -4.087798 ], [ -40.0201997, -4.0841587 ], [ -40.0369895, -4.0782953 ], [ -40.0426556, -4.0737886 ], [ -40.0520887, -4.0699949 ], [ -40.0560871, -4.0657776 ], [ -40.0538107, -4.0623148 ], [ -40.0574212, -4.0584745 ], [ -40.064249, -4.0588562 ], [ -40.0661734, -4.0569752 ], [ -40.0694669, -4.0567353 ], [ -40.077102, -4.0600935 ], [ -40.0820821, -4.0597721 ], [ -40.0876871, -4.0537332 ], [ -40.0891365, -4.0494299 ], [ -40.0961248, -4.0488658 ], [ -40.0982101, -4.0473035 ], [ -40.1031169, -4.0523854 ], [ -40.1055685, -4.0474289 ], [ -40.1087944, -4.0474245 ], [ -40.1132059, -4.0442674 ], [ -40.1164696, -4.0439579 ], [ -40.1188188, -4.0409816 ], [ -40.1245104, -4.039754 ], [ -40.1272599, -4.0336771 ], [ -40.1318916, -4.0345092 ], [ -40.1352767, -4.0304386 ], [ -40.1382884, -4.0308918 ], [ -40.1390906, -4.0256689 ], [ -40.1416661, -4.0218014 ], [ -40.1515068, -4.0157033 ], [ -40.1579542, -4.0045669 ], [ -40.1679429, -3.9932989 ], [ -40.1700471, -3.9849347 ], [ -40.1820175, -3.9744801 ], [ -40.1888031, -3.9604297 ], [ -40.1883798, -3.9552549 ], [ -40.1776567, -3.9497452 ], [ -40.1736339, -3.9454243 ], [ -40.1699057, -3.9379577 ], [ -40.1676812, -3.936524 ], [ -40.1668764, -3.9284147 ], [ -40.1604365, -3.928202 ], [ -40.1587539, -3.922374 ], [ -40.1559649, -3.9212041 ], [ -40.1533666, -3.915103 ], [ -40.1494851, -3.9123589 ], [ -40.1504591, -3.9032995 ], [ -40.1476346, -3.8985205 ], [ -40.1418002, -3.8989347 ], [ -40.1379106, -3.8963466 ], [ -40.1348612, -3.8863598 ], [ -40.1397277, -3.8786945 ], [ -40.1399547, -3.8758394 ], [ -40.1365366, -3.8682881 ], [ -40.1363863, -3.858545 ], [ -40.1354354, -3.8563126 ], [ -40.1306204, -3.8562808 ], [ -40.1268905, -3.8482927 ], [ -40.1249578, -3.8257636 ], [ -40.1221982, -3.8202973 ], [ -40.1208045, -3.8092844 ], [ -40.115689, -3.790812 ], [ -40.1156033, -3.7774497 ], [ -40.1082298, -3.7633398 ], [ -40.1167528, -3.7602406 ], [ -40.1213394, -3.7368826 ], [ -40.1193529, -3.7327149 ], [ -40.1208441, -3.7267729 ], [ -40.1199007, -3.7193909 ], [ -40.1211933, -3.7175024 ], [ -40.1205588, -3.7133828 ], [ -40.12352, -3.7108347 ], [ -40.1211399, -3.7085532 ], [ -40.1267409, -3.7074704 ], [ -40.12608, -3.7008711 ], [ -40.1881957, -3.6958464 ], [ -40.2357108, -3.6974827 ], [ -40.2563287, -3.71467 ], [ -40.2776183, -3.728071 ], [ -40.2846545, -3.7304092 ], [ -40.306056, -3.7490025 ], [ -40.3071146, -3.7512468 ], [ -40.3038219, -3.7557899 ], [ -40.3004902, -3.7568175 ], [ -40.3053851, -3.7612937 ], [ -40.3109991, -3.7636108 ], [ -40.3111691, -3.7719222 ], [ -40.3070316, -3.7810147 ], [ -40.3075055, -3.7867013 ], [ -40.3279759, -3.7884289 ], [ -40.3404646, -3.7833423 ], [ -40.3592097, -3.8363705 ] ] ] } },
{ "type": "Feature", "properties": { "CD_MUN": "2306207", "NM_MUN": "Itaiçaba", "CD_RGI": "230008", "NM_RGI": "Aracati", "CD_RGINT": "2302", "NM_RGINT": "Quixadá", "CD_UF": "23", "NM_UF": "Ceará", "SIGLA_UF": "CE", "CD_REGIA": "2", "NM_REGIA": "Nordeste", "SIGLA_RG": "NE", "CD_CONCU": null, "NM_CONCU": null, "AREA_KM2": 213.603, "mun_upp": "ITAIÇABA", "has_qualif": 1, "municipio": "Itaiçaba", "REGIÃO DE PLANEJAMENTO": "Litoral Leste", "auxiliary_storage_labeling_positionx": null, "auxiliary_storage_labeling_positiony": null, "auxiliary_storage_labeling_lineanchorpercent": null, "auxiliary_storage_labeling_lineanchorclipping": null, "auxiliary_storage_labeling_lineanchortype": null, "auxiliary_storage_labeling_lineanchortextpoint": null, "auxiliary_storage_callouts_originx": null, "auxiliary_storage_callouts_originy": null, "auxiliary_storage_callouts_destinationx": null, "auxiliary_storage_callouts_destinationy": null }, "geometry": { "type": "Polygon", "coordinates": [ [ [ -37.8184094, -4.6732645 ], [ -37.8142153, -4.6726768 ], [ -37.8081347, -4.6757145 ], [ -37.8009375, -4.6972554 ], [ -37.7852313, -4.7033966 ], [ -37.7765328, -4.7117838 ], [ -37.7576009, -4.7131977 ], [ -37.7484451, -4.7193266 ], [ -37.7326054, -4.7177471 ], [ -37.7241588, -4.7193972 ], [ -37.707048, -4.7184233 ], [ -37.6974633, -4.7145377 ], [ -37.6932678, -4.715822 ], [ -37.6846832, -4.7147864 ], [ -37.677655, -4.7184212 ], [ -37.6573585, -4.714962 ], [ -37.6162718, -4.7180139 ], [ -37.7887298, -4.756712 ], [ -37.7932613, -4.7444849 ], [ -37.7929133, -4.7385443 ], [ -37.7885724, -4.7295893 ], [ -37.8251491, -4.742014 ], [ -37.8266274, -4.7488322 ], [ -37.8258396, -4.7525861 ], [ -37.8300869, -4.763207 ], [ -37.9337665, -4.7636224 ], [ -37.9555694, -4.7295448 ], [ -37.9505284, -4.6617678 ], [ -37.949357, -4.6602779 ], [ -37.9267016, -4.6633028 ], [ -37.9088985, -4.6638414 ], [ -37.8446995, -4.6832141 ], [ -37.8315834, -4.6601657 ], [ -37.8291195, -4.6662244 ], [ -37.8184094, -4.6732645 ] ] ] } },
{ "type": "Feature", "properties": { "CD_MUN": "2308807", "NM_MUN": "Moraújo", "CD_RGI": "230015", "NM_RGI": "Sobral", "CD_RGINT": "2306", "NM_RGINT": "Sobral", "CD_UF": "23", "NM_UF": "Ceará", "SIGLA_UF": "CE", "CD_REGIA": "2", "NM_REGIA": "Nordeste", "SIGLA_RG": "NE", "CD_CONCU": null, "NM_CONCU": null, "AREA_KM2": 414.446, "mun_upp": "MORAÚJO", "has_qualif": 1, "municipio": "Moraújo", "REGIÃO DE PLANEJAMENTO": "Sertão de Sobral", "auxiliary_storage_labeling_positionx": null, "auxiliary_storage_labeling_positiony": null, "auxiliary_storage_labeling_lineanchorpercent": null, "auxiliary_storage_labeling_lineanchorclipping": null, "auxiliary_storage_labeling_lineanchortype": null, "auxiliary_storage_labeling_lineanchortextpoint": null, "auxiliary_storage_callouts_originx": null, "auxiliary_storage_callouts_originy": null, "auxiliary_storage_callouts_destinationx": null, "auxiliary_storage_callouts_destinationy": null }, "geometry": { "type": "Polygon", "coordinates": [ [ [ -40.5588816, -3.5304372 ], [ -40.6444872, -3.53065 ], [ -40.6454369, -3.5317086 ], [ -40.6544731, -3.526293 ], [ -40.6637925, -3.5273311 ], [ -40.6701492, -3.5298806 ], [ -40.6715226, -3.5117617 ], [ -40.67687, -3.5126924 ], [ -40.6882086, -3.5105155 ], [ -40.6897253, -3.5118048 ], [ -40.6916224, -3.5101217 ], [ -40.6960923, -3.5137994 ], [ -40.6999076, -3.5140306 ], [ -40.706548, -3.5211029 ], [ -40.7619274, -3.5050728 ], [ -40.8568439, -3.5359012 ], [ -40.838526, -3.5117019 ], [ -40.8216775, -3.4708189 ], [ -40.8265495, -3.4533639 ], [ -40.8355328, -3.441305 ], [ -40.8490659, -3.4171692 ], [ -40.8386592, -3.421178 ], [ -40.8328721, -3.4206784 ], [ -40.8283929, -3.4239599 ], [ -40.8256165, -3.4231888 ], [ -40.8141247, -3.4259543 ], [ -40.8084775, -3.4233955 ], [ -40.8070996, -3.4199385 ], [ -40.7983252, -3.4179597 ], [ -40.7956422, -3.4193572 ], [ -40.7918699, -3.418747 ], [ -40.7861197, -3.4222892 ], [ -40.7845028, -3.4208136 ], [ -40.7810032, -3.4209206 ], [ -40.7787806, -3.4240685 ], [ -40.7724488, -3.4221711 ], [ -40.7371747, -3.4380928 ], [ -40.7369179, -3.430739 ], [ -40.7286256, -3.4282726 ], [ -40.720795, -3.4234111 ], [ -40.721687, -3.4189448 ], [ -40.7197252, -3.4104645 ], [ -40.7228569, -3.4042429 ], [ -40.720505, -3.3990934 ], [ -40.721622, -3.392617 ], [ -40.727729, -3.3884642 ], [ -40.7257478, -3.3828447 ], [ -40.7210751, -3.3834895 ], [ -40.7174428, -3.3878266 ], [ -40.7119058, -3.390966 ], [ -40.7125432, -3.3959894 ], [ -40.6996255, -3.4015452 ], [ -40.6952207, -3.4014035 ], [ -40.6896968, -3.3913926 ], [ -40.684854, -3.3912718 ], [ -40.6798928, -3.3888113 ], [ -40.6786019, -3.3858275 ], [ -40.6794136, -3.3804009 ], [ -40.6750844, -3.3720489 ], [ -40.6703203, -3.3687357 ], [ -40.6685597, -3.3636021 ], [ -40.6644057, -3.3613811 ], [ -40.6560199, -3.3622344 ], [ -40.6532104, -3.3592243 ], [ -40.6436994, -3.3611184 ], [ -40.6396466, -3.3604608 ], [ -40.6371867, -3.3573278 ], [ -40.6340071, -3.3574527 ], [ -40.6056528, -3.3666133 ], [ -40.6023436, -3.3681468 ], [ -40.6032696, -3.3713395 ], [ -40.6108628, -3.3781558 ], [ -40.6120676, -3.3810873 ], [ -40.6157818, -3.3810428 ], [ -40.6300078, -3.3921427 ], [ -40.6196832, -3.3973762 ], [ -40.6179353, -3.4057418 ], [ -40.5987182, -3.4128542 ], [ -40.5930656, -3.4099827 ], [ -40.5899556, -3.4126486 ], [ -40.5875361, -3.4123846 ], [ -40.5860535, -3.4085204 ], [ -40.5822863, -3.4111874 ], [ -40.5791129, -3.4100536 ], [ -40.5703533, -3.411609 ], [ -40.564953, -3.4057124 ], [ -40.5627672, -3.4079233 ], [ -40.5617036, -3.4064524 ], [ -40.5634019, -3.4169047 ], [ -40.570256, -3.4383458 ], [ -40.5535539, -3.4382518 ], [ -40.5481582, -3.4465823 ], [ -40.537283, -3.4483899 ], [ -40.5574302, -3.4833948 ], [ -40.5327552, -3.5031468 ], [ -40.540786, -3.5223205 ], [ -40.5405072, -3.5261168 ], [ -40.5441759, -3.526154 ], [ -40.5474893, -3.5285487 ], [ -40.550023, -3.5378982 ], [ -40.5539656, -3.5381367 ], [ -40.5588816, -3.5304372 ] ] ] } },
{ "type": "Feature", "properties": { "CD_MUN": "2301406", "NM_MUN": "Aratuba", "CD_RGI": "230003", "NM_RGI": "Redenção-Acarape", "CD_RGINT": "2301", "NM_RGINT": "Fortaleza", "CD_UF": "23", "NM_UF": "Ceará", "SIGLA_UF": "CE", "CD_REGIA": "2", "NM_REGIA": "Nordeste", "SIGLA_RG": "NE", "CD_CONCU": null, "NM_CONCU": null, "AREA_KM2": 119.758, "mun_upp": "ARATUBA", "has_qualif": 1, "municipio": "Aratuba", "REGIÃO DE PLANEJAMENTO": "Maciço de Baturité", "auxiliary_storage_labeling_positionx": null, "auxiliary_storage_labeling_positiony": null, "auxiliary_storage_labeling_lineanchorpercent": null, "auxiliary_storage_labeling_lineanchorclipping": null, "auxiliary_storage_labeling_lineanchortype": null, "auxiliary_storage_labeling_lineanchortextpoint": null, "auxiliary_storage_callouts_originx": null, "auxiliary_storage_callouts_originy": null, "auxiliary_storage_callouts_destinationx": null, "auxiliary_storage_callouts_destinationy": null }, "geometry": { "type": "Polygon", "coordinates": [ [ [ -39.0283578, -4.4603347 ], [ -39.0363391, -4.4575146 ], [ -39.0416155, -4.4536247 ], [ -39.0524071, -4.451769 ], [ -39.0525052, -4.4394389 ], [ -39.0576047, -4.4335471 ], [ -39.0728072, -4.4249287 ], [ -39.0745955, -4.4220921 ], [ -39.0749546, -4.4165022 ], [ -39.0787889, -4.4174359 ], [ -39.0789046, -4.4057612 ], [ -39.0878545, -4.4131157 ], [ -39.0900617, -4.4132312 ], [ -39.0949423, -4.402259 ], [ -39.0944768, -4.3975886 ], [ -39.0973822, -4.3970054 ], [ -39.0992412, -4.3938533 ], [ -39.0957545, -4.3928022 ], [ -39.0943607, -4.3868618 ], [ -39.0962914, -4.3828929 ], [ -39.0937793, -4.3818302 ], [ -39.0892472, -4.3835816 ], [ -39.0893642, -4.3888347 ], [ -39.085879, -4.3943217 ], [ -39.0828551, -4.3912869 ], [ -39.0678664, -4.3988749 ], [ -39.0658548, -4.3963412 ], [ -39.0629855, -4.3971251 ], [ -39.0625203, -4.3912903 ], [ -39.0662404, -4.3910554 ], [ -39.0671689, -4.3889529 ], [ -39.0641464, -4.3819488 ], [ -39.065424, -4.3793826 ], [ -39.0584497, -4.3754138 ], [ -39.0624564, -4.3739577 ], [ -39.0690262, -4.3674748 ], [ -39.0730914, -4.3666573 ], [ -39.0661217, -4.3633897 ], [ -39.0640285, -4.3643248 ], [ -39.0625169, -4.3623397 ], [ -39.0709993, -4.3546353 ], [ -39.0699521, -4.3523098 ], [ -39.0635844, -4.3586942 ], [ -39.0608902, -4.3570863 ], [ -39.0579849, -4.3612886 ], [ -39.0576395, -4.3651395 ], [ -39.0565914, -4.3617559 ], [ -39.0504329, -4.3588374 ], [ -39.0498513, -4.3568529 ], [ -39.0536085, -4.3520852 ], [ -39.0383465, -4.3596404 ], [ -39.0245324, -4.3599174 ], [ -39.0242838, -4.3670645 ], [ -39.0199773, -4.3685464 ], [ -39.0137309, -4.3736436 ], [ -39.0060997, -4.3717922 ], [ -39.0006545, -4.3671902 ], [ -38.9905354, -4.3676746 ], [ -38.9852452, -4.3625368 ], [ -38.9736031, -4.3627124 ], [ -38.9704126, -4.368202 ], [ -38.9830327, -4.3808316 ], [ -38.9741609, -4.4401188 ], [ -38.9768131, -4.4449353 ], [ -38.9788548, -4.4436755 ], [ -38.9801512, -4.4461492 ], [ -38.9866527, -4.4493792 ], [ -38.9902757, -4.4480964 ], [ -38.9932708, -4.4518866 ], [ -38.9939916, -4.4602209 ], [ -38.9978258, -4.4675141 ], [ -38.9970794, -4.4726626 ], [ -38.9988121, -4.4808219 ], [ -39.0040564, -4.4815675 ], [ -39.006083, -4.4838701 ], [ -39.0079503, -4.4894381 ], [ -39.0069872, -4.4912384 ], [ -39.0105753, -4.4958919 ], [ -39.0095933, -4.4968614 ], [ -39.013194, -4.4990599 ], [ -39.0130933, -4.5018249 ], [ -39.0153091, -4.5022152 ], [ -39.0167192, -4.5058049 ], [ -39.0153217, -4.5086565 ], [ -39.0136976, -4.5081702 ], [ -39.0130933, -4.5123658 ], [ -39.0145307, -4.5150016 ], [ -39.0201933, -4.512358 ], [ -39.0224269, -4.5085895 ], [ -39.020753, -4.5063013 ], [ -39.0263871, -4.5017912 ], [ -39.0260365, -4.4993259 ], [ -39.0288698, -4.4984816 ], [ -39.0265396, -4.491378 ], [ -39.0282747, -4.4906397 ], [ -39.0274504, -4.4894003 ], [ -39.0296802, -4.4843173 ], [ -39.0332397, -4.4812443 ], [ -39.0329533, -4.4782044 ], [ -39.0354186, -4.476784 ], [ -39.033462, -4.4744066 ], [ -39.035338, -4.4712957 ], [ -39.0345031, -4.4675018 ], [ -39.029246, -4.46335 ], [ -39.0283578, -4.4603347 ] ] ] } },
{ "type": "Feature", "properties": { "CD_MUN": "2300101", "NM_MUN": "Abaiara", "CD_RGI": "230012", "NM_RGI": "Brejo Santo", "CD_RGINT": "2304", "NM_RGINT": "Juazeiro do Norte", "CD_UF": "23", "NM_UF": "Ceará", "SIGLA_UF": "CE", "CD_REGIA": "2", "NM_REGIA": "Nordeste", "SIGLA_RG": "NE", "CD_CONCU": null, "NM_CONCU": null, "AREA_KM2": 180.833, "mun_upp": "ABAIARA", "has_qualif": 1, "municipio": "Abaiara", "REGIÃO DE PLANEJAMENTO": "Cariri", "auxiliary_storage_labeling_positionx": null, "auxiliary_storage_labeling_positiony": null, "auxiliary_storage_labeling_lineanchorpercent": null, "auxiliary_storage_labeling_lineanchorclipping": null, "auxiliary_storage_labeling_lineanchortype": null, "auxiliary_storage_labeling_lineanchortextpoint": null, "auxiliary_storage_callouts_originx": null, "auxiliary_storage_callouts_originy": null, "auxiliary_storage_callouts_destinationx": null, "auxiliary_storage_callouts_destinationy": null }, "geometry": { "type": "Polygon", "coordinates": [ [ [ -38.969878, -7.4273003 ], [ -39.0781998, -7.4220341 ], [ -39.0857249, -7.404154 ], [ -39.0843331, -7.3985519 ], [ -39.0887755, -7.3907764 ], [ -39.0887747, -7.3841341 ], [ -39.0957533, -7.3791821 ], [ -39.0931916, -7.3740334 ], [ -39.0947601, -7.3700109 ], [ -39.0941254, -7.3633408 ], [ -39.0969858, -7.3583125 ], [ -39.1020794, -7.3403923 ], [ -39.1016695, -7.329852 ], [ -39.0991646, -7.3215275 ], [ -39.0929113, -7.3168409 ], [ -39.0923474, -7.3140467 ], [ -39.0858744, -7.3101947 ], [ -39.0811505, -7.3012044 ], [ -39.0829801, -7.2947579 ], [ -39.0821735, -7.2916826 ], [ -39.0857445, -7.289135 ], [ -39.0907027, -7.2811441 ], [ -39.0844704, -7.2796055 ], [ -39.0840847, -7.2732472 ], [ -39.0819776, -7.2688258 ], [ -39.089774, -7.265385 ], [ -39.091809, -7.2597091 ], [ -39.0855723, -7.2656946 ], [ -39.0716885, -7.2734803 ], [ -39.0672744, -7.2800077 ], [ -39.0495431, -7.2916203 ], [ -39.0367505, -7.2946803 ], [ -39.0337298, -7.297419 ], [ -39.0234612, -7.2993819 ], [ -39.0176058, -7.3023008 ], [ -39.0103991, -7.3025619 ], [ -39.0013274, -7.3074158 ], [ -38.9868482, -7.333537 ], [ -38.9739652, -7.3795539 ], [ -38.9619594, -7.3959093 ], [ -38.9628273, -7.4044327 ], [ -38.9665585, -7.4098828 ], [ -38.969878, -7.4273003 ] ] ] } },
{ "type": "Feature", "properties": { "CD_MUN": "2306256", "NM_MUN": "Itaitinga", "CD_RGI": "230001", "NM_RGI": "Fortaleza", "CD_RGINT": "2301", "NM_RGINT": "Fortaleza", "CD_UF": "23", "NM_UF": "Ceará", "SIGLA_UF": "CE", "CD_REGIA": "2", "NM_REGIA": "Nordeste", "SIGLA_RG": "NE", "CD_CONCU": "2304400", "NM_CONCU": "Fortaleza/CE", "AREA_KM2": 153.686, "mun_upp": "ITAITINGA", "has_qualif": 1, "municipio": "Itaitinga", "REGIÃO DE PLANEJAMENTO": "Grande Fortaleza", "auxiliary_storage_labeling_positionx": null, "auxiliary_storage_labeling_positiony": null, "auxiliary_storage_labeling_lineanchorpercent": null, "auxiliary_storage_labeling_lineanchorclipping": null, "auxiliary_storage_labeling_lineanchortype": null, "auxiliary_storage_labeling_lineanchortextpoint": null, "auxiliary_storage_callouts_originx": null, "auxiliary_storage_callouts_originy": null, "auxiliary_storage_callouts_destinationx": null, "auxiliary_storage_callouts_destinationy": null }, "geometry": { "type": "Polygon", "coordinates": [ [ [ -38.531158, -3.879367 ], [ -38.5140644, -3.8946031 ], [ -38.5116334, -3.8890686 ], [ -38.508505, -3.888748 ], [ -38.505755, -3.890542 ], [ -38.5045547, -3.8882402 ], [ -38.5018756, -3.8881821 ], [ -38.5063708, -3.9119326 ], [ -38.5093359, -3.9434273 ], [ -38.5154258, -3.962674 ], [ -38.5140795, -3.9793473 ], [ -38.5186127, -4.0180145 ], [ -38.5272021, -4.0229492 ], [ -38.5258577, -4.0293093 ], [ -38.5335931, -4.0389347 ], [ -38.5362061, -4.0397202 ], [ -38.5365152, -4.0446987 ], [ -38.5392223, -4.049561 ], [ -38.5357934, -4.0528728 ], [ -38.5333693, -4.0587988 ], [ -38.5343649, -4.0616933 ], [ -38.533017, -4.0682613 ], [ -38.5376439, -4.073264 ], [ -38.5359939, -4.0792455 ], [ -38.5502178, -4.0927873 ], [ -38.5576287, -4.114364 ], [ -38.5575441, -4.1191696 ], [ -38.5649298, -4.1232184 ], [ -38.5762876, -4.1057301 ], [ -38.5976345, -4.1059868 ], [ -38.6024921, -4.1046428 ], [ -38.6056817, -4.1018619 ], [ -38.6128473, -4.1040409 ], [ -38.6045807, -4.0587584 ], [ -38.5747217, -4.0541547 ], [ -38.5737216, -3.9959682 ], [ -38.5559615, -3.9060374 ], [ -38.5487614, -3.8940359 ], [ -38.5527458, -3.8869842 ], [ -38.5469697, -3.8877434 ], [ -38.5423193, -3.8591902 ], [ -38.518954, -3.864611 ], [ -38.520516, -3.867253 ], [ -38.5270171, -3.8713897 ], [ -38.531158, -3.879367 ] ] ] } },
{ "type": "Feature", "properties": { "CD_MUN": "2302701", "NM_MUN": "Campos Sales", "CD_RGI": "230011", "NM_RGI": "Juazeiro do Norte", "CD_RGINT": "2304", "NM_RGINT": "Juazeiro do Norte", "CD_UF": "23", "NM_UF": "Ceará", "SIGLA_UF": "CE", "CD_REGIA": "2", "NM_REGIA": "Nordeste", "SIGLA_RG": "NE", "CD_CONCU": null, "NM_CONCU": null, "AREA_KM2": 1082.582, "mun_upp": "CAMPOS SALES", "has_qualif": 1, "municipio": "Campos Sales", "REGIÃO DE PLANEJAMENTO": "Cariri", "auxiliary_storage_labeling_positionx": null, "auxiliary_storage_labeling_positiony": null, "auxiliary_storage_labeling_lineanchorpercent": null, "auxiliary_storage_labeling_lineanchorclipping": null, "auxiliary_storage_labeling_lineanchortype": null, "auxiliary_storage_labeling_lineanchortextpoint": null, "auxiliary_storage_callouts_originx": null, "auxiliary_storage_callouts_originy": null, "auxiliary_storage_callouts_destinationx": null, "auxiliary_storage_callouts_destinationy": null }, "geometry": { "type": "Polygon", "coordinates": [ [ [ -40.3296326, -7.1288975 ], [ -40.4469213, -7.089293 ], [ -40.4440274, -7.0841966 ], [ -40.4409193, -7.0829429 ], [ -40.4410436, -7.0797754 ], [ -40.4593637, -7.0784977 ], [ -40.4442591, -7.0559322 ], [ -40.4432815, -7.0480955 ], [ -40.4265655, -7.031445 ], [ -40.4269411, -7.0294603 ], [ -40.4348921, -7.0228008 ], [ -40.4386846, -7.0164594 ], [ -40.4340662, -7.0152549 ], [ -40.4280135, -7.0184767 ], [ -40.4278513, -7.0153512 ], [ -40.4252965, -7.0157396 ], [ -40.4062495, -7.0053266 ], [ -40.4110731, -6.9990757 ], [ -40.4286547, -6.9961299 ], [ -40.4298702, -6.9933431 ], [ -40.4303741, -6.9757538 ], [ -40.4272844, -6.9663241 ], [ -40.4291212, -6.9485029 ], [ -40.4244739, -6.9372014 ], [ -40.4270332, -6.9180229 ], [ -40.4327058, -6.9085394 ], [ -40.433955, -6.9021429 ], [ -40.432913, -6.892717 ], [ -40.4289613, -6.88486 ], [ -40.430179, -6.8678162 ], [ -40.4285196, -6.8642545 ], [ -40.415834, -6.8593745 ], [ -40.4107554, -6.8555798 ], [ -40.4022192, -6.8399895 ], [ -40.3859674, -6.8287262 ], [ -40.3829029, -6.8209918 ], [ -40.3705774, -6.8079935 ], [ -40.370511, -6.8031578 ], [ -40.3639936, -6.8068296 ], [ -40.3564941, -6.8070403 ], [ -40.3523517, -6.8088255 ], [ -40.3508583, -6.7987967 ], [ -40.3485056, -6.7967711 ], [ -40.3429689, -6.802433 ], [ -40.3316226, -6.8043577 ], [ -40.3221126, -6.8025726 ], [ -40.31842, -6.8006316 ], [ -40.3139917, -6.788985 ], [ -40.3103681, -6.7861728 ], [ -40.3077586, -6.7861675 ], [ -40.3009428, -6.7995743 ], [ -40.3006196, -6.8068088 ], [ -40.2916159, -6.8080892 ], [ -40.2833966, -6.7951271 ], [ -40.2782912, -6.7944958 ], [ -40.2649552, -6.7966552 ], [ -40.2584472, -6.7862076 ], [ -40.251749, -6.7866299 ], [ -40.2420845, -6.7767853 ], [ -40.2120937, -6.776048 ], [ -40.2031268, -6.7742822 ], [ -40.1842596, -6.7597023 ], [ -40.180165, -6.7594011 ], [ -40.1693667, -6.7773791 ], [ -40.168392, -6.7918167 ], [ -40.1499154, -6.7844711 ], [ -40.1467857, -6.7855692 ], [ -40.1415023, -6.7915799 ], [ -40.1389972, -6.8019825 ], [ -40.1342985, -6.8010182 ], [ -40.1306091, -6.8035204 ], [ -40.1306535, -6.8052715 ], [ -40.1352376, -6.8075207 ], [ -40.1330362, -6.8106018 ], [ -40.1441702, -6.8159117 ], [ -40.1469975, -6.8305866 ], [ -40.0872855, -6.8466568 ], [ -40.0771628, -6.8566974 ], [ -40.0832928, -6.8600923 ], [ -40.0915836, -6.8603286 ], [ -40.1031896, -6.8721605 ], [ -40.1103707, -6.8753601 ], [ -40.1232408, -6.886644 ], [ -40.125545, -6.8869545 ], [ -40.0805491, -6.9154466 ], [ -40.0787383, -6.9155045 ], [ -40.0760883, -6.9124654 ], [ -40.0732393, -6.9153614 ], [ -40.0708897, -6.9154535 ], [ -40.0694455, -6.9134705 ], [ -40.064506, -6.9185996 ], [ -40.0569817, -6.9190292 ], [ -40.0602936, -6.9236254 ], [ -40.063308, -6.9249767 ], [ -40.0592093, -6.9330508 ], [ -40.0650552, -6.9392043 ], [ -40.0624629, -6.9418943 ], [ -40.0647263, -6.9442108 ], [ -40.0619119, -6.9485491 ], [ -40.0674217, -6.9571611 ], [ -40.0664545, -6.9650348 ], [ -40.0683389, -6.9649901 ], [ -40.0689432, -6.9689351 ], [ -40.071584, -6.9703362 ], [ -40.0749002, -6.9822104 ], [ -40.0804296, -6.981629 ], [ -40.0840736, -6.9849754 ], [ -40.087212, -6.9853711 ], [ -40.0924238, -6.98381 ], [ -40.0961045, -6.9877531 ], [ -40.0984725, -6.9983271 ], [ -40.0958868, -6.9991458 ], [ -40.0999091, -7.0019745 ], [ -40.1005589, -7.005328 ], [ -40.097417, -7.0072521 ], [ -40.0964041, -7.0098221 ], [ -40.1026048, -7.0103245 ], [ -40.1091731, -7.0167797 ], [ -40.1123001, -7.0163367 ], [ -40.116956, -7.0182425 ], [ -40.1206527, -7.0216819 ], [ -40.1203728, -7.0245559 ], [ -40.1229244, -7.0229514 ], [ -40.1204067, -7.0149227 ], [ -40.1247109, -7.011903 ], [ -40.1301869, -7.0024095 ], [ -40.133879, -7.0009636 ], [ -40.1425487, -7.0072205 ], [ -40.1481739, -7.0086223 ], [ -40.1559665, -7.0151107 ], [ -40.1676653, -7.0146348 ], [ -40.1771726, -7.0191172 ], [ -40.1810335, -7.0172582 ], [ -40.1843855, -7.0208967 ], [ -40.1929882, -7.0255368 ], [ -40.2131401, -7.0293568 ], [ -40.2208607, -7.0376665 ], [ -40.2297473, -7.0397035 ], [ -40.2326855, -7.0435471 ], [ -40.2395842, -7.0473909 ], [ -40.2421047, -7.0512703 ], [ -40.2478897, -7.0550666 ], [ -40.2515634, -7.0602254 ], [ -40.2481406, -7.0631961 ], [ -40.2520463, -7.0678788 ], [ -40.2806472, -7.0695793 ], [ -40.288049, -7.0719069 ], [ -40.2906208, -7.0751031 ], [ -40.2946854, -7.0767429 ], [ -40.3007489, -7.0779702 ], [ -40.3089166, -7.0757779 ], [ -40.314416, -7.0765919 ], [ -40.3239014, -7.0819712 ], [ -40.3219373, -7.0904765 ], [ -40.3257035, -7.0988054 ], [ -40.3202779, -7.1087041 ], [ -40.3247466, -7.116688 ], [ -40.3203481, -7.1281383 ], [ -40.3296326, -7.1288975 ] ] ] } },
{ "type": "Feature", "properties": { "CD_MUN": "2307502", "NM_MUN": "Lavras da Mangabeira", "CD_RGI": "230011", "NM_RGI": "Juazeiro do Norte", "CD_RGINT": "2304", "NM_RGINT": "Juazeiro do Norte", "CD_UF": "23", "NM_UF": "Ceará", "SIGLA_UF": "CE", "CD_REGIA": "2", "NM_REGIA": "Nordeste", "SIGLA_RG": "NE", "CD_CONCU": null, "NM_CONCU": null, "AREA_KM2": 945.263, "mun_upp": "LAVRAS DA MANGABEIRA", "has_qualif": 1, "municipio": "Lavras da Mangabeira", "REGIÃO DE PLANEJAMENTO": "Cariri", "auxiliary_storage_labeling_positionx": null, "auxiliary_storage_labeling_positiony": null, "auxiliary_storage_labeling_lineanchorpercent": null, "auxiliary_storage_labeling_lineanchorclipping": null, "auxiliary_storage_labeling_lineanchortype": null, "auxiliary_storage_labeling_lineanchortextpoint": null, "auxiliary_storage_callouts_originx": null, "auxiliary_storage_callouts_originy": null, "auxiliary_storage_callouts_destinationx": null, "auxiliary_storage_callouts_destinationy": null }, "geometry": { "type": "Polygon", "coordinates": [ [ [ -38.8222502, -6.7777903 ], [ -38.8168488, -6.8002295 ], [ -38.8185973, -6.807296 ], [ -38.8153442, -6.8109476 ], [ -38.8135931, -6.8201711 ], [ -38.8153404, -6.8257938 ], [ -38.8095935, -6.8389508 ], [ -38.8108739, -6.8465771 ], [ -38.8235663, -6.8486755 ], [ -38.8354645, -6.8476236 ], [ -38.8560104, -6.859032 ], [ -38.8629334, -6.8564495 ], [ -38.8673673, -6.8605993 ], [ -38.8775117, -6.8572504 ], [ -38.8910802, -6.8571642 ], [ -38.920252, -6.8612071 ], [ -38.9311379, -6.8609175 ], [ -38.944494, -6.8664264 ], [ -38.9507085, -6.8672629 ], [ -38.9608337, -6.8628133 ], [ -38.9691128, -6.8620308 ], [ -38.9732489, -6.8632857 ], [ -38.9790882, -6.8612802 ], [ -38.9808683, -6.8640259 ], [ -38.9783428, -6.8684546 ], [ -38.9888317, -6.8685538 ], [ -38.9956969, -6.8709481 ], [ -38.9989807, -6.873794 ], [ -39.0065749, -6.8738338 ], [ -39.0145185, -6.8774357 ], [ -39.015212, -6.8812007 ], [ -39.021136, -6.8902403 ], [ -39.0208584, -6.895257 ], [ -39.0434174, -6.9001703 ], [ -39.0443616, -6.9019957 ], [ -39.0427978, -6.9061787 ], [ -39.0449992, -6.9083704 ], [ -39.0607595, -6.9115265 ], [ -39.0644643, -6.9163005 ], [ -39.0701856, -6.918089 ], [ -39.0671046, -6.9208539 ], [ -39.0745564, -6.9266857 ], [ -39.0714592, -6.9300504 ], [ -39.0865326, -6.9312393 ], [ -39.0908216, -6.9353083 ], [ -39.0868198, -6.9373172 ], [ -39.0901573, -6.9428913 ], [ -39.0927433, -6.9437198 ], [ -39.1005461, -6.9534734 ], [ -39.1021148, -6.9610336 ], [ -39.10644, -6.9634027 ], [ -39.1159858, -6.9428002 ], [ -39.1665778, -6.9357782 ], [ -39.1665231, -6.9058743 ], [ -39.1858058, -6.8636983 ], [ -39.181558, -6.8272817 ], [ -39.1353817, -6.7374199 ], [ -39.1327804, -6.7350607 ], [ -39.1333772, -6.7286072 ], [ -39.1248312, -6.7209624 ], [ -39.1091827, -6.7177237 ], [ -39.1079307, -6.7154846 ], [ -39.0968884, -6.7118064 ], [ -39.0957779, -6.7133097 ], [ -39.0926568, -6.7109061 ], [ -39.0906561, -6.7127524 ], [ -39.0852319, -6.7099494 ], [ -39.0828084, -6.7057565 ], [ -39.0681666, -6.7054237 ], [ -39.0642972, -6.7003023 ], [ -39.0569523, -6.6988001 ], [ -39.0551589, -6.6961515 ], [ -39.0510054, -6.6971541 ], [ -39.0458631, -6.6957664 ], [ -39.0498942, -6.6849044 ], [ -39.058171, -6.6805906 ], [ -39.0596613, -6.6742515 ], [ -39.0627923, -6.6701598 ], [ -39.0610931, -6.6636529 ], [ -39.0521517, -6.6604455 ], [ -39.0504615, -6.6684088 ], [ -39.04679, -6.6751874 ], [ -39.0416764, -6.6721434 ], [ -39.0353422, -6.6715551 ], [ -39.0344372, -6.6694011 ], [ -39.02466, -6.6675153 ], [ -39.0195898, -6.6645285 ], [ -39.0198626, -6.6631211 ], [ -39.016464, -6.6604149 ], [ -39.0112551, -6.6610757 ], [ -39.0026662, -6.6576906 ], [ -38.9812367, -6.6632631 ], [ -38.9683942, -6.6592175 ], [ -38.9622597, -6.6535079 ], [ -38.9599464, -6.6450271 ], [ -38.9510206, -6.6438774 ], [ -38.9482295, -6.6304704 ], [ -38.9401945, -6.6295625 ], [ -38.9327205, -6.6166344 ], [ -38.9246868, -6.6111779 ], [ -38.9210124, -6.5918657 ], [ -38.9208781, -6.5803958 ], [ -38.9193707, -6.5775952 ], [ -38.9215743, -6.5666814 ], [ -38.9174377, -6.5675894 ], [ -38.9154257, -6.5747142 ], [ -38.9042744, -6.5768679 ], [ -38.9032119, -6.5795272 ], [ -38.9003072, -6.5783509 ], [ -38.8906088, -6.5799094 ], [ -38.8880522, -6.5816417 ], [ -38.8813415, -6.5800126 ], [ -38.8765668, -6.5816181 ], [ -38.8773733, -6.5852081 ], [ -38.8691145, -6.590577 ], [ -38.8691711, -6.5941097 ], [ -38.8721934, -6.5966308 ], [ -38.8735394, -6.6118104 ], [ -38.8507781, -6.6471174 ], [ -38.843739, -6.667271 ], [ -38.8547062, -6.6735003 ], [ -38.8593744, -6.691198 ], [ -38.8563044, -6.6943805 ], [ -38.8531512, -6.6941579 ], [ -38.8535558, -6.704183 ], [ -38.8465922, -6.7092104 ], [ -38.8481337, -6.7162478 ], [ -38.8469195, -6.7217375 ], [ -38.839105, -6.7262949 ], [ -38.827982, -6.7365314 ], [ -38.8288832, -6.7446623 ], [ -38.7956479, -6.7688459 ], [ -38.8222502, -6.7777903 ] ] ] } },
{ "type": "Feature", "properties": { "CD_MUN": "2309300", "NM_MUN": "Nova Russas", "CD_RGI": "230013", "NM_RGI": "Crateús", "CD_RGINT": "2305", "NM_RGINT": "Crateús", "CD_UF": "23", "NM_UF": "Ceará", "SIGLA_UF": "CE", "CD_REGIA": "2", "NM_REGIA": "Nordeste", "SIGLA_RG": "NE", "CD_CONCU": null, "NM_CONCU": null, "AREA_KM2": 736.911, "mun_upp": "NOVA RUSSAS", "has_qualif": 1, "municipio": "Nova Russas", "REGIÃO DE PLANEJAMENTO": "Sertão dos Crateús", "auxiliary_storage_labeling_positionx": null, "auxiliary_storage_labeling_positiony": null, "auxiliary_storage_labeling_lineanchorpercent": null, "auxiliary_storage_labeling_lineanchorclipping": null, "auxiliary_storage_labeling_lineanchortype": null, "auxiliary_storage_labeling_lineanchortextpoint": null, "auxiliary_storage_callouts_originx": null, "auxiliary_storage_callouts_originy": null, "auxiliary_storage_callouts_destinationx": null, "auxiliary_storage_callouts_destinationy": null }, "geometry": { "type": "Polygon", "coordinates": [ [ [ -40.3812886, -4.5488416 ], [ -40.4461554, -4.7324598 ], [ -40.5242578, -4.8478805 ], [ -40.5400269, -4.8428766 ], [ -40.5409687, -4.8439828 ], [ -40.5420734, -4.8495233 ], [ -40.5405532, -4.8547273 ], [ -40.5421786, -4.8549328 ], [ -40.543378, -4.8594241 ], [ -40.5420817, -4.8604994 ], [ -40.5457889, -4.8660353 ], [ -40.539155, -4.8758948 ], [ -40.5399026, -4.8812448 ], [ -40.5372401, -4.8841094 ], [ -40.540241, -4.8920342 ], [ -40.5380739, -4.8941626 ], [ -40.5388484, -4.8973183 ], [ -40.5369035, -4.9017273 ], [ -40.5411383, -4.9153257 ], [ -40.616201, -4.8128992 ], [ -40.6177467, -4.8058844 ], [ -40.6228619, -4.8049206 ], [ -40.6266907, -4.8010591 ], [ -40.6280943, -4.7902361 ], [ -40.6372542, -4.7759269 ], [ -40.6352238, -4.7727392 ], [ -40.6370793, -4.7692395 ], [ -40.6363819, -4.7641379 ], [ -40.6380917, -4.7632654 ], [ -40.6371131, -4.7603105 ], [ -40.6424075, -4.7545737 ], [ -40.6417158, -4.7495657 ], [ -40.6473154, -4.7465445 ], [ -40.6461453, -4.7434743 ], [ -40.6474313, -4.7397608 ], [ -40.6456737, -4.7371307 ], [ -40.6482905, -4.7322208 ], [ -40.643447, -4.7305519 ], [ -40.6422715, -4.7277147 ], [ -40.6483122, -4.7181235 ], [ -40.6531812, -4.7134558 ], [ -40.6542648, -4.7093685 ], [ -40.6563124, -4.7093066 ], [ -40.6591654, -4.7053825 ], [ -40.6594307, -4.7014183 ], [ -40.6542209, -4.6938813 ], [ -40.6557884, -4.6915911 ], [ -40.6550906, -4.6886882 ], [ -40.6601604, -4.686363 ], [ -40.6266635, -4.6212209 ], [ -40.6241886, -4.6250819 ], [ -40.6214537, -4.6253088 ], [ -40.6133501, -4.6216035 ], [ -40.6047612, -4.6200943 ], [ -40.5964496, -4.6117229 ], [ -40.5964811, -4.6081247 ], [ -40.5894864, -4.6005346 ], [ -40.5870037, -4.5941891 ], [ -40.5873439, -4.5878214 ], [ -40.5853275, -4.5854269 ], [ -40.5862349, -4.5838263 ], [ -40.5847604, -4.5837633 ], [ -40.5829455, -4.5779628 ], [ -40.5873491, -4.573089 ], [ -40.5860889, -4.5602545 ], [ -40.5878834, -4.5575772 ], [ -40.509401, -4.5075023 ], [ -40.4608693, -4.5283444 ], [ -40.3812886, -4.5488416 ] ] ] } },
{ "type": "Feature", "properties": { "CD_MUN": "2300150", "NM_MUN": "Acarape", "CD_RGI": "230003", "NM_RGI": "Redenção-Acarape", "CD_RGINT": "2301", "NM_RGINT": "Fortaleza", "CD_UF": "23", "NM_UF": "Ceará", "SIGLA_UF": "CE", "CD_REGIA": "2", "NM_REGIA": "Nordeste", "SIGLA_RG": "NE", "CD_CONCU": null, "NM_CONCU": null, "AREA_KM2": 129.767, "mun_upp": "ACARAPE", "has_qualif": 1, "municipio": "Acarape", "REGIÃO DE PLANEJAMENTO": "Maciço de Baturité", "auxiliary_storage_labeling_positionx": null, "auxiliary_storage_labeling_positiony": null, "auxiliary_storage_labeling_lineanchorpercent": null, "auxiliary_storage_labeling_lineanchorclipping": null, "auxiliary_storage_labeling_lineanchortype": null, "auxiliary_storage_labeling_lineanchortextpoint": null, "auxiliary_storage_callouts_originx": null, "auxiliary_storage_callouts_originy": null, "auxiliary_storage_callouts_destinationx": null, "auxiliary_storage_callouts_destinationy": null }, "geometry": { "type": "Polygon", "coordinates": [ [ [ -38.6484518, -4.2445263 ], [ -38.6564442, -4.2514852 ], [ -38.6609311, -4.2577912 ], [ -38.6628323, -4.2618227 ], [ -38.6588653, -4.2649867 ], [ -38.663099, -4.2661388 ], [ -38.6651828, -4.2737122 ], [ -38.6672781, -4.2743213 ], [ -38.66963, -4.2720613 ], [ -38.6738318, -4.2740836 ], [ -38.6801751, -4.28642 ], [ -38.6868976, -4.2870651 ], [ -38.6836651, -4.2780768 ], [ -38.6971564, -4.2831218 ], [ -38.7093717, -4.2901946 ], [ -38.7170765, -4.2905147 ], [ -38.7168452, -4.2823544 ], [ -38.7206807, -4.2799465 ], [ -38.7126362, -4.2549593 ], [ -38.7069492, -4.247796 ], [ -38.7116715, -4.2343837 ], [ -38.7175178, -4.1871752 ], [ -38.7157625, -4.1889937 ], [ -38.7126069, -4.1880448 ], [ -38.7123573, -4.1856269 ], [ -38.70827, -4.1857063 ], [ -38.6998316, -4.1775318 ], [ -38.6974073, -4.1716648 ], [ -38.688199, -4.1677939 ], [ -38.6850704, -4.1698033 ], [ -38.68263, -4.1679257 ], [ -38.6777669, -4.1674259 ], [ -38.6724916, -4.1606593 ], [ -38.6694015, -4.1617065 ], [ -38.665452, -4.1596735 ], [ -38.6644022, -4.1618273 ], [ -38.6584559, -4.158007 ], [ -38.6534974, -4.1576936 ], [ -38.6510767, -4.1599545 ], [ -38.6411484, -4.158095 ], [ -38.6372943, -4.1615227 ], [ -38.6282232, -4.1643623 ], [ -38.6263178, -4.1635335 ], [ -38.6235057, -4.1656745 ], [ -38.6187648, -4.1634543 ], [ -38.61929, -4.1702164 ], [ -38.6144394, -4.1829202 ], [ -38.5750911, -4.2299644 ], [ -38.5922345, -4.229761 ], [ -38.6122026, -4.22604 ], [ -38.6262333, -4.2484166 ], [ -38.6409569, -4.2411186 ], [ -38.6484518, -4.2445263 ] ] ] } },
{ "type": "Feature", "properties": { "CD_MUN": "2311702", "NM_MUN": "Reriutaba", "CD_RGI": "230015", "NM_RGI": "Sobral", "CD_RGINT": "2306", "NM_RGINT": "Sobral", "CD_UF": "23", "NM_UF": "Ceará", "SIGLA_UF": "CE", "CD_REGIA": "2", "NM_REGIA": "Nordeste", "SIGLA_RG": "NE", "CD_CONCU": null, "NM_CONCU": null, "AREA_KM2": 372.949, "mun_upp": "RERIUTABA", "has_qualif": 1, "municipio": "Reriutaba", "REGIÃO DE PLANEJAMENTO": "Sertão de Sobral", "auxiliary_storage_labeling_positionx": null, "auxiliary_storage_labeling_positiony": null, "auxiliary_storage_labeling_lineanchorpercent": null, "auxiliary_storage_labeling_lineanchorclipping": null, "auxiliary_storage_labeling_lineanchortype": null, "auxiliary_storage_labeling_lineanchortextpoint": null, "auxiliary_storage_callouts_originx": null, "auxiliary_storage_callouts_originy": null, "auxiliary_storage_callouts_destinationx": null, "auxiliary_storage_callouts_destinationy": null }, "geometry": { "type": "Polygon", "coordinates": [ [ [ -40.5679099, -4.0468602 ], [ -40.5126856, -4.0462845 ], [ -40.472449, -4.0857818 ], [ -40.5329301, -4.0978456 ], [ -40.5249489, -4.1104701 ], [ -40.5224848, -4.1239375 ], [ -40.514408, -4.1335136 ], [ -40.5193165, -4.1394503 ], [ -40.5154219, -4.1469039 ], [ -40.5201701, -4.1678932 ], [ -40.5299809, -4.1690936 ], [ -40.5362408, -4.1734687 ], [ -40.5417784, -4.1712538 ], [ -40.5457862, -4.1725405 ], [ -40.6054, -4.2076221 ], [ -40.6746491, -4.211706 ], [ -40.6892013, -4.2087897 ], [ -40.6957902, -4.2092539 ], [ -40.7130331, -4.2046152 ], [ -40.7188099, -4.2057541 ], [ -40.7266545, -4.2044134 ], [ -40.7254999, -4.1985066 ], [ -40.7269459, -4.1961276 ], [ -40.7244297, -4.1962049 ], [ -40.722758, -4.1902795 ], [ -40.7174478, -4.1880183 ], [ -40.7214604, -4.1834971 ], [ -40.7147776, -4.1802213 ], [ -40.7110128, -4.1755312 ], [ -40.7111094, -4.1683999 ], [ -40.7135006, -4.1655868 ], [ -40.70927, -4.1633722 ], [ -40.7137234, -4.16036 ], [ -40.7097739, -4.1569356 ], [ -40.7147584, -4.1553098 ], [ -40.7136868, -4.1490173 ], [ -40.7161049, -4.1384772 ], [ -40.68255, -4.0575647 ], [ -40.6536341, -4.0442642 ], [ -40.6470058, -4.0341126 ], [ -40.62927, -4.0298894 ], [ -40.6341167, -4.0281984 ], [ -40.638848, -4.0239088 ], [ -40.6391965, -4.0158238 ], [ -40.5679099, -4.0468602 ] ] ] } },
{ "type": "Feature", "properties": { "CD_MUN": "2310407", "NM_MUN": "Paramoti", "CD_RGI": "230004", "NM_RGI": "Canindé", "CD_RGINT": "2301", "NM_RGINT": "Fortaleza", "CD_UF": "23", "NM_UF": "Ceará", "SIGLA_UF": "CE", "CD_REGIA": "2", "NM_REGIA": "Nordeste", "SIGLA_RG": "NE", "CD_CONCU": null, "NM_CONCU": null, "AREA_KM2": 539.238, "mun_upp": "PARAMOTI", "has_qualif": 1, "municipio": "Paramoti", "REGIÃO DE PLANEJAMENTO": "Sertão de Canindé", "auxiliary_storage_labeling_positionx": null, "auxiliary_storage_labeling_positiony": null, "auxiliary_storage_labeling_lineanchorpercent": null, "auxiliary_storage_labeling_lineanchorclipping": null, "auxiliary_storage_labeling_lineanchortype": null, "auxiliary_storage_labeling_lineanchortextpoint": null, "auxiliary_storage_callouts_originx": null, "auxiliary_storage_callouts_originy": null, "auxiliary_storage_callouts_destinationx": null, "auxiliary_storage_callouts_destinationy": null }, "geometry": { "type": "Polygon", "coordinates": [ [ [ -39.1758557, -4.0878877 ], [ -39.1722942, -4.0927383 ], [ -39.1657133, -4.0917756 ], [ -39.1635155, -4.0962628 ], [ -39.1574059, -4.0963801 ], [ -39.1552921, -4.0981634 ], [ -39.1608812, -4.1211238 ], [ -39.1605931, -4.1266796 ], [ -39.2063541, -4.131196 ], [ -39.2090111, -4.1371739 ], [ -39.2091636, -4.1423202 ], [ -39.2083082, -4.1466327 ], [ -39.2015244, -4.1590471 ], [ -39.2030435, -4.1618717 ], [ -39.2029487, -4.1717785 ], [ -39.2049214, -4.1758723 ], [ -39.3091959, -4.1782445 ], [ -39.3081754, -4.1740872 ], [ -39.311282, -4.1712328 ], [ -39.3137411, -4.1715006 ], [ -39.3176547, -4.1750002 ], [ -39.3173776, -4.1824863 ], [ -39.3230917, -4.1844762 ], [ -39.3347278, -4.183689 ], [ -39.3358308, -4.1874944 ], [ -39.3391937, -4.1907482 ], [ -39.3345488, -4.1939933 ], [ -39.4916486, -4.2905923 ], [ -39.4970858, -4.2842898 ], [ -39.4974506, -4.2794829 ], [ -39.4990248, -4.2779004 ], [ -39.4984982, -4.2728181 ], [ -39.5053293, -4.2674919 ], [ -39.5076319, -4.2546308 ], [ -39.5052459, -4.2508452 ], [ -39.5078818, -4.2405642 ], [ -39.5180249, -4.237374 ], [ -39.530513, -4.2386346 ], [ -39.5362377, -4.2300369 ], [ -39.5496088, -4.2245606 ], [ -39.5531251, -4.2209678 ], [ -39.5660298, -4.2232128 ], [ -39.5700554, -4.21919 ], [ -39.5627704, -4.2043464 ], [ -39.5643458, -4.1988641 ], [ -39.5636048, -4.1960342 ], [ -39.5579523, -4.1884508 ], [ -39.5597229, -4.1812318 ], [ -39.556346, -4.1755717 ], [ -39.5505872, -4.173278 ], [ -39.5483897, -4.167149 ], [ -39.5422835, -4.1645581 ], [ -39.5396981, -4.1577801 ], [ -39.5324253, -4.1547632 ], [ -39.5307551, -4.1526101 ], [ -39.5299175, -4.1476441 ], [ -39.5317588, -4.1383379 ], [ -39.5231441, -4.1359468 ], [ -39.5213988, -4.1280971 ], [ -39.5259724, -4.1230198 ], [ -39.5246117, -4.1201484 ], [ -39.5222512, -4.1192165 ], [ -39.5098317, -4.119081 ], [ -39.5057775, -4.1162352 ], [ -39.4921818, -4.1116186 ], [ -39.4839503, -4.1216001 ], [ -39.4498542, -4.1309031 ], [ -39.4489763, -4.1297738 ], [ -39.4511305, -4.1283173 ], [ -39.4501564, -4.1257328 ], [ -39.4515858, -4.1241426 ], [ -39.4501147, -4.1193946 ], [ -39.4517944, -4.1111656 ], [ -39.4467764, -4.1090642 ], [ -39.4478961, -4.1050251 ], [ -39.4463501, -4.1037294 ], [ -39.4399151, -4.1037542 ], [ -39.4370833, -4.1009888 ], [ -39.4069742, -4.0959164 ], [ -39.4056056, -4.1000939 ], [ -39.4028309, -4.1010506 ], [ -39.4012554, -4.1039484 ], [ -39.3990682, -4.1046422 ], [ -39.3953172, -4.1029739 ], [ -39.3894808, -4.1060585 ], [ -39.3873655, -4.1039483 ], [ -39.3828161, -4.1052339 ], [ -39.3818025, -4.1042082 ], [ -39.3782372, -4.109951 ], [ -39.370934, -4.110149 ], [ -39.3693468, -4.1069681 ], [ -39.3645019, -4.1054477 ], [ -39.3638854, -4.1021376 ], [ -39.3594667, -4.1040114 ], [ -39.3578414, -4.0980526 ], [ -39.3694475, -4.0890121 ], [ -39.3242308, -4.0902312 ], [ -39.3025572, -4.0832649 ], [ -39.2701302, -4.0862461 ], [ -39.2688232, -4.0834257 ], [ -39.2590776, -4.0767088 ], [ -39.2536668, -4.077638 ], [ -39.2524626, -4.0762202 ], [ -39.2454784, -4.0764917 ], [ -39.2421568, -4.0757048 ], [ -39.2414213, -4.0739736 ], [ -39.2364922, -4.0778049 ], [ -39.2264609, -4.0714886 ], [ -39.2254523, -4.0662947 ], [ -39.2172773, -4.059055 ], [ -39.2155234, -4.0517429 ], [ -39.2111009, -4.0484888 ], [ -39.2036807, -4.046781 ], [ -39.2041161, -4.0518485 ], [ -39.1995623, -4.0545109 ], [ -39.1961587, -4.0590725 ], [ -39.1939756, -4.0573806 ], [ -39.1896271, -4.057608 ], [ -39.1841573, -4.0676471 ], [ -39.1813288, -4.0670066 ], [ -39.17989, -4.0706179 ], [ -39.1811324, -4.072739 ], [ -39.1776918, -4.0774627 ], [ -39.1777349, -4.0799384 ], [ -39.1749278, -4.082357 ], [ -39.1758557, -4.0878877 ] ] ] } },
{ "type": "Feature", "properties": { "CD_MUN": "2313401", "NM_MUN": "Tianguá", "CD_RGI": "230016", "NM_RGI": "São Benedito - Ipu - Guaraciaba do Norte - Tianguá", "CD_RGINT": "2306", "NM_RGINT": "Sobral", "CD_UF": "23", "NM_UF": "Ceará", "SIGLA_UF": "CE", "CD_REGIA": "2", "NM_REGIA": "Nordeste", "SIGLA_RG": "NE", "CD_CONCU": null, "NM_CONCU": null, "AREA_KM2": 909.853, "mun_upp": "TIANGUÁ", "has_qualif": 1, "municipio": "Tianguá", "REGIÃO DE PLANEJAMENTO": "Serra da Ibiapaba", "auxiliary_storage_labeling_positionx": null, "auxiliary_storage_labeling_positiony": null, "auxiliary_storage_labeling_lineanchorpercent": null, "auxiliary_storage_labeling_lineanchorclipping": null, "auxiliary_storage_labeling_lineanchortype": null, "auxiliary_storage_labeling_lineanchortextpoint": null, "auxiliary_storage_callouts_originx": null, "auxiliary_storage_callouts_originy": null, "auxiliary_storage_callouts_destinationx": null, "auxiliary_storage_callouts_destinationy": null }, "geometry": { "type": "Polygon", "coordinates": [ [ [ -40.9675771, -3.6120691 ], [ -40.9602036, -3.6046212 ], [ -40.9541352, -3.6011176 ], [ -40.9460997, -3.5895442 ], [ -40.9394231, -3.5858485 ], [ -40.9335145, -3.5849643 ], [ -40.9303627, -3.5778577 ], [ -40.9161514, -3.5681493 ], [ -40.907434, -3.5515512 ], [ -40.9007633, -3.5491829 ], [ -40.894597, -3.5494109 ], [ -40.8768744, -3.5325409 ], [ -40.8867233, -3.5203942 ], [ -40.8862268, -3.5181423 ], [ -40.8807962, -3.5130442 ], [ -40.8732819, -3.5117399 ], [ -40.8689155, -3.5090356 ], [ -40.8830334, -3.4958945 ], [ -40.8843282, -3.4880161 ], [ -40.8786153, -3.4858159 ], [ -40.8752417, -3.4816209 ], [ -40.866995, -3.4786662 ], [ -40.8673714, -3.4763496 ], [ -40.8728702, -3.4734486 ], [ -40.8728804, -3.4689509 ], [ -40.8685997, -3.4642663 ], [ -40.8697319, -3.460927 ], [ -40.8656962, -3.4549852 ], [ -40.8611313, -3.4398358 ], [ -40.8542162, -3.4370664 ], [ -40.8522113, -3.4338562 ], [ -40.8461211, -3.4301552 ], [ -40.8467499, -3.4265653 ], [ -40.8519959, -3.4201893 ], [ -40.8490659, -3.4171692 ], [ -40.8355328, -3.441305 ], [ -40.8265495, -3.4533639 ], [ -40.8216775, -3.4708189 ], [ -40.838526, -3.5117019 ], [ -40.8568439, -3.5359012 ], [ -40.8924672, -3.5591284 ], [ -40.9040368, -3.5753322 ], [ -40.8991227, -3.5955934 ], [ -40.8909351, -3.6679472 ], [ -40.8742189, -3.7224726 ], [ -40.8953028, -3.7809788 ], [ -40.8991209, -3.778041 ], [ -40.9014838, -3.7782101 ], [ -40.9048179, -3.7845314 ], [ -40.9092892, -3.7879729 ], [ -40.9215135, -3.7869542 ], [ -40.9277312, -3.7907469 ], [ -40.9341531, -3.7982994 ], [ -40.9439594, -3.8009949 ], [ -40.9559032, -3.8067431 ], [ -40.9556863, -3.8088833 ], [ -40.959803, -3.8115556 ], [ -40.9599084, -3.8139285 ], [ -40.9619882, -3.8152262 ], [ -40.9614367, -3.8235933 ], [ -40.9668479, -3.8304368 ], [ -40.9673765, -3.8391108 ], [ -40.9731366, -3.8419341 ], [ -40.981102, -3.8386498 ], [ -40.9943548, -3.8412255 ], [ -41.0065896, -3.8399736 ], [ -41.0140468, -3.8440673 ], [ -41.0156168, -3.8417869 ], [ -41.0188351, -3.8445942 ], [ -41.030587, -3.8462571 ], [ -41.0353281, -3.8496051 ], [ -41.0546753, -3.8399551 ], [ -41.0661597, -3.8411249 ], [ -41.0757616, -3.8380038 ], [ -41.088148, -3.8390978 ], [ -41.0990755, -3.8441283 ], [ -41.1124922, -3.8452585 ], [ -41.1318875, -3.8440959 ], [ -41.1609011, -3.8721606 ], [ -41.1783228, -3.8759236 ], [ -41.183227, -3.8919476 ], [ -41.1899931, -3.8899416 ], [ -41.1945941, -3.8954489 ], [ -41.2075315, -3.8996954 ], [ -41.2192545, -3.9001678 ], [ -41.2387619, -3.8946566 ], [ -41.2456715, -3.8964269 ], [ -41.244684, -3.8933444 ], [ -41.2476093, -3.8822882 ], [ -41.258857, -3.8702784 ], [ -41.2599549, -3.8647512 ], [ -41.2677571, -3.8618499 ], [ -41.2667916, -3.8588897 ], [ -41.2705352, -3.8530842 ], [ -41.2680698, -3.8483173 ], [ -41.2685813, -3.8444934 ], [ -41.2713025, -3.8419171 ], [ -41.27074, -3.8378287 ], [ -41.2751358, -3.8339413 ], [ -41.2768563, -3.8256211 ], [ -41.2789785, -3.8246025 ], [ -41.2826731, -3.8268115 ], [ -41.2874639, -3.8222577 ], [ -41.2893517, -3.8255307 ], [ -41.2925375, -3.8258205 ], [ -41.29516, -3.8301784 ], [ -41.2989599, -3.8261352 ], [ -41.3008141, -3.8262989 ], [ -41.294374, -3.8185633 ], [ -41.2648285, -3.7915783 ], [ -41.2541229, -3.7750414 ], [ -41.2548347, -3.770263 ], [ -41.2604837, -3.7624512 ], [ -41.2615191, -3.7519423 ], [ -41.2585189, -3.7327755 ], [ -41.2530803, -3.7242163 ], [ -41.2394294, -3.7207497 ], [ -41.2380634, -3.7178076 ], [ -41.2392948, -3.7127754 ], [ -41.2246516, -3.7134319 ], [ -41.2204064, -3.7188023 ], [ -41.2125978, -3.7101687 ], [ -41.2085133, -3.7089718 ], [ -41.2048866, -3.7010876 ], [ -41.1999276, -3.6995987 ], [ -41.1963222, -3.6960016 ], [ -41.1923909, -3.7027691 ], [ -41.1892075, -3.7038888 ], [ -41.1720573, -3.6978322 ], [ -41.164077, -3.699086 ], [ -41.1566297, -3.6953249 ], [ -41.1504395, -3.6954835 ], [ -41.1468462, -3.6962317 ], [ -41.1403094, -3.700914 ], [ -41.1349643, -3.7019589 ], [ -41.1296007, -3.7123417 ], [ -41.1203341, -3.7115828 ], [ -41.1134519, -3.7027615 ], [ -41.1090934, -3.699712 ], [ -41.0989967, -3.6973316 ], [ -41.0876797, -3.6895725 ], [ -41.0803682, -3.6908213 ], [ -41.07439, -3.683269 ], [ -41.0644481, -3.6774056 ], [ -41.0626309, -3.6740968 ], [ -41.0603933, -3.674377 ], [ -41.0525479, -3.669276 ], [ -41.0517437, -3.6664073 ], [ -41.0458351, -3.664842 ], [ -41.0427307, -3.6661409 ], [ -41.0382044, -3.6651227 ], [ -41.0255636, -3.6536149 ], [ -41.0241693, -3.6470058 ], [ -41.0061916, -3.6475485 ], [ -41.0044571, -3.6431996 ], [ -41.0073782, -3.6433734 ], [ -41.0120854, -3.6400617 ], [ -41.0101415, -3.6331765 ], [ -41.0044149, -3.627735 ], [ -40.998692, -3.6238723 ], [ -40.9836919, -3.6215409 ], [ -40.9675771, -3.6120691 ] ] ] } },
{ "type": "Feature", "properties": { "CD_MUN": "2305803", "NM_MUN": "Ipu", "CD_RGI": "230016", "NM_RGI": "São Benedito - Ipu - Guaraciaba do Norte - Tianguá", "CD_RGINT": "2306", "NM_RGINT": "Sobral", "CD_UF": "23", "NM_UF": "Ceará", "SIGLA_UF": "CE", "CD_REGIA": "2", "NM_REGIA": "Nordeste", "SIGLA_RG": "NE", "CD_CONCU": null, "NM_CONCU": null, "AREA_KM2": 626.049, "mun_upp": "IPU", "has_qualif": 1, "municipio": "Ipu", "REGIÃO DE PLANEJAMENTO": "Serra da Ibiapaba", "auxiliary_storage_labeling_positionx": null, "auxiliary_storage_labeling_positiony": null, "auxiliary_storage_labeling_lineanchorpercent": null, "auxiliary_storage_labeling_lineanchorclipping": null, "auxiliary_storage_labeling_lineanchortype": null, "auxiliary_storage_labeling_lineanchortextpoint": null, "auxiliary_storage_callouts_originx": null, "auxiliary_storage_callouts_originy": null, "auxiliary_storage_callouts_destinationx": null, "auxiliary_storage_callouts_destinationy": null }, "geometry": { "type": "Polygon", "coordinates": [ [ [ -40.5936486, -4.5379127 ], [ -40.5878834, -4.5575772 ], [ -40.5935473, -4.5619433 ], [ -40.5965034, -4.5573313 ], [ -40.6082214, -4.5549787 ], [ -40.6135387, -4.5519859 ], [ -40.6196736, -4.5446203 ], [ -40.6196047, -4.5412016 ], [ -40.6205882, -4.5390406 ], [ -40.6224178, -4.538967 ], [ -40.6245599, -4.5313288 ], [ -40.6342201, -4.5259911 ], [ -40.6377678, -4.5155443 ], [ -40.6434021, -4.5076124 ], [ -40.646118, -4.4982175 ], [ -40.6460885, -4.489336 ], [ -40.6484957, -4.4826791 ], [ -40.6510778, -4.4817066 ], [ -40.6518473, -4.4761539 ], [ -40.6562395, -4.4701911 ], [ -40.6575981, -4.4637088 ], [ -40.6627902, -4.4615246 ], [ -40.6700217, -4.4461188 ], [ -40.6784405, -4.4414772 ], [ -40.6763469, -4.4338399 ], [ -40.6794666, -4.4271575 ], [ -40.6818389, -4.4273674 ], [ -40.6800152, -4.4325755 ], [ -40.6842396, -4.4400906 ], [ -40.695289, -4.4506524 ], [ -40.6975037, -4.4564182 ], [ -40.6977864, -4.4673948 ], [ -40.7031116, -4.4734404 ], [ -40.7034819, -4.4809809 ], [ -40.7069949, -4.4832541 ], [ -40.7249271, -4.4725464 ], [ -40.7472164, -4.4548319 ], [ -40.7934498, -4.423821 ], [ -40.7861463, -4.4195781 ], [ -40.7840719, -4.4143364 ], [ -40.7850561, -4.4122287 ], [ -40.7791123, -4.4086255 ], [ -40.787092, -4.4043956 ], [ -40.7824151, -4.3989923 ], [ -40.7837078, -4.396492 ], [ -40.7823618, -4.3883853 ], [ -40.7702828, -4.3807187 ], [ -40.7711613, -4.3723887 ], [ -40.7735041, -4.3686357 ], [ -40.7709363, -4.3652397 ], [ -40.7629018, -4.3602726 ], [ -40.7615179, -4.3555483 ], [ -40.7647759, -4.3530575 ], [ -40.7717602, -4.3534 ], [ -40.7787074, -4.3624216 ], [ -40.784575, -4.3601875 ], [ -40.7985255, -4.3629066 ], [ -40.8025008, -4.3570827 ], [ -40.8037875, -4.3481222 ], [ -40.8008747, -4.3429372 ], [ -40.7983832, -4.3310752 ], [ -40.7882717, -4.3194841 ], [ -40.787325, -4.3126622 ], [ -40.7899485, -4.3083073 ], [ -40.7903544, -4.2965164 ], [ -40.7924186, -4.2879637 ], [ -40.801507, -4.2769781 ], [ -40.8010747, -4.2699606 ], [ -40.803127, -4.2664915 ], [ -40.7902566, -4.2541168 ], [ -40.7888561, -4.2492882 ], [ -40.7823613, -4.2390548 ], [ -40.7779035, -4.2352356 ], [ -40.7671145, -4.231729 ], [ -40.76105, -4.2316049 ], [ -40.7415822, -4.2236695 ], [ -40.736112, -4.2200355 ], [ -40.7353346, -4.2112087 ], [ -40.7319925, -4.2063785 ], [ -40.7290867, -4.2049063 ], [ -40.7188099, -4.2057541 ], [ -40.7130331, -4.2046152 ], [ -40.6957902, -4.2092539 ], [ -40.6892013, -4.2087897 ], [ -40.6851891, -4.2117864 ], [ -40.6845182, -4.2147974 ], [ -40.6887103, -4.2174948 ], [ -40.6889362, -4.2219805 ], [ -40.6946522, -4.221939 ], [ -40.6932904, -4.2252852 ], [ -40.697621, -4.2281838 ], [ -40.6945473, -4.2305209 ], [ -40.6968927, -4.2350309 ], [ -40.6966562, -4.2389533 ], [ -40.7022121, -4.2447148 ], [ -40.6981698, -4.2456449 ], [ -40.6963268, -4.2481228 ], [ -40.6967785, -4.2586527 ], [ -40.695422, -4.2618418 ], [ -40.698567, -4.2757099 ], [ -40.7037013, -4.2833642 ], [ -40.6988191, -4.288854 ], [ -40.6821746, -4.292378 ], [ -40.680763, -4.2978016 ], [ -40.6721986, -4.2978524 ], [ -40.6722398, -4.3010347 ], [ -40.667911, -4.3035008 ], [ -40.6641672, -4.3092113 ], [ -40.6488251, -4.294063 ], [ -40.6391601, -4.3007926 ], [ -40.6238627, -4.3038462 ], [ -40.6193894, -4.3087073 ], [ -40.6158702, -4.3060676 ], [ -40.6100231, -4.3048398 ], [ -40.5984722, -4.309207 ], [ -40.5928721, -4.3097691 ], [ -40.579554, -4.3068419 ], [ -40.5686011, -4.3145741 ], [ -40.5570348, -4.314709 ], [ -40.5484381, -4.3118526 ], [ -40.5472884, -4.3099683 ], [ -40.4780627, -4.2923098 ], [ -40.49001, -4.3025198 ], [ -40.4929699, -4.3087694 ], [ -40.4956127, -4.3221821 ], [ -40.5007579, -4.3257091 ], [ -40.5075303, -4.3270595 ], [ -40.5122001, -4.3259734 ], [ -40.5172594, -4.3289543 ], [ -40.5218512, -4.3389087 ], [ -40.522692, -4.3550859 ], [ -40.5294621, -4.3612323 ], [ -40.5444653, -4.3705076 ], [ -40.5497762, -4.3783684 ], [ -40.5502006, -4.3832156 ], [ -40.552669, -4.3837608 ], [ -40.5542245, -4.3866768 ], [ -40.5521617, -4.3978074 ], [ -40.5613585, -4.4011978 ], [ -40.5610681, -4.4085339 ], [ -40.5653245, -4.4194145 ], [ -40.5597652, -4.4315891 ], [ -40.5550116, -4.4327356 ], [ -40.5542681, -4.4384741 ], [ -40.562859, -4.4488029 ], [ -40.5658006, -4.4561019 ], [ -40.5766063, -4.464537 ], [ -40.5794782, -4.4697231 ], [ -40.5841726, -4.4718433 ], [ -40.5844414, -4.4812894 ], [ -40.5791104, -4.4871788 ], [ -40.5843456, -4.4915992 ], [ -40.5848436, -4.5004195 ], [ -40.581857, -4.5058329 ], [ -40.5891928, -4.5086065 ], [ -40.5902185, -4.5163793 ], [ -40.5989712, -4.5299751 ], [ -40.5936486, -4.5379127 ] ] ] } },
{ "type": "Feature", "properties": { "CD_MUN": "2304509", "NM_MUN": "Frecheirinha", "CD_RGI": "230015", "NM_RGI": "Sobral", "CD_RGINT": "2306", "NM_RGINT": "Sobral", "CD_UF": "23", "NM_UF": "Ceará", "SIGLA_UF": "CE", "CD_REGIA": "2", "NM_REGIA": "Nordeste", "SIGLA_RG": "NE", "CD_CONCU": null, "NM_CONCU": null, "AREA_KM2": 210.284, "mun_upp": "FRECHEIRINHA", "has_qualif": 1, "municipio": "Frecheirinha", "REGIÃO DE PLANEJAMENTO": "Sertão de Sobral", "auxiliary_storage_labeling_positionx": -40.860998720066831, "auxiliary_storage_labeling_positiony": -3.7211330348215785, "auxiliary_storage_labeling_lineanchorpercent": null, "auxiliary_storage_labeling_lineanchorclipping": null, "auxiliary_storage_labeling_lineanchortype": null, "auxiliary_storage_labeling_lineanchortextpoint": null, "auxiliary_storage_callouts_originx": null, "auxiliary_storage_callouts_originy": null, "auxiliary_storage_callouts_destinationx": null, "auxiliary_storage_callouts_destinationy": null }, "geometry": { "type": "Polygon", "coordinates": [ [ [ -40.833401, -3.6339617 ], [ -40.7662521, -3.6484023 ], [ -40.7336264, -3.6890036 ], [ -40.7364701, -3.6906178 ], [ -40.7443986, -3.7017037 ], [ -40.7516887, -3.7029717 ], [ -40.7544485, -3.7064019 ], [ -40.7602273, -3.7093285 ], [ -40.7639252, -3.714977 ], [ -40.7674239, -3.7162715 ], [ -40.7663156, -3.7194128 ], [ -40.7712592, -3.7286284 ], [ -40.7751389, -3.7298551 ], [ -40.7811253, -3.7364368 ], [ -40.7806188, -3.7403615 ], [ -40.783162, -3.744883 ], [ -40.779252, -3.7523078 ], [ -40.7802657, -3.7542101 ], [ -40.7785773, -3.7578311 ], [ -40.7847633, -3.7640581 ], [ -40.7843498, -3.7668629 ], [ -40.7863388, -3.7704955 ], [ -40.7841285, -3.7704522 ], [ -40.7839998, -3.7727301 ], [ -40.781991, -3.7734137 ], [ -40.7829763, -3.7800437 ], [ -40.7802072, -3.7816763 ], [ -40.7796351, -3.7862498 ], [ -40.8456916, -3.7887248 ], [ -40.8539345, -3.7853194 ], [ -40.8613906, -3.7860816 ], [ -40.8701111, -3.7834386 ], [ -40.883149, -3.7840625 ], [ -40.8920026, -3.7806943 ], [ -40.8953028, -3.7809788 ], [ -40.8742189, -3.7224726 ], [ -40.8905878, -3.6668044 ], [ -40.887046, -3.661114 ], [ -40.8743674, -3.65649 ], [ -40.8721472, -3.6527101 ], [ -40.8720534, -3.6476623 ], [ -40.8664529, -3.6397192 ], [ -40.8621249, -3.6425752 ], [ -40.8627148, -3.6457439 ], [ -40.8613139, -3.6477325 ], [ -40.8545747, -3.6476269 ], [ -40.848036, -3.6466475 ], [ -40.8444679, -3.6427073 ], [ -40.8390948, -3.6410676 ], [ -40.833401, -3.6339617 ] ] ] } },
{ "type": "Feature", "properties": { "CD_MUN": "2312106", "NM_MUN": "Santana do Cariri", "CD_RGI": "230011", "NM_RGI": "Juazeiro do Norte", "CD_RGINT": "2304", "NM_RGINT": "Juazeiro do Norte", "CD_UF": "23", "NM_UF": "Ceará", "SIGLA_UF": "CE", "CD_REGIA": "2", "NM_REGIA": "Nordeste", "SIGLA_RG": "NE", "CD_CONCU": null, "NM_CONCU": null, "AREA_KM2": 855.159, "mun_upp": "SANTANA DO CARIRI", "has_qualif": 1, "municipio": "Santana do Cariri", "REGIÃO DE PLANEJAMENTO": "Cariri", "auxiliary_storage_labeling_positionx": -40.016495312261341, "auxiliary_storage_labeling_positiony": -7.5071861225766696, "auxiliary_storage_labeling_lineanchorpercent": null, "auxiliary_storage_labeling_lineanchorclipping": null, "auxiliary_storage_labeling_lineanchortype": null, "auxiliary_storage_labeling_lineanchortextpoint": null, "auxiliary_storage_callouts_originx": null, "auxiliary_storage_callouts_originy": null, "auxiliary_storage_callouts_destinationx": null, "auxiliary_storage_callouts_destinationy": null }, "geometry": { "type": "Polygon", "coordinates": [ [ [ -39.697512, -7.3421656 ], [ -39.7413221, -7.3268166 ], [ -39.7604268, -7.3262582 ], [ -39.7762454, -7.3280308 ], [ -39.789227, -7.3319951 ], [ -39.8120204, -7.3301502 ], [ -39.8153675, -7.3286942 ], [ -39.8286958, -7.3323702 ], [ -39.8481391, -7.325094 ], [ -39.8576968, -7.3254287 ], [ -39.8894343, -7.3397349 ], [ -39.8885094, -7.1394607 ], [ -39.8896351, -7.1281098 ], [ -39.8940276, -7.1238782 ], [ -39.8936312, -7.1174986 ], [ -39.8985944, -7.1027014 ], [ -39.8945023, -7.0926155 ], [ -39.8829904, -7.088826 ], [ -39.8874869, -7.0793583 ], [ -39.8868968, -7.0756899 ], [ -39.8905277, -7.0706007 ], [ -39.8903751, -7.0674959 ], [ -39.8881992, -7.0649702 ], [ -39.8898577, -7.0532074 ], [ -39.8733751, -7.0676701 ], [ -39.8637753, -7.0526669 ], [ -39.8595275, -7.050897 ], [ -39.8541615, -7.0513653 ], [ -39.8497277, -7.0483688 ], [ -39.8400293, -7.0452848 ], [ -39.8304449, -7.0445832 ], [ -39.8214521, -7.0397405 ], [ -39.8074356, -7.037259 ], [ -39.7951238, -7.0327835 ], [ -39.7943361, -7.0297247 ], [ -39.7906345, -7.0297852 ], [ -39.7843644, -7.0320951 ], [ -39.7896693, -7.0338395 ], [ -39.7907482, -7.0411078 ], [ -39.790665, -7.0433144 ], [ -39.7841555, -7.0506715 ], [ -39.7850092, -7.0570451 ], [ -39.7834401, -7.0602687 ], [ -39.7784904, -7.059291 ], [ -39.772531, -7.0609824 ], [ -39.7682887, -7.0525295 ], [ -39.764349, -7.0484457 ], [ -39.7643439, -7.0464684 ], [ -39.7679842, -7.0451925 ], [ -39.7682637, -7.0389798 ], [ -39.7665145, -7.0378539 ], [ -39.7662864, -7.0349176 ], [ -39.763923, -7.0335792 ], [ -39.7597347, -7.0357226 ], [ -39.7542667, -7.0278499 ], [ -39.7474521, -7.0224802 ], [ -39.757413, -7.0450243 ], [ -39.7546111, -7.0541639 ], [ -39.7546916, -7.0597996 ], [ -39.7486672, -7.0663608 ], [ -39.7480614, -7.0700567 ], [ -39.7454665, -7.0704379 ], [ -39.7497196, -7.0795016 ], [ -39.7470225, -7.0804234 ], [ -39.7443222, -7.0910967 ], [ -39.7065638, -7.1466734 ], [ -39.7030867, -7.1590401 ], [ -39.6994306, -7.1616363 ], [ -39.6932078, -7.170375 ], [ -39.6295126, -7.1936095 ], [ -39.6071586, -7.2101292 ], [ -39.5998015, -7.209633 ], [ -39.6000662, -7.4280277 ], [ -39.6055242, -7.4240816 ], [ -39.6086882, -7.4237266 ], [ -39.623284, -7.4268645 ], [ -39.6289072, -7.4256285 ], [ -39.634155, -7.4068451 ], [ -39.6457183, -7.3808781 ], [ -39.6530884, -7.3722622 ], [ -39.6713484, -7.3585372 ], [ -39.697512, -7.3421656 ] ] ] } },
{ "type": "Feature", "properties": { "CD_MUN": "2308005", "NM_MUN": "Massapê", "CD_RGI": "230015", "NM_RGI": "Sobral", "CD_RGINT": "2306", "NM_RGINT": "Sobral", "CD_UF": "23", "NM_UF": "Ceará", "SIGLA_UF": "CE", "CD_REGIA": "2", "NM_REGIA": "Nordeste", "SIGLA_RG": "NE", "CD_CONCU": null, "NM_CONCU": null, "AREA_KM2": 567.78, "mun_upp": "MASSAPÊ", "has_qualif": 1, "municipio": "Massapê", "REGIÃO DE PLANEJAMENTO": "Sertão de Sobral", "auxiliary_storage_labeling_positionx": null, "auxiliary_storage_labeling_positiony": null, "auxiliary_storage_labeling_lineanchorpercent": null, "auxiliary_storage_labeling_lineanchorclipping": null, "auxiliary_storage_labeling_lineanchortype": null, "auxiliary_storage_labeling_lineanchortextpoint": null, "auxiliary_storage_callouts_originx": null, "auxiliary_storage_callouts_originy": null, "auxiliary_storage_callouts_destinationx": null, "auxiliary_storage_callouts_destinationy": null }, "geometry": { "type": "Polygon", "coordinates": [ [ [ -40.3743345, -3.6135621 ], [ -40.3816464, -3.602909 ], [ -40.3813882, -3.5995084 ], [ -40.3793996, -3.597402 ], [ -40.4154971, -3.5673214 ], [ -40.4126282, -3.5387829 ], [ -40.4338062, -3.5223374 ], [ -40.4552535, -3.5188545 ], [ -40.4581205, -3.5203912 ], [ -40.4633204, -3.5198518 ], [ -40.4665934, -3.5160893 ], [ -40.4683018, -3.5077804 ], [ -40.4757478, -3.5051414 ], [ -40.476576, -3.495209 ], [ -40.4777173, -3.4948501 ], [ -40.4830423, -3.4979727 ], [ -40.4874328, -3.5037213 ], [ -40.4936372, -3.505124 ], [ -40.4987483, -3.5104064 ], [ -40.5070118, -3.5079992 ], [ -40.5087122, -3.5092689 ], [ -40.5092071, -3.5131425 ], [ -40.5148441, -3.5115434 ], [ -40.5206871, -3.5140732 ], [ -40.5217423, -3.5124458 ], [ -40.5301085, -3.513868 ], [ -40.540786, -3.5223205 ], [ -40.5327552, -3.5031468 ], [ -40.5574302, -3.4833948 ], [ -40.5309881, -3.4384033 ], [ -40.5156145, -3.3930415 ], [ -40.5033148, -3.3930711 ], [ -40.4847859, -3.3893555 ], [ -40.4622161, -3.3812772 ], [ -40.4568587, -3.386054 ], [ -40.4224886, -3.3697444 ], [ -40.4162059, -3.3696116 ], [ -40.4157608, -3.3754087 ], [ -40.4144028, -3.376624 ], [ -40.4057304, -3.373119 ], [ -40.4000354, -3.3725498 ], [ -40.4016325, -3.3756539 ], [ -40.400862, -3.37898 ], [ -40.3942079, -3.381899 ], [ -40.3765708, -3.3798134 ], [ -40.3640047, -3.3730981 ], [ -40.3551663, -3.3714797 ], [ -40.3473391, -3.3662557 ], [ -40.3424315, -3.3614168 ], [ -40.3449825, -3.3530611 ], [ -40.3420253, -3.3509198 ], [ -40.3364522, -3.4041782 ], [ -40.3072952, -3.40986 ], [ -40.27105, -3.482086 ], [ -40.2674792, -3.4849697 ], [ -40.2613649, -3.4847749 ], [ -40.2590094, -3.4941621 ], [ -40.255437, -3.4929146 ], [ -40.2532526, -3.4887458 ], [ -40.2507218, -3.4902455 ], [ -40.2545041, -3.4977069 ], [ -40.2585235, -3.4989631 ], [ -40.2525436, -3.5020577 ], [ -40.258415, -3.5160861 ], [ -40.2519114, -3.5246497 ], [ -40.2530405, -3.5318993 ], [ -40.2518893, -3.5348324 ], [ -40.2540128, -3.5376893 ], [ -40.2546143, -3.5422354 ], [ -40.2535663, -3.5509716 ], [ -40.2557613, -3.5585573 ], [ -40.2605454, -3.5619967 ], [ -40.264001, -3.5669792 ], [ -40.2692339, -3.5689151 ], [ -40.2696114, -3.5731934 ], [ -40.2758285, -3.5702844 ], [ -40.2789074, -3.5714766 ], [ -40.2805121, -3.5744801 ], [ -40.2801436, -3.5835552 ], [ -40.2865481, -3.5852213 ], [ -40.2987814, -3.592935 ], [ -40.2992295, -3.5965527 ], [ -40.2968424, -3.6018335 ], [ -40.292995, -3.604028 ], [ -40.2915556, -3.6069017 ], [ -40.294363, -3.6113775 ], [ -40.2997138, -3.6155625 ], [ -40.2990081, -3.621795 ], [ -40.3105242, -3.6217798 ], [ -40.3234912, -3.6186273 ], [ -40.327939, -3.6207981 ], [ -40.3308392, -3.6200433 ], [ -40.3346717, -3.6227062 ], [ -40.3417291, -3.6169449 ], [ -40.3528288, -3.6140973 ], [ -40.3615485, -3.6135981 ], [ -40.3618556, -3.6155756 ], [ -40.3677758, -3.6161763 ], [ -40.3743345, -3.6135621 ] ] ] } },
{ "type": "Feature", "properties": { "CD_MUN": "2303204", "NM_MUN": "Caririaçu", "CD_RGI": "230011", "NM_RGI": "Juazeiro do Norte", "CD_RGINT": "2304", "NM_RGINT": "Juazeiro do Norte", "CD_UF": "23", "NM_UF": "Ceará", "SIGLA_UF": "CE", "CD_REGIA": "2", "NM_REGIA": "Nordeste", "SIGLA_RG": "NE", "CD_CONCU": null, "NM_CONCU": null, "AREA_KM2": 634.179, "mun_upp": "CARIRIAÇU", "has_qualif": 1, "municipio": "Caririaçu", "REGIÃO DE PLANEJAMENTO": "Cariri", "auxiliary_storage_labeling_positionx": null, "auxiliary_storage_labeling_positiony": null, "auxiliary_storage_labeling_lineanchorpercent": null, "auxiliary_storage_labeling_lineanchorclipping": null, "auxiliary_storage_labeling_lineanchortype": null, "auxiliary_storage_labeling_lineanchortextpoint": null, "auxiliary_storage_callouts_originx": null, "auxiliary_storage_callouts_originy": null, "auxiliary_storage_callouts_destinationx": null, "auxiliary_storage_callouts_destinationy": null }, "geometry": { "type": "Polygon", "coordinates": [ [ [ -39.2853048, -7.1045682 ], [ -39.294704, -7.1104093 ], [ -39.340161, -7.1086095 ], [ -39.3369858, -7.0995435 ], [ -39.3446811, -7.0951968 ], [ -39.3434783, -7.0921722 ], [ -39.3488602, -7.0904247 ], [ -39.3494974, -7.0827571 ], [ -39.359346, -7.0746664 ], [ -39.3596253, -7.0704317 ], [ -39.3573458, -7.0660482 ], [ -39.3650692, -7.0653286 ], [ -39.3605389, -7.0613542 ], [ -39.3618532, -7.0600619 ], [ -39.35992, -7.0584337 ], [ -39.3615588, -7.0576387 ], [ -39.3657818, -7.0580004 ], [ -39.3662889, -7.0612441 ], [ -39.3691765, -7.0643909 ], [ -39.3706527, -7.0635946 ], [ -39.3673243, -7.0618966 ], [ -39.368738, -7.0586184 ], [ -39.3790392, -7.0570848 ], [ -39.3846613, -7.058978 ], [ -39.3855622, -7.0616408 ], [ -39.3882022, -7.0589893 ], [ -39.3881204, -7.0629522 ], [ -39.3900849, -7.0623111 ], [ -39.3901195, -7.0600165 ], [ -39.3934583, -7.0600069 ], [ -39.3931538, -7.0628534 ], [ -39.3949755, -7.0628811 ], [ -39.3959913, -7.0662527 ], [ -39.3975689, -7.0655281 ], [ -39.3955372, -7.06018 ], [ -39.4028549, -7.0615093 ], [ -39.4063312, -7.0598839 ], [ -39.4070708, -7.0618084 ], [ -39.4118932, -7.0623189 ], [ -39.4123333, -7.0644868 ], [ -39.4153569, -7.0607422 ], [ -39.4193622, -7.0625194 ], [ -39.4223301, -7.0589414 ], [ -39.4217475, -7.0608429 ], [ -39.4244225, -7.0625415 ], [ -39.4284696, -7.0616741 ], [ -39.427801, -7.0656294 ], [ -39.4320062, -7.0624545 ], [ -39.4342505, -7.0639558 ], [ -39.4425479, -7.0617146 ], [ -39.442334, -7.0646535 ], [ -39.4462974, -7.0630684 ], [ -39.4467235, -7.0659653 ], [ -39.4503025, -7.065079 ], [ -39.4531055, -7.0676551 ], [ -39.4558201, -7.066279 ], [ -39.4523343, -7.0092909 ], [ -39.4356126, -6.9633938 ], [ -39.4226767, -6.9621811 ], [ -39.3949687, -6.9223687 ], [ -39.3835263, -6.9220096 ], [ -39.3746586, -6.9157989 ], [ -39.3656955, -6.9168365 ], [ -39.360641, -6.9155719 ], [ -39.3416177, -6.9060124 ], [ -39.3387916, -6.9058135 ], [ -39.3358192, -6.9079967 ], [ -39.3394179, -6.9134056 ], [ -39.3377094, -6.9245615 ], [ -39.3385774, -6.928646 ], [ -39.3419217, -6.9336534 ], [ -39.347037, -6.9365855 ], [ -39.3448551, -6.9383868 ], [ -39.3478814, -6.9415038 ], [ -39.3456157, -6.9450697 ], [ -39.3405648, -6.9449792 ], [ -39.3366855, -6.95599 ], [ -39.3376775, -6.9610405 ], [ -39.3338204, -6.9625711 ], [ -39.32919, -6.9674596 ], [ -39.329667, -6.9749269 ], [ -39.3317478, -6.9774063 ], [ -39.3278009, -6.9859289 ], [ -39.3250762, -6.9834495 ], [ -39.3209734, -6.9332754 ], [ -39.2950864, -6.9388699 ], [ -39.275535, -6.9365094 ], [ -39.2738861, -6.9341708 ], [ -39.2708711, -6.9360719 ], [ -39.2696631, -6.9347076 ], [ -39.267293, -6.9365642 ], [ -39.2619462, -6.9367983 ], [ -39.2645586, -6.9324755 ], [ -39.2611716, -6.931463 ], [ -39.2559499, -6.9359846 ], [ -39.2464979, -6.9353213 ], [ -39.2365724, -6.9306198 ], [ -39.2355945, -6.9282671 ], [ -39.1159858, -6.9428002 ], [ -39.1070126, -6.9634723 ], [ -39.1104648, -6.9627288 ], [ -39.1157987, -6.9658013 ], [ -39.1299663, -6.9804974 ], [ -39.1490215, -6.9832652 ], [ -39.1506107, -6.9883531 ], [ -39.1545234, -6.9905229 ], [ -39.1553749, -6.9944684 ], [ -39.161527, -6.9994666 ], [ -39.1624223, -7.0060679 ], [ -39.1555975, -7.013382 ], [ -39.1572727, -7.0335753 ], [ -39.1400511, -7.0664623 ], [ -39.1392583, -7.0706685 ], [ -39.13734, -7.0716438 ], [ -39.1337993, -7.0784304 ], [ -39.128196, -7.0782624 ], [ -39.1149872, -7.0823369 ], [ -39.1104127, -7.0882748 ], [ -39.1143191, -7.0920393 ], [ -39.1159174, -7.1011308 ], [ -39.1262815, -7.1239255 ], [ -39.1300184, -7.1276223 ], [ -39.1336711, -7.1302132 ], [ -39.1367915, -7.1295913 ], [ -39.1403078, -7.132496 ], [ -39.1454401, -7.1316009 ], [ -39.1465682, -7.1345965 ], [ -39.1501649, -7.1304825 ], [ -39.1530696, -7.1302916 ], [ -39.1541816, -7.1326735 ], [ -39.1626197, -7.1326228 ], [ -39.1757145, -7.1446298 ], [ -39.1918233, -7.1509799 ], [ -39.1934026, -7.1506421 ], [ -39.1925844, -7.1443153 ], [ -39.1958651, -7.1408378 ], [ -39.1984864, -7.13907 ], [ -39.2029957, -7.139968 ], [ -39.2080059, -7.1354702 ], [ -39.2096579, -7.125204 ], [ -39.2202927, -7.1292101 ], [ -39.2284199, -7.1280624 ], [ -39.2370004, -7.1337708 ], [ -39.2416728, -7.132947 ], [ -39.2426604, -7.1305296 ], [ -39.2376163, -7.1274303 ], [ -39.2366256, -7.1232857 ], [ -39.244739, -7.1175906 ], [ -39.2499415, -7.10531 ], [ -39.2635893, -7.0978915 ], [ -39.2663831, -7.0940454 ], [ -39.2811265, -7.0926783 ], [ -39.283239, -7.0947282 ], [ -39.2833835, -7.1005272 ], [ -39.2853048, -7.1045682 ] ] ] } },
{ "type": "Feature", "properties": { "CD_MUN": "2306306", "NM_MUN": "Itapajé", "CD_RGI": "230005", "NM_RGI": "Itapagé", "CD_RGINT": "2301", "NM_RGINT": "Fortaleza", "CD_UF": "23", "NM_UF": "Ceará", "SIGLA_UF": "CE", "CD_REGIA": "2", "NM_REGIA": "Nordeste", "SIGLA_RG": "NE", "CD_CONCU": null, "NM_CONCU": null, "AREA_KM2": 436.32, "mun_upp": "ITAPAJÉ", "has_qualif": 1, "municipio": "Itapajé", "REGIÃO DE PLANEJAMENTO": "Litoral Oeste / Vale do Curu", "auxiliary_storage_labeling_positionx": null, "auxiliary_storage_labeling_positiony": null, "auxiliary_storage_labeling_lineanchorpercent": null, "auxiliary_storage_labeling_lineanchorclipping": null, "auxiliary_storage_labeling_lineanchortype": null, "auxiliary_storage_labeling_lineanchortextpoint": null, "auxiliary_storage_callouts_originx": null, "auxiliary_storage_callouts_originy": null, "auxiliary_storage_callouts_destinationx": null, "auxiliary_storage_callouts_destinationy": null }, "geometry": { "type": "Polygon", "coordinates": [ [ [ -39.5779678, -3.8131686 ], [ -39.5802198, -3.8215159 ], [ -39.5865295, -3.8220935 ], [ -39.5884105, -3.8254733 ], [ -39.5959256, -3.8258612 ], [ -39.5998217, -3.8225403 ], [ -39.6064604, -3.8234006 ], [ -39.6093773, -3.8208682 ], [ -39.6127009, -3.8208476 ], [ -39.6223393, -3.8258632 ], [ -39.6229687, -3.8302659 ], [ -39.6294369, -3.8262354 ], [ -39.6337085, -3.8298911 ], [ -39.6362913, -3.8294331 ], [ -39.6375713, -3.8242584 ], [ -39.6414086, -3.8207532 ], [ -39.6457864, -3.8033497 ], [ -39.6479695, -3.8022646 ], [ -39.6515092, -3.7942241 ], [ -39.6533415, -3.7736883 ], [ -39.6576278, -3.7702383 ], [ -39.6592537, -3.7632002 ], [ -39.6666563, -3.7640905 ], [ -39.6717973, -3.7600472 ], [ -39.6745325, -3.7601906 ], [ -39.6800613, -3.7551778 ], [ -39.6804498, -3.7529444 ], [ -39.6822793, -3.7531249 ], [ -39.6858955, -3.7450616 ], [ -39.6866048, -3.7254452 ], [ -39.6897501, -3.7174597 ], [ -39.6888875, -3.7086858 ], [ -39.6942098, -3.7054065 ], [ -39.695797, -3.6988611 ], [ -39.7046695, -3.6928577 ], [ -39.7074083, -3.6890883 ], [ -39.7080205, -3.6845391 ], [ -39.7070999, -3.677007 ], [ -39.7040158, -3.6722742 ], [ -39.7019898, -3.6598243 ], [ -39.6989801, -3.6556054 ], [ -39.6966634, -3.6451533 ], [ -39.6982074, -3.6296804 ], [ -39.7017003, -3.6189403 ], [ -39.6967125, -3.6130175 ], [ -39.6944282, -3.6123862 ], [ -39.691102, -3.6147408 ], [ -39.6926201, -3.6173419 ], [ -39.6927935, -3.6248947 ], [ -39.6798067, -3.6477457 ], [ -39.6768891, -3.6456416 ], [ -39.6650337, -3.6445877 ], [ -39.6540556, -3.6505065 ], [ -39.6492525, -3.6472435 ], [ -39.6488513, -3.6428475 ], [ -39.6416559, -3.641991 ], [ -39.6390773, -3.6247836 ], [ -39.6356452, -3.6225361 ], [ -39.6218904, -3.6246048 ], [ -39.614776, -3.6279179 ], [ -39.6102772, -3.632813 ], [ -39.6038614, -3.6301727 ], [ -39.6003562, -3.6261178 ], [ -39.5902679, -3.6260452 ], [ -39.5827763, -3.6283141 ], [ -39.5780835, -3.6272503 ], [ -39.5670429, -3.629962 ], [ -39.5576253, -3.6395318 ], [ -39.5576706, -3.6508051 ], [ -39.5547498, -3.6530151 ], [ -39.5426479, -3.6547913 ], [ -39.5363457, -3.6585079 ], [ -39.5303997, -3.6577438 ], [ -39.5255733, -3.6593182 ], [ -39.5233181, -3.655205 ], [ -39.5141006, -3.6581732 ], [ -39.5129726, -3.693335 ], [ -39.5112206, -3.6953457 ], [ -39.5060151, -3.6968497 ], [ -39.5050926, -3.7018934 ], [ -39.5070267, -3.7047081 ], [ -39.5058841, -3.7065853 ], [ -39.5000906, -3.7084269 ], [ -39.497145, -3.7112291 ], [ -39.4959047, -3.721795 ], [ -39.4913499, -3.7232337 ], [ -39.4832485, -3.7226255 ], [ -39.4795343, -3.7277402 ], [ -39.4714037, -3.72699 ], [ -39.4701386, -3.7306559 ], [ -39.462582, -3.7395368 ], [ -39.4576385, -3.7420261 ], [ -39.4563995, -3.747789 ], [ -39.4443102, -3.7466284 ], [ -39.4427846, -3.7451899 ], [ -39.4388628, -3.7506772 ], [ -39.4324014, -3.7663561 ], [ -39.4356075, -3.7736646 ], [ -39.4302855, -3.780927 ], [ -39.4350821, -3.786838 ], [ -39.4357564, -3.7915483 ], [ -39.4293822, -3.7962118 ], [ -39.4302201, -3.7991842 ], [ -39.424292, -3.824557 ], [ -39.4164712, -3.8247475 ], [ -39.4147735, -3.8298594 ], [ -39.4303659, -3.855476 ], [ -39.4325358, -3.8533175 ], [ -39.4355383, -3.8530646 ], [ -39.4570256, -3.8611676 ], [ -39.4608985, -3.857246 ], [ -39.4657104, -3.8586855 ], [ -39.4765087, -3.8576366 ], [ -39.4770448, -3.831951 ], [ -39.4795421, -3.8222822 ], [ -39.4787818, -3.8177444 ], [ -39.4802264, -3.815086 ], [ -39.4819219, -3.8157592 ], [ -39.4891592, -3.812766 ], [ -39.4890975, -3.8176017 ], [ -39.4934041, -3.8191927 ], [ -39.489718, -3.7601785 ], [ -39.5145138, -3.7453719 ], [ -39.5392661, -3.7619625 ], [ -39.5443475, -3.7714801 ], [ -39.5779678, -3.8131686 ] ] ] } },
{ "type": "Feature", "properties": { "CD_MUN": "2301505", "NM_MUN": "Arneiroz", "CD_RGI": "230014", "NM_RGI": "Tauá", "CD_RGINT": "2305", "NM_RGINT": "Crateús", "CD_UF": "23", "NM_UF": "Ceará", "SIGLA_UF": "CE", "CD_REGIA": "2", "NM_REGIA": "Nordeste", "SIGLA_RG": "NE", "CD_CONCU": null, "NM_CONCU": null, "AREA_KM2": 1068.437, "mun_upp": "ARNEIROZ", "has_qualif": 1, "municipio": "Arneiroz", "REGIÃO DE PLANEJAMENTO": "Sertão dos Inhamuns", "auxiliary_storage_labeling_positionx": null, "auxiliary_storage_labeling_positiony": null, "auxiliary_storage_labeling_lineanchorpercent": null, "auxiliary_storage_labeling_lineanchorclipping": null, "auxiliary_storage_labeling_lineanchortype": null, "auxiliary_storage_labeling_lineanchortextpoint": null, "auxiliary_storage_callouts_originx": null, "auxiliary_storage_callouts_originy": null, "auxiliary_storage_callouts_destinationx": null, "auxiliary_storage_callouts_destinationy": null }, "geometry": { "type": "Polygon", "coordinates": [ [ [ -40.0162943, -6.2236561 ], [ -40.0213567, -6.2315168 ], [ -40.0192148, -6.240235 ], [ -40.024747, -6.2510637 ], [ -40.0252921, -6.2545359 ], [ -40.0213437, -6.2654986 ], [ -40.0257269, -6.2728211 ], [ -40.025485, -6.2775479 ], [ -40.0286109, -6.2799828 ], [ -40.0394406, -6.2795229 ], [ -40.0420347, -6.2819225 ], [ -40.0478822, -6.2790135 ], [ -40.0503088, -6.2814393 ], [ -40.0506832, -6.2832813 ], [ -40.0471379, -6.2864114 ], [ -40.0505893, -6.2901377 ], [ -40.0502901, -6.2959535 ], [ -40.0456474, -6.3005336 ], [ -40.0506969, -6.3020311 ], [ -40.0566256, -6.2983333 ], [ -40.0569634, -6.3021142 ], [ -40.0605789, -6.304117 ], [ -40.0610839, -6.3054441 ], [ -40.058876, -6.3076503 ], [ -40.0624134, -6.3123574 ], [ -40.0637954, -6.3214962 ], [ -40.0618036, -6.3241446 ], [ -40.0628555, -6.3297303 ], [ -40.0652017, -6.3308263 ], [ -40.065904, -6.3350247 ], [ -40.070685, -6.3420554 ], [ -40.0749109, -6.3452199 ], [ -40.0783991, -6.3439096 ], [ -40.0800471, -6.3465282 ], [ -40.0778356, -6.3500124 ], [ -40.0720634, -6.3486173 ], [ -40.0705118, -6.3547515 ], [ -40.0758512, -6.3550563 ], [ -40.0832822, -6.3603965 ], [ -40.0826139, -6.3633988 ], [ -40.0841055, -6.3674083 ], [ -40.0983592, -6.358682 ], [ -40.1063548, -6.3516605 ], [ -40.1123095, -6.3490254 ], [ -40.1219965, -6.3489686 ], [ -40.1268341, -6.3517531 ], [ -40.1366143, -6.3505985 ], [ -40.1390077, -6.3527414 ], [ -40.141623, -6.3510706 ], [ -40.1452079, -6.3557231 ], [ -40.1451414, -6.3602413 ], [ -40.1514375, -6.3605144 ], [ -40.1541211, -6.3580293 ], [ -40.1538953, -6.3545406 ], [ -40.1591705, -6.3538159 ], [ -40.1619778, -6.3621466 ], [ -40.172424, -6.3606085 ], [ -40.1802558, -6.3647759 ], [ -40.1865703, -6.3647495 ], [ -40.1919523, -6.3700136 ], [ -40.1970868, -6.3717007 ], [ -40.1983371, -6.3744856 ], [ -40.2058148, -6.3808694 ], [ -40.2126412, -6.380289 ], [ -40.2146432, -6.376661 ], [ -40.2181109, -6.3764135 ], [ -40.225869, -6.3874206 ], [ -40.2312576, -6.3870132 ], [ -40.2358428, -6.3889165 ], [ -40.2393212, -6.3930958 ], [ -40.2430379, -6.3919382 ], [ -40.2448096, -6.3876506 ], [ -40.2507062, -6.3878277 ], [ -40.2502692, -6.3802552 ], [ -40.2566935, -6.3761597 ], [ -40.2608008, -6.3783033 ], [ -40.2571763, -6.3828945 ], [ -40.2609996, -6.3862353 ], [ -40.2685326, -6.3856305 ], [ -40.2743166, -6.3880219 ], [ -40.2852503, -6.3808034 ], [ -40.2894923, -6.3871049 ], [ -40.2957006, -6.3919311 ], [ -40.3071728, -6.3959221 ], [ -40.3082823, -6.3971966 ], [ -40.3073767, -6.4027515 ], [ -40.3122268, -6.402452 ], [ -40.3129337, -6.3982507 ], [ -40.3246059, -6.4027576 ], [ -40.3274069, -6.401871 ], [ -40.4051534, -6.3124657 ], [ -40.3012479, -6.2067779 ], [ -40.2903026, -6.2038011 ], [ -40.2899171, -6.1972646 ], [ -40.286827, -6.191211 ], [ -40.2806928, -6.1877198 ], [ -40.2756537, -6.1804154 ], [ -40.2720398, -6.1779314 ], [ -40.2682827, -6.1699436 ], [ -40.2613278, -6.166759 ], [ -40.2599375, -6.1583251 ], [ -40.2569922, -6.155239 ], [ -40.2565936, -6.1492795 ], [ -40.2503151, -6.1481455 ], [ -40.245175, -6.1450121 ], [ -40.2342231, -6.1329719 ], [ -40.226134, -6.1315064 ], [ -40.2245872, -6.134459 ], [ -40.2209564, -6.1362371 ], [ -40.2211476, -6.1421976 ], [ -40.2164855, -6.1405462 ], [ -40.2114798, -6.1355521 ], [ -40.2086611, -6.1359879 ], [ -40.2050472, -6.1340272 ], [ -40.2043137, -6.1383527 ], [ -40.1984291, -6.1455213 ], [ -40.1950424, -6.1424303 ], [ -40.1817139, -6.1414595 ], [ -40.1661748, -6.1321505 ], [ -40.159212, -6.1197805 ], [ -40.1547318, -6.1188726 ], [ -40.1504093, -6.1136563 ], [ -40.1463495, -6.1121443 ], [ -40.1404615, -6.1142726 ], [ -40.1339235, -6.109561 ], [ -40.1276187, -6.1089246 ], [ -40.1255807, -6.1137083 ], [ -40.1161203, -6.1108147 ], [ -40.112284, -6.1124619 ], [ -40.1085501, -6.1168747 ], [ -40.1053047, -6.1151633 ], [ -40.0986607, -6.1153502 ], [ -40.087192, -6.109538 ], [ -40.0854808, -6.1148615 ], [ -40.0733571, -6.1081788 ], [ -40.0681095, -6.1109409 ], [ -40.0580954, -6.1059178 ], [ -40.0557678, -6.1020221 ], [ -40.0491571, -6.098682 ], [ -40.0456923, -6.0991977 ], [ -40.0461558, -6.1016988 ], [ -40.0422673, -6.1063346 ], [ -40.0361302, -6.1012028 ], [ -40.0182889, -6.0956656 ], [ -40.0164792, -6.0967583 ], [ -40.0155209, -6.1024164 ], [ -40.0069036, -6.1031044 ], [ -40.0040286, -6.1049724 ], [ -39.9993305, -6.1049928 ], [ -39.9985715, -6.1029418 ], [ -39.9905055, -6.1006825 ], [ -39.9856725, -6.1024956 ], [ -39.9741296, -6.1001981 ], [ -39.9674105, -6.1031688 ], [ -39.9630265, -6.1013512 ], [ -39.9626989, -6.099447 ], [ -39.9518736, -6.1008521 ], [ -39.9446255, -6.1039761 ], [ -39.9314861, -6.0958639 ], [ -39.9276984, -6.0918974 ], [ -39.9250026, -6.0932073 ], [ -39.9215995, -6.0860468 ], [ -39.9179387, -6.082192 ], [ -39.9095143, -6.0801777 ], [ -39.9082789, -6.0843261 ], [ -39.9056074, -6.085184 ], [ -39.9031229, -6.0923271 ], [ -39.8992537, -6.0925018 ], [ -39.8937041, -6.0965062 ], [ -39.8886372, -6.0974368 ], [ -39.8900051, -6.1001172 ], [ -39.8888937, -6.1052932 ], [ -39.8934538, -6.1099764 ], [ -39.8925117, -6.1138704 ], [ -39.897338, -6.1223349 ], [ -39.8922255, -6.129857 ], [ -39.9010684, -6.1427146 ], [ -39.8996154, -6.1483597 ], [ -39.8939605, -6.1558789 ], [ -39.8956231, -6.1598905 ], [ -39.906649, -6.1677053 ], [ -39.9187345, -6.1822457 ], [ -39.9185083, -6.1860064 ], [ -39.9153953, -6.1895567 ], [ -39.9260785, -6.1958309 ], [ -39.9398696, -6.1940351 ], [ -39.9425317, -6.1948651 ], [ -39.9440758, -6.197501 ], [ -39.9480407, -6.1964788 ], [ -39.9659746, -6.2055594 ], [ -39.9741293, -6.2144784 ], [ -39.9869311, -6.2207814 ], [ -40.0007498, -6.2158742 ], [ -40.0162943, -6.2236561 ] ] ] } },
{ "type": "Feature", "properties": { "CD_MUN": "2300200", "NM_MUN": "Acaraú", "CD_RGI": "230017", "NM_RGI": "Acaraú", "CD_RGINT": "2306", "NM_RGINT": "Sobral", "CD_UF": "23", "NM_UF": "Ceará", "SIGLA_UF": "CE", "CD_REGIA": "2", "NM_REGIA": "Nordeste", "SIGLA_RG": "NE", "CD_CONCU": null, "NM_CONCU": null, "AREA_KM2": 842.47, "mun_upp": "ACARAÚ", "has_qualif": 1, "municipio": "Acaraú", "REGIÃO DE PLANEJAMENTO": "Litoral Norte", "auxiliary_storage_labeling_positionx": -40.159782142262031, "auxiliary_storage_labeling_positiony": -2.9940593445148518, "auxiliary_storage_labeling_lineanchorpercent": null, "auxiliary_storage_labeling_lineanchorclipping": null, "auxiliary_storage_labeling_lineanchortype": null, "auxiliary_storage_labeling_lineanchortextpoint": null, "auxiliary_storage_callouts_originx": null, "auxiliary_storage_callouts_originy": null, "auxiliary_storage_callouts_destinationx": null, "auxiliary_storage_callouts_destinationy": null }, "geometry": { "type": "Polygon", "coordinates": [ [ [ -39.989326235768502, -3.11344475498013 ], [ -39.9940532, -3.1339513 ], [ -39.992188, -3.1380218 ], [ -39.9889717, -3.1611086 ], [ -39.982697, -3.1603069 ], [ -39.9828122, -3.1648144 ], [ -39.9885901, -3.1797324 ], [ -39.9960293, -3.1867662 ], [ -39.9970442, -3.1990275 ], [ -39.9941759, -3.2090733 ], [ -39.9883023, -3.2173309 ], [ -39.9793603, -3.2226168 ], [ -39.9763336, -3.2261021 ], [ -39.9767438, -3.2317979 ], [ -39.971982, -3.2323051 ], [ -39.9655775, -3.2394425 ], [ -39.9570737, -3.2404306 ], [ -39.944528, -3.2446636 ], [ -39.9411408, -3.2469191 ], [ -39.9249736, -3.2663411 ], [ -39.9075467, -3.2736106 ], [ -39.9107557, -3.2762362 ], [ -39.9086732, -3.2796097 ], [ -39.9105877, -3.286021 ], [ -39.9157576, -3.2884725 ], [ -39.9176753, -3.2921448 ], [ -39.9205671, -3.2919809 ], [ -39.9237314, -3.294699 ], [ -39.9246138, -3.3019786 ], [ -39.9274969, -3.3044967 ], [ -39.9276905, -3.3123283 ], [ -39.9293954, -3.3141995 ], [ -39.9321668, -3.3133219 ], [ -39.9320438, -3.3150977 ], [ -39.9342244, -3.3157239 ], [ -40.0735364, -3.1229317 ], [ -40.083848, -3.1153592 ], [ -40.0826752, -3.0849641 ], [ -40.0882358, -3.0735298 ], [ -40.110474, -3.0559472 ], [ -40.1215665, -3.0349948 ], [ -40.1413215, -3.0381848 ], [ -40.1428618, -3.0412021 ], [ -40.1467137, -3.0423855 ], [ -40.1506265, -3.0405664 ], [ -40.1530016, -3.0340591 ], [ -40.1558225, -3.0321507 ], [ -40.1549955, -3.0270802 ], [ -40.1587638, -3.0169047 ], [ -40.1538805, -3.0106714 ], [ -40.1557973, -3.0029199 ], [ -40.1553745, -2.9928122 ], [ -40.1634956, -2.989321 ], [ -40.1679404, -2.9908445 ], [ -40.1693819, -2.9895795 ], [ -40.1707952, -2.966967 ], [ -40.1748721, -2.9585433 ], [ -40.1727797, -2.9484564 ], [ -40.169075, -2.9417471 ], [ -40.1697455, -2.9306738 ], [ -40.1680417, -2.9269096 ], [ -40.1631519, -2.9228725 ], [ -40.1646562, -2.9175043 ], [ -40.1625606, -2.9166257 ], [ -40.1602209, -2.9183956 ], [ -40.1587762, -2.9146527 ], [ -40.152933, -2.9116309 ], [ -40.1508635, -2.9082179 ], [ -40.1513469, -2.9060898 ], [ -40.1494564, -2.9055796 ], [ -40.149466, -2.9002593 ], [ -40.1470812, -2.8957864 ], [ -40.1478848, -2.8898067 ], [ -40.1510148, -2.884204 ], [ -40.1680396, -2.8734729 ], [ -40.1818167, -2.8693897 ], [ -40.1959351, -2.8731318 ], [ -40.2105579, -2.8698873 ], [ -40.2203892, -2.8727985 ], [ -40.2723791, -2.8699468 ], [ -40.2708908, -2.8783137 ], [ -40.2720967, -2.8794225 ], [ -40.2892949, -2.8762189 ], [ -40.3243812, -2.8612671 ], [ -40.3291345, -2.864618 ], [ -40.3360947, -2.8636957 ], [ -40.3428281, -2.8661437 ], [ -40.3476562, -2.8638458 ], [ -40.3612925, -2.8668082 ], [ -40.3701521, -2.812123 ], [ -40.3718859, -2.8124064 ], [ -40.3443604, -2.8067159 ], [ -40.3312076, -2.8059828 ], [ -40.268817, -2.8100756 ], [ -40.2368207, -2.8150363 ], [ -40.235174, -2.8123518 ], [ -40.2272879, -2.8107788 ], [ -40.1853339, -2.8116806 ], [ -40.182233, -2.8163448 ], [ -40.164914, -2.8283188 ], [ -40.1577073, -2.8351065 ], [ -40.1545791, -2.8333242 ], [ -40.154248, -2.8354066 ], [ -40.1437771, -2.840177 ], [ -40.1396131, -2.8390061 ], [ -40.1377055, -2.8343831 ], [ -40.1358299, -2.8348583 ], [ -40.1362443, -2.8292053 ], [ -40.1328495, -2.8295212 ], [ -40.1344248, -2.8267189 ], [ -40.1384548, -2.8280372 ], [ -40.1398762, -2.8267857 ], [ -40.1262327, -2.8235415 ], [ -40.1203249, -2.8248457 ], [ -40.1186975, -2.8279082 ], [ -40.1155519, -2.8263727 ], [ -40.1002385, -2.8271446 ], [ -40.0866858, -2.8314849 ], [ -40.0809622, -2.8345916 ], [ -40.0784899, -2.8372024 ], [ -40.0793396, -2.8380671 ], [ -40.0777283, -2.8409175 ], [ -40.0746353, -2.8399621 ], [ -40.0735818, -2.8361996 ], [ -40.0663406, -2.8360847 ], [ -40.062258, -2.8385512 ], [ -40.0623997, -2.8354424 ], [ -40.0580006, -2.834209 ], [ -40.0456068, -2.8378362 ], [ -40.0436322, -2.8410848 ], [ -40.0426746, -2.8400218 ], [ -40.0388148, -2.8419486 ], [ -40.0333135, -2.839874 ], [ -40.0207493, -2.8439093 ], [ -40.0281375, -2.8405908 ], [ -40.0255491, -2.8390535 ], [ -40.0089592, -2.8434237 ], [ -39.992262, -2.8450568 ], [ -39.9838694, -2.8483708 ], [ -39.9941687, -2.8403769 ], [ -39.9977733, -2.8404729 ], [ -39.9946252, -2.839547 ], [ -39.9709066, -2.8484704 ], [ -39.944402, -2.8646107 ], [ -39.9424209, -2.8663561 ], [ -39.9537512, -2.8957831 ], [ -39.9577156, -2.8977387 ], [ -39.9665371, -2.9313631 ], [ -39.9740686, -3.0010039 ], [ -39.9835861, -3.0176262 ], [ -39.9812786, -3.0294328 ], [ -39.9818572, -3.0341681 ], [ -39.973311, -3.0596535 ], [ -39.9723987, -3.0740885 ], [ -39.9791342, -3.0796603 ], [ -39.9906252, -3.0951106 ], [ -39.9899696, -3.0971758 ], [ -39.9885185, -3.09674 ], [ -39.9903277, -3.1092077 ], [ -39.989326235768502, -3.11344475498013 ] ] ] } },
{ "type": "Feature", "properties": { "CD_MUN": "2311355", "NM_MUN": "Quixelô", "CD_RGI": "230009", "NM_RGI": "Iguatu", "CD_RGINT": "2303", "NM_RGINT": "Iguatu", "CD_UF": "23", "NM_UF": "Ceará", "SIGLA_UF": "CE", "CD_REGIA": "2", "NM_REGIA": "Nordeste", "SIGLA_RG": "NE", "CD_CONCU": null, "NM_CONCU": null, "AREA_KM2": 620.242, "mun_upp": "QUIXELÔ", "has_qualif": 1, "municipio": "Quixelô", "REGIÃO DE PLANEJAMENTO": "Centro Sul", "auxiliary_storage_labeling_positionx": null, "auxiliary_storage_labeling_positiony": null, "auxiliary_storage_labeling_lineanchorpercent": null, "auxiliary_storage_labeling_lineanchorclipping": null, "auxiliary_storage_labeling_lineanchortype": null, "auxiliary_storage_labeling_lineanchortextpoint": null, "auxiliary_storage_callouts_originx": null, "auxiliary_storage_callouts_originy": null, "auxiliary_storage_callouts_destinationx": null, "auxiliary_storage_callouts_destinationy": null }, "geometry": { "type": "Polygon", "coordinates": [ [ [ -39.3185706, -6.261199 ], [ -39.3134642, -6.2609969 ], [ -39.3088838, -6.2571328 ], [ -39.3069115, -6.2520238 ], [ -39.3045492, -6.2510087 ], [ -39.297434, -6.2518506 ], [ -39.290885, -6.249401 ], [ -39.2949651, -6.2316991 ], [ -39.2658261, -6.2231031 ], [ -39.2806431, -6.2112282 ], [ -39.2794469, -6.2064729 ], [ -39.2767504, -6.20376 ], [ -39.2794484, -6.1981825 ], [ -39.2758648, -6.1938196 ], [ -39.2773901, -6.1875896 ], [ -39.2729118, -6.182646 ], [ -39.2735904, -6.1769013 ], [ -39.2761935, -6.1723003 ], [ -39.282943, -6.1710963 ], [ -39.2882023, -6.1738291 ], [ -39.3038369, -6.1761416 ], [ -39.3077218, -6.1745663 ], [ -39.2597083, -6.1283745 ], [ -39.1417054, -6.1544054 ], [ -39.108145, -6.1122409 ], [ -39.0900042, -6.0936709 ], [ -39.0894096, -6.0879409 ], [ -39.0913592, -6.0839882 ], [ -39.0830293, -6.0768764 ], [ -39.082974, -6.0698385 ], [ -39.0754106, -6.0617268 ], [ -39.0737735, -6.051559 ], [ -39.063583, -6.0452758 ], [ -39.0601743, -6.0450835 ], [ -39.0570741, -6.0478574 ], [ -39.0536723, -6.0434034 ], [ -39.0507418, -6.0253532 ], [ -39.0419946, -6.0227614 ], [ -39.0397089, -6.0197176 ], [ -39.0300104, -6.0137893 ], [ -39.0273483, -6.0140304 ], [ -39.0225832, -6.0200461 ], [ -39.0211086, -6.0103274 ], [ -39.0185263, -6.0052294 ], [ -39.0163985, -6.0047029 ], [ -39.0107836, -6.0070921 ], [ -39.0058699, -6.0189882 ], [ -38.9947553, -6.0217165 ], [ -38.9919305, -6.0200755 ], [ -38.9905687, -6.0241129 ], [ -38.9865131, -6.0285265 ], [ -38.9848572, -6.044665 ], [ -38.9832016, -6.0483224 ], [ -38.9846954, -6.0483225 ], [ -38.9867093, -6.0617084 ], [ -38.9851811, -6.0620033 ], [ -38.9866414, -6.0652184 ], [ -38.9851502, -6.0691282 ], [ -38.9895936, -6.0775766 ], [ -38.987777, -6.0793415 ], [ -38.9856018, -6.0789117 ], [ -38.983006, -6.0896225 ], [ -38.9779115, -6.0917183 ], [ -38.980702, -6.0995299 ], [ -38.9797801, -6.1016876 ], [ -38.9761335, -6.1028124 ], [ -38.9773017, -6.1077149 ], [ -38.9726021, -6.1083054 ], [ -38.9707709, -6.1103842 ], [ -38.9754928, -6.118812 ], [ -38.969741, -6.1198881 ], [ -38.9688289, -6.1224246 ], [ -38.9730522, -6.1299912 ], [ -38.9734883, -6.1341878 ], [ -38.9861863, -6.1566295 ], [ -38.9833491, -6.1587924 ], [ -38.9863533, -6.1659227 ], [ -38.9913784, -6.1903803 ], [ -39.0031917, -6.2201643 ], [ -39.0563409, -6.2588205 ], [ -39.0614713, -6.2514843 ], [ -39.0637689, -6.2404251 ], [ -39.0660845, -6.2369519 ], [ -39.0745736, -6.2353206 ], [ -39.0919933, -6.2394565 ], [ -39.098906, -6.2435931 ], [ -39.1107485, -6.2567484 ], [ -39.134668, -6.2890171 ], [ -39.1467263, -6.297774 ], [ -39.1630903, -6.3046624 ], [ -39.1828948, -6.2984806 ], [ -39.1916494, -6.2974722 ], [ -39.2094435, -6.2901534 ], [ -39.2219402, -6.2893685 ], [ -39.2308548, -6.2945777 ], [ -39.23779, -6.2907212 ], [ -39.241067, -6.2906 ], [ -39.2417371, -6.2757812 ], [ -39.2491905, -6.272634 ], [ -39.2567135, -6.2716297 ], [ -39.2787247, -6.2792038 ], [ -39.2862712, -6.2790186 ], [ -39.3176171, -6.2659478 ], [ -39.3185706, -6.261199 ] ] ] } },
{ "type": "Feature", "properties": { "CD_MUN": "2305001", "NM_MUN": "Guaraciaba do Norte", "CD_RGI": "230016", "NM_RGI": "São Benedito - Ipu - Guaraciaba do Norte - Tianguá", "CD_RGINT": "2306", "NM_RGINT": "Sobral", "CD_UF": "23", "NM_UF": "Ceará", "SIGLA_UF": "CE", "CD_REGIA": "2", "NM_REGIA": "Nordeste", "SIGLA_RG": "NE", "CD_CONCU": null, "NM_CONCU": null, "AREA_KM2": 624.61, "mun_upp": "GUARACIABA DO NORTE", "has_qualif": 1, "municipio": "Guaraciaba do Norte", "REGIÃO DE PLANEJAMENTO": "Serra da Ibiapaba", "auxiliary_storage_labeling_positionx": null, "auxiliary_storage_labeling_positiony": null, "auxiliary_storage_labeling_lineanchorpercent": null, "auxiliary_storage_labeling_lineanchorclipping": null, "auxiliary_storage_labeling_lineanchortype": null, "auxiliary_storage_labeling_lineanchortextpoint": null, "auxiliary_storage_callouts_originx": null, "auxiliary_storage_callouts_originy": null, "auxiliary_storage_callouts_destinationx": null, "auxiliary_storage_callouts_destinationy": null }, "geometry": { "type": "Polygon", "coordinates": [ [ [ -40.7683745, -4.1274237 ], [ -40.7670112, -4.1305731 ], [ -40.7634683, -4.1307588 ], [ -40.7455773, -4.1235077 ], [ -40.7362828, -4.1227625 ], [ -40.7352967, -4.1295116 ], [ -40.7385992, -4.13606 ], [ -40.7374113, -4.1376417 ], [ -40.7272918, -4.1301512 ], [ -40.712856, -4.1282944 ], [ -40.7161049, -4.1384772 ], [ -40.7136868, -4.1490173 ], [ -40.7147584, -4.1553098 ], [ -40.7097739, -4.1569356 ], [ -40.7137234, -4.16036 ], [ -40.70927, -4.1633722 ], [ -40.7135006, -4.1655868 ], [ -40.7111094, -4.1683999 ], [ -40.7110128, -4.1755312 ], [ -40.7147776, -4.1802213 ], [ -40.7214604, -4.1834971 ], [ -40.7174478, -4.1880183 ], [ -40.722758, -4.1902795 ], [ -40.7244297, -4.1962049 ], [ -40.7269459, -4.1961276 ], [ -40.7254999, -4.1985066 ], [ -40.7266545, -4.2044134 ], [ -40.7319925, -4.2063785 ], [ -40.7341001, -4.2090151 ], [ -40.736112, -4.2200355 ], [ -40.7446356, -4.2254391 ], [ -40.76105, -4.2316049 ], [ -40.7671145, -4.231729 ], [ -40.7779035, -4.2352356 ], [ -40.7823613, -4.2390548 ], [ -40.7888561, -4.2492882 ], [ -40.7902566, -4.2541168 ], [ -40.803127, -4.2664915 ], [ -40.8010747, -4.2699606 ], [ -40.801507, -4.2769781 ], [ -40.7924186, -4.2879637 ], [ -40.7903544, -4.2965164 ], [ -40.7899485, -4.3083073 ], [ -40.787325, -4.3126622 ], [ -40.7882717, -4.3194841 ], [ -40.7983832, -4.3310752 ], [ -40.8024779, -4.3451905 ], [ -40.8471851, -4.3214153 ], [ -40.8436979, -4.3156649 ], [ -40.8413024, -4.3162392 ], [ -40.839314, -4.313994 ], [ -40.8398223, -4.3105085 ], [ -40.8461076, -4.3049071 ], [ -40.8484373, -4.3046409 ], [ -40.8505197, -4.2994557 ], [ -40.8535215, -4.2968666 ], [ -40.8701052, -4.3040238 ], [ -40.8673514, -4.3066793 ], [ -40.8639499, -4.3068902 ], [ -40.8595816, -4.3152933 ], [ -40.8682396, -4.3190191 ], [ -40.8695244, -4.3230535 ], [ -40.8729443, -4.3213086 ], [ -40.8767762, -4.3233973 ], [ -40.8751259, -4.3145312 ], [ -40.8804782, -4.3133312 ], [ -40.8813067, -4.3162235 ], [ -40.8842185, -4.3177437 ], [ -40.9273648, -4.2895106 ], [ -41.007404, -4.2729825 ], [ -41.1403242, -4.3700436 ], [ -41.1444482, -4.3705293 ], [ -41.1484886, -4.3665825 ], [ -41.1420835, -4.3590423 ], [ -41.1415431, -4.3537612 ], [ -41.1362101, -4.3483191 ], [ -41.1358501, -4.3440582 ], [ -41.1334226, -4.340145 ], [ -41.1247329, -4.3351909 ], [ -41.1201713, -4.3305667 ], [ -41.1180838, -4.3188103 ], [ -41.1199715, -4.3090701 ], [ -41.1191241, -4.3065257 ], [ -41.1359048, -4.2335113 ], [ -41.0986531, -4.1812304 ], [ -41.0921968, -4.1868871 ], [ -41.0805582, -4.1904257 ], [ -41.0740564, -4.2004582 ], [ -41.0703944, -4.200999 ], [ -41.0175087, -4.2003039 ], [ -41.0136255, -4.1984947 ], [ -41.0061936, -4.1899021 ], [ -41.0007373, -4.1951519 ], [ -40.992388, -4.2083219 ], [ -40.9860691, -4.2101458 ], [ -40.9840272, -4.2122641 ], [ -40.9841138, -4.2169157 ], [ -40.9757996, -4.2262223 ], [ -40.9753765, -4.2302113 ], [ -40.9003975, -4.1586083 ], [ -40.8957473, -4.1574353 ], [ -40.8913925, -4.1535707 ], [ -40.8865372, -4.1526962 ], [ -40.880062, -4.1566398 ], [ -40.8697143, -4.1573576 ], [ -40.8642968, -4.1536923 ], [ -40.8523243, -4.1537839 ], [ -40.8540708, -4.1455952 ], [ -40.8500855, -4.1410367 ], [ -40.8447915, -4.1290945 ], [ -40.8333803, -4.1226867 ], [ -40.8337118, -4.1182073 ], [ -40.8227599, -4.1170797 ], [ -40.8103031, -4.1185124 ], [ -40.8023061, -4.1250712 ], [ -40.8038988, -4.1294137 ], [ -40.7984615, -4.1313637 ], [ -40.7786765, -4.1303404 ], [ -40.7731605, -4.1275027 ], [ -40.7683745, -4.1274237 ] ] ] } },
{ "type": "Feature", "properties": { "CD_MUN": "2307601", "NM_MUN": "Limoeiro do Norte", "CD_RGI": "230007", "NM_RGI": "Russas - Limoeiro do Norte", "CD_RGINT": "2302", "NM_RGINT": "Quixadá", "CD_UF": "23", "NM_UF": "Ceará", "SIGLA_UF": "CE", "CD_REGIA": "2", "NM_REGIA": "Nordeste", "SIGLA_RG": "NE", "CD_CONCU": null, "NM_CONCU": null, "AREA_KM2": 794.689, "mun_upp": "LIMOEIRO DO NORTE", "has_qualif": 1, "municipio": "Limoeiro do Norte", "REGIÃO DE PLANEJAMENTO": "Vale do Jaguaribe", "auxiliary_storage_labeling_positionx": null, "auxiliary_storage_labeling_positiony": null, "auxiliary_storage_labeling_lineanchorpercent": null, "auxiliary_storage_labeling_lineanchorclipping": null, "auxiliary_storage_labeling_lineanchortype": null, "auxiliary_storage_labeling_lineanchortextpoint": null, "auxiliary_storage_callouts_originx": null, "auxiliary_storage_callouts_originy": null, "auxiliary_storage_callouts_destinationx": null, "auxiliary_storage_callouts_destinationy": null }, "geometry": { "type": "Polygon", "coordinates": [ [ [ -38.0978519, -5.1936307 ], [ -38.1100513, -5.1972634 ], [ -38.1148555, -5.2016275 ], [ -38.1179998, -5.2086847 ], [ -38.1210334, -5.2095625 ], [ -38.1231305, -5.2079499 ], [ -38.1256784, -5.2083124 ], [ -38.1343839, -5.2133989 ], [ -38.2081667, -5.1936676 ], [ -38.2320375, -5.1623507 ], [ -38.2381634, -5.1686947 ], [ -38.2340891, -5.1826648 ], [ -38.2291661, -5.1861847 ], [ -38.22445, -5.1928095 ], [ -38.2243729, -5.1985933 ], [ -38.2333613, -5.2169793 ], [ -38.2380566, -5.2109101 ], [ -38.2370342, -5.1972226 ], [ -38.2381239, -5.1893452 ], [ -38.248533, -5.1812456 ], [ -38.2461811, -5.1740881 ], [ -38.2485001, -5.1687387 ], [ -38.2427803, -5.163284 ], [ -38.2441257, -5.1610762 ], [ -38.2402572, -5.1390104 ], [ -38.2268175, -5.090451 ], [ -38.2336495, -5.0886101 ], [ -38.2321333, -5.0818974 ], [ -38.2327627, -5.0752277 ], [ -38.2294967, -5.0651665 ], [ -38.2302495, -5.0560506 ], [ -38.2345511, -5.0562665 ], [ -38.2335441, -5.0515523 ], [ -38.2381138, -5.0505569 ], [ -38.2381299, -5.0451063 ], [ -38.2478165, -5.0479053 ], [ -38.2496395, -5.051169 ], [ -38.2535776, -5.050556 ], [ -38.2539199, -5.0429931 ], [ -38.2522762, -5.0379826 ], [ -38.2548214, -5.0301661 ], [ -38.2671277, -5.0362355 ], [ -38.2605091, -5.0175082 ], [ -38.2634666, -5.0114452 ], [ -38.2637788, -5.007032 ], [ -38.2570451, -5.002435 ], [ -38.2565277, -4.9969229 ], [ -38.259228, -4.9888008 ], [ -38.2506111, -4.9746781 ], [ -38.2528169, -4.9589648 ], [ -38.2443788, -4.9633814 ], [ -38.2375834, -4.9695989 ], [ -38.2070383, -4.9751487 ], [ -38.196938, -4.9748597 ], [ -38.1955618, -4.978122 ], [ -38.1927703, -4.9751358 ], [ -38.1882171, -4.975358 ], [ -38.1499191, -5.0082917 ], [ -38.1565016, -5.0121079 ], [ -38.1419062, -5.0322781 ], [ -38.1210416, -5.0313649 ], [ -38.1000693, -5.0533754 ], [ -38.0755125, -5.0751762 ], [ -38.0458027, -5.0879286 ], [ -38.0471296, -5.0859511 ], [ -38.0465688, -5.0823145 ], [ -38.0424604, -5.0779497 ], [ -38.0353747, -5.0796056 ], [ -38.0341188, -5.0775073 ], [ -38.0241266, -5.0820762 ], [ -38.0196651, -5.0761272 ], [ -38.0126271, -5.083283 ], [ -38.0086243, -5.0789141 ], [ -38.0056214, -5.0819683 ], [ -38.0030953, -5.081062 ], [ -38.000065, -5.0848026 ], [ -38.0019346, -5.08657 ], [ -37.984263, -5.1029823 ], [ -37.9729955, -5.1070668 ], [ -37.9655504, -5.1137521 ], [ -37.9546828, -5.1289302 ], [ -37.9516659, -5.1379553 ], [ -37.9400563, -5.146207 ], [ -37.9354158, -5.1530565 ], [ -37.9344801, -5.1588272 ], [ -37.9270805, -5.1653474 ], [ -37.9261687, -5.1733487 ], [ -37.832998, -5.2226316 ], [ -37.7864661, -5.2236124 ], [ -37.7829643, -5.2322646 ], [ -37.7857076, -5.2451751 ], [ -37.7904583, -5.2549562 ], [ -37.791859, -5.2687714 ], [ -37.7889844, -5.2784086 ], [ -37.7826057, -5.286737 ], [ -37.7831099, -5.2948155 ], [ -37.7864291, -5.2968934 ], [ -37.9302104, -5.2971669 ], [ -37.9325576, -5.2902021 ], [ -37.9483124, -5.2759851 ], [ -37.9546617, -5.2725134 ], [ -37.9675463, -5.2544044 ], [ -37.9770978, -5.2528287 ], [ -37.9813885, -5.2475801 ], [ -37.9953642, -5.2446714 ], [ -37.9955487, -5.2424337 ], [ -38.0040921, -5.2384076 ], [ -38.0238526, -5.2192632 ], [ -38.0333933, -5.2168817 ], [ -38.0353333, -5.2122096 ], [ -38.046326, -5.2051326 ], [ -38.050867, -5.1996365 ], [ -38.0537202, -5.1992937 ], [ -38.0540524, -5.1936222 ], [ -38.0684699, -5.1841259 ], [ -38.0673205, -5.1831947 ], [ -38.0697406, -5.1811101 ], [ -38.0726998, -5.1816769 ], [ -38.0734435, -5.1849781 ], [ -38.0786399, -5.1881478 ], [ -38.0848623, -5.1896572 ], [ -38.0870793, -5.1918083 ], [ -38.0946897, -5.1911472 ], [ -38.0978519, -5.1936307 ] ] ] } },
{ "type": "Feature", "properties": { "CD_MUN": "2308906", "NM_MUN": "Morrinhos", "CD_RGI": "230015", "NM_RGI": "Sobral", "CD_RGINT": "2306", "NM_RGINT": "Sobral", "CD_UF": "23", "NM_UF": "Ceará", "SIGLA_UF": "CE", "CD_REGIA": "2", "NM_REGIA": "Nordeste", "SIGLA_RG": "NE", "CD_CONCU": null, "NM_CONCU": null, "AREA_KM2": 411.608, "mun_upp": "MORRINHOS", "has_qualif": 1, "municipio": "Morrinhos", "REGIÃO DE PLANEJAMENTO": "Litoral Norte", "auxiliary_storage_labeling_positionx": null, "auxiliary_storage_labeling_positiony": null, "auxiliary_storage_labeling_lineanchorpercent": null, "auxiliary_storage_labeling_lineanchorclipping": null, "auxiliary_storage_labeling_lineanchortype": null, "auxiliary_storage_labeling_lineanchortextpoint": null, "auxiliary_storage_callouts_originx": null, "auxiliary_storage_callouts_originy": null, "auxiliary_storage_callouts_destinationx": null, "auxiliary_storage_callouts_destinationy": null }, "geometry": { "type": "Polygon", "coordinates": [ [ [ -40.0025845, -3.2200124 ], [ -39.9312014, -3.3196591 ], [ -39.9357614, -3.3217514 ], [ -39.9395638, -3.335395 ], [ -39.9479063, -3.3431954 ], [ -39.955415, -3.3450875 ], [ -39.956062, -3.3492273 ], [ -39.968897, -3.3548253 ], [ -39.971482, -3.3538476 ], [ -39.983164, -3.3652291 ], [ -39.9862569, -3.364508 ], [ -39.9878556, -3.3662975 ], [ -40.0021867, -3.3611634 ], [ -40.0094463, -3.360745 ], [ -40.0183557, -3.3635939 ], [ -40.0247, -3.3612915 ], [ -40.0308334, -3.3624458 ], [ -40.0339741, -3.3604001 ], [ -40.0379112, -3.3638543 ], [ -40.046441, -3.3634574 ], [ -40.0537324, -3.3653541 ], [ -40.0578445, -3.3691669 ], [ -40.0700829, -3.3672389 ], [ -40.0756861, -3.3626017 ], [ -40.0799213, -3.3561783 ], [ -40.0921794, -3.3544867 ], [ -40.084021, -3.3154954 ], [ -40.0947265, -3.3163563 ], [ -40.0983606, -3.3188173 ], [ -40.1064645, -3.3190046 ], [ -40.113811, -3.3151383 ], [ -40.1164791, -3.3161405 ], [ -40.1279895, -3.3133369 ], [ -40.1329192, -3.3137908 ], [ -40.1456441, -3.3035989 ], [ -40.1593105, -3.3105221 ], [ -40.167103, -3.3174657 ], [ -40.1745349, -3.3195963 ], [ -40.1800621, -3.3188482 ], [ -40.1821701, -3.3205583 ], [ -40.1852401, -3.3191426 ], [ -40.1911969, -3.3123628 ], [ -40.2003858, -3.3102576 ], [ -40.2011363, -3.3076546 ], [ -40.3412206, -3.3161809 ], [ -40.3395915, -3.2839392 ], [ -40.3349459, -3.2825299 ], [ -40.3304968, -3.2835695 ], [ -40.3227752, -3.2886358 ], [ -40.3211039, -3.2857512 ], [ -40.3182622, -3.2859549 ], [ -40.3139729, -3.2918099 ], [ -40.3072369, -3.2960151 ], [ -40.3023101, -3.3017187 ], [ -40.2973882, -3.3024501 ], [ -40.2940416, -3.2994357 ], [ -40.2911113, -3.2993834 ], [ -40.2838694, -3.3040832 ], [ -40.2743707, -3.3055949 ], [ -40.2788128, -3.2637767 ], [ -40.2375059, -3.2861173 ], [ -40.1185684, -3.1984098 ], [ -40.1065754, -3.1993677 ], [ -40.1046749, -3.19803 ], [ -40.0905693, -3.1971384 ], [ -40.0880201, -3.1989036 ], [ -40.0025845, -3.2200124 ] ] ] } },
{ "type": "Feature", "properties": { "CD_MUN": "2307635", "NM_MUN": "Madalena", "CD_RGI": "230004", "NM_RGI": "Canindé", "CD_RGINT": "2301", "NM_RGINT": "Fortaleza", "CD_UF": "23", "NM_UF": "Ceará", "SIGLA_UF": "CE", "CD_REGIA": "2", "NM_REGIA": "Nordeste", "SIGLA_RG": "NE", "CD_CONCU": null, "NM_CONCU": null, "AREA_KM2": 998.182, "mun_upp": "MADALENA", "has_qualif": 1, "municipio": "Madalena", "REGIÃO DE PLANEJAMENTO": "Sertão de Canindé", "auxiliary_storage_labeling_positionx": null, "auxiliary_storage_labeling_positiony": null, "auxiliary_storage_labeling_lineanchorpercent": null, "auxiliary_storage_labeling_lineanchorclipping": null, "auxiliary_storage_labeling_lineanchortype": null, "auxiliary_storage_labeling_lineanchortextpoint": null, "auxiliary_storage_callouts_originx": null, "auxiliary_storage_callouts_originy": null, "auxiliary_storage_callouts_destinationx": null, "auxiliary_storage_callouts_destinationy": null }, "geometry": { "type": "Polygon", "coordinates": [ [ [ -39.5023184, -5.0521998 ], [ -39.6288321, -5.0429954 ], [ -39.6220485, -5.0348204 ], [ -39.6127504, -5.0309069 ], [ -39.6071537, -5.0251755 ], [ -39.6059381, -5.0211048 ], [ -39.6074579, -5.0133237 ], [ -39.6035135, -5.0094203 ], [ -39.6012298, -5.0031372 ], [ -39.5975281, -4.998716 ], [ -39.597525, -4.9952396 ], [ -39.6006299, -4.9904961 ], [ -39.6055927, -4.9955482 ], [ -39.611702, -4.9907229 ], [ -39.6116099, -4.9820318 ], [ -39.6152557, -4.9795317 ], [ -39.6143253, -4.9743605 ], [ -39.6090964, -4.9725343 ], [ -39.6036566, -4.9644122 ], [ -39.6035804, -4.9599543 ], [ -39.6099979, -4.9527685 ], [ -39.6101316, -4.9495363 ], [ -39.6069439, -4.9476077 ], [ -39.6062783, -4.9445982 ], [ -39.6095664, -4.9322685 ], [ -39.6174533, -4.9225928 ], [ -39.6168962, -4.9192775 ], [ -39.6188845, -4.9188728 ], [ -39.6186401, -4.9080707 ], [ -39.6203164, -4.9053219 ], [ -39.6284148, -4.9024468 ], [ -39.6276637, -4.8999291 ], [ -39.6300129, -4.8985065 ], [ -39.6286153, -4.8967636 ], [ -39.6295441, -4.8924276 ], [ -39.6321272, -4.8900092 ], [ -39.6363863, -4.8896252 ], [ -39.6379781, -4.8842854 ], [ -39.642261, -4.8826667 ], [ -39.6449469, -4.8771472 ], [ -39.6442912, -4.8745898 ], [ -39.6501929, -4.8702938 ], [ -39.6528442, -4.8624015 ], [ -39.6498414, -4.8588987 ], [ -39.6517979, -4.8549931 ], [ -39.6461554, -4.8510304 ], [ -39.6428297, -4.8452268 ], [ -39.6567066, -4.8351877 ], [ -39.6584591, -4.8273638 ], [ -39.6609914, -4.8243477 ], [ -39.6568957, -4.8192286 ], [ -39.6600619, -4.8139506 ], [ -39.659446, -4.8094923 ], [ -39.662797, -4.8088973 ], [ -39.6626285, -4.8022112 ], [ -39.666423, -4.799773 ], [ -39.6720592, -4.8001797 ], [ -39.6740099, -4.7929486 ], [ -39.6775045, -4.7892874 ], [ -39.6864747, -4.789041 ], [ -39.6901887, -4.7926485 ], [ -39.6965283, -4.7900046 ], [ -39.7006202, -4.7833054 ], [ -39.7107736, -4.7812782 ], [ -39.7195324, -4.7775645 ], [ -39.7297581, -4.7801141 ], [ -39.7335725, -4.7747905 ], [ -39.7381644, -4.7721076 ], [ -39.7381627, -4.7705657 ], [ -39.7263358, -4.76506 ], [ -39.7258584, -4.7623826 ], [ -39.7310282, -4.7553574 ], [ -39.7262384, -4.7495004 ], [ -39.7064405, -4.7475128 ], [ -39.7036002, -4.7408494 ], [ -39.6921533, -4.7449385 ], [ -39.6657421, -4.7318766 ], [ -39.6288737, -4.7314207 ], [ -39.5756512, -4.7487624 ], [ -39.5101129, -4.7247348 ], [ -39.3897982, -4.7248085 ], [ -39.3712705, -4.7173442 ], [ -39.3673025, -4.7247962 ], [ -39.3725976, -4.7304062 ], [ -39.3695381, -4.7421219 ], [ -39.3652279, -4.7431579 ], [ -39.3592585, -4.7501082 ], [ -39.3556832, -4.7518762 ], [ -39.3462935, -4.7475923 ], [ -39.3335491, -4.7387971 ], [ -39.3289642, -4.7326046 ], [ -39.3186507, -4.7233595 ], [ -39.3144876, -4.7227167 ], [ -39.3168642, -4.7268361 ], [ -39.3130094, -4.7282674 ], [ -39.309964, -4.7278763 ], [ -39.3066656, -4.7242338 ], [ -39.3008537, -4.7222182 ], [ -39.2970276, -4.7256956 ], [ -39.2967054, -4.7291503 ], [ -39.2911021, -4.7357959 ], [ -39.2907539, -4.7384449 ], [ -39.2976056, -4.73751 ], [ -39.298759, -4.741784 ], [ -39.3026179, -4.7441849 ], [ -39.3034414, -4.749975 ], [ -39.3132446, -4.7545854 ], [ -39.3174332, -4.7525059 ], [ -39.3208138, -4.757167 ], [ -39.3301959, -4.7640952 ], [ -39.3424435, -4.7707793 ], [ -39.3420146, -4.7741056 ], [ -39.3462052, -4.7762584 ], [ -39.3450619, -4.7784574 ], [ -39.3470535, -4.7883223 ], [ -39.345986, -4.7905022 ], [ -39.3400723, -4.792176 ], [ -39.3455982, -4.7960182 ], [ -39.3484571, -4.8015115 ], [ -39.3451996, -4.8132337 ], [ -39.3487177, -4.8150909 ], [ -39.3493223, -4.8183954 ], [ -39.3480761, -4.8203062 ], [ -39.3541435, -4.8275316 ], [ -39.3537507, -4.8313754 ], [ -39.3586002, -4.8342761 ], [ -39.3594494, -4.8360447 ], [ -39.3578757, -4.8361303 ], [ -39.3578367, -4.8376132 ], [ -39.3661779, -4.8403884 ], [ -39.3638561, -4.8435387 ], [ -39.3649274, -4.8468442 ], [ -39.3627837, -4.8480296 ], [ -39.3660147, -4.8495415 ], [ -39.3620936, -4.8535398 ], [ -39.3581166, -4.8541017 ], [ -39.3587121, -4.8562135 ], [ -39.3610423, -4.856359 ], [ -39.361194, -4.8582842 ], [ -39.3573877, -4.8584687 ], [ -39.3553364, -4.860288 ], [ -39.3532276, -4.8821777 ], [ -39.3488459, -4.8870465 ], [ -39.3499226, -4.889349 ], [ -39.3474184, -4.892307 ], [ -39.3468262, -4.8961869 ], [ -39.3528264, -4.8976264 ], [ -39.351288, -4.9006405 ], [ -39.3526024, -4.9009055 ], [ -39.3522611, -4.9044168 ], [ -39.3547876, -4.9044663 ], [ -39.3537829, -4.907911 ], [ -39.3553891, -4.9097408 ], [ -39.3574911, -4.909001 ], [ -39.3605264, -4.9125725 ], [ -39.3587407, -4.9174133 ], [ -39.3591631, -4.9211522 ], [ -39.3606352, -4.9208296 ], [ -39.3601209, -4.9224993 ], [ -39.3633057, -4.9236962 ], [ -39.363099, -4.9275799 ], [ -39.3660118, -4.9330833 ], [ -39.3585803, -4.9377264 ], [ -39.3579815, -4.9400025 ], [ -39.3598091, -4.9427477 ], [ -39.3548773, -4.947153 ], [ -39.3556264, -4.9532576 ], [ -39.3522276, -4.9548768 ], [ -39.352035, -4.9570167 ], [ -39.348272, -4.9603283 ], [ -39.3555997, -4.9665607 ], [ -39.351967, -4.9687683 ], [ -39.3499399, -4.9742843 ], [ -39.3535093, -4.9777989 ], [ -39.3535887, -4.9805163 ], [ -39.3559652, -4.9820665 ], [ -39.3574539, -4.9804623 ], [ -39.3589391, -4.9811644 ], [ -39.36294, -4.9791642 ], [ -39.3656102, -4.9746891 ], [ -39.3755034, -4.9722067 ], [ -39.3765332, -4.9701825 ], [ -39.3745156, -4.9675059 ], [ -39.3768942, -4.961736 ], [ -39.380079, -4.9570778 ], [ -39.3854701, -4.9560435 ], [ -39.3849084, -4.9466642 ], [ -39.389622, -4.9437541 ], [ -39.3866972, -4.9354879 ], [ -39.3921905, -4.9316356 ], [ -39.3931093, -4.9278678 ], [ -39.3967722, -4.9279525 ], [ -39.3991373, -4.9311054 ], [ -39.4012054, -4.9304132 ], [ -39.4090392, -4.9354133 ], [ -39.4124266, -4.9405015 ], [ -39.4222696, -4.9422059 ], [ -39.4208183, -4.9504558 ], [ -39.4278443, -4.9494045 ], [ -39.4314736, -4.9540334 ], [ -39.4383818, -4.9524975 ], [ -39.459703, -4.9598451 ], [ -39.4667459, -4.9638279 ], [ -39.4726103, -4.9747956 ], [ -39.4807203, -4.9767257 ], [ -39.4783356, -4.9952064 ], [ -39.4725737, -5.0086859 ], [ -39.4936843, -5.0301761 ], [ -39.5023184, -5.0521998 ] ] ] } },
{ "type": "Feature", "properties": { "CD_MUN": "2301109", "NM_MUN": "Aracati", "CD_RGI": "230008", "NM_RGI": "Aracati", "CD_RGINT": "2302", "NM_RGINT": "Quixadá", "CD_UF": "23", "NM_UF": "Ceará", "SIGLA_UF": "CE", "CD_REGIA": "2", "NM_REGIA": "Nordeste", "SIGLA_RG": "NE", "CD_CONCU": null, "NM_CONCU": null, "AREA_KM2": 1227.196, "mun_upp": "ARACATI", "has_qualif": 1, "municipio": "Aracati", "REGIÃO DE PLANEJAMENTO": "Litoral Leste", "auxiliary_storage_labeling_positionx": null, "auxiliary_storage_labeling_positiony": null, "auxiliary_storage_labeling_lineanchorpercent": null, "auxiliary_storage_labeling_lineanchorclipping": null, "auxiliary_storage_labeling_lineanchortype": null, "auxiliary_storage_labeling_lineanchortextpoint": null, "auxiliary_storage_callouts_originx": null, "auxiliary_storage_callouts_originy": null, "auxiliary_storage_callouts_destinationx": null, "auxiliary_storage_callouts_destinationy": null }, "geometry": { "type": "Polygon", "coordinates": [ [ [ -37.7775673, -4.7108587 ], [ -37.7852313, -4.7033966 ], [ -37.8009375, -4.6972554 ], [ -37.8081347, -4.6757145 ], [ -37.8142153, -4.6726768 ], [ -37.8184094, -4.6732645 ], [ -37.8233329, -4.6701523 ], [ -37.8291195, -4.6662244 ], [ -37.8315834, -4.6601657 ], [ -37.8446995, -4.6832141 ], [ -37.9088985, -4.6638414 ], [ -37.9323792, -4.662773 ], [ -37.9480729, -4.6600562 ], [ -37.9505284, -4.6617678 ], [ -37.9685989, -4.6599169 ], [ -37.9867411, -4.6630067 ], [ -37.9932371, -4.6607374 ], [ -37.9943392, -4.6470498 ], [ -37.9788549, -4.6317717 ], [ -37.9752567, -4.6263392 ], [ -37.9734695, -4.6154823 ], [ -37.9864329, -4.5836341 ], [ -37.9843964, -4.5822661 ], [ -37.9859809, -4.5756298 ], [ -37.9884513, -4.5751528 ], [ -37.9891766, -4.5701843 ], [ -37.9930139, -4.5653973 ], [ -37.9929923, -4.5630102 ], [ -37.9924842, -4.5615601 ], [ -37.9840547, -4.5603038 ], [ -37.982378, -4.556122 ], [ -37.9840208, -4.5505099 ], [ -37.9814121, -4.546922 ], [ -37.9833741, -4.5457616 ], [ -37.9805987, -4.5413128 ], [ -37.9754032, -4.5361821 ], [ -37.9730377, -4.5369814 ], [ -37.9680047, -4.5334529 ], [ -37.9636829, -4.5327281 ], [ -37.9633811, -4.5303397 ], [ -37.8677322, -4.5429332 ], [ -37.8568421, -4.5397907 ], [ -37.8489077, -4.5355781 ], [ -37.8478447, -4.5327507 ], [ -37.8520446, -4.5303804 ], [ -37.8523187, -4.5278602 ], [ -37.8465279, -4.5208011 ], [ -37.834279, -4.5152379 ], [ -37.8326852, -4.5136451 ], [ -37.8321057, -4.5083335 ], [ -37.8273862, -4.5052851 ], [ -37.816397, -4.5042198 ], [ -37.7949306, -4.5087885 ], [ -37.7887112, -4.5071968 ], [ -37.7863722, -4.493521 ], [ -37.7795178, -4.4899987 ], [ -37.7758299, -4.4852123 ], [ -37.7779218, -4.4759128 ], [ -37.7757757, -4.476047 ], [ -37.7745212, -4.4790855 ], [ -37.7719188, -4.47969 ], [ -37.7711813, -4.4715164 ], [ -37.7763722, -4.4686414 ], [ -37.7767554, -4.4661857 ], [ -37.769755, -4.4617742 ], [ -37.7713937, -4.4584984 ], [ -37.7688969, -4.4544619 ], [ -37.7707298, -4.4510139 ], [ -37.7725115, -4.4509444 ], [ -37.773989, -4.4567837 ], [ -37.7790132, -4.4566163 ], [ -37.7793813, -4.4543314 ], [ -37.7818706, -4.4526679 ], [ -37.7808015, -4.4461772 ], [ -37.7853471, -4.4430421 ], [ -37.7694827, -4.4263877 ], [ -37.7618817, -4.4282331 ], [ -37.7542476, -4.4370872 ], [ -37.7446007, -4.4634274 ], [ -37.7361297, -4.4811692 ], [ -37.7292163, -4.4941275 ], [ -37.7164524, -4.5118375 ], [ -37.6915263, -4.532115 ], [ -37.6877284, -4.5332992 ], [ -37.6651154, -4.5597945 ], [ -37.6394425, -4.5859838 ], [ -37.6031067, -4.6172992 ], [ -37.5895707, -4.6268108 ], [ -37.5818835, -4.6288626 ], [ -37.5586779, -4.6416654 ], [ -37.5405848, -4.644682 ], [ -37.5399065, -4.6501018 ], [ -37.5435473, -4.6540501 ], [ -37.5402159, -4.6603353 ], [ -37.5572171, -4.7225141 ], [ -37.5276726, -4.7551441 ], [ -37.504005, -4.7918785 ], [ -37.4647366, -4.7811752 ], [ -37.4504987, -4.7833795 ], [ -37.4456178, -4.780616 ], [ -37.434126, -4.7817941 ], [ -37.4221958, -4.7773458 ], [ -37.4205559, -4.7817415 ], [ -37.4167235, -4.7823563 ], [ -37.411665, -4.7806242 ], [ -37.4021676, -4.772173 ], [ -37.3991482, -4.7759027 ], [ -37.3828036, -4.7782317 ], [ -37.3745783, -4.7828869 ], [ -37.3654926, -4.7850228 ], [ -37.3557194, -4.7942275 ], [ -37.3568981, -4.8580565 ], [ -37.4464459, -4.8809614 ], [ -37.6403381, -4.9264044 ], [ -37.58869, -4.8082817 ], [ -37.6115132, -4.7682183 ], [ -37.6162718, -4.7180139 ], [ -37.6573585, -4.714962 ], [ -37.677655, -4.7184212 ], [ -37.6846832, -4.7147864 ], [ -37.6932678, -4.715822 ], [ -37.6974633, -4.7145377 ], [ -37.707048, -4.7184233 ], [ -37.7241588, -4.7193972 ], [ -37.7326054, -4.7177471 ], [ -37.7445091, -4.7196032 ], [ -37.7500177, -4.7185959 ], [ -37.7576009, -4.7131977 ], [ -37.7775673, -4.7108587 ] ] ] } },
{ "type": "Feature", "properties": { "CD_MUN": "2310902", "NM_MUN": "Piquet Carneiro", "CD_RGI": "230009", "NM_RGI": "Iguatu", "CD_RGINT": "2303", "NM_RGINT": "Iguatu", "CD_UF": "23", "NM_UF": "Ceará", "SIGLA_UF": "CE", "CD_REGIA": "2", "NM_REGIA": "Nordeste", "SIGLA_RG": "NE", "CD_CONCU": null, "NM_CONCU": null, "AREA_KM2": 589.601, "mun_upp": "PIQUET CARNEIRO", "has_qualif": 1, "municipio": "Piquet Carneiro", "REGIÃO DE PLANEJAMENTO": "Sertão Central", "auxiliary_storage_labeling_positionx": null, "auxiliary_storage_labeling_positiony": null, "auxiliary_storage_labeling_lineanchorpercent": null, "auxiliary_storage_labeling_lineanchorclipping": null, "auxiliary_storage_labeling_lineanchortype": null, "auxiliary_storage_labeling_lineanchortextpoint": null, "auxiliary_storage_callouts_originx": null, "auxiliary_storage_callouts_originy": null, "auxiliary_storage_callouts_destinationx": null, "auxiliary_storage_callouts_destinationy": null }, "geometry": { "type": "Polygon", "coordinates": [ [ [ -39.3416984, -5.8189862 ], [ -39.3440746, -5.8248465 ], [ -39.3426585, -5.8263786 ], [ -39.3444774, -5.8326599 ], [ -39.3327454, -5.8350034 ], [ -39.3305945, -5.8330553 ], [ -39.3280794, -5.8346278 ], [ -39.3217146, -5.8318444 ], [ -39.3209653, -5.8327474 ], [ -39.3234628, -5.8380394 ], [ -39.3240223, -5.8448518 ], [ -39.3306142, -5.8480387 ], [ -39.3330757, -5.8474256 ], [ -39.3394315, -5.8519442 ], [ -39.3419343, -5.8514219 ], [ -39.3502079, -5.8613642 ], [ -39.3540433, -5.8627849 ], [ -39.3534888, -5.864546 ], [ -39.3490675, -5.8667088 ], [ -39.3508081, -5.8715701 ], [ -39.3495707, -5.8786071 ], [ -39.355201, -5.8800964 ], [ -39.3571198, -5.8824297 ], [ -39.3574227, -5.8961581 ], [ -39.3619841, -5.8995287 ], [ -39.3679877, -5.90105 ], [ -39.369271, -5.9060391 ], [ -39.3729097, -5.9063693 ], [ -39.3760279, -5.9103053 ], [ -39.3712368, -5.9136247 ], [ -39.3657899, -5.9141521 ], [ -39.3640876, -5.9181116 ], [ -39.3588609, -5.92008 ], [ -39.3601256, -5.9238778 ], [ -39.3575998, -5.925902 ], [ -39.3581957, -5.9292616 ], [ -39.3635816, -5.9351776 ], [ -39.3665081, -5.9467997 ], [ -39.362293, -5.9524039 ], [ -39.3517563, -5.952285 ], [ -39.3553831, -5.9575484 ], [ -39.3547474, -5.9643462 ], [ -39.3582287, -5.9659105 ], [ -39.3568184, -5.9687404 ], [ -39.3611617, -5.9717215 ], [ -39.3633329, -5.9808534 ], [ -39.37298, -5.9784245 ], [ -39.3818123, -5.9736212 ], [ -39.3942329, -5.9733365 ], [ -39.403422, -5.9760193 ], [ -39.412951, -5.9764374 ], [ -39.4152992, -5.9856389 ], [ -39.4213954, -5.9871164 ], [ -39.4392336, -5.9841885 ], [ -39.4424576, -5.9809836 ], [ -39.4493743, -5.980058 ], [ -39.4653747, -5.9808353 ], [ -39.4813051, -5.9879731 ], [ -39.4868069, -5.9838513 ], [ -39.493008, -5.9855286 ], [ -39.5000138, -5.9802323 ], [ -39.5059566, -5.9806565 ], [ -39.5086859, -5.9834517 ], [ -39.5182316, -5.9831707 ], [ -39.5275154, -5.9813653 ], [ -39.5309605, -5.9775157 ], [ -39.5357125, -5.9797876 ], [ -39.5431559, -5.9890861 ], [ -39.5472104, -6.0066403 ], [ -39.5501022, -6.0116588 ], [ -39.5600726, -6.0111801 ], [ -39.5631014, -5.9953303 ], [ -39.5670962, -5.9868112 ], [ -39.5675161, -5.975195 ], [ -39.5658022, -5.962608 ], [ -39.5609393, -5.9538864 ], [ -39.5623225, -5.95063 ], [ -39.5614867, -5.9384704 ], [ -39.5589872, -5.9339252 ], [ -39.5599418, -5.9304006 ], [ -39.5541775, -5.918157 ], [ -39.5503556, -5.9045137 ], [ -39.5540724, -5.8968729 ], [ -39.5521195, -5.8940306 ], [ -39.5525888, -5.8864946 ], [ -39.548902, -5.8794 ], [ -39.5462659, -5.8624379 ], [ -39.5486808, -5.8609073 ], [ -39.5502931, -5.8533296 ], [ -39.5554001, -5.8521952 ], [ -39.5565426, -5.8500884 ], [ -39.553544, -5.835411 ], [ -39.5502129, -5.8323828 ], [ -39.5476665, -5.8264402 ], [ -39.5447104, -5.8246204 ], [ -39.5032442, -5.7299818 ], [ -39.5024956, -5.7249637 ], [ -39.4988384, -5.7235189 ], [ -39.4932005, -5.7250675 ], [ -39.4907982, -5.7241242 ], [ -39.4865487, -5.7144104 ], [ -39.4813487, -5.7109323 ], [ -39.4796568, -5.7021736 ], [ -39.4752835, -5.7011494 ], [ -39.4759032, -5.7032245 ], [ -39.473038, -5.7057639 ], [ -39.4737565, -5.7078366 ], [ -39.4717168, -5.7118234 ], [ -39.4662882, -5.7098891 ], [ -39.4634596, -5.7135295 ], [ -39.4602447, -5.7121678 ], [ -39.4628066, -5.7186191 ], [ -39.4608835, -5.7192609 ], [ -39.4592751, -5.724851 ], [ -39.4567513, -5.7250325 ], [ -39.4571039, -5.7327481 ], [ -39.4541418, -5.7338874 ], [ -39.4525195, -5.7372156 ], [ -39.4540817, -5.7394801 ], [ -39.4344955, -5.7285466 ], [ -39.3278358, -5.7827667 ], [ -39.3271667, -5.7855428 ], [ -39.329541, -5.7876852 ], [ -39.3273664, -5.7915511 ], [ -39.3343702, -5.8017215 ], [ -39.338438, -5.8050742 ], [ -39.3385701, -5.8071667 ], [ -39.3419944, -5.8095009 ], [ -39.3441783, -5.8159625 ], [ -39.3416984, -5.8189862 ] ] ] } },
{ "type": "Feature", "properties": { "CD_MUN": "2302800", "NM_MUN": "Canindé", "CD_RGI": "230004", "NM_RGI": "Canindé", "CD_RGINT": "2301", "NM_RGINT": "Fortaleza", "CD_UF": "23", "NM_UF": "Ceará", "SIGLA_UF": "CE", "CD_REGIA": "2", "NM_REGIA": "Nordeste", "SIGLA_RG": "NE", "CD_CONCU": null, "NM_CONCU": null, "AREA_KM2": 3032.39, "mun_upp": "CANINDÉ", "has_qualif": 1, "municipio": "Canindé", "REGIÃO DE PLANEJAMENTO": "Sertão de Canindé", "auxiliary_storage_labeling_positionx": null, "auxiliary_storage_labeling_positiony": null, "auxiliary_storage_labeling_lineanchorpercent": null, "auxiliary_storage_labeling_lineanchorclipping": null, "auxiliary_storage_labeling_lineanchortype": null, "auxiliary_storage_labeling_lineanchortextpoint": null, "auxiliary_storage_callouts_originx": null, "auxiliary_storage_callouts_originy": null, "auxiliary_storage_callouts_destinationx": null, "auxiliary_storage_callouts_destinationy": null }, "geometry": { "type": "Polygon", "coordinates": [ [ [ -39.3345488, -4.1939933 ], [ -39.2403873, -4.2835814 ], [ -39.2313367, -4.2828822 ], [ -39.2273166, -4.2837423 ], [ -39.2243147, -4.286756 ], [ -39.2201154, -4.2843145 ], [ -39.2175441, -4.2856011 ], [ -39.2145134, -4.284605 ], [ -39.2137897, -4.2865172 ], [ -39.2078037, -4.2898844 ], [ -39.2093999, -4.2972733 ], [ -39.2073976, -4.3012395 ], [ -39.2076949, -4.3063895 ], [ -39.2060033, -4.306884 ], [ -39.2015942, -4.3041503 ], [ -39.1993924, -4.3063161 ], [ -39.1914075, -4.3082075 ], [ -39.1900405, -4.3314938 ], [ -39.1858056, -4.3333553 ], [ -39.1826347, -4.3379433 ], [ -39.1825302, -4.3434438 ], [ -39.1759349, -4.3538091 ], [ -39.1698496, -4.3763218 ], [ -39.1661296, -4.3836283 ], [ -39.1608011, -4.3868575 ], [ -39.0943607, -4.3868618 ], [ -39.0957545, -4.3928022 ], [ -39.0992412, -4.3938533 ], [ -39.0973822, -4.3970054 ], [ -39.0944768, -4.3975886 ], [ -39.0949423, -4.402259 ], [ -39.0900617, -4.4132312 ], [ -39.0878545, -4.4131157 ], [ -39.0789046, -4.4057612 ], [ -39.0787889, -4.4174359 ], [ -39.0749546, -4.4165022 ], [ -39.0745955, -4.4220921 ], [ -39.0728072, -4.4249287 ], [ -39.0576047, -4.4335471 ], [ -39.0525052, -4.4394389 ], [ -39.0524071, -4.451769 ], [ -39.0416155, -4.4536247 ], [ -39.0363391, -4.4575146 ], [ -39.0283578, -4.4603347 ], [ -39.0850401, -4.4716475 ], [ -39.083905, -4.4802353 ], [ -39.0791882, -4.4856205 ], [ -39.0886696, -4.4937395 ], [ -39.0875511, -4.4994304 ], [ -39.0824397, -4.5041025 ], [ -39.0832282, -4.5074829 ], [ -39.0820584, -4.5100352 ], [ -39.0843417, -4.5131895 ], [ -39.0842785, -4.5182029 ], [ -39.0867644, -4.520841 ], [ -39.0815811, -4.5315442 ], [ -39.0858666, -4.5370683 ], [ -39.0820593, -4.5394755 ], [ -39.0762705, -4.5385616 ], [ -39.0777902, -4.5417347 ], [ -39.0752888, -4.544347 ], [ -39.077129, -4.5481395 ], [ -39.0750418, -4.5488587 ], [ -39.0704452, -4.5460627 ], [ -39.0707865, -4.5511594 ], [ -39.0679861, -4.55228 ], [ -39.0686615, -4.5549201 ], [ -39.0655891, -4.5611042 ], [ -39.1297993, -4.6281468 ], [ -39.1353697, -4.630456 ], [ -39.1383096, -4.6295129 ], [ -39.1412564, -4.6328993 ], [ -39.1459018, -4.6315998 ], [ -39.1600843, -4.6355238 ], [ -39.1610872, -4.6395642 ], [ -39.1700457, -4.6436268 ], [ -39.1714605, -4.6493262 ], [ -39.1781444, -4.6552113 ], [ -39.1809801, -4.6547318 ], [ -39.1814203, -4.6503889 ], [ -39.193986, -4.6500938 ], [ -39.1996144, -4.6446812 ], [ -39.2020449, -4.6457606 ], [ -39.2044712, -4.6527627 ], [ -39.2131243, -4.6512566 ], [ -39.2189787, -4.6540538 ], [ -39.2210268, -4.6525213 ], [ -39.2304319, -4.6529192 ], [ -39.234844, -4.6497418 ], [ -39.2386051, -4.6435052 ], [ -39.2416708, -4.6445932 ], [ -39.2462684, -4.6431914 ], [ -39.2529046, -4.6483776 ], [ -39.2605216, -4.6481031 ], [ -39.2667981, -4.6497304 ], [ -39.2701785, -4.6469121 ], [ -39.2716756, -4.6491359 ], [ -39.2783319, -4.6494267 ], [ -39.2829478, -4.652473 ], [ -39.2852606, -4.6563424 ], [ -39.2848782, -4.6594218 ], [ -39.2926642, -4.6634426 ], [ -39.2947355, -4.6883899 ], [ -39.2958173, -4.6912159 ], [ -39.2971412, -4.6908683 ], [ -39.2979605, -4.6959678 ], [ -39.3018351, -4.6981383 ], [ -39.304866, -4.70743 ], [ -39.3112106, -4.711404 ], [ -39.3135685, -4.7087561 ], [ -39.3178755, -4.7106615 ], [ -39.3213011, -4.7151314 ], [ -39.3279932, -4.7155591 ], [ -39.3292468, -4.7178354 ], [ -39.332826, -4.7190425 ], [ -39.3356134, -4.7234168 ], [ -39.3416745, -4.7260244 ], [ -39.34485, -4.7309371 ], [ -39.3543227, -4.73326 ], [ -39.3557553, -4.7355332 ], [ -39.3632364, -4.7386274 ], [ -39.3668022, -4.7368184 ], [ -39.3670518, -4.73508 ], [ -39.3649218, -4.7338305 ], [ -39.3648178, -4.7286874 ], [ -39.3731097, -4.7130052 ], [ -39.380993, -4.7140327 ], [ -39.3816996, -4.7128872 ], [ -39.3816934, -4.7014088 ], [ -39.3778689, -4.6980335 ], [ -39.3791707, -4.694257 ], [ -39.3875249, -4.6979508 ], [ -39.3927163, -4.6946751 ], [ -39.3969508, -4.6881688 ], [ -39.4009954, -4.6865633 ], [ -39.4185378, -4.6874375 ], [ -39.4201336, -4.6838007 ], [ -39.4268052, -4.6777817 ], [ -39.4255266, -4.6686941 ], [ -39.4224945, -4.6659352 ], [ -39.4202907, -4.6596335 ], [ -39.4241058, -4.6557112 ], [ -39.4209523, -4.6514037 ], [ -39.4206845, -4.6470464 ], [ -39.425389, -4.6412177 ], [ -39.4313082, -4.6370358 ], [ -39.435503, -4.6179897 ], [ -39.4412924, -4.6095795 ], [ -39.4456838, -4.6087693 ], [ -39.4489452, -4.6054246 ], [ -39.4534879, -4.5957136 ], [ -39.4482068, -4.5899986 ], [ -39.4435138, -4.5751928 ], [ -39.4476377, -4.5726254 ], [ -39.448402, -4.5662397 ], [ -39.4521719, -4.5617509 ], [ -39.4569102, -4.5617955 ], [ -39.4585772, -4.5683684 ], [ -39.4611037, -4.5683232 ], [ -39.4641377, -4.5658025 ], [ -39.4634652, -4.5585109 ], [ -39.4659968, -4.5542136 ], [ -39.464632, -4.5491856 ], [ -39.4668799, -4.5391581 ], [ -39.4694176, -4.5337976 ], [ -39.4732074, -4.5332195 ], [ -39.477307, -4.5295247 ], [ -39.4822843, -4.5277338 ], [ -39.4816428, -4.520463 ], [ -39.4838456, -4.5140367 ], [ -39.4851128, -4.4992187 ], [ -39.4868081, -4.4955771 ], [ -39.4917097, -4.4938167 ], [ -39.4930663, -4.4880232 ], [ -39.4961148, -4.4874272 ], [ -39.4928056, -4.4828728 ], [ -39.502798, -4.4749379 ], [ -39.5044961, -4.4683808 ], [ -39.5108866, -4.4697359 ], [ -39.5120763, -4.4743416 ], [ -39.5109518, -4.4812248 ], [ -39.5145464, -4.4826009 ], [ -39.5148432, -4.4868656 ], [ -39.5192022, -4.4902017 ], [ -39.521793, -4.4986153 ], [ -39.525295, -4.4985768 ], [ -39.52645, -4.4935869 ], [ -39.5290997, -4.4916632 ], [ -39.5328936, -4.4686592 ], [ -39.5414426, -4.4651881 ], [ -39.5436868, -4.4737637 ], [ -39.5368734, -4.4781201 ], [ -39.5367845, -4.4825298 ], [ -39.5388639, -4.4871409 ], [ -39.5416328, -4.4876808 ], [ -39.5494824, -4.4839422 ], [ -39.5609613, -4.4749855 ], [ -39.5624865, -4.470723 ], [ -39.5729294, -4.4702604 ], [ -39.5739823, -4.4731842 ], [ -39.576566, -4.474724 ], [ -39.5768339, -4.4780245 ], [ -39.5814841, -4.4801338 ], [ -39.6072699, -4.5026383 ], [ -39.6282394, -4.505126 ], [ -39.6344286, -4.5009443 ], [ -39.6366638, -4.4967451 ], [ -39.6382066, -4.5001009 ], [ -39.6402203, -4.4993594 ], [ -39.6396563, -4.5021662 ], [ -39.6430373, -4.5012133 ], [ -39.6435378, -4.5022874 ], [ -39.6445612, -4.5006751 ], [ -39.6447125, -4.5042526 ], [ -39.6427347, -4.5068779 ], [ -39.6448242, -4.5086959 ], [ -39.6566064, -4.5135087 ], [ -39.659278, -4.5117017 ], [ -39.661458, -4.5175976 ], [ -39.6750861, -4.5139212 ], [ -39.6774347, -4.530904 ], [ -39.7092221, -4.5328021 ], [ -39.7044186, -4.5441222 ], [ -39.7186313, -4.5409163 ], [ -39.7245992, -4.5422962 ], [ -39.7294043, -4.5402179 ], [ -39.7458017, -4.544763 ], [ -39.7474919, -4.5438684 ], [ -39.7476496, -4.5409999 ], [ -39.7566655, -4.5351819 ], [ -39.7646208, -4.5340034 ], [ -39.7642666, -4.5306355 ], [ -39.7678927, -4.5269562 ], [ -39.7682105, -4.5236467 ], [ -39.7606702, -4.5185762 ], [ -39.7551417, -4.5121588 ], [ -39.7565352, -4.5027047 ], [ -39.7481349, -4.4977213 ], [ -39.7466469, -4.4901948 ], [ -39.7373968, -4.4936451 ], [ -39.7350114, -4.4927167 ], [ -39.7333314, -4.4885678 ], [ -39.7267016, -4.4849629 ], [ -39.7238505, -4.4851101 ], [ -39.7206744, -4.4815086 ], [ -39.7219366, -4.478239 ], [ -39.7270489, -4.4742299 ], [ -39.7252023, -4.4692802 ], [ -39.7338564, -4.4641706 ], [ -39.7325817, -4.4570842 ], [ -39.7337018, -4.452399 ], [ -39.7297736, -4.45014 ], [ -39.7293595, -4.4483914 ], [ -39.732404, -4.4405755 ], [ -39.7365012, -4.4394008 ], [ -39.7347563, -4.4343143 ], [ -39.7405535, -4.4292995 ], [ -39.7402821, -4.4256076 ], [ -39.7381795, -4.4227646 ], [ -39.7456411, -4.4154274 ], [ -39.7457583, -4.4120254 ], [ -39.7477203, -4.4094695 ], [ -39.751905, -4.4074994 ], [ -39.7534013, -4.4038702 ], [ -39.7523943, -4.4015791 ], [ -39.754007, -4.3995838 ], [ -39.7486057, -4.3970341 ], [ -39.7391017, -4.4013382 ], [ -39.7325794, -4.3984599 ], [ -39.727309, -4.3922033 ], [ -39.7274867, -4.3875422 ], [ -39.7249061, -4.3790197 ], [ -39.7221629, -4.3825476 ], [ -39.7178559, -4.3830767 ], [ -39.7096287, -4.3787277 ], [ -39.7094989, -4.3767202 ], [ -39.7123661, -4.3739475 ], [ -39.7102484, -4.3639584 ], [ -39.7141928, -4.354633 ], [ -39.7082775, -4.3488168 ], [ -39.7254587, -4.3444119 ], [ -39.7287924, -4.3380562 ], [ -39.734527, -4.3331874 ], [ -39.7315815, -4.3255395 ], [ -39.733399, -4.3226758 ], [ -39.7332536, -4.3185229 ], [ -39.7274412, -4.3193473 ], [ -39.725968, -4.3093502 ], [ -39.7280161, -4.3073752 ], [ -39.7328043, -4.3063948 ], [ -39.7324222, -4.3035202 ], [ -39.7392076, -4.2941142 ], [ -39.7336179, -4.2884937 ], [ -39.7375908, -4.2850367 ], [ -39.737883, -4.2822204 ], [ -39.7327606, -4.278879 ], [ -39.7301933, -4.2748733 ], [ -39.7370099, -4.2690112 ], [ -39.7374828, -4.2645578 ], [ -39.7481277, -4.2580679 ], [ -39.7488947, -4.2547718 ], [ -39.765808, -4.2480042 ], [ -39.7709941, -4.2370214 ], [ -39.7731405, -4.2234448 ], [ -39.7818617, -4.2067104 ], [ -39.7826036, -4.2006168 ], [ -39.7900547, -4.1931 ], [ -39.7879013, -4.1885683 ], [ -39.780399, -4.1839751 ], [ -39.7730595, -4.1769337 ], [ -39.7737834, -4.1675307 ], [ -39.7688957, -4.1588194 ], [ -39.7574757, -4.157854 ], [ -39.7551421, -4.14103 ], [ -39.7557563, -4.1346187 ], [ -39.7496119, -4.130125 ], [ -39.7481738, -4.1225728 ], [ -39.7386701, -4.1091063 ], [ -39.7335595, -4.1083421 ], [ -39.7297558, -4.1045048 ], [ -39.7213136, -4.1031819 ], [ -39.7202812, -4.0985149 ], [ -39.718173, -4.0965503 ], [ -39.7085208, -4.1010133 ], [ -39.7066426, -4.1047936 ], [ -39.7053409, -4.1046499 ], [ -39.7034473, -4.0908435 ], [ -39.6925728, -4.0855118 ], [ -39.6899284, -4.0826664 ], [ -39.6833418, -4.0810429 ], [ -39.6819185, -4.0766655 ], [ -39.6798922, -4.0757491 ], [ -39.6742731, -4.0801597 ], [ -39.6649485, -4.0816739 ], [ -39.6649834, -4.078327 ], [ -39.667863, -4.0727956 ], [ -39.6660476, -4.068058 ], [ -39.6576109, -4.0713678 ], [ -39.6380652, -4.0712162 ], [ -39.6345175, -4.0742582 ], [ -39.6335377, -4.0705496 ], [ -39.628603, -4.0695961 ], [ -39.6284847, -4.0731864 ], [ -39.6252715, -4.0791488 ], [ -39.6081663, -4.0825821 ], [ -39.5976456, -4.0944245 ], [ -39.5846907, -4.0947611 ], [ -39.5754867, -4.091776 ], [ -39.5686484, -4.095802 ], [ -39.5637149, -4.0968108 ], [ -39.5574015, -4.1013389 ], [ -39.5469123, -4.0975406 ], [ -39.5398733, -4.0868701 ], [ -39.5326814, -4.0844392 ], [ -39.5471042, -4.1100905 ], [ -39.5475183, -4.1439044 ], [ -39.5524518, -4.1517571 ], [ -39.5408003, -4.1599933 ], [ -39.541285, -4.1622509 ], [ -39.542804, -4.1650346 ], [ -39.5483897, -4.167149 ], [ -39.5505872, -4.173278 ], [ -39.556346, -4.1755717 ], [ -39.5597229, -4.1812318 ], [ -39.5579523, -4.1884508 ], [ -39.5636048, -4.1960342 ], [ -39.5643458, -4.1988641 ], [ -39.5627704, -4.2043464 ], [ -39.5700554, -4.21919 ], [ -39.5660298, -4.2232128 ], [ -39.5531251, -4.2209678 ], [ -39.5496088, -4.2245606 ], [ -39.5362377, -4.2300369 ], [ -39.530513, -4.2386346 ], [ -39.5180249, -4.237374 ], [ -39.5078818, -4.2405642 ], [ -39.5052459, -4.2508452 ], [ -39.5076319, -4.2546308 ], [ -39.5053293, -4.2674919 ], [ -39.4984982, -4.2728181 ], [ -39.4990248, -4.2779004 ], [ -39.4974506, -4.2794829 ], [ -39.4970858, -4.2842898 ], [ -39.4916486, -4.2905923 ], [ -39.3345488, -4.1939933 ] ] ] } },
{ "type": "Feature", "properties": { "CD_MUN": "2305902", "NM_MUN": "Ipueiras", "CD_RGI": "230016", "NM_RGI": "São Benedito - Ipu - Guaraciaba do Norte - Tianguá", "CD_RGINT": "2306", "NM_RGINT": "Sobral", "CD_UF": "23", "NM_UF": "Ceará", "SIGLA_UF": "CE", "CD_REGIA": "2", "NM_REGIA": "Nordeste", "SIGLA_RG": "NE", "CD_CONCU": null, "NM_CONCU": null, "AREA_KM2": 1483.263, "mun_upp": "IPUEIRAS", "has_qualif": 1, "municipio": "Ipueiras", "REGIÃO DE PLANEJAMENTO": "Sertão dos Crateús", "auxiliary_storage_labeling_positionx": null, "auxiliary_storage_labeling_positiony": null, "auxiliary_storage_labeling_lineanchorpercent": null, "auxiliary_storage_labeling_lineanchorclipping": null, "auxiliary_storage_labeling_lineanchortype": null, "auxiliary_storage_labeling_lineanchortextpoint": null, "auxiliary_storage_callouts_originx": null, "auxiliary_storage_callouts_originy": null, "auxiliary_storage_callouts_destinationx": null, "auxiliary_storage_callouts_destinationy": null }, "geometry": { "type": "Polygon", "coordinates": [ [ [ -40.6006108, -4.5572439 ], [ -40.595746, -4.5577063 ], [ -40.5935473, -4.5619433 ], [ -40.5878834, -4.5575772 ], [ -40.5860889, -4.5602545 ], [ -40.5874499, -4.5725345 ], [ -40.5829455, -4.5779628 ], [ -40.5847604, -4.5837633 ], [ -40.5862349, -4.5838263 ], [ -40.5853275, -4.5854269 ], [ -40.5873439, -4.5878214 ], [ -40.5870037, -4.5941891 ], [ -40.5894864, -4.6005346 ], [ -40.5964811, -4.6081247 ], [ -40.5964496, -4.6117229 ], [ -40.6047612, -4.6200943 ], [ -40.6133501, -4.6216035 ], [ -40.6214537, -4.6253088 ], [ -40.6241886, -4.6250819 ], [ -40.6266635, -4.6212209 ], [ -40.6698089, -4.7051233 ], [ -40.7321727, -4.7151977 ], [ -40.7323093, -4.7126224 ], [ -40.7363802, -4.7086469 ], [ -40.7396949, -4.7088127 ], [ -40.7401972, -4.7102634 ], [ -40.7485511, -4.7089905 ], [ -40.7531349, -4.7117603 ], [ -40.7584655, -4.7100472 ], [ -40.7587211, -4.7078379 ], [ -40.7620343, -4.7061988 ], [ -40.7671907, -4.7084689 ], [ -40.7714826, -4.7076085 ], [ -40.7736859, -4.7101288 ], [ -40.781207, -4.7083383 ], [ -40.7846975, -4.7124749 ], [ -40.7862307, -4.7102938 ], [ -40.7901769, -4.7116139 ], [ -40.7941997, -4.7083783 ], [ -40.8024691, -4.7087337 ], [ -40.80776, -4.7053108 ], [ -40.8119971, -4.7086157 ], [ -40.8187151, -4.7107215 ], [ -40.8206802, -4.7139507 ], [ -40.8227053, -4.7137972 ], [ -40.8259204, -4.7167853 ], [ -40.833208, -4.7178187 ], [ -40.8365908, -4.7165597 ], [ -40.8442444, -4.7188246 ], [ -40.8495808, -4.715357 ], [ -40.8552584, -4.7151915 ], [ -40.8590025, -4.7118067 ], [ -40.8650811, -4.7153448 ], [ -40.8693131, -4.7151263 ], [ -40.8721944, -4.712317 ], [ -40.8670019, -4.7064502 ], [ -40.8676989, -4.6993019 ], [ -40.8622108, -4.6896161 ], [ -40.852706, -4.6855907 ], [ -40.854094, -4.6760558 ], [ -40.8482764, -4.6717907 ], [ -40.8571454, -4.6729843 ], [ -40.8614784, -4.6798393 ], [ -40.8713723, -4.6862047 ], [ -40.8747593, -4.6924192 ], [ -40.8733977, -4.6998978 ], [ -40.8816185, -4.7109691 ], [ -40.8875868, -4.7142934 ], [ -40.8880584, -4.7165491 ], [ -40.9553464, -4.716359 ], [ -40.9631149, -4.6882735 ], [ -40.9692898, -4.6926438 ], [ -40.9744744, -4.6888867 ], [ -40.9870658, -4.6600426 ], [ -40.9918125, -4.6608365 ], [ -40.9973996, -4.6552529 ], [ -41.0070385, -4.6514458 ], [ -41.0141544, -4.6449128 ], [ -41.0228182, -4.6420354 ], [ -41.0262882, -4.6424381 ], [ -41.0340111, -4.6357299 ], [ -41.0518486, -4.6292435 ], [ -41.0592552, -4.620449 ], [ -41.0684535, -4.6150819 ], [ -41.0745113, -4.616039 ], [ -41.0871918, -4.6134005 ], [ -41.0988583, -4.6024165 ], [ -41.1175276, -4.6021604 ], [ -41.1321072, -4.5989957 ], [ -41.1476741, -4.599673 ], [ -41.1493045, -4.597253 ], [ -41.1637791, -4.5916864 ], [ -41.1776137, -4.590831 ], [ -41.1834299, -4.5938059 ], [ -41.186756, -4.5884794 ], [ -41.1857261, -4.579714 ], [ -41.1838196, -4.5777347 ], [ -41.1899146, -4.5779953 ], [ -41.1935443, -4.5811943 ], [ -41.1973025, -4.5813997 ], [ -41.1994121, -4.5845285 ], [ -41.2069536, -4.5859155 ], [ -41.2167015, -4.5832729 ], [ -41.2174269, -4.5762954 ], [ -41.2199458, -4.5739896 ], [ -41.2243734, -4.5748328 ], [ -41.2349449, -4.5725892 ], [ -41.2398187, -4.5735368 ], [ -41.2425433, -4.5714954 ], [ -41.2407228, -4.5684445 ], [ -41.2354238, -4.5701979 ], [ -41.2215341, -4.567473 ], [ -41.215631, -4.5586901 ], [ -41.2141121, -4.552677 ], [ -41.2084437, -4.5488211 ], [ -41.2037906, -4.5284214 ], [ -41.1937051, -4.5203753 ], [ -41.190776, -4.515529 ], [ -41.1883365, -4.5001811 ], [ -41.1893473, -4.4886807 ], [ -41.1810274, -4.4765689 ], [ -41.1775718, -4.4676776 ], [ -41.1612456, -4.4660428 ], [ -41.1464351, -4.4690851 ], [ -41.1239991, -4.4827059 ], [ -41.1188245, -4.4782024 ], [ -41.1054868, -4.4789833 ], [ -41.0999708, -4.4769759 ], [ -41.0941123, -4.4770957 ], [ -41.0927136, -4.4753812 ], [ -41.0908126, -4.4763177 ], [ -41.0744725, -4.4737219 ], [ -41.0710959, -4.4747574 ], [ -41.0682548, -4.473449 ], [ -41.0612564, -4.4737944 ], [ -41.0416365, -4.4633531 ], [ -41.032412, -4.4611151 ], [ -41.025272, -4.4547719 ], [ -40.9145209, -4.4699658 ], [ -40.8958138, -4.4694104 ], [ -40.8943884, -4.4712921 ], [ -40.8914067, -4.4704744 ], [ -40.8887527, -4.4719645 ], [ -40.8766519, -4.4658533 ], [ -40.8744014, -4.4666844 ], [ -40.8733956, -4.4648209 ], [ -40.8673699, -4.466822 ], [ -40.8651446, -4.4634604 ], [ -40.8609093, -4.4665155 ], [ -40.8545382, -4.4662385 ], [ -40.8524, -4.46433 ], [ -40.8421455, -4.4625317 ], [ -40.8382423, -4.4601789 ], [ -40.8256107, -4.4585896 ], [ -40.820908, -4.4505519 ], [ -40.812108, -4.4444733 ], [ -40.8093701, -4.4319594 ], [ -40.7994248, -4.421734 ], [ -40.7934498, -4.423821 ], [ -40.7472164, -4.4548319 ], [ -40.7249271, -4.4725464 ], [ -40.7069949, -4.4832541 ], [ -40.7034819, -4.4809809 ], [ -40.7031116, -4.4734404 ], [ -40.6977864, -4.4673948 ], [ -40.6975037, -4.4564182 ], [ -40.695289, -4.4506524 ], [ -40.6842396, -4.4400906 ], [ -40.6800152, -4.4325755 ], [ -40.6818389, -4.4273674 ], [ -40.6794666, -4.4271575 ], [ -40.6763469, -4.4338399 ], [ -40.6784405, -4.4414772 ], [ -40.6700217, -4.4461188 ], [ -40.6627902, -4.4615246 ], [ -40.6575981, -4.4637088 ], [ -40.6562395, -4.4701911 ], [ -40.6518473, -4.4761539 ], [ -40.6510778, -4.4817066 ], [ -40.6484957, -4.4826791 ], [ -40.6460885, -4.489336 ], [ -40.646118, -4.4982175 ], [ -40.6434021, -4.5076124 ], [ -40.6377678, -4.5155443 ], [ -40.6342201, -4.5259911 ], [ -40.6245599, -4.5313288 ], [ -40.6224178, -4.538967 ], [ -40.6205882, -4.5390406 ], [ -40.6196047, -4.5412016 ], [ -40.6196736, -4.5446203 ], [ -40.6140348, -4.5515249 ], [ -40.6006108, -4.5572439 ] ] ] } },
{ "type": "Feature", "properties": { "CD_MUN": "2307650", "NM_MUN": "Maracanaú", "CD_RGI": "230001", "NM_RGI": "Fortaleza", "CD_RGINT": "2301", "NM_RGINT": "Fortaleza", "CD_UF": "23", "NM_UF": "Ceará", "SIGLA_UF": "CE", "CD_REGIA": "2", "NM_REGIA": "Nordeste", "SIGLA_RG": "NE", "CD_CONCU": "2304400", "NM_CONCU": "Fortaleza/CE", "AREA_KM2": 105.084, "mun_upp": "MARACANAÚ", "has_qualif": 1, "municipio": "Maracanaú", "REGIÃO DE PLANEJAMENTO": "Grande Fortaleza", "auxiliary_storage_labeling_positionx": -38.285493415400936, "auxiliary_storage_labeling_positiony": -3.8084968518247311, "auxiliary_storage_labeling_lineanchorpercent": null, "auxiliary_storage_labeling_lineanchorclipping": null, "auxiliary_storage_labeling_lineanchortype": null, "auxiliary_storage_labeling_lineanchortextpoint": null, "auxiliary_storage_callouts_originx": null, "auxiliary_storage_callouts_originy": null, "auxiliary_storage_callouts_destinationx": null, "auxiliary_storage_callouts_destinationy": null }, "geometry": { "type": "Polygon", "coordinates": [ [ [ -38.6218744, -3.8996537 ], [ -38.6179425, -3.8992506 ], [ -38.6115394, -3.9223863 ], [ -38.6141824, -3.9236886 ], [ -38.6175472, -3.9384922 ], [ -38.6206461, -3.9447087 ], [ -38.6287923, -3.9512131 ], [ -38.6312887, -3.9569866 ], [ -38.6347334, -3.9582708 ], [ -38.6401157, -3.9684529 ], [ -38.6586029, -3.9540395 ], [ -38.6544021, -3.9420475 ], [ -38.6543315, -3.9364536 ], [ -38.6553734, -3.9333272 ], [ -38.6595975, -3.9312346 ], [ -38.6639446, -3.9216154 ], [ -38.6611452, -3.917883 ], [ -38.6574615, -3.9179901 ], [ -38.6516474, -3.9024423 ], [ -38.6545093, -3.9004624 ], [ -38.6498127, -3.8979562 ], [ -38.651132, -3.89548 ], [ -38.6480385, -3.8937138 ], [ -38.6488264, -3.8806054 ], [ -38.6507157, -3.8781743 ], [ -38.6465931, -3.8757334 ], [ -38.6608177, -3.865438 ], [ -38.6556444, -3.8597087 ], [ -38.6691192, -3.862407 ], [ -38.6727879, -3.8601546 ], [ -38.6797271, -3.859208 ], [ -38.6812954, -3.8573672 ], [ -38.6881286, -3.8567838 ], [ -38.6754064, -3.8347928 ], [ -38.6695509, -3.8276151 ], [ -38.6581025, -3.8268732 ], [ -38.6564649, -3.8288854 ], [ -38.6412703, -3.8235658 ], [ -38.6437593, -3.8120595 ], [ -38.6469456, -3.8107142 ], [ -38.6443681, -3.8069731 ], [ -38.6402365, -3.8061864 ], [ -38.6408326, -3.8050095 ], [ -38.6379029, -3.8013954 ], [ -38.637726, -3.8046894 ], [ -38.6297677, -3.8065367 ], [ -38.630527, -3.8097441 ], [ -38.6215201, -3.8152591 ], [ -38.6225012, -3.8169673 ], [ -38.6141495, -3.822857 ], [ -38.6146953, -3.8239349 ], [ -38.5875996, -3.8389113 ], [ -38.565488, -3.8436334 ], [ -38.5413587, -3.8533673 ], [ -38.5423193, -3.8591902 ], [ -38.5648521, -3.850854 ], [ -38.5680079, -3.8656203 ], [ -38.5729469, -3.865957 ], [ -38.5781176, -3.8745675 ], [ -38.5872267, -3.8812547 ], [ -38.5969775, -3.8829135 ], [ -38.6043206, -3.8815267 ], [ -38.6128076, -3.8843969 ], [ -38.620956, -3.8901469 ], [ -38.6238421, -3.890071 ], [ -38.6253823, -3.8909623 ], [ -38.6229508, -3.8936015 ], [ -38.6218744, -3.8996537 ] ] ] } },
{ "type": "Feature", "properties": { "CD_MUN": "2309409", "NM_MUN": "Novo Oriente", "CD_RGI": "230013", "NM_RGI": "Crateús", "CD_RGINT": "2305", "NM_RGINT": "Crateús", "CD_UF": "23", "NM_UF": "Ceará", "SIGLA_UF": "CE", "CD_REGIA": "2", "NM_REGIA": "Nordeste", "SIGLA_RG": "NE", "CD_CONCU": null, "NM_CONCU": null, "AREA_KM2": 954.384, "mun_upp": "NOVO ORIENTE", "has_qualif": 1, "municipio": "Novo Oriente", "REGIÃO DE PLANEJAMENTO": "Sertão dos Crateús", "auxiliary_storage_labeling_positionx": -41.042374969652478, "auxiliary_storage_labeling_positiony": -5.6332378557785923, "auxiliary_storage_labeling_lineanchorpercent": null, "auxiliary_storage_labeling_lineanchorclipping": null, "auxiliary_storage_labeling_lineanchortype": null, "auxiliary_storage_labeling_lineanchortextpoint": null, "auxiliary_storage_callouts_originx": null, "auxiliary_storage_callouts_originy": null, "auxiliary_storage_callouts_destinationx": null, "auxiliary_storage_callouts_destinationy": null }, "geometry": { "type": "Polygon", "coordinates": [ [ [ -40.7866286, -5.492634 ], [ -40.7729325, -5.4927435 ], [ -40.7729754, -5.4907124 ], [ -40.7753873, -5.4891117 ], [ -40.7729652, -5.4839272 ], [ -40.7653042, -5.4823949 ], [ -40.7614994, -5.4753365 ], [ -40.7590492, -5.4790425 ], [ -40.7494887, -5.479247 ], [ -40.7436176, -5.4841113 ], [ -40.7377119, -5.4837949 ], [ -40.7330035, -5.4783725 ], [ -40.7290618, -5.4674922 ], [ -40.7240839, -5.4634247 ], [ -40.7116804, -5.4677186 ], [ -40.7031345, -5.4671934 ], [ -40.6980394, -5.4700142 ], [ -40.6940288, -5.4692405 ], [ -40.6914781, -5.4718732 ], [ -40.6879431, -5.4722435 ], [ -40.6830491, -5.4701424 ], [ -40.6820369, -5.4651163 ], [ -40.6849398, -5.457294 ], [ -40.6851312, -5.4507245 ], [ -40.6747205, -5.4501663 ], [ -40.6715259, -5.4476132 ], [ -40.6665134, -5.4494569 ], [ -40.659516, -5.4483141 ], [ -40.657987, -5.4428131 ], [ -40.6556785, -5.4408531 ], [ -40.6488864, -5.4401801 ], [ -40.6507333, -5.4353248 ], [ -40.6476952, -5.4330961 ], [ -40.6457774, -5.4266554 ], [ -40.5548039, -5.4266755 ], [ -40.5520412, -5.429611 ], [ -40.5534407, -5.4335424 ], [ -40.5590111, -5.435658 ], [ -40.5629582, -5.4344822 ], [ -40.5640349, -5.4370236 ], [ -40.5659581, -5.4362544 ], [ -40.5694108, -5.4384203 ], [ -40.5689015, -5.4427806 ], [ -40.5748843, -5.4507573 ], [ -40.57404, -5.4545756 ], [ -40.5776506, -5.4571761 ], [ -40.5778532, -5.4646937 ], [ -40.5843376, -5.4673426 ], [ -40.6124505, -5.5200407 ], [ -40.6019759, -5.5284899 ], [ -40.6176938, -5.5451772 ], [ -40.6140828, -5.5479174 ], [ -40.6140545, -5.5529717 ], [ -40.6081288, -5.5599323 ], [ -40.6117423, -5.5638586 ], [ -40.6117799, -5.5714612 ], [ -40.6195494, -5.5715242 ], [ -40.6246593, -5.5797962 ], [ -40.6254854, -5.5866791 ], [ -40.6206273, -5.5965648 ], [ -40.6205893, -5.6010624 ], [ -40.6273027, -5.6053218 ], [ -40.6280921, -5.6109054 ], [ -40.6365405, -5.6131095 ], [ -40.6388629, -5.6226717 ], [ -40.6346485, -5.6235989 ], [ -40.6330439, -5.6271894 ], [ -40.6293471, -5.6283134 ], [ -40.6290461, -5.6346792 ], [ -40.6362625, -5.647274 ], [ -40.6414161, -5.6464251 ], [ -40.646167, -5.6554039 ], [ -40.6458371, -5.6633075 ], [ -40.6535441, -5.6692149 ], [ -40.6536161, -5.6738287 ], [ -40.646769, -5.6779027 ], [ -40.6641636, -5.6767333 ], [ -40.6752143, -5.6844147 ], [ -40.6796025, -5.6900762 ], [ -40.7255088, -5.6901661 ], [ -40.7502576, -5.7201052 ], [ -40.7586798, -5.7211377 ], [ -40.7602237, -5.7245493 ], [ -40.7656786, -5.7248412 ], [ -40.7699954, -5.7269587 ], [ -40.7792077, -5.7362007 ], [ -40.7858225, -5.7357734 ], [ -40.7882037, -5.7334214 ], [ -40.7941892, -5.7346798 ], [ -40.8006562, -5.7427337 ], [ -40.8062095, -5.7456796 ], [ -40.8130299, -5.7535946 ], [ -40.8173895, -5.7553793 ], [ -40.8274015, -5.75598 ], [ -40.8328844, -5.7600892 ], [ -40.8327858, -5.7628646 ], [ -40.8432745, -5.7705445 ], [ -40.8485281, -5.7675407 ], [ -40.8498133, -5.7692082 ], [ -40.8602807, -5.7674284 ], [ -40.8617202, -5.7657372 ], [ -40.8661126, -5.7658813 ], [ -40.8724062, -5.7624716 ], [ -40.8822775, -5.76977 ], [ -40.9098841, -5.7642034 ], [ -40.9114827, -5.7571911 ], [ -40.9164461, -5.7514412 ], [ -40.9177528, -5.7447935 ], [ -40.91456, -5.733604 ], [ -40.9139501, -5.7249666 ], [ -40.9272546, -5.7062155 ], [ -40.9303775, -5.6862139 ], [ -40.9387693, -5.6733406 ], [ -40.9375939, -5.6692273 ], [ -40.9291221, -5.6631304 ], [ -40.9147302, -5.659939 ], [ -40.9112329, -5.6565588 ], [ -40.9093712, -5.6456886 ], [ -40.903254, -5.6325524 ], [ -40.9036525, -5.6232935 ], [ -40.9010523, -5.6159092 ], [ -40.9012839, -5.6118715 ], [ -40.9040344, -5.6048897 ], [ -40.9119448, -5.5948464 ], [ -40.9143819, -5.578636 ], [ -40.913858, -5.570433 ], [ -40.9156645, -5.5643716 ], [ -40.9294064, -5.5528628 ], [ -40.9329565, -5.5472801 ], [ -40.9317539, -5.5364286 ], [ -40.9363725, -5.5252516 ], [ -40.9352014, -5.5225912 ], [ -40.928879, -5.5178483 ], [ -40.9285319, -5.5136505 ], [ -40.9287595, -5.506948 ], [ -40.932645, -5.502012 ], [ -40.9327995, -5.4987091 ], [ -40.9297758, -5.4938229 ], [ -40.9253323, -5.4913258 ], [ -40.9168325, -5.4823359 ], [ -40.9100512, -5.4786051 ], [ -40.9021287, -5.4771586 ], [ -40.899771, -5.4796581 ], [ -40.8921341, -5.4819388 ], [ -40.8891347, -5.4873438 ], [ -40.8843861, -5.4862214 ], [ -40.8813087, -5.4899398 ], [ -40.8755281, -5.4919986 ], [ -40.8619457, -5.4930125 ], [ -40.8571968, -5.4881314 ], [ -40.8547159, -5.4824877 ], [ -40.8465523, -5.4789613 ], [ -40.8426897, -5.4817007 ], [ -40.8351183, -5.4800167 ], [ -40.8306071, -5.4816985 ], [ -40.8193443, -5.4812422 ], [ -40.8144466, -5.4779603 ], [ -40.8102314, -5.4806025 ], [ -40.812692, -5.4877502 ], [ -40.810193, -5.4906007 ], [ -40.8031363, -5.491152 ], [ -40.7949394, -5.4962395 ], [ -40.7909297, -5.4957413 ], [ -40.7866286, -5.492634 ] ] ] } },
{ "type": "Feature", "properties": { "CD_MUN": "2309458", "NM_MUN": "Ocara", "CD_RGI": "230003", "NM_RGI": "Redenção-Acarape", "CD_RGINT": "2301", "NM_RGINT": "Fortaleza", "CD_UF": "23", "NM_UF": "Ceará", "SIGLA_UF": "CE", "CD_REGIA": "2", "NM_REGIA": "Nordeste", "SIGLA_RG": "NE", "CD_CONCU": null, "NM_CONCU": null, "AREA_KM2": 763.075, "mun_upp": "OCARA", "has_qualif": 1, "municipio": "Ocara", "REGIÃO DE PLANEJAMENTO": "Maciço de Baturité", "auxiliary_storage_labeling_positionx": null, "auxiliary_storage_labeling_positiony": null, "auxiliary_storage_labeling_lineanchorpercent": null, "auxiliary_storage_labeling_lineanchorclipping": null, "auxiliary_storage_labeling_lineanchortype": null, "auxiliary_storage_labeling_lineanchortextpoint": null, "auxiliary_storage_callouts_originx": null, "auxiliary_storage_callouts_originy": null, "auxiliary_storage_callouts_destinationx": null, "auxiliary_storage_callouts_destinationy": null }, "geometry": { "type": "Polygon", "coordinates": [ [ [ -38.3614552, -4.5007935 ], [ -38.363404, -4.5088533 ], [ -38.3774574, -4.5157123 ], [ -38.3823342, -4.5197585 ], [ -38.3814562, -4.5284925 ], [ -38.3716103, -4.5305544 ], [ -38.3673389, -4.5365673 ], [ -38.3680153, -4.540363 ], [ -38.3644507, -4.5425978 ], [ -38.3686554, -4.5482711 ], [ -38.3678021, -4.5558038 ], [ -38.3694539, -4.5591771 ], [ -38.3678732, -4.5598159 ], [ -38.370952, -4.564287 ], [ -38.3688278, -4.5762435 ], [ -38.3884344, -4.5790998 ], [ -38.385155, -4.5822669 ], [ -38.3863179, -4.5856741 ], [ -38.3922498, -4.5837405 ], [ -38.3939855, -4.5902194 ], [ -38.3986393, -4.5905973 ], [ -38.4011647, -4.5941807 ], [ -38.4076834, -4.5965332 ], [ -38.4061964, -4.6063349 ], [ -38.4228057, -4.6189324 ], [ -38.4210985, -4.6246784 ], [ -38.4289754, -4.6293835 ], [ -38.4340283, -4.6382047 ], [ -38.4374874, -4.6379262 ], [ -38.4487029, -4.6441357 ], [ -38.449464, -4.6508591 ], [ -38.4578916, -4.6534162 ], [ -38.4607696, -4.652654 ], [ -38.4641761, -4.6510664 ], [ -38.4662193, -4.646254 ], [ -38.4685965, -4.6452206 ], [ -38.4750188, -4.6498988 ], [ -38.4900203, -4.6499457 ], [ -38.4987917, -4.6515766 ], [ -38.5059803, -4.6566979 ], [ -38.5082543, -4.6626982 ], [ -38.5134066, -4.6633361 ], [ -38.5157789, -4.6652316 ], [ -38.518607, -4.6721539 ], [ -38.5250702, -4.6745578 ], [ -38.528895, -4.6805906 ], [ -38.5380181, -4.6799089 ], [ -38.5501959, -4.6724948 ], [ -38.5528721, -4.6731428 ], [ -38.5572104, -4.6712877 ], [ -38.5582776, -4.6734711 ], [ -38.5627528, -4.6711277 ], [ -38.5690774, -4.6732164 ], [ -38.5727435, -4.6713711 ], [ -38.5751125, -4.6669524 ], [ -38.5775182, -4.6659012 ], [ -38.5799305, -4.6670062 ], [ -38.5801468, -4.6657542 ], [ -38.58361, -4.6665287 ], [ -38.5844374, -4.6648811 ], [ -38.5855109, -4.6661891 ], [ -38.5885942, -4.6651716 ], [ -38.5892021, -4.6668916 ], [ -38.5936004, -4.6688378 ], [ -38.5964722, -4.6656556 ], [ -38.6067873, -4.6617688 ], [ -38.6089715, -4.6592089 ], [ -38.6125534, -4.6525568 ], [ -38.6112249, -4.6445585 ], [ -38.6173183, -4.6363519 ], [ -38.6165563, -4.6338443 ], [ -38.6186064, -4.6279014 ], [ -38.6204852, -4.6274057 ], [ -38.620164, -4.6258737 ], [ -38.6237499, -4.6225545 ], [ -38.6240153, -4.616834 ], [ -38.6322167, -4.6037743 ], [ -38.6494867, -4.5557107 ], [ -38.6381702, -4.5504832 ], [ -38.6356947, -4.5484427 ], [ -38.6352788, -4.5455223 ], [ -38.6317374, -4.5444015 ], [ -38.6308767, -4.5421982 ], [ -38.6222752, -4.5367364 ], [ -38.6200574, -4.5260246 ], [ -38.6180341, -4.525166 ], [ -38.6221254, -4.5157554 ], [ -38.621274, -4.5132536 ], [ -38.624654, -4.5109084 ], [ -38.6226303, -4.5048616 ], [ -38.6261151, -4.4997299 ], [ -38.6263806, -4.4961716 ], [ -38.6294791, -4.493787 ], [ -38.6284898, -4.4891206 ], [ -38.6356431, -4.4860154 ], [ -38.6363832, -4.4843762 ], [ -38.6350552, -4.4811801 ], [ -38.6369178, -4.4764836 ], [ -38.6325604, -4.4742135 ], [ -38.6321574, -4.4694381 ], [ -38.6325346, -4.4662728 ], [ -38.6363161, -4.4632528 ], [ -38.6355502, -4.4568436 ], [ -38.6366866, -4.4535105 ], [ -38.6352412, -4.4519 ], [ -38.6339161, -4.4532636 ], [ -38.6306627, -4.4528177 ], [ -38.6286098, -4.4443416 ], [ -38.6255104, -4.4427501 ], [ -38.6272826, -4.4378982 ], [ -38.6230552, -4.4386775 ], [ -38.6219128, -4.4373135 ], [ -38.6195486, -4.4378159 ], [ -38.6179574, -4.4349989 ], [ -38.6138595, -4.4351436 ], [ -38.6129712, -4.4322382 ], [ -38.6148855, -4.4314843 ], [ -38.6151508, -4.4291501 ], [ -38.6113088, -4.4269337 ], [ -38.6086547, -4.4276883 ], [ -38.6062961, -4.4245202 ], [ -38.6035535, -4.4256706 ], [ -38.6027189, -4.420504 ], [ -38.5951359, -4.42331 ], [ -38.5913148, -4.4215207 ], [ -38.5874136, -4.4219644 ], [ -38.5830427, -4.4160225 ], [ -38.5742937, -4.4190131 ], [ -38.5721525, -4.4149553 ], [ -38.5687674, -4.4149631 ], [ -38.5639802, -4.4063585 ], [ -38.5589191, -4.4059834 ], [ -38.5552599, -4.4029588 ], [ -38.5436258, -4.3903752 ], [ -38.5394062, -4.3878329 ], [ -38.5396998, -4.3838649 ], [ -38.5318517, -4.3785511 ], [ -38.5340606, -4.3748589 ], [ -38.533907, -4.368875 ], [ -38.5200217, -4.3769905 ], [ -38.5046837, -4.3792377 ], [ -38.4940945, -4.3887928 ], [ -38.4874119, -4.390151 ], [ -38.4861831, -4.3877087 ], [ -38.4716876, -4.3904608 ], [ -38.4687007, -4.3954585 ], [ -38.4621668, -4.395916 ], [ -38.4433967, -4.4090827 ], [ -38.4390857, -4.4065755 ], [ -38.4368197, -4.3838672 ], [ -38.3624691, -4.4688549 ], [ -38.3587512, -4.4797851 ], [ -38.3616243, -4.4915133 ], [ -38.3603824, -4.5014681 ], [ -38.3614552, -4.5007935 ] ] ] } },
{ "type": "Feature", "properties": { "CD_MUN": "2310951", "NM_MUN": "Pires Ferreira", "CD_RGI": "230016", "NM_RGI": "São Benedito - Ipu - Guaraciaba do Norte - Tianguá", "CD_RGINT": "2306", "NM_RGINT": "Sobral", "CD_UF": "23", "NM_UF": "Ceará", "SIGLA_UF": "CE", "CD_REGIA": "2", "NM_REGIA": "Nordeste", "SIGLA_RG": "NE", "CD_CONCU": null, "NM_CONCU": null, "AREA_KM2": 244.464, "mun_upp": "PIRES FERREIRA", "has_qualif": 1, "municipio": "Pires Ferreira", "REGIÃO DE PLANEJAMENTO": "Sertão de Sobral", "auxiliary_storage_labeling_positionx": null, "auxiliary_storage_labeling_positiony": null, "auxiliary_storage_labeling_lineanchorpercent": null, "auxiliary_storage_labeling_lineanchorclipping": null, "auxiliary_storage_labeling_lineanchortype": null, "auxiliary_storage_labeling_lineanchortextpoint": null, "auxiliary_storage_callouts_originx": null, "auxiliary_storage_callouts_originy": null, "auxiliary_storage_callouts_destinationx": null, "auxiliary_storage_callouts_destinationy": null }, "geometry": { "type": "Polygon", "coordinates": [ [ [ -40.6238627, -4.3038462 ], [ -40.6391601, -4.3007926 ], [ -40.6488251, -4.294063 ], [ -40.6641672, -4.3092113 ], [ -40.667911, -4.3035008 ], [ -40.6722398, -4.3010347 ], [ -40.6721986, -4.2978524 ], [ -40.680763, -4.2978016 ], [ -40.6821746, -4.292378 ], [ -40.6988191, -4.288854 ], [ -40.7037013, -4.2833642 ], [ -40.698567, -4.2757099 ], [ -40.695422, -4.2618418 ], [ -40.6967785, -4.2586527 ], [ -40.6963268, -4.2481228 ], [ -40.6981698, -4.2456449 ], [ -40.7022121, -4.2447148 ], [ -40.6966562, -4.2389533 ], [ -40.6968927, -4.2350309 ], [ -40.6945473, -4.2305209 ], [ -40.697621, -4.2281838 ], [ -40.6932904, -4.2252852 ], [ -40.6946522, -4.221939 ], [ -40.6895219, -4.2223988 ], [ -40.6887103, -4.2174948 ], [ -40.6845182, -4.2147974 ], [ -40.6869844, -4.2096536 ], [ -40.6746491, -4.211706 ], [ -40.6070156, -4.2078346 ], [ -40.5984968, -4.2025475 ], [ -40.5894381, -4.2008698 ], [ -40.5849053, -4.2024604 ], [ -40.5788455, -4.2076882 ], [ -40.5620524, -4.2062564 ], [ -40.5532729, -4.2141652 ], [ -40.5496425, -4.2150483 ], [ -40.5459028, -4.2291607 ], [ -40.5421198, -4.2323283 ], [ -40.5305933, -4.2504726 ], [ -40.5255417, -4.2554198 ], [ -40.5188501, -4.2568308 ], [ -40.5076644, -4.2475911 ], [ -40.4982478, -4.2453186 ], [ -40.4914182, -4.2458631 ], [ -40.4842496, -4.2329368 ], [ -40.4673036, -4.220191 ], [ -40.4562162, -4.2148415 ], [ -40.4509833, -4.2090928 ], [ -40.4491906, -4.2220715 ], [ -40.4420816, -4.2347472 ], [ -40.44177, -4.2460595 ], [ -40.4395695, -4.2522094 ], [ -40.4665246, -4.2712031 ], [ -40.4780627, -4.2923098 ], [ -40.5472884, -4.3099683 ], [ -40.5484381, -4.3118526 ], [ -40.5570348, -4.314709 ], [ -40.5686011, -4.3145741 ], [ -40.579554, -4.3068419 ], [ -40.5928721, -4.3097691 ], [ -40.5984722, -4.309207 ], [ -40.6100231, -4.3048398 ], [ -40.6158702, -4.3060676 ], [ -40.6193894, -4.3087073 ], [ -40.6238627, -4.3038462 ] ] ] } },
{ "type": "Feature", "properties": { "CD_MUN": "2302404", "NM_MUN": "Boa Viagem", "CD_RGI": "230004", "NM_RGI": "Canindé", "CD_RGINT": "2301", "NM_RGINT": "Fortaleza", "CD_UF": "23", "NM_UF": "Ceará", "SIGLA_UF": "CE", "CD_REGIA": "2", "NM_REGIA": "Nordeste", "SIGLA_RG": "NE", "CD_CONCU": null, "NM_CONCU": null, "AREA_KM2": 2835.037, "mun_upp": "BOA VIAGEM", "has_qualif": 1, "municipio": "Boa Viagem", "REGIÃO DE PLANEJAMENTO": "Sertão de Canindé", "auxiliary_storage_labeling_positionx": null, "auxiliary_storage_labeling_positiony": null, "auxiliary_storage_labeling_lineanchorpercent": null, "auxiliary_storage_labeling_lineanchorclipping": null, "auxiliary_storage_labeling_lineanchortype": null, "auxiliary_storage_labeling_lineanchortextpoint": null, "auxiliary_storage_callouts_originx": null, "auxiliary_storage_callouts_originy": null, "auxiliary_storage_callouts_destinationx": null, "auxiliary_storage_callouts_destinationy": null }, "geometry": { "type": "Polygon", "coordinates": [ [ [ -39.5362462, -5.1188409 ], [ -39.6239765, -5.2551586 ], [ -39.6269863, -5.3071091 ], [ -39.6226469, -5.3146248 ], [ -39.6208817, -5.3224519 ], [ -39.6231247, -5.3250916 ], [ -39.6316763, -5.3249655 ], [ -39.6297396, -5.3285194 ], [ -39.6313725, -5.3364463 ], [ -39.6336843, -5.3367886 ], [ -39.6412639, -5.3326257 ], [ -39.6441873, -5.3332354 ], [ -39.6489464, -5.3404814 ], [ -39.6582019, -5.3382888 ], [ -39.6565225, -5.3453804 ], [ -39.6581226, -5.3534535 ], [ -39.6607251, -5.3553836 ], [ -39.6640789, -5.3619414 ], [ -39.6691177, -5.3631684 ], [ -39.6753053, -5.3613234 ], [ -39.6780392, -5.3631777 ], [ -39.6824205, -5.3633834 ], [ -39.688254, -5.3581497 ], [ -39.6979566, -5.3634735 ], [ -39.7046359, -5.3619312 ], [ -39.7073858, -5.3712374 ], [ -39.7164147, -5.3762654 ], [ -39.7199587, -5.3760726 ], [ -39.7235908, -5.3800312 ], [ -39.7263522, -5.3792248 ], [ -39.7294642, -5.368765 ], [ -39.7399666, -5.3706531 ], [ -39.7453957, -5.3736525 ], [ -39.7482549, -5.3696856 ], [ -39.7527831, -5.3676188 ], [ -39.757547, -5.3678122 ], [ -39.7606859, -5.3705288 ], [ -39.7648017, -5.370269 ], [ -39.7703304, -5.3775582 ], [ -39.7826648, -5.3795049 ], [ -39.8000192, -5.3991634 ], [ -39.8036749, -5.3935763 ], [ -39.805216, -5.3851498 ], [ -39.8085749, -5.3841632 ], [ -39.811284, -5.3888155 ], [ -39.8168454, -5.3904164 ], [ -39.8171159, -5.3840322 ], [ -39.8239917, -5.3824003 ], [ -39.8264969, -5.3763398 ], [ -39.8325252, -5.3747089 ], [ -39.8360908, -5.3709302 ], [ -39.8387533, -5.3727553 ], [ -39.8423371, -5.3689469 ], [ -39.8505667, -5.3719862 ], [ -39.8637845, -5.3709989 ], [ -39.8735262, -5.3745015 ], [ -39.8763852, -5.3739209 ], [ -39.882124, -5.3792643 ], [ -39.8855543, -5.3882917 ], [ -39.8920074, -5.3915406 ], [ -39.8930635, -5.3948665 ], [ -39.8955263, -5.3965989 ], [ -39.9077283, -5.392008 ], [ -39.9125313, -5.3863147 ], [ -39.9217065, -5.3904901 ], [ -39.9259606, -5.3816651 ], [ -39.9321114, -5.378514 ], [ -39.9315381, -5.3713355 ], [ -39.9348795, -5.3640143 ], [ -39.9478106, -5.3600572 ], [ -39.9449738, -5.3558222 ], [ -39.9458968, -5.3541603 ], [ -39.9395996, -5.348105 ], [ -39.9427505, -5.3442573 ], [ -39.9498575, -5.3449547 ], [ -39.9573729, -5.348266 ], [ -39.9562179, -5.3413698 ], [ -39.9590037, -5.3395442 ], [ -39.9712295, -5.3452735 ], [ -39.9838463, -5.3467793 ], [ -39.993126, -5.3497709 ], [ -39.9941038, -5.3471841 ], [ -40.002061, -5.3463724 ], [ -40.0030379, -5.3410244 ], [ -40.0049131, -5.339379 ], [ -40.0160294, -5.3432896 ], [ -40.0193164, -5.3387863 ], [ -40.0177138, -5.33077 ], [ -40.0233567, -5.3258463 ], [ -40.0178814, -5.3189639 ], [ -40.0307166, -5.3109738 ], [ -40.0251001, -5.3036177 ], [ -40.0274189, -5.2969526 ], [ -40.0360537, -5.2959932 ], [ -40.0412456, -5.2910541 ], [ -40.0497666, -5.2928901 ], [ -40.055861, -5.2918374 ], [ -40.056776, -5.286109 ], [ -40.0540968, -5.2819117 ], [ -40.0486449, -5.2790225 ], [ -40.0468962, -5.267503 ], [ -40.0426104, -5.2602367 ], [ -40.0471452, -5.2394866 ], [ -40.0415188, -5.2351683 ], [ -40.0389941, -5.2287734 ], [ -40.0371282, -5.2280895 ], [ -40.0356058, -5.2220793 ], [ -40.0314697, -5.2193126 ], [ -40.02801, -5.2115131 ], [ -40.0226983, -5.2063146 ], [ -40.0321822, -5.1989391 ], [ -40.0220192, -5.1885766 ], [ -40.0277296, -5.1894111 ], [ -40.0300257, -5.1882783 ], [ -40.0332893, -5.1808887 ], [ -40.041498, -5.1778786 ], [ -40.0535781, -5.1804131 ], [ -40.0574373, -5.1857478 ], [ -40.0599291, -5.1866174 ], [ -40.0629101, -5.1822431 ], [ -40.0667784, -5.1803911 ], [ -40.0680815, -5.172289 ], [ -40.0727721, -5.1686891 ], [ -40.0726125, -5.1610259 ], [ -40.0793168, -5.1651127 ], [ -40.0817222, -5.1707372 ], [ -40.0848888, -5.1713034 ], [ -40.0896979, -5.1681742 ], [ -40.0976402, -5.1591164 ], [ -40.1062539, -5.1646034 ], [ -40.1123124, -5.1653886 ], [ -40.1146119, -5.1635573 ], [ -40.1149181, -5.1602607 ], [ -40.1228683, -5.1603005 ], [ -40.1278507, -5.1579828 ], [ -40.1356714, -5.1572812 ], [ -40.1418154, -5.1656028 ], [ -40.1533192, -5.163832 ], [ -40.1600423, -5.16479 ], [ -39.9975964, -5.0844914 ], [ -39.9930149, -5.0741409 ], [ -39.9866915, -5.0721431 ], [ -39.982126, -5.0603766 ], [ -39.9737837, -5.0498514 ], [ -39.9713079, -5.0428572 ], [ -39.9724973, -5.0361254 ], [ -39.970487, -5.0284608 ], [ -39.9641581, -5.0291064 ], [ -39.959689, -5.0281096 ], [ -39.9579902, -5.0258342 ], [ -39.9691807, -4.947238 ], [ -39.9678232, -4.9451124 ], [ -39.968656, -4.9408443 ], [ -39.9671603, -4.9386705 ], [ -39.9641716, -4.9421403 ], [ -39.9639464, -4.9385784 ], [ -39.9607216, -4.9397242 ], [ -39.9602945, -4.9385664 ], [ -39.9630462, -4.9369567 ], [ -39.9617342, -4.934064 ], [ -39.962841, -4.932359 ], [ -39.9593739, -4.9304744 ], [ -39.9565671, -4.9254323 ], [ -39.9504737, -4.9234581 ], [ -39.9509852, -4.9273293 ], [ -39.9488089, -4.9273113 ], [ -39.9467395, -4.9296106 ], [ -39.944826, -4.9269035 ], [ -39.9420998, -4.927277 ], [ -39.9405295, -4.9243174 ], [ -39.9412898, -4.9226394 ], [ -39.9388885, -4.920829 ], [ -39.9359936, -4.9228912 ], [ -39.9358246, -4.9248619 ], [ -39.9342508, -4.9247342 ], [ -39.9317567, -4.9217412 ], [ -39.9329048, -4.9188426 ], [ -39.9289379, -4.91277 ], [ -39.9261644, -4.9113632 ], [ -39.9238979, -4.9135406 ], [ -39.9160909, -4.9054877 ], [ -39.911863, -4.9039804 ], [ -39.9111028, -4.9066986 ], [ -39.9094951, -4.9059886 ], [ -39.9093268, -4.9027668 ], [ -39.906945, -4.9048705 ], [ -39.904577, -4.90337 ], [ -39.9015973, -4.9050563 ], [ -39.9005817, -4.9023769 ], [ -39.9030887, -4.8992674 ], [ -39.9001663, -4.8976449 ], [ -39.8985383, -4.8989441 ], [ -39.8986011, -4.8959784 ], [ -39.892151, -4.8933868 ], [ -39.8925819, -4.8914533 ], [ -39.8951511, -4.8922017 ], [ -39.8959412, -4.8910331 ], [ -39.8950319, -4.8877624 ], [ -39.8924427, -4.8879519 ], [ -39.8925445, -4.886302 ], [ -39.9017984, -4.8840489 ], [ -39.9009681, -4.8820849 ], [ -39.9034685, -4.8811106 ], [ -39.9053553, -4.8777091 ], [ -39.9166073, -4.8715568 ], [ -39.9188842, -4.8680165 ], [ -39.9228971, -4.8660618 ], [ -39.9264826, -4.8599874 ], [ -39.9302376, -4.8558368 ], [ -39.9323824, -4.8554577 ], [ -39.9341786, -4.8502475 ], [ -39.9406719, -4.8408083 ], [ -39.945897, -4.8389976 ], [ -39.9466004, -4.8328552 ], [ -39.9487867, -4.8307631 ], [ -39.9472201, -4.8280865 ], [ -39.9494657, -4.8257687 ], [ -39.946746, -4.8205651 ], [ -39.949281, -4.8175296 ], [ -39.9418025, -4.8108109 ], [ -39.9407985, -4.8066023 ], [ -39.9392368, -4.8068503 ], [ -39.9384528, -4.8044206 ], [ -39.9340732, -4.8017636 ], [ -39.9313401, -4.8015433 ], [ -39.9289841, -4.7971099 ], [ -39.9384724, -4.7849679 ], [ -39.9385359, -4.7817483 ], [ -39.9360557, -4.7803354 ], [ -39.9354642, -4.7773809 ], [ -39.9388372, -4.7696859 ], [ -39.9345812, -4.7742177 ], [ -39.9305178, -4.7728383 ], [ -39.9164603, -4.782619 ], [ -39.9158676, -4.7884803 ], [ -39.9068906, -4.7901975 ], [ -39.9025984, -4.7873073 ], [ -39.8979158, -4.7891324 ], [ -39.8855481, -4.7891459 ], [ -39.8843127, -4.7903707 ], [ -39.8805589, -4.7876822 ], [ -39.8803262, -4.7847156 ], [ -39.8783556, -4.7829112 ], [ -39.8799557, -4.7795076 ], [ -39.8789359, -4.777144 ], [ -39.8711288, -4.7723062 ], [ -39.8718411, -4.7693926 ], [ -39.8729577, -4.7700898 ], [ -39.8744766, -4.7685382 ], [ -39.8732084, -4.7639984 ], [ -39.8744633, -4.7627224 ], [ -39.8638441, -4.7516516 ], [ -39.86424, -4.7462691 ], [ -39.8611623, -4.7428116 ], [ -39.862049, -4.7383606 ], [ -39.8559329, -4.7363111 ], [ -39.8554965, -4.7388127 ], [ -39.8516783, -4.7393021 ], [ -39.8490182, -4.7367265 ], [ -39.8413233, -4.7389737 ], [ -39.8396453, -4.7338929 ], [ -39.8352293, -4.7366536 ], [ -39.8335427, -4.7326497 ], [ -39.8319606, -4.7346501 ], [ -39.8237557, -4.7300198 ], [ -39.8225074, -4.7318611 ], [ -39.8184102, -4.7309924 ], [ -39.8162913, -4.7330652 ], [ -39.8159496, -4.7366616 ], [ -39.8133348, -4.7360664 ], [ -39.8127685, -4.7397798 ], [ -39.7989553, -4.7436941 ], [ -39.7956701, -4.7471503 ], [ -39.7973346, -4.7511603 ], [ -39.791022, -4.7541773 ], [ -39.8067785, -4.7078 ], [ -39.7425826, -4.7195628 ], [ -39.7294176, -4.6959029 ], [ -39.7279481, -4.6997715 ], [ -39.7333152, -4.7151036 ], [ -39.7258151, -4.7210356 ], [ -39.7365695, -4.7328725 ], [ -39.7374456, -4.7359147 ], [ -39.7314491, -4.7454159 ], [ -39.7262384, -4.7495004 ], [ -39.7310282, -4.7553574 ], [ -39.7258599, -4.7638026 ], [ -39.7381627, -4.7705657 ], [ -39.7381644, -4.7721076 ], [ -39.7335725, -4.7747905 ], [ -39.7297581, -4.7801141 ], [ -39.7195324, -4.7775645 ], [ -39.7107736, -4.7812782 ], [ -39.7006202, -4.7833054 ], [ -39.6965283, -4.7900046 ], [ -39.692216, -4.792119 ], [ -39.6888944, -4.7926498 ], [ -39.6864747, -4.789041 ], [ -39.6775045, -4.7892874 ], [ -39.6740099, -4.7929486 ], [ -39.6720592, -4.8001797 ], [ -39.666423, -4.799773 ], [ -39.6626285, -4.8022112 ], [ -39.662797, -4.8088973 ], [ -39.659446, -4.8094923 ], [ -39.6600619, -4.8139506 ], [ -39.6568957, -4.8192286 ], [ -39.6609914, -4.8243477 ], [ -39.6584591, -4.8273638 ], [ -39.6567066, -4.8351877 ], [ -39.6428297, -4.8452268 ], [ -39.6461554, -4.8510304 ], [ -39.6517979, -4.8549931 ], [ -39.6498414, -4.8588987 ], [ -39.6528442, -4.8624015 ], [ -39.6501929, -4.8702938 ], [ -39.6442912, -4.8745898 ], [ -39.6449469, -4.8771472 ], [ -39.642261, -4.8826667 ], [ -39.6379781, -4.8842854 ], [ -39.6363863, -4.8896252 ], [ -39.6321272, -4.8900092 ], [ -39.6295441, -4.8924276 ], [ -39.6286153, -4.8967636 ], [ -39.6300129, -4.8985065 ], [ -39.6276637, -4.8999291 ], [ -39.6284148, -4.9024468 ], [ -39.6203164, -4.9053219 ], [ -39.6182799, -4.9112076 ], [ -39.6187258, -4.9193756 ], [ -39.6168962, -4.9192775 ], [ -39.6174533, -4.9225928 ], [ -39.6118462, -4.9281622 ], [ -39.6069656, -4.9397567 ], [ -39.6063215, -4.9453276 ], [ -39.6069439, -4.9476077 ], [ -39.6098447, -4.9489477 ], [ -39.6099979, -4.9527685 ], [ -39.6035804, -4.9599543 ], [ -39.6036566, -4.9644122 ], [ -39.6090964, -4.9725343 ], [ -39.6143253, -4.9743605 ], [ -39.6152557, -4.9795317 ], [ -39.6116099, -4.9820318 ], [ -39.611702, -4.9907229 ], [ -39.6055927, -4.9955482 ], [ -39.6006299, -4.9904961 ], [ -39.597525, -4.9952396 ], [ -39.5975281, -4.998716 ], [ -39.6012298, -5.0031372 ], [ -39.6035135, -5.0094203 ], [ -39.6074579, -5.0133237 ], [ -39.6059381, -5.0211048 ], [ -39.6071537, -5.0251755 ], [ -39.6119882, -5.0304053 ], [ -39.6189099, -5.0325431 ], [ -39.6266637, -5.0393222 ], [ -39.6339517, -5.053799 ], [ -39.633955, -5.0571996 ], [ -39.6292613, -5.0655126 ], [ -39.6182281, -5.0768278 ], [ -39.6139458, -5.0842948 ], [ -39.6042906, -5.0898549 ], [ -39.5965979, -5.0969945 ], [ -39.5930223, -5.098059 ], [ -39.5796958, -5.0964583 ], [ -39.565586, -5.1028173 ], [ -39.5612748, -5.1080595 ], [ -39.5474419, -5.1121476 ], [ -39.5362462, -5.1188409 ] ] ] } },
{ "type": "Feature", "properties": { "CD_MUN": "2313500", "NM_MUN": "Trairi", "CD_RGI": "230002", "NM_RGI": "Itapipoca", "CD_RGINT": "2301", "NM_RGINT": "Fortaleza", "CD_UF": "23", "NM_UF": "Ceará", "SIGLA_UF": "CE", "CD_REGIA": "2", "NM_REGIA": "Nordeste", "SIGLA_RG": "NE", "CD_CONCU": null, "NM_CONCU": null, "AREA_KM2": 928.726, "mun_upp": "TRAIRI", "has_qualif": 1, "municipio": "Trairi", "REGIÃO DE PLANEJAMENTO": "Grande Fortaleza", "auxiliary_storage_labeling_positionx": null, "auxiliary_storage_labeling_positiony": null, "auxiliary_storage_labeling_lineanchorpercent": null, "auxiliary_storage_labeling_lineanchorclipping": null, "auxiliary_storage_labeling_lineanchortype": null, "auxiliary_storage_labeling_lineanchortextpoint": null, "auxiliary_storage_callouts_originx": null, "auxiliary_storage_callouts_originy": null, "auxiliary_storage_callouts_destinationx": null, "auxiliary_storage_callouts_destinationy": null }, "geometry": { "type": "Polygon", "coordinates": [ [ [ -39.1775362, -3.3092243 ], [ -39.1645374, -3.3279802 ], [ -39.17496, -3.3285721 ], [ -39.1794577, -3.334182 ], [ -39.1815929, -3.3405776 ], [ -39.1926826, -3.3416478 ], [ -39.1949317, -3.3454964 ], [ -39.1948755, -3.3500923 ], [ -39.2038513, -3.3562182 ], [ -39.2085002, -3.3549725 ], [ -39.2105764, -3.3514486 ], [ -39.2144822, -3.3499924 ], [ -39.2227522, -3.3521353 ], [ -39.225268, -3.3548539 ], [ -39.2379593, -3.3595808 ], [ -39.244815, -3.3584385 ], [ -39.2555374, -3.3599715 ], [ -39.2505388, -3.3710491 ], [ -39.2551346, -3.3762735 ], [ -39.262093, -3.3780491 ], [ -39.2635427, -3.3835637 ], [ -39.2535597, -3.3965796 ], [ -39.2506085, -3.4048193 ], [ -39.2503371, -3.4119065 ], [ -39.2536977, -3.4184876 ], [ -39.2535849, -3.4274846 ], [ -39.255811, -3.4390608 ], [ -39.2532285, -3.4479531 ], [ -39.257541, -3.4563849 ], [ -39.2580299, -3.4715154 ], [ -39.2637748, -3.4825371 ], [ -39.2622231, -3.4901164 ], [ -39.2636576, -3.4924476 ], [ -39.284198, -3.5032653 ], [ -39.2843014, -3.5145887 ], [ -39.2868817, -3.5246571 ], [ -39.293682, -3.5315245 ], [ -39.3031435, -3.5342346 ], [ -39.3099098, -3.5281783 ], [ -39.3099116, -3.5375331 ], [ -39.3082384, -3.5418266 ], [ -39.3099159, -3.5464282 ], [ -39.3091553, -3.5519467 ], [ -39.3122078, -3.5576205 ], [ -39.3065676, -3.5654431 ], [ -39.3137091, -3.5725279 ], [ -39.3148839, -3.5799427 ], [ -39.3241224, -3.5775778 ], [ -39.3319937, -3.5777377 ], [ -39.3480677, -3.5727817 ], [ -39.3618974, -3.5800722 ], [ -39.3741857, -3.5779339 ], [ -39.3736833, -3.5728596 ], [ -39.3660094, -3.5654664 ], [ -39.3621472, -3.557928 ], [ -39.3631198, -3.5473477 ], [ -39.3516376, -3.5480463 ], [ -39.3436783, -3.5409642 ], [ -39.3412705, -3.5360342 ], [ -39.3412432, -3.5305112 ], [ -39.3345962, -3.5287423 ], [ -39.3341904, -3.5263488 ], [ -39.3376665, -3.5211055 ], [ -39.3366652, -3.5189276 ], [ -39.332734, -3.5169902 ], [ -39.3369491, -3.5132785 ], [ -39.3310227, -3.5016154 ], [ -39.4310196, -3.431414 ], [ -39.4357396, -3.4182413 ], [ -39.4435027, -3.4142883 ], [ -39.4472876, -3.4093557 ], [ -39.4651949, -3.4003711 ], [ -39.4702599, -3.4027317 ], [ -39.4727875, -3.3987953 ], [ -39.481032, -3.3960194 ], [ -39.4799304, -3.3935642 ], [ -39.4847857, -3.3861942 ], [ -39.4864404, -3.3801184 ], [ -39.4911432, -3.3749339 ], [ -39.4914509, -3.3712476 ], [ -39.4955704, -3.3694024 ], [ -39.4926613, -3.3626779 ], [ -39.4941836, -3.358608 ], [ -39.4932063, -3.3570287 ], [ -39.496563, -3.3539871 ], [ -39.5027791, -3.3536249 ], [ -39.5041107, -3.3494354 ], [ -39.5026565, -3.3468511 ], [ -39.505297, -3.3406981 ], [ -39.5027714, -3.3385213 ], [ -39.503579, -3.334356 ], [ -39.5008135, -3.3288282 ], [ -39.5024299, -3.3227476 ], [ -39.5100724, -3.3176932 ], [ -39.5121417, -3.3124741 ], [ -39.5100205, -3.3094832 ], [ -39.5105173, -3.3029484 ], [ -39.5046561, -3.297853 ], [ -39.5051293, -3.2916773 ], [ -39.5118924, -3.2907403 ], [ -39.5166019, -3.2790811 ], [ -39.5224578, -3.2739079 ], [ -39.5168803, -3.2646236 ], [ -39.5148743, -3.2537338 ], [ -39.5127788, -3.2541657 ], [ -39.5085117, -3.245527 ], [ -39.505463, -3.2446429 ], [ -39.5041276, -3.2410531 ], [ -39.5064093, -3.232076 ], [ -39.5085521, -3.2311175 ], [ -39.5068127, -3.2290838 ], [ -39.5095987, -3.2286515 ], [ -39.5071211, -3.2268815 ], [ -39.5077152, -3.2242961 ], [ -39.506192, -3.2260203 ], [ -39.5050722, -3.2250155 ], [ -39.5055465, -3.2209222 ], [ -39.5078328, -3.2213998 ], [ -39.5069269, -3.2193417 ], [ -39.5055697, -3.2197733 ], [ -39.5059497, -3.2177385 ], [ -39.5069734, -3.2170199 ], [ -39.5079982, -3.2186471 ], [ -39.5114028, -3.2171374 ], [ -39.511258, -3.2133556 ], [ -39.5088051, -3.2131174 ], [ -39.5107097, -3.2121112 ], [ -39.5103037, -3.2096938 ], [ -39.5074456, -3.2088336 ], [ -39.5097306, -3.2065106 ], [ -39.510205, -3.2028482 ], [ -39.5082758, -3.2021789 ], [ -39.5060861, -3.20443 ], [ -39.5052509, -3.2009597 ], [ -39.5005113, -3.1994301 ], [ -39.4928916, -3.2007264 ], [ -39.4908693, -3.204605 ], [ -39.4894398, -3.2032413 ], [ -39.4897719, -3.2003928 ], [ -39.4846042, -3.2002038 ], [ -39.4849872, -3.2044163 ], [ -39.487917, -3.2059468 ], [ -39.4868947, -3.2093702 ], [ -39.4809174, -3.2092773 ], [ -39.4805596, -3.2081046 ], [ -39.4835357, -3.2067149 ], [ -39.4826528, -3.2029334 ], [ -39.4803899, -3.2016658 ], [ -39.4801268, -3.1991766 ], [ -39.4757919, -3.1973356 ], [ -39.4702684, -3.2000429 ], [ -39.4651697, -3.2049964 ], [ -39.4548155, -3.2070848 ], [ -39.4552171, -3.2083759 ], [ -39.4622191, -3.2101201 ], [ -39.462077, -3.2119154 ], [ -39.4582431, -3.2120847 ], [ -39.4560751, -3.2099792 ], [ -39.4530752, -3.2114407 ], [ -39.4482636, -3.2088338 ], [ -39.4483807, -3.204214 ], [ -39.4445707, -3.2045747 ], [ -39.440452, -3.2072335 ], [ -39.4366653, -3.2064931 ], [ -39.4312602, -3.2080273 ], [ -39.4285436, -3.2036002 ], [ -39.4235415, -3.2006821 ], [ -39.4178263, -3.2008998 ], [ -39.4096846, -3.2074138 ], [ -39.4057046, -3.19966 ], [ -39.4090833, -3.1924539 ], [ -39.4070131, -3.1844599 ], [ -39.4046987, -3.1851789 ], [ -39.4046433, -3.1896024 ], [ -39.4032577, -3.1905795 ], [ -39.4005567, -3.1891301 ], [ -39.399012, -3.1848652 ], [ -39.3946403, -3.1860302 ], [ -39.3906388, -3.1838487 ], [ -39.3801664, -3.1860069 ], [ -39.3786228, -3.1846575 ], [ -39.3798252, -3.1808723 ], [ -39.3729819, -3.1790304 ], [ -39.3654545, -3.173428 ], [ -39.3533549, -3.1743061 ], [ -39.3441722, -3.1781403 ], [ -39.3302894, -3.1952799 ], [ -39.3130443, -3.2060711 ], [ -39.3051592, -3.206925 ], [ -39.2926903, -3.2151401 ], [ -39.2773477, -3.2196874 ], [ -39.2671595, -3.2178159 ], [ -39.2590531, -3.2186047 ], [ -39.2501506, -3.2231682 ], [ -39.2379419, -3.2353667 ], [ -39.2302501, -3.2386352 ], [ -39.2108762, -3.2599853 ], [ -39.1957757, -3.2807655 ], [ -39.1911234, -3.2849523 ], [ -39.1775362, -3.3092243 ] ] ] } },
{ "type": "Feature", "properties": { "CD_MUN": "2305506", "NM_MUN": "Iguatu", "CD_RGI": "230009", "NM_RGI": "Iguatu", "CD_RGINT": "2303", "NM_RGINT": "Iguatu", "CD_UF": "23", "NM_UF": "Ceará", "SIGLA_UF": "CE", "CD_REGIA": "2", "NM_REGIA": "Nordeste", "SIGLA_RG": "NE", "CD_CONCU": null, "NM_CONCU": null, "AREA_KM2": 977.311, "mun_upp": "IGUATU", "has_qualif": 1, "municipio": "Iguatu", "REGIÃO DE PLANEJAMENTO": "Centro Sul", "auxiliary_storage_labeling_positionx": null, "auxiliary_storage_labeling_positiony": null, "auxiliary_storage_labeling_lineanchorpercent": null, "auxiliary_storage_labeling_lineanchorclipping": null, "auxiliary_storage_labeling_lineanchortype": null, "auxiliary_storage_labeling_lineanchortextpoint": null, "auxiliary_storage_callouts_originx": null, "auxiliary_storage_callouts_originy": null, "auxiliary_storage_callouts_destinationx": null, "auxiliary_storage_callouts_destinationy": null }, "geometry": { "type": "Polygon", "coordinates": [ [ [ -39.3185706, -6.261199 ], [ -39.3176171, -6.2659478 ], [ -39.2862712, -6.2790186 ], [ -39.2787247, -6.2792038 ], [ -39.2567135, -6.2716297 ], [ -39.2491905, -6.272634 ], [ -39.2417371, -6.2757812 ], [ -39.241067, -6.2906 ], [ -39.23779, -6.2907212 ], [ -39.2308548, -6.2945777 ], [ -39.2219402, -6.2893685 ], [ -39.2094435, -6.2901534 ], [ -39.1916494, -6.2974722 ], [ -39.1828948, -6.2984806 ], [ -39.1630903, -6.3046624 ], [ -39.1467263, -6.297774 ], [ -39.134668, -6.2890171 ], [ -39.1107485, -6.2567484 ], [ -39.098906, -6.2435931 ], [ -39.0919933, -6.2394565 ], [ -39.0745736, -6.2353206 ], [ -39.0660845, -6.2369519 ], [ -39.0637689, -6.2404251 ], [ -39.0614713, -6.2514843 ], [ -39.0563409, -6.2588205 ], [ -39.052828, -6.2961578 ], [ -39.0598337, -6.303565 ], [ -39.0716054, -6.3113216 ], [ -39.0824157, -6.333259 ], [ -39.0939956, -6.334822 ], [ -39.1011912, -6.3457032 ], [ -39.1019185, -6.3567566 ], [ -39.1094718, -6.3634429 ], [ -39.1189707, -6.3837557 ], [ -39.1299243, -6.3893383 ], [ -39.1293902, -6.4086288 ], [ -39.138411, -6.4132216 ], [ -39.1363319, -6.4169814 ], [ -39.1305247, -6.4198963 ], [ -39.1304201, -6.4260179 ], [ -39.1362223, -6.4298025 ], [ -39.1424694, -6.4398095 ], [ -39.1491673, -6.4438757 ], [ -39.1669695, -6.4471006 ], [ -39.1672218, -6.4498831 ], [ -39.1757506, -6.4492732 ], [ -39.1839427, -6.4526907 ], [ -39.191835, -6.4598134 ], [ -39.205138, -6.4632005 ], [ -39.2064464, -6.4651296 ], [ -39.2053072, -6.4702718 ], [ -39.2061686, -6.4759723 ], [ -39.2103402, -6.4859557 ], [ -39.2171387, -6.4899856 ], [ -39.2310328, -6.4924192 ], [ -39.2270529, -6.5022479 ], [ -39.2253399, -6.5159027 ], [ -39.2275255, -6.5189593 ], [ -39.2323098, -6.5198653 ], [ -39.236749, -6.523887 ], [ -39.2467484, -6.522518 ], [ -39.2510891, -6.5264663 ], [ -39.2567826, -6.5224162 ], [ -39.2777778, -6.5278635 ], [ -39.2858378, -6.5248068 ], [ -39.3022567, -6.5290281 ], [ -39.3188675, -6.530145 ], [ -39.3328112, -6.5342266 ], [ -39.3420047, -6.5347134 ], [ -39.34531, -6.5244738 ], [ -39.3442892, -6.5224075 ], [ -39.3485614, -6.5201883 ], [ -39.3587621, -6.5088175 ], [ -39.3545236, -6.5047083 ], [ -39.352783, -6.5001187 ], [ -39.3548122, -6.4944879 ], [ -39.3523461, -6.4922553 ], [ -39.3559755, -6.486949 ], [ -39.3480752, -6.4852674 ], [ -39.351183, -6.4778756 ], [ -39.3514356, -6.4690257 ], [ -39.3559036, -6.4657063 ], [ -39.3750026, -6.4748336 ], [ -39.3763955, -6.4714276 ], [ -39.3842829, -6.4706501 ], [ -39.3859197, -6.464494 ], [ -39.3980959, -6.4659042 ], [ -39.4072984, -6.4417868 ], [ -39.4078921, -6.4087309 ], [ -39.4131008, -6.4089099 ], [ -39.4148179, -6.3912376 ], [ -39.4168545, -6.3904272 ], [ -39.42737, -6.3925474 ], [ -39.4340708, -6.3982059 ], [ -39.4412095, -6.394867 ], [ -39.4502064, -6.3946139 ], [ -39.4518411, -6.3901546 ], [ -39.4639588, -6.3811558 ], [ -39.464247, -6.37716 ], [ -39.4732116, -6.3743594 ], [ -39.4685169, -6.3570109 ], [ -39.4640497, -6.3561366 ], [ -39.462718, -6.3516071 ], [ -39.4647481, -6.3505426 ], [ -39.4647603, -6.3482306 ], [ -39.4625979, -6.3457625 ], [ -39.4641955, -6.3425443 ], [ -39.4597548, -6.3336688 ], [ -39.4583689, -6.32703 ], [ -39.4638612, -6.2803854 ], [ -39.4146335, -6.2591705 ], [ -39.4148689, -6.2544074 ], [ -39.4175821, -6.2525264 ], [ -39.4170626, -6.2457156 ], [ -39.4125346, -6.2430773 ], [ -39.4114599, -6.2397252 ], [ -39.4063961, -6.2341633 ], [ -39.3906233, -6.2219668 ], [ -39.3870941, -6.2220141 ], [ -39.3847692, -6.2193781 ], [ -39.3810528, -6.2206979 ], [ -39.3806338, -6.2192005 ], [ -39.3749392, -6.2167475 ], [ -39.373504, -6.2166791 ], [ -39.3726625, -6.2189844 ], [ -39.3690652, -6.216269 ], [ -39.3672292, -6.2211912 ], [ -39.3612393, -6.2215802 ], [ -39.3567744, -6.2257183 ], [ -39.3077218, -6.1745663 ], [ -39.3038369, -6.1761416 ], [ -39.2965848, -6.1754908 ], [ -39.282943, -6.1710963 ], [ -39.2771414, -6.1717127 ], [ -39.2735904, -6.1769013 ], [ -39.2729118, -6.182646 ], [ -39.2773901, -6.1875896 ], [ -39.2758648, -6.1938196 ], [ -39.2794484, -6.1981825 ], [ -39.2767504, -6.20376 ], [ -39.2794469, -6.2064729 ], [ -39.2806431, -6.2112282 ], [ -39.2658261, -6.2231031 ], [ -39.2949651, -6.2316991 ], [ -39.290885, -6.249401 ], [ -39.297434, -6.2518506 ], [ -39.3045492, -6.2510087 ], [ -39.3069115, -6.2520238 ], [ -39.3088838, -6.2571328 ], [ -39.3134642, -6.2609969 ], [ -39.3185706, -6.261199 ] ] ] } },
{ "type": "Feature", "properties": { "CD_MUN": "2304202", "NM_MUN": "Crato", "CD_RGI": "230011", "NM_RGI": "Juazeiro do Norte", "CD_RGINT": "2304", "NM_RGINT": "Juazeiro do Norte", "CD_UF": "23", "NM_UF": "Ceará", "SIGLA_UF": "CE", "CD_REGIA": "2", "NM_REGIA": "Nordeste", "SIGLA_RG": "NE", "CD_CONCU": "2307304", "NM_CONCU": "Juazeiro do Norte/CE", "AREA_KM2": 1138.15, "mun_upp": "CRATO", "has_qualif": 1, "municipio": "Crato", "REGIÃO DE PLANEJAMENTO": "Cariri", "auxiliary_storage_labeling_positionx": null, "auxiliary_storage_labeling_positiony": null, "auxiliary_storage_labeling_lineanchorpercent": null, "auxiliary_storage_labeling_lineanchorclipping": null, "auxiliary_storage_labeling_lineanchortype": null, "auxiliary_storage_labeling_lineanchortextpoint": null, "auxiliary_storage_callouts_originx": null, "auxiliary_storage_callouts_originy": null, "auxiliary_storage_callouts_destinationx": null, "auxiliary_storage_callouts_destinationy": null }, "geometry": { "type": "Polygon", "coordinates": [ [ [ -39.3560633, -7.2279119 ], [ -39.3508212, -7.2551526 ], [ -39.3492252, -7.2548092 ], [ -39.3467002, -7.2655077 ], [ -39.3525098, -7.2673947 ], [ -39.3614308, -7.2736173 ], [ -39.3604468, -7.2814031 ], [ -39.3697278, -7.2949482 ], [ -39.3747264, -7.2948716 ], [ -39.3755308, -7.305138 ], [ -39.4010693, -7.3071544 ], [ -39.4462942, -7.335859 ], [ -39.4450564, -7.5725434 ], [ -39.4601623, -7.5760137 ], [ -39.4658043, -7.574618 ], [ -39.4716808, -7.5758006 ], [ -39.4743794, -7.5689258 ], [ -39.4765268, -7.5533277 ], [ -39.4842439, -7.5410898 ], [ -39.4851642, -7.534449 ], [ -39.4825305, -7.5300511 ], [ -39.4766528, -7.5270467 ], [ -39.4696884, -7.5205686 ], [ -39.4573058, -7.506183 ], [ -39.4556775, -7.5018609 ], [ -39.4567375, -7.4804424 ], [ -39.4607476, -7.471219 ], [ -39.4678566, -7.4695906 ], [ -39.4755119, -7.4726704 ], [ -39.4897325, -7.4724233 ], [ -39.5023605, -7.4641484 ], [ -39.5121027, -7.4671479 ], [ -39.5364439, -7.4825303 ], [ -39.5432491, -7.4847605 ], [ -39.5528279, -7.4806568 ], [ -39.5574548, -7.4725449 ], [ -39.5625407, -7.460378 ], [ -39.5715905, -7.4298313 ], [ -39.5765339, -7.427895 ], [ -39.5879776, -7.4323573 ], [ -39.5930779, -7.4323513 ], [ -39.6000662, -7.4280277 ], [ -39.5994946, -7.0800773 ], [ -39.5967432, -7.0816867 ], [ -39.5937666, -7.0806056 ], [ -39.5897609, -7.0752218 ], [ -39.5864912, -7.0737421 ], [ -39.583743, -7.0761915 ], [ -39.577465, -7.074524 ], [ -39.5809341, -7.0553638 ], [ -39.5776864, -7.0530674 ], [ -39.583365, -7.0477852 ], [ -39.5797478, -7.0453741 ], [ -39.578209, -7.033514 ], [ -39.5812307, -7.0233467 ], [ -39.5767739, -7.0174647 ], [ -39.5714179, -7.0182222 ], [ -39.5669094, -7.0165074 ], [ -39.5649572, -7.0185441 ], [ -39.5631425, -7.0164335 ], [ -39.5601178, -7.0161446 ], [ -39.5616011, -7.0145394 ], [ -39.5545974, -7.0111451 ], [ -39.5424709, -7.0095781 ], [ -39.5313448, -7.0046519 ], [ -39.5164217, -7.0016559 ], [ -39.5108497, -7.0064526 ], [ -39.5027833, -7.0066408 ], [ -39.5014539, -7.0123383 ], [ -39.4523343, -7.0092909 ], [ -39.4551188, -7.0669432 ], [ -39.4531055, -7.0676551 ], [ -39.4503025, -7.065079 ], [ -39.4467235, -7.0659653 ], [ -39.4462974, -7.0630684 ], [ -39.442334, -7.0646535 ], [ -39.4425479, -7.0617146 ], [ -39.4342505, -7.0639558 ], [ -39.4320062, -7.0624545 ], [ -39.427801, -7.0656294 ], [ -39.4284696, -7.0616741 ], [ -39.4244225, -7.0625415 ], [ -39.4217475, -7.0608429 ], [ -39.4223301, -7.0589414 ], [ -39.4193622, -7.0625194 ], [ -39.4153569, -7.0607422 ], [ -39.4123333, -7.0644868 ], [ -39.4118932, -7.0623189 ], [ -39.4070708, -7.0618084 ], [ -39.4063312, -7.0598839 ], [ -39.4028549, -7.0615093 ], [ -39.3955372, -7.06018 ], [ -39.3975689, -7.0655281 ], [ -39.3959913, -7.0662527 ], [ -39.3949755, -7.0628811 ], [ -39.3931538, -7.0628534 ], [ -39.3934583, -7.0600069 ], [ -39.3901195, -7.0600165 ], [ -39.3900849, -7.0623111 ], [ -39.3881204, -7.0629522 ], [ -39.3882022, -7.0589893 ], [ -39.3855622, -7.0616408 ], [ -39.3846613, -7.058978 ], [ -39.3790392, -7.0570848 ], [ -39.368738, -7.0586184 ], [ -39.3673243, -7.0618966 ], [ -39.3706527, -7.0635946 ], [ -39.3691765, -7.0643909 ], [ -39.3662889, -7.0612441 ], [ -39.3657818, -7.0580004 ], [ -39.35992, -7.0584337 ], [ -39.3618532, -7.0600619 ], [ -39.3605389, -7.0613542 ], [ -39.3650692, -7.0653286 ], [ -39.3573458, -7.0660482 ], [ -39.3596253, -7.0704317 ], [ -39.359346, -7.0746664 ], [ -39.3494974, -7.0827571 ], [ -39.3488602, -7.0904247 ], [ -39.3445376, -7.0908766 ], [ -39.3434783, -7.0921722 ], [ -39.3446811, -7.0951968 ], [ -39.3368321, -7.1006101 ], [ -39.340161, -7.1086095 ], [ -39.3391774, -7.1186878 ], [ -39.3404047, -7.1255734 ], [ -39.3439079, -7.1328253 ], [ -39.3431314, -7.1410598 ], [ -39.3490699, -7.1445992 ], [ -39.3549209, -7.1543397 ], [ -39.3606511, -7.1592519 ], [ -39.3649915, -7.1607202 ], [ -39.3667035, -7.1641056 ], [ -39.3639819, -7.2128991 ], [ -39.3560633, -7.2279119 ] ] ] } },
{ "type": "Feature", "properties": { "CD_MUN": "2308104", "NM_MUN": "Mauriti", "CD_RGI": "230012", "NM_RGI": "Brejo Santo", "CD_RGINT": "2304", "NM_RGINT": "Juazeiro do Norte", "CD_UF": "23", "NM_UF": "Ceará", "SIGLA_UF": "CE", "CD_REGIA": "2", "NM_REGIA": "Nordeste", "SIGLA_RG": "NE", "CD_CONCU": null, "NM_CONCU": null, "AREA_KM2": 1079.011, "mun_upp": "MAURITI", "has_qualif": 1, "municipio": "Mauriti", "REGIÃO DE PLANEJAMENTO": "Cariri", "auxiliary_storage_labeling_positionx": null, "auxiliary_storage_labeling_positiony": null, "auxiliary_storage_labeling_lineanchorpercent": null, "auxiliary_storage_labeling_lineanchorclipping": null, "auxiliary_storage_labeling_lineanchortype": null, "auxiliary_storage_labeling_lineanchortextpoint": null, "auxiliary_storage_callouts_originx": null, "auxiliary_storage_callouts_originy": null, "auxiliary_storage_callouts_destinationx": null, "auxiliary_storage_callouts_destinationy": null }, "geometry": { "type": "Polygon", "coordinates": [ [ [ -38.7758625, -7.6042277 ], [ -38.8823563, -7.4570869 ], [ -38.860262, -7.3544669 ], [ -38.7830141, -7.2268077 ], [ -38.7735144, -7.2358413 ], [ -38.7670554, -7.2365644 ], [ -38.7626158, -7.2349492 ], [ -38.7571964, -7.2379541 ], [ -38.738407, -7.2376035 ], [ -38.6725453, -7.231994 ], [ -38.6618971, -7.2269991 ], [ -38.6582189, -7.2229995 ], [ -38.6499386, -7.2235124 ], [ -38.6462327, -7.219146 ], [ -38.6408572, -7.2221684 ], [ -38.6199803, -7.2201089 ], [ -38.6163706, -7.2252009 ], [ -38.615368, -7.2301858 ], [ -38.6054246, -7.236875 ], [ -38.6006443, -7.2347684 ], [ -38.598157, -7.2387419 ], [ -38.5976633, -7.2441884 ], [ -38.592774, -7.2476141 ], [ -38.5830835, -7.2483827 ], [ -38.5588783, -7.2394171 ], [ -38.5548288, -7.2404888 ], [ -38.5519621, -7.2434785 ], [ -38.5549089, -7.2555394 ], [ -38.5538291, -7.2599962 ], [ -38.5490784, -7.2659087 ], [ -38.5421454, -7.2659016 ], [ -38.5426311, -7.2783913 ], [ -38.5362869, -7.2864641 ], [ -38.5345869, -7.293793 ], [ -38.5355121, -7.2973977 ], [ -38.5382647, -7.2993889 ], [ -38.5401103, -7.3062186 ], [ -38.542318, -7.3068269 ], [ -38.5460444, -7.3127139 ], [ -38.5503552, -7.3154642 ], [ -38.5512108, -7.3221961 ], [ -38.5486578, -7.3265461 ], [ -38.5485231, -7.3321317 ], [ -38.5533896, -7.3443895 ], [ -38.5572448, -7.3471289 ], [ -38.5583543, -7.3539359 ], [ -38.5771196, -7.3772975 ], [ -38.5789934, -7.3809392 ], [ -38.5781287, -7.3862016 ], [ -38.5836026, -7.3982047 ], [ -38.590385, -7.4011817 ], [ -38.5953292, -7.4114812 ], [ -38.5956274, -7.4155792 ], [ -38.5872744, -7.4146795 ], [ -38.5844975, -7.416351 ], [ -38.5834351, -7.4199403 ], [ -38.5860449, -7.4278365 ], [ -38.5842507, -7.4331779 ], [ -38.5853008, -7.4348151 ], [ -38.5915227, -7.4330602 ], [ -38.5950183, -7.4339374 ], [ -38.5960744, -7.4386304 ], [ -38.6058031, -7.4445745 ], [ -38.6028442, -7.4535583 ], [ -38.603328, -7.457592 ], [ -38.6161056, -7.4569382 ], [ -38.6219958, -7.4606698 ], [ -38.6417139, -7.4581761 ], [ -38.6462573, -7.4627181 ], [ -38.6416907, -7.4649675 ], [ -38.6409403, -7.4697056 ], [ -38.636249, -7.4735852 ], [ -38.634543, -7.4793308 ], [ -38.6305654, -7.4839522 ], [ -38.6309039, -7.4873298 ], [ -38.6336887, -7.4906693 ], [ -38.6382417, -7.4921263 ], [ -38.6459957, -7.501926 ], [ -38.6449698, -7.5061333 ], [ -38.648395, -7.5114283 ], [ -38.6459418, -7.5143756 ], [ -38.6464753, -7.5175416 ], [ -38.6546578, -7.5222219 ], [ -38.6512682, -7.5310256 ], [ -38.652774, -7.5406879 ], [ -38.6564876, -7.5461935 ], [ -38.6529916, -7.5526194 ], [ -38.6591555, -7.5616704 ], [ -38.6558499, -7.5635424 ], [ -38.6553251, -7.565543 ], [ -38.6611819, -7.5682918 ], [ -38.6771712, -7.5705696 ], [ -38.686059, -7.5812 ], [ -38.6948289, -7.5825092 ], [ -38.7036588, -7.5809573 ], [ -38.711025, -7.586634 ], [ -38.7100741, -7.5974333 ], [ -38.7140745, -7.5993424 ], [ -38.7122726, -7.6042533 ], [ -38.7130226, -7.6083534 ], [ -38.7182993, -7.6093555 ], [ -38.7156068, -7.612086 ], [ -38.7149743, -7.6162728 ], [ -38.7151129, -7.6219195 ], [ -38.7172309, -7.626238 ], [ -38.7758625, -7.6042277 ] ] ] } },
{ "type": "Feature", "properties": { "CD_MUN": "2311405", "NM_MUN": "Quixeramobim", "CD_RGI": "230006", "NM_RGI": "Quixadá", "CD_RGINT": "2302", "NM_RGINT": "Quixadá", "CD_UF": "23", "NM_UF": "Ceará", "SIGLA_UF": "CE", "CD_REGIA": "2", "NM_REGIA": "Nordeste", "SIGLA_RG": "NE", "CD_CONCU": null, "NM_CONCU": null, "AREA_KM2": 3302.144, "mun_upp": "QUIXERAMOBIM", "has_qualif": 1, "municipio": "Quixeramobim", "REGIÃO DE PLANEJAMENTO": "Sertão Central", "auxiliary_storage_labeling_positionx": null, "auxiliary_storage_labeling_positiony": null, "auxiliary_storage_labeling_lineanchorpercent": null, "auxiliary_storage_labeling_lineanchorclipping": null, "auxiliary_storage_labeling_lineanchortype": null, "auxiliary_storage_labeling_lineanchortextpoint": null, "auxiliary_storage_callouts_originx": null, "auxiliary_storage_callouts_originy": null, "auxiliary_storage_callouts_destinationx": null, "auxiliary_storage_callouts_destinationy": null }, "geometry": { "type": "Polygon", "coordinates": [ [ [ -39.3216512, -5.5096768 ], [ -39.3675885, -5.5259614 ], [ -39.3696834, -5.5169336 ], [ -39.3722049, -5.5154002 ], [ -39.3745907, -5.5108032 ], [ -39.3821591, -5.5183662 ], [ -39.4199138, -5.4987656 ], [ -39.4382048, -5.4785365 ], [ -39.4641162, -5.4757678 ], [ -39.5001609, -5.4538637 ], [ -39.5178791, -5.4623009 ], [ -39.5277879, -5.4532737 ], [ -39.5375181, -5.4311619 ], [ -39.5365332, -5.4142888 ], [ -39.5439622, -5.4053881 ], [ -39.5592238, -5.4037792 ], [ -39.578742, -5.4061055 ], [ -39.5818004, -5.4080901 ], [ -39.5891711, -5.4072223 ], [ -39.5968215, -5.3997073 ], [ -39.5991846, -5.4010917 ], [ -39.600335, -5.4064701 ], [ -39.6069158, -5.4030924 ], [ -39.614004, -5.4061456 ], [ -39.6161112, -5.4021029 ], [ -39.6306126, -5.3994102 ], [ -39.6447365, -5.3838904 ], [ -39.6226711, -5.3590512 ], [ -39.6324047, -5.3370197 ], [ -39.6299344, -5.3328492 ], [ -39.6297396, -5.3285194 ], [ -39.6316763, -5.3249655 ], [ -39.6231247, -5.3250916 ], [ -39.6208817, -5.3224519 ], [ -39.6226469, -5.3146248 ], [ -39.6269863, -5.3071091 ], [ -39.6239765, -5.2551586 ], [ -39.5362462, -5.1188409 ], [ -39.5474419, -5.1121476 ], [ -39.5612748, -5.1080595 ], [ -39.565586, -5.1028173 ], [ -39.5796958, -5.0964583 ], [ -39.5930223, -5.098059 ], [ -39.5965979, -5.0969945 ], [ -39.6042906, -5.0898549 ], [ -39.6139458, -5.0842948 ], [ -39.6182281, -5.0768278 ], [ -39.6292613, -5.0655126 ], [ -39.633955, -5.0571996 ], [ -39.6339517, -5.053799 ], [ -39.6288321, -5.0429954 ], [ -39.5023184, -5.0521998 ], [ -39.4936843, -5.0301761 ], [ -39.4725737, -5.0086859 ], [ -39.4783356, -4.9952064 ], [ -39.4807203, -4.9767257 ], [ -39.4726103, -4.9747956 ], [ -39.4667459, -4.9638279 ], [ -39.459703, -4.9598451 ], [ -39.4383818, -4.9524975 ], [ -39.4314736, -4.9540334 ], [ -39.4278443, -4.9494045 ], [ -39.4208183, -4.9504558 ], [ -39.4222696, -4.9422059 ], [ -39.4124266, -4.9405015 ], [ -39.4088839, -4.9352943 ], [ -39.4012054, -4.9304132 ], [ -39.3991373, -4.9311054 ], [ -39.3967722, -4.9279525 ], [ -39.3955188, -4.9288669 ], [ -39.3944569, -4.927404 ], [ -39.3905922, -4.9333623 ], [ -39.3866972, -4.9354879 ], [ -39.389622, -4.9437541 ], [ -39.3849084, -4.9466642 ], [ -39.3854701, -4.9560435 ], [ -39.380079, -4.9570778 ], [ -39.3768942, -4.961736 ], [ -39.3745156, -4.9675059 ], [ -39.3765332, -4.9701825 ], [ -39.3755034, -4.9722067 ], [ -39.3656102, -4.9746891 ], [ -39.3620937, -4.9798398 ], [ -39.3551641, -4.9819643 ], [ -39.3499399, -4.9742843 ], [ -39.351967, -4.9687683 ], [ -39.3555997, -4.9665607 ], [ -39.348272, -4.9603283 ], [ -39.352035, -4.9570167 ], [ -39.3522276, -4.9548768 ], [ -39.3556264, -4.9532576 ], [ -39.3548773, -4.947153 ], [ -39.3598091, -4.9427477 ], [ -39.3579815, -4.9400025 ], [ -39.3585803, -4.9377264 ], [ -39.3660118, -4.9330833 ], [ -39.363099, -4.9275799 ], [ -39.3633057, -4.9236962 ], [ -39.3601209, -4.9224993 ], [ -39.3606352, -4.9208296 ], [ -39.3591631, -4.9211522 ], [ -39.3587407, -4.9174133 ], [ -39.3605264, -4.9125725 ], [ -39.3574911, -4.909001 ], [ -39.3553891, -4.9097408 ], [ -39.3537829, -4.907911 ], [ -39.3547876, -4.9044663 ], [ -39.3522611, -4.9044168 ], [ -39.3526024, -4.9009055 ], [ -39.351288, -4.9006405 ], [ -39.3528264, -4.8976264 ], [ -39.3468262, -4.8961869 ], [ -39.3474184, -4.892307 ], [ -39.3499226, -4.889349 ], [ -39.3488459, -4.8870465 ], [ -39.3532276, -4.8821777 ], [ -39.3553364, -4.860288 ], [ -39.3573877, -4.8584687 ], [ -39.361194, -4.8582842 ], [ -39.3610423, -4.856359 ], [ -39.3587121, -4.8562135 ], [ -39.3581166, -4.8541017 ], [ -39.3620936, -4.8535398 ], [ -39.3660147, -4.8495415 ], [ -39.3627837, -4.8480296 ], [ -39.3649274, -4.8468442 ], [ -39.3638561, -4.8435387 ], [ -39.3661779, -4.8403884 ], [ -39.3649066, -4.8390083 ], [ -39.3595199, -4.8391844 ], [ -39.3576239, -4.8373025 ], [ -39.3594494, -4.8360447 ], [ -39.3586002, -4.8342761 ], [ -39.3537507, -4.8313754 ], [ -39.3541435, -4.8275316 ], [ -39.3480761, -4.8203062 ], [ -39.3488013, -4.8152644 ], [ -39.3451996, -4.8132337 ], [ -39.3484571, -4.8015115 ], [ -39.3455982, -4.7960182 ], [ -39.3400723, -4.792176 ], [ -39.3386221, -4.7954356 ], [ -39.3434769, -4.8001197 ], [ -39.3415368, -4.8060498 ], [ -39.3425123, -4.8122849 ], [ -39.331076, -4.8321411 ], [ -39.3335995, -4.8351321 ], [ -39.3238025, -4.835599 ], [ -39.3191966, -4.8394935 ], [ -39.3121631, -4.8378912 ], [ -39.3037409, -4.8435461 ], [ -39.306614, -4.8470164 ], [ -39.3038743, -4.8485989 ], [ -39.3019365, -4.853684 ], [ -39.2967473, -4.8550486 ], [ -39.3006795, -4.8630505 ], [ -39.2982333, -4.8703009 ], [ -39.3012901, -4.872562 ], [ -39.3017519, -4.8748242 ], [ -39.3000809, -4.8801769 ], [ -39.2860933, -4.8802377 ], [ -39.2835608, -4.8850556 ], [ -39.2854005, -4.8931461 ], [ -39.273639, -4.9017176 ], [ -39.2741205, -4.9057708 ], [ -39.2723321, -4.9086633 ], [ -39.2614526, -4.9141873 ], [ -39.2591577, -4.9183365 ], [ -39.2534958, -4.9190517 ], [ -39.2494735, -4.9242531 ], [ -39.2499969, -4.9275059 ], [ -39.2447011, -4.9346238 ], [ -39.2429242, -4.9400585 ], [ -39.2331083, -4.9448614 ], [ -39.2299688, -4.9492568 ], [ -39.224329, -4.9504327 ], [ -39.2242165, -4.9536127 ], [ -39.2266593, -4.9579302 ], [ -39.224544, -4.9623304 ], [ -39.2270612, -4.969167 ], [ -39.2267503, -4.973501 ], [ -39.2341117, -4.9777495 ], [ -39.2297812, -4.9885638 ], [ -39.2312657, -4.9985612 ], [ -39.2286404, -5.0055534 ], [ -39.2292378, -5.0096283 ], [ -39.227039, -5.0100638 ], [ -39.2261372, -5.0133877 ], [ -39.2234547, -5.0117676 ], [ -39.2198607, -5.0120496 ], [ -39.2169386, -5.0098318 ], [ -39.213092, -5.0104489 ], [ -39.2096621, -5.0152316 ], [ -39.2056568, -5.0154684 ], [ -39.2046603, -5.018421 ], [ -39.2005305, -5.0085872 ], [ -39.1986882, -5.0083342 ], [ -39.1953042, -5.0159424 ], [ -39.1920539, -5.0180081 ], [ -39.1915514, -5.0287488 ], [ -39.1864626, -5.0291487 ], [ -39.1851507, -5.0366704 ], [ -39.179661, -5.0438819 ], [ -39.1764974, -5.0434796 ], [ -39.1703557, -5.0525975 ], [ -39.1659886, -5.0522818 ], [ -39.16304, -5.0539762 ], [ -39.1599188, -5.0514589 ], [ -39.1570785, -5.0524923 ], [ -39.1555073, -5.0546483 ], [ -39.1573063, -5.0616763 ], [ -39.1478497, -5.061606 ], [ -39.1582634, -5.0780246 ], [ -39.1589332, -5.0835315 ], [ -39.1618243, -5.086393 ], [ -39.1596886, -5.0886579 ], [ -39.1559037, -5.0873183 ], [ -39.1562347, -5.0930063 ], [ -39.1587471, -5.0985489 ], [ -39.1518563, -5.1038039 ], [ -39.1508815, -5.1069923 ], [ -39.1590826, -5.1035847 ], [ -39.1599143, -5.1066641 ], [ -39.1625877, -5.1051055 ], [ -39.1649364, -5.1058658 ], [ -39.168443, -5.1124405 ], [ -39.160487, -5.1202497 ], [ -39.1609932, -5.1216626 ], [ -39.1690151, -5.1238343 ], [ -39.1689441, -5.1284355 ], [ -39.1662711, -5.1317331 ], [ -39.1544752, -5.1382938 ], [ -39.1480902, -5.1446625 ], [ -39.1386258, -5.1463698 ], [ -39.1373584, -5.1444611 ], [ -39.1374605, -5.1362189 ], [ -39.135929, -5.1359112 ], [ -39.1278909, -5.141823 ], [ -39.1268308, -5.1490193 ], [ -39.1196943, -5.1482238 ], [ -39.1102411, -5.1500596 ], [ -39.1031373, -5.156623 ], [ -39.0937864, -5.1498403 ], [ -39.0898234, -5.1525547 ], [ -39.0832133, -5.1512058 ], [ -39.08874, -5.1730247 ], [ -39.0580604, -5.2207231 ], [ -39.0539819, -5.2240297 ], [ -39.0469321, -5.2264037 ], [ -39.0370722, -5.22224 ], [ -39.0286288, -5.2221369 ], [ -39.0315317, -5.2257054 ], [ -39.0330649, -5.2353093 ], [ -39.041042, -5.2513886 ], [ -39.0335348, -5.2662654 ], [ -39.0343014, -5.2717103 ], [ -39.0432436, -5.2794648 ], [ -39.0446492, -5.2853334 ], [ -39.0496314, -5.2895475 ], [ -39.0545358, -5.299992 ], [ -39.0851105, -5.4024881 ], [ -39.0689054, -5.4081034 ], [ -39.0590386, -5.4151742 ], [ -39.0554768, -5.4296724 ], [ -39.0607276, -5.4606538 ], [ -39.0687502, -5.473563 ], [ -39.071325, -5.486274 ], [ -39.0695442, -5.4878628 ], [ -39.0684549, -5.4934229 ], [ -39.0631065, -5.4975946 ], [ -39.0602938, -5.5110889 ], [ -39.0630238, -5.5129187 ], [ -39.0750603, -5.5317889 ], [ -39.078071, -5.5327099 ], [ -39.0890427, -5.5287515 ], [ -39.0875508, -5.5107907 ], [ -39.0913232, -5.5068316 ], [ -39.0935573, -5.5067343 ], [ -39.0968938, -5.5124505 ], [ -39.1016508, -5.5107874 ], [ -39.1091972, -5.5112702 ], [ -39.1162965, -5.5071154 ], [ -39.1252828, -5.5079845 ], [ -39.1337618, -5.5124396 ], [ -39.1435745, -5.5067506 ], [ -39.1469981, -5.5089407 ], [ -39.1511108, -5.5162261 ], [ -39.1564609, -5.5164968 ], [ -39.1586036, -5.5149823 ], [ -39.1607621, -5.5186574 ], [ -39.1650922, -5.5194687 ], [ -39.1675572, -5.5240256 ], [ -39.1772349, -5.5253571 ], [ -39.1818144, -5.5225387 ], [ -39.1888996, -5.5231208 ], [ -39.193591, -5.5306079 ], [ -39.2005709, -5.5362265 ], [ -39.2026032, -5.5414957 ], [ -39.2068174, -5.5443701 ], [ -39.2146753, -5.5448299 ], [ -39.2205183, -5.5397925 ], [ -39.2249824, -5.546119 ], [ -39.2207365, -5.566906 ], [ -39.2300282, -5.5743065 ], [ -39.2329048, -5.5794956 ], [ -39.2457324, -5.5846361 ], [ -39.2468323, -5.5924676 ], [ -39.2535148, -5.5836951 ], [ -39.2603311, -5.5808139 ], [ -39.2530186, -5.5688135 ], [ -39.2544018, -5.5632091 ], [ -39.2533974, -5.5606365 ], [ -39.2560422, -5.558535 ], [ -39.2615248, -5.5587719 ], [ -39.2631953, -5.5550253 ], [ -39.2655598, -5.5537557 ], [ -39.2630729, -5.5482487 ], [ -39.2693859, -5.5428425 ], [ -39.2706226, -5.5372949 ], [ -39.277914, -5.5300242 ], [ -39.2786613, -5.5253116 ], [ -39.2805608, -5.5262681 ], [ -39.2858806, -5.523887 ], [ -39.2858199, -5.5217328 ], [ -39.2890551, -5.5185419 ], [ -39.2939813, -5.5174385 ], [ -39.296649, -5.5124099 ], [ -39.2992134, -5.5132083 ], [ -39.3022204, -5.5101849 ], [ -39.3083724, -5.5099365 ], [ -39.3071254, -5.5045527 ], [ -39.3174795, -5.5043146 ], [ -39.3216512, -5.5096768 ] ] ] } },
{ "type": "Feature", "properties": { "CD_MUN": "2304251", "NM_MUN": "Cruz", "CD_RGI": "230017", "NM_RGI": "Acaraú", "CD_RGINT": "2306", "NM_RGINT": "Sobral", "CD_UF": "23", "NM_UF": "Ceará", "SIGLA_UF": "CE", "CD_REGIA": "2", "NM_REGIA": "Nordeste", "SIGLA_RG": "NE", "CD_CONCU": null, "NM_CONCU": null, "AREA_KM2": 335.921, "mun_upp": "CRUZ", "has_qualif": 1, "municipio": "Cruz", "REGIÃO DE PLANEJAMENTO": "Litoral Norte", "auxiliary_storage_labeling_positionx": null, "auxiliary_storage_labeling_positiony": null, "auxiliary_storage_labeling_lineanchorpercent": null, "auxiliary_storage_labeling_lineanchorclipping": null, "auxiliary_storage_labeling_lineanchortype": null, "auxiliary_storage_labeling_lineanchortextpoint": null, "auxiliary_storage_callouts_originx": null, "auxiliary_storage_callouts_originy": null, "auxiliary_storage_callouts_destinationx": null, "auxiliary_storage_callouts_destinationy": null }, "geometry": { "type": "Polygon", "coordinates": [ [ [ -40.1630696, -2.9220129 ], [ -40.1680417, -2.9269096 ], [ -40.1697455, -2.9306738 ], [ -40.1687132, -2.9364261 ], [ -40.1701666, -2.9440894 ], [ -40.1725263, -2.9420893 ], [ -40.2084204, -2.9450519 ], [ -40.210708, -2.9473468 ], [ -40.2368261, -2.9521351 ], [ -40.2606247, -2.9427511 ], [ -40.2638884, -2.9398278 ], [ -40.3201005, -2.943769 ], [ -40.3224754, -2.947361 ], [ -40.3220166, -2.956515 ], [ -40.3310564, -2.9640097 ], [ -40.337865, -2.9648162 ], [ -40.36175, -2.9665274 ], [ -40.3721958, -2.9649838 ], [ -40.3824723, -2.9567391 ], [ -40.382697, -2.9475545 ], [ -40.3914209, -2.9498678 ], [ -40.392372, -2.9477621 ], [ -40.4025063, -2.9480528 ], [ -40.4024361, -2.9499519 ], [ -40.4179092, -2.9514692 ], [ -40.4186365, -2.9478429 ], [ -40.4249726, -2.9469695 ], [ -40.4330054, -2.9413022 ], [ -40.4351191, -2.9312415 ], [ -40.4297074, -2.9166188 ], [ -40.4323944, -2.9010109 ], [ -40.4418961, -2.8929435 ], [ -40.452033, -2.8897962 ], [ -40.4512855, -2.8784163 ], [ -40.4541248, -2.8692511 ], [ -40.4500074, -2.8613993 ], [ -40.4478967, -2.8482886 ], [ -40.451982, -2.8417746 ], [ -40.4513816, -2.8403903 ], [ -40.4573379, -2.832783 ], [ -40.4540916, -2.8321799 ], [ -40.4507399, -2.8287796 ], [ -40.4522474, -2.8257924 ], [ -40.4501075, -2.8234894 ], [ -40.4527106, -2.8218421 ], [ -40.4509224, -2.8200967 ], [ -40.4582257, -2.8192654 ], [ -40.4588644, -2.8094573 ], [ -40.4533375, -2.805623 ], [ -40.4558941, -2.8031943 ], [ -40.435737, -2.8100972 ], [ -40.412154, -2.8129832 ], [ -40.3916315, -2.8137684 ], [ -40.3701521, -2.812123 ], [ -40.3612925, -2.8668082 ], [ -40.3476562, -2.8638458 ], [ -40.3428281, -2.8661437 ], [ -40.3360947, -2.8636957 ], [ -40.3291345, -2.864618 ], [ -40.3243812, -2.8612671 ], [ -40.2892949, -2.8762189 ], [ -40.2720967, -2.8794225 ], [ -40.2708908, -2.8783137 ], [ -40.2723791, -2.8699468 ], [ -40.2203892, -2.8727985 ], [ -40.2105579, -2.8698873 ], [ -40.1959351, -2.8731318 ], [ -40.1818167, -2.8693897 ], [ -40.1680396, -2.8734729 ], [ -40.1510148, -2.884204 ], [ -40.1478848, -2.8898067 ], [ -40.1470812, -2.8957864 ], [ -40.149466, -2.9002593 ], [ -40.1494564, -2.9055796 ], [ -40.1513469, -2.9060898 ], [ -40.1508635, -2.9082179 ], [ -40.152933, -2.9116309 ], [ -40.1587762, -2.9146527 ], [ -40.1602209, -2.9183956 ], [ -40.1625606, -2.9166257 ], [ -40.1646562, -2.9175043 ], [ -40.1630696, -2.9220129 ] ] ] } },
{ "type": "Feature", "properties": { "CD_MUN": "2300705", "NM_MUN": "Alto Santo", "CD_RGI": "230007", "NM_RGI": "Russas - Limoeiro do Norte", "CD_RGINT": "2302", "NM_RGINT": "Quixadá", "CD_UF": "23", "NM_UF": "Ceará", "SIGLA_UF": "CE", "CD_REGIA": "2", "NM_REGIA": "Nordeste", "SIGLA_RG": "NE", "CD_CONCU": null, "NM_CONCU": null, "AREA_KM2": 1147.209, "mun_upp": "ALTO SANTO", "has_qualif": 1, "municipio": "Alto Santo", "REGIÃO DE PLANEJAMENTO": "Vale do Jaguaribe", "auxiliary_storage_labeling_positionx": null, "auxiliary_storage_labeling_positiony": null, "auxiliary_storage_labeling_lineanchorpercent": null, "auxiliary_storage_labeling_lineanchorclipping": null, "auxiliary_storage_labeling_lineanchortype": null, "auxiliary_storage_labeling_lineanchortextpoint": null, "auxiliary_storage_callouts_originx": null, "auxiliary_storage_callouts_originy": null, "auxiliary_storage_callouts_destinationx": null, "auxiliary_storage_callouts_destinationy": null }, "geometry": { "type": "Polygon", "coordinates": [ [ [ -38.158549053097794, -5.35781303005218 ], [ -38.1537935, -5.3609873 ], [ -38.1496698, -5.3667589 ], [ -38.1449636, -5.3688148 ], [ -38.1426513, -5.3716542 ], [ -38.1423335, -5.3780909 ], [ -38.1192911, -5.3967521 ], [ -38.117456, -5.401877 ], [ -38.1148935, -5.4011669 ], [ -38.1096495, -5.4033452 ], [ -38.1108124, -5.40503 ], [ -38.1095277, -5.408328 ], [ -38.1053796, -5.4117385 ], [ -38.1031692, -5.4199851 ], [ -38.0938709, -5.4243722 ], [ -38.093699, -5.4267379 ], [ -38.0913277, -5.4274438 ], [ -38.0924688, -5.429578 ], [ -38.0871849, -5.4342791 ], [ -38.0804997, -5.4353703 ], [ -38.0802083, -5.4410111 ], [ -38.0777562, -5.4436297 ], [ -38.07878, -5.4529146 ], [ -38.0738198, -5.461442 ], [ -38.0677224, -5.4848339 ], [ -38.0592754, -5.5013793 ], [ -38.0532221, -5.5077138 ], [ -38.0496525, -5.5153841 ], [ -38.0483277, -5.5233823 ], [ -38.0435257, -5.5307464 ], [ -38.0414317, -5.5519303 ], [ -38.0358076, -5.567213 ], [ -38.0366469, -5.5728382 ], [ -38.0574188, -5.6101173 ], [ -38.0594539, -5.6297645 ], [ -38.027815, -5.6227075 ], [ -38.0342697, -5.6371528 ], [ -38.0366829, -5.6394887 ], [ -38.0533836, -5.646104 ], [ -38.0642545, -5.6563235 ], [ -38.0758499, -5.6630595 ], [ -38.0828404, -5.6724407 ], [ -38.1239788, -5.6719284 ], [ -38.1297961, -5.6759614 ], [ -38.1336403, -5.674323 ], [ -38.1383405, -5.6753711 ], [ -38.1482961, -5.6704102 ], [ -38.147313, -5.661434 ], [ -38.1493811, -5.6587159 ], [ -38.1541463, -5.658529 ], [ -38.1579831, -5.6552318 ], [ -38.1616224, -5.6563572 ], [ -38.1712423, -5.651862 ], [ -38.1673282, -5.6454714 ], [ -38.1740144, -5.6440076 ], [ -38.1759813, -5.6420012 ], [ -38.1771207, -5.6436195 ], [ -38.1817618, -5.6407502 ], [ -38.1869665, -5.6413741 ], [ -38.1925733, -5.6363655 ], [ -38.193463, -5.6328264 ], [ -38.2039683, -5.6331734 ], [ -38.2047778, -5.6308351 ], [ -38.2130304, -5.6318215 ], [ -38.2145624, -5.6339776 ], [ -38.2140106, -5.6391606 ], [ -38.2188427, -5.6398061 ], [ -38.2199183, -5.6393768 ], [ -38.2195424, -5.6346255 ], [ -38.2214036, -5.6363392 ], [ -38.2242971, -5.634225 ], [ -38.2259795, -5.6406678 ], [ -38.2303682, -5.6409344 ], [ -38.23095, -5.6436276 ], [ -38.232915, -5.6427366 ], [ -38.2328915, -5.6399686 ], [ -38.2357727, -5.6369207 ], [ -38.238962, -5.6369369 ], [ -38.2409029, -5.6416662 ], [ -38.2443788, -5.6418263 ], [ -38.2460624, -5.6451627 ], [ -38.2483721, -5.6456873 ], [ -38.2556458, -5.6357036 ], [ -38.2599664, -5.6347039 ], [ -38.2606098, -5.6322635 ], [ -38.2649146, -5.6286311 ], [ -38.2661187, -5.6228409 ], [ -38.264608, -5.6183229 ], [ -38.2661936, -5.6174633 ], [ -38.267528, -5.6072439 ], [ -38.2655752, -5.6052751 ], [ -38.2675034, -5.6014359 ], [ -38.4329119, -5.6270177 ], [ -38.4374572, -5.5452556 ], [ -38.4499328, -5.5330547 ], [ -38.4583086, -5.5167397 ], [ -38.459361, -5.5003764 ], [ -38.4471706, -5.4974475 ], [ -38.4437243, -5.4893114 ], [ -38.439076, -5.4869303 ], [ -38.4385111, -5.4806053 ], [ -38.4326981, -5.4774494 ], [ -38.4330254, -5.4722948 ], [ -38.4301276, -5.4678941 ], [ -38.4323564, -5.4598498 ], [ -38.4319317, -5.4542876 ], [ -38.4280089, -5.4478635 ], [ -38.4389477, -5.4345058 ], [ -38.4400411, -5.4263488 ], [ -38.4260912, -5.4148526 ], [ -38.4271825, -5.4100972 ], [ -38.4230204, -5.404453 ], [ -38.4251886, -5.3995466 ], [ -38.4234815, -5.3968755 ], [ -38.4252962, -5.39265 ], [ -38.4244728, -5.3908852 ], [ -38.4165128, -5.3880608 ], [ -38.4128797, -5.3742849 ], [ -38.4066844, -5.3702364 ], [ -38.3998021, -5.3715699 ], [ -38.3960196, -5.3706288 ], [ -38.3945226, -5.3690647 ], [ -38.3944479, -5.3629531 ], [ -38.3413075, -5.4035487 ], [ -38.3323899, -5.4016931 ], [ -38.3218574, -5.3971041 ], [ -38.3209948, -5.3942909 ], [ -38.3147613, -5.389527 ], [ -38.3136625, -5.3834202 ], [ -38.2607122, -5.4104572 ], [ -38.2599459, -5.3945125 ], [ -38.2539934, -5.3927818 ], [ -38.245381, -5.3936615 ], [ -38.2429141, -5.3955826 ], [ -38.2315332, -5.3942445 ], [ -38.158549053097794, -5.35781303005218 ] ] ] } },
{ "type": "Feature", "properties": { "CD_MUN": "2310100", "NM_MUN": "Palmácia", "CD_RGI": "230001", "NM_RGI": "Fortaleza", "CD_RGINT": "2301", "NM_RGINT": "Fortaleza", "CD_UF": "23", "NM_UF": "Ceará", "SIGLA_UF": "CE", "CD_REGIA": "2", "NM_REGIA": "Nordeste", "SIGLA_RG": "NE", "CD_CONCU": null, "NM_CONCU": null, "AREA_KM2": 128.896, "mun_upp": "PALMÁCIA", "has_qualif": 1, "municipio": "Palmácia", "REGIÃO DE PLANEJAMENTO": "Maciço de Baturité", "auxiliary_storage_labeling_positionx": null, "auxiliary_storage_labeling_positiony": null, "auxiliary_storage_labeling_lineanchorpercent": null, "auxiliary_storage_labeling_lineanchorclipping": null, "auxiliary_storage_labeling_lineanchortype": null, "auxiliary_storage_labeling_lineanchortextpoint": null, "auxiliary_storage_callouts_originx": null, "auxiliary_storage_callouts_originy": null, "auxiliary_storage_callouts_destinationx": null, "auxiliary_storage_callouts_destinationy": null }, "geometry": { "type": "Polygon", "coordinates": [ [ [ -38.8564775, -4.1627508 ], [ -38.8803057, -4.1718445 ], [ -38.8964805, -4.1462921 ], [ -38.8988192, -4.1455522 ], [ -38.9078071, -4.147716 ], [ -38.914765, -4.1441442 ], [ -38.9211445, -4.1503895 ], [ -38.9239478, -4.1560269 ], [ -38.9267677, -4.1522486 ], [ -38.9313048, -4.1505303 ], [ -38.9399423, -4.1517251 ], [ -38.9437842, -4.1477314 ], [ -38.9290557, -4.1398314 ], [ -38.9303403, -4.1384222 ], [ -38.9294438, -4.1354735 ], [ -38.9328734, -4.1330782 ], [ -38.9361167, -4.1337158 ], [ -38.9364321, -4.1300263 ], [ -38.9409526, -4.132992 ], [ -38.9436928, -4.1316975 ], [ -38.9463069, -4.1331015 ], [ -38.9489198, -4.1291445 ], [ -38.9481696, -4.1275911 ], [ -38.9414641, -4.127684 ], [ -38.9399673, -4.1255904 ], [ -38.9436685, -4.119913 ], [ -38.943901, -4.1149876 ], [ -38.9401468, -4.1131142 ], [ -38.9386068, -4.1087629 ], [ -38.9428255, -4.1061141 ], [ -38.9435791, -4.1035855 ], [ -38.9277801, -4.104305 ], [ -38.9260437, -4.1059977 ], [ -38.925077, -4.1133874 ], [ -38.9190275, -4.1192596 ], [ -38.9154682, -4.1200285 ], [ -38.9099557, -4.115561 ], [ -38.9074863, -4.1092574 ], [ -38.9082254, -4.1035718 ], [ -38.8917861, -4.1075526 ], [ -38.8865747, -4.1020013 ], [ -38.8860196, -4.1063263 ], [ -38.8803462, -4.1069949 ], [ -38.8838314, -4.1138359 ], [ -38.8797325, -4.1140539 ], [ -38.8723679, -4.1109625 ], [ -38.8707629, -4.1147599 ], [ -38.8673181, -4.1164004 ], [ -38.864234, -4.1204765 ], [ -38.8620958, -4.1122226 ], [ -38.8561642, -4.1094558 ], [ -38.8570678, -4.1076016 ], [ -38.8634431, -4.1049454 ], [ -38.8556926, -4.1051345 ], [ -38.8525691, -4.1074934 ], [ -38.8504213, -4.1051426 ], [ -38.8460334, -4.1061481 ], [ -38.8407101, -4.1041331 ], [ -38.8406642, -4.0862968 ], [ -38.8376456, -4.0813701 ], [ -38.8376138, -4.0767851 ], [ -38.8344878, -4.0726409 ], [ -38.8174088, -4.0847406 ], [ -38.813991, -4.0807393 ], [ -38.8099494, -4.0803568 ], [ -38.7846751, -4.0942529 ], [ -38.7809982, -4.093741 ], [ -38.7749168, -4.0971743 ], [ -38.7705935, -4.096356 ], [ -38.7672753, -4.0852017 ], [ -38.7615968, -4.0776579 ], [ -38.7611604, -4.0731245 ], [ -38.7587339, -4.0735854 ], [ -38.7590513, -4.0760737 ], [ -38.7562254, -4.0769115 ], [ -38.757079, -4.0811581 ], [ -38.7539066, -4.0847595 ], [ -38.7510132, -4.0850557 ], [ -38.75128, -4.0873959 ], [ -38.7491814, -4.0895746 ], [ -38.7507079, -4.0905913 ], [ -38.7485039, -4.0929689 ], [ -38.7550107, -4.1282792 ], [ -38.7690751, -4.1283015 ], [ -38.7729234, -4.1319782 ], [ -38.7767104, -4.1298359 ], [ -38.7817998, -4.1305135 ], [ -38.7844209, -4.1349425 ], [ -38.7906511, -4.1351175 ], [ -38.7912141, -4.1383253 ], [ -38.7888211, -4.1421667 ], [ -38.7936326, -4.143504 ], [ -38.7966059, -4.1420367 ], [ -38.8042469, -4.1448506 ], [ -38.8061796, -4.1515688 ], [ -38.8033381, -4.1614439 ], [ -38.8545131, -4.1770633 ], [ -38.8564775, -4.1627508 ] ] ] } },
{ "type": "Feature", "properties": { "CD_MUN": "2313104", "NM_MUN": "Tabuleiro do Norte", "CD_RGI": "230007", "NM_RGI": "Russas - Limoeiro do Norte", "CD_RGINT": "2302", "NM_RGINT": "Quixadá", "CD_UF": "23", "NM_UF": "Ceará", "SIGLA_UF": "CE", "CD_REGIA": "2", "NM_REGIA": "Nordeste", "SIGLA_RG": "NE", "CD_CONCU": null, "NM_CONCU": null, "AREA_KM2": 1047.637, "mun_upp": "TABULEIRO DO NORTE", "has_qualif": 1, "municipio": "Tabuleiro do Norte", "REGIÃO DE PLANEJAMENTO": "Vale do Jaguaribe", "auxiliary_storage_labeling_positionx": null, "auxiliary_storage_labeling_positiony": null, "auxiliary_storage_labeling_lineanchorpercent": null, "auxiliary_storage_labeling_lineanchorclipping": null, "auxiliary_storage_labeling_lineanchortype": null, "auxiliary_storage_labeling_lineanchortextpoint": null, "auxiliary_storage_callouts_originx": null, "auxiliary_storage_callouts_originy": null, "auxiliary_storage_callouts_destinationx": null, "auxiliary_storage_callouts_destinationy": null }, "geometry": { "type": "Polygon", "coordinates": [ [ [ -38.0358076, -5.567213 ], [ -38.0414317, -5.5519303 ], [ -38.0435257, -5.5307464 ], [ -38.0483277, -5.5233823 ], [ -38.0496525, -5.5153841 ], [ -38.0532221, -5.5077138 ], [ -38.0592754, -5.5013793 ], [ -38.0677224, -5.4848339 ], [ -38.0738198, -5.461442 ], [ -38.0777937, -5.4562231 ], [ -38.0789441, -5.4516485 ], [ -38.0777562, -5.4436297 ], [ -38.0802083, -5.4410111 ], [ -38.0804997, -5.4353703 ], [ -38.0871849, -5.4342791 ], [ -38.0924688, -5.429578 ], [ -38.0913277, -5.4274438 ], [ -38.093699, -5.4267379 ], [ -38.0938709, -5.4243722 ], [ -38.1031692, -5.4199851 ], [ -38.1053796, -5.4117385 ], [ -38.1095277, -5.408328 ], [ -38.1108124, -5.40503 ], [ -38.1096495, -5.4033452 ], [ -38.1148935, -5.4011669 ], [ -38.117456, -5.401877 ], [ -38.1192911, -5.3967521 ], [ -38.1423335, -5.3780909 ], [ -38.1426513, -5.3716542 ], [ -38.1449636, -5.3688148 ], [ -38.1496698, -5.3667589 ], [ -38.1562887, -5.3587523 ], [ -38.169418, -5.3516828 ], [ -38.1771759, -5.3344 ], [ -38.184871, -5.3330844 ], [ -38.1915548, -5.3253234 ], [ -38.1981799, -5.3258919 ], [ -38.1994026, -5.3301948 ], [ -38.2013574, -5.3303991 ], [ -38.2026335, -5.3234989 ], [ -38.2113871, -5.3198077 ], [ -38.2067839, -5.318946 ], [ -38.2043979, -5.3148823 ], [ -38.2125444, -5.3121163 ], [ -38.2123203, -5.3092681 ], [ -38.2165805, -5.3046632 ], [ -38.2159033, -5.2986103 ], [ -38.2179948, -5.296684 ], [ -38.2190437, -5.2981475 ], [ -38.2214197, -5.297971 ], [ -38.222834, -5.2934255 ], [ -38.2251885, -5.2913103 ], [ -38.2240719, -5.2867974 ], [ -38.2251872, -5.2827301 ], [ -38.2213581, -5.280332 ], [ -38.2232132, -5.2765289 ], [ -38.210669, -5.2452356 ], [ -38.2333613, -5.2169793 ], [ -38.2243729, -5.1985933 ], [ -38.224027, -5.1945007 ], [ -38.2291661, -5.1861847 ], [ -38.2340891, -5.1826648 ], [ -38.2381634, -5.1686947 ], [ -38.2320375, -5.1623507 ], [ -38.2081667, -5.1936676 ], [ -38.1343839, -5.2133989 ], [ -38.1256784, -5.2083124 ], [ -38.1231305, -5.2079499 ], [ -38.1210334, -5.2095625 ], [ -38.1179998, -5.2086847 ], [ -38.1148555, -5.2016275 ], [ -38.1092522, -5.1968554 ], [ -38.0993666, -5.1944287 ], [ -38.0946897, -5.1911472 ], [ -38.0870793, -5.1918083 ], [ -38.0743973, -5.1857633 ], [ -38.0726998, -5.1816769 ], [ -38.0697406, -5.1811101 ], [ -38.0673205, -5.1831947 ], [ -38.0684699, -5.1841259 ], [ -38.0540524, -5.1936222 ], [ -38.0537202, -5.1992937 ], [ -38.050867, -5.1996365 ], [ -38.046326, -5.2051326 ], [ -38.0353333, -5.2122096 ], [ -38.0333933, -5.2168817 ], [ -38.0238526, -5.2192632 ], [ -38.0040921, -5.2384076 ], [ -37.9955487, -5.2424337 ], [ -37.9953642, -5.2446714 ], [ -37.9813885, -5.2475801 ], [ -37.9770978, -5.2528287 ], [ -37.9675463, -5.2544044 ], [ -37.9546617, -5.2725134 ], [ -37.9483124, -5.2759851 ], [ -37.9325576, -5.2902021 ], [ -37.9302104, -5.2971669 ], [ -37.7864291, -5.2968934 ], [ -37.8042859, -5.3127867 ], [ -37.8228742, -5.3229399 ], [ -37.8357125, -5.3353866 ], [ -37.8474704, -5.3400231 ], [ -37.8576574, -5.3567237 ], [ -37.8586405, -5.3671956 ], [ -37.8637361, -5.3740914 ], [ -37.8642752, -5.3783526 ], [ -37.8593159, -5.3957345 ], [ -37.8604816, -5.4066857 ], [ -37.876985, -5.4273892 ], [ -37.8864846, -5.4438296 ], [ -37.8895409, -5.4522882 ], [ -37.8922253, -5.4807596 ], [ -37.8984182, -5.4858791 ], [ -37.9022457, -5.5006618 ], [ -37.9174904, -5.5053608 ], [ -37.9272726, -5.5022296 ], [ -37.9326343, -5.5031077 ], [ -37.9480565, -5.5346449 ], [ -37.9601702, -5.5402092 ], [ -37.9756855, -5.550774 ], [ -37.9900372, -5.5557979 ], [ -37.9931834, -5.5592915 ], [ -37.9996701, -5.5748272 ], [ -37.9983274, -5.5853175 ], [ -38.0139641, -5.5943981 ], [ -38.027815, -5.6227075 ], [ -38.0594539, -5.6297645 ], [ -38.0574188, -5.6101173 ], [ -38.0362606, -5.5718819 ], [ -38.0358076, -5.567213 ] ] ] } },
{ "type": "Feature", "properties": { "CD_MUN": "2304236", "NM_MUN": "Croatá", "CD_RGI": "230016", "NM_RGI": "São Benedito - Ipu - Guaraciaba do Norte - Tianguá", "CD_RGINT": "2306", "NM_RGINT": "Sobral", "CD_UF": "23", "NM_UF": "Ceará", "SIGLA_UF": "CE", "CD_REGIA": "2", "NM_REGIA": "Nordeste", "SIGLA_RG": "NE", "CD_CONCU": null, "NM_CONCU": null, "AREA_KM2": 696.351, "mun_upp": "CROATÁ", "has_qualif": 1, "municipio": "Croatá", "REGIÃO DE PLANEJAMENTO": "Serra da Ibiapaba", "auxiliary_storage_labeling_positionx": null, "auxiliary_storage_labeling_positiony": null, "auxiliary_storage_labeling_lineanchorpercent": null, "auxiliary_storage_labeling_lineanchorclipping": null, "auxiliary_storage_labeling_lineanchortype": null, "auxiliary_storage_labeling_lineanchortextpoint": null, "auxiliary_storage_callouts_originx": null, "auxiliary_storage_callouts_originy": null, "auxiliary_storage_callouts_destinationx": null, "auxiliary_storage_callouts_destinationy": null }, "geometry": { "type": "Polygon", "coordinates": [ [ [ -40.8098104, -4.433851 ], [ -40.812108, -4.4444733 ], [ -40.820908, -4.4505519 ], [ -40.8256107, -4.4585896 ], [ -40.8382423, -4.4601789 ], [ -40.8421455, -4.4625317 ], [ -40.8524, -4.46433 ], [ -40.8545382, -4.4662385 ], [ -40.8609093, -4.4665155 ], [ -40.8651446, -4.4634604 ], [ -40.8673699, -4.466822 ], [ -40.8733956, -4.4648209 ], [ -40.8744014, -4.4666844 ], [ -40.8766519, -4.4658533 ], [ -40.8887527, -4.4719645 ], [ -40.8914067, -4.4704744 ], [ -40.8943884, -4.4712921 ], [ -40.8958138, -4.4694104 ], [ -40.9145209, -4.4699658 ], [ -41.025272, -4.4547719 ], [ -41.032412, -4.4611151 ], [ -41.0416365, -4.4633531 ], [ -41.0612564, -4.4737944 ], [ -41.0682548, -4.473449 ], [ -41.0710959, -4.4747574 ], [ -41.0744725, -4.4737219 ], [ -41.0908126, -4.4763177 ], [ -41.0927136, -4.4753812 ], [ -41.0941123, -4.4770957 ], [ -41.0999708, -4.4769759 ], [ -41.1054868, -4.4789833 ], [ -41.1188245, -4.4782024 ], [ -41.1225632, -4.4823973 ], [ -41.1252622, -4.4827529 ], [ -41.1464351, -4.4690851 ], [ -41.1612456, -4.4660428 ], [ -41.1775718, -4.4676776 ], [ -41.1784823, -4.4593849 ], [ -41.1751555, -4.4495432 ], [ -41.1771347, -4.4412669 ], [ -41.1651327, -4.4225958 ], [ -41.1596905, -4.410555 ], [ -41.1589712, -4.3921015 ], [ -41.1618275, -4.3872873 ], [ -41.1591586, -4.3801163 ], [ -41.1523441, -4.3745939 ], [ -41.1499112, -4.3680898 ], [ -41.1484886, -4.3665825 ], [ -41.1444482, -4.3705293 ], [ -41.1403242, -4.3700436 ], [ -41.007404, -4.2729825 ], [ -40.9273648, -4.2895106 ], [ -40.8842185, -4.3177437 ], [ -40.8813067, -4.3162235 ], [ -40.8804782, -4.3133312 ], [ -40.8751259, -4.3145312 ], [ -40.8767762, -4.3233973 ], [ -40.8729443, -4.3213086 ], [ -40.8695244, -4.3230535 ], [ -40.8682396, -4.3190191 ], [ -40.8595816, -4.3152933 ], [ -40.8639499, -4.3068902 ], [ -40.8673514, -4.3066793 ], [ -40.8701052, -4.3040238 ], [ -40.8535215, -4.2968666 ], [ -40.8505197, -4.2994557 ], [ -40.8484373, -4.3046409 ], [ -40.8461076, -4.3049071 ], [ -40.8398223, -4.3105085 ], [ -40.839314, -4.313994 ], [ -40.8413024, -4.3162392 ], [ -40.8436979, -4.3156649 ], [ -40.8471851, -4.3214153 ], [ -40.8024779, -4.3451905 ], [ -40.80381, -4.3520992 ], [ -40.8000836, -4.362103 ], [ -40.784575, -4.3601875 ], [ -40.7787074, -4.3624216 ], [ -40.7717602, -4.3534 ], [ -40.7647759, -4.3530575 ], [ -40.7616876, -4.3547057 ], [ -40.7629018, -4.3602726 ], [ -40.7709363, -4.3652397 ], [ -40.7735041, -4.3686357 ], [ -40.7711613, -4.3723887 ], [ -40.7702828, -4.3807187 ], [ -40.7823618, -4.3883853 ], [ -40.7837078, -4.396492 ], [ -40.7824151, -4.3989923 ], [ -40.787092, -4.4043956 ], [ -40.7791123, -4.4086255 ], [ -40.7850561, -4.4122287 ], [ -40.784385, -4.4156874 ], [ -40.7890324, -4.4223751 ], [ -40.7934498, -4.423821 ], [ -40.7996937, -4.4218539 ], [ -40.8098104, -4.433851 ] ] ] } },
{ "type": "Feature", "properties": { "CD_MUN": "2304285", "NM_MUN": "Eusébio", "CD_RGI": "230001", "NM_RGI": "Fortaleza", "CD_RGINT": "2301", "NM_RGINT": "Fortaleza", "CD_UF": "23", "NM_UF": "Ceará", "SIGLA_UF": "CE", "CD_REGIA": "2", "NM_REGIA": "Nordeste", "SIGLA_RG": "NE", "CD_CONCU": "2304400", "NM_CONCU": "Fortaleza/CE", "AREA_KM2": 78.818, "mun_upp": "EUSÉBIO", "has_qualif": 1, "municipio": "Eusébio", "REGIÃO DE PLANEJAMENTO": "Grande Fortaleza", "auxiliary_storage_labeling_positionx": null, "auxiliary_storage_labeling_positiony": null, "auxiliary_storage_labeling_lineanchorpercent": null, "auxiliary_storage_labeling_lineanchorclipping": null, "auxiliary_storage_labeling_lineanchortype": null, "auxiliary_storage_labeling_lineanchortextpoint": null, "auxiliary_storage_callouts_originx": null, "auxiliary_storage_callouts_originy": null, "auxiliary_storage_callouts_destinationx": null, "auxiliary_storage_callouts_destinationy": null }, "geometry": { "type": "Polygon", "coordinates": [ [ [ -38.4334526, -3.8932614 ], [ -38.4388352, -3.8998195 ], [ -38.4435448, -3.902498 ], [ -38.4473544, -3.9130651 ], [ -38.4486, -3.9234596 ], [ -38.4635649, -3.9139373 ], [ -38.4673989, -3.9239715 ], [ -38.4719782, -3.9284957 ], [ -38.4783764, -3.9285903 ], [ -38.4826411, -3.9248685 ], [ -38.4858225, -3.924482 ], [ -38.4934929, -3.934198 ], [ -38.5013902, -3.9379305 ], [ -38.5088292, -3.9367357 ], [ -38.5063708, -3.9119326 ], [ -38.5018756, -3.8881821 ], [ -38.4977851, -3.8872843 ], [ -38.4938988, -3.8839542 ], [ -38.4883754, -3.8668181 ], [ -38.4832649, -3.8632176 ], [ -38.4779623, -3.8622373 ], [ -38.477774, -3.8592112 ], [ -38.4753447, -3.857818 ], [ -38.4756889, -3.8550112 ], [ -38.4713099, -3.8536292 ], [ -38.47106, -3.8506961 ], [ -38.4678499, -3.8497012 ], [ -38.466334, -3.8435072 ], [ -38.4640201, -3.8420822 ], [ -38.4636241, -3.8436112 ], [ -38.45881, -3.8430671 ], [ -38.4498887, -3.8378741 ], [ -38.4457408, -3.8264201 ], [ -38.4451897, -3.8192662 ], [ -38.4426038, -3.8157911 ], [ -38.4422189, -3.811673 ], [ -38.4460031, -3.8051995 ], [ -38.4429292, -3.8015499 ], [ -38.409396, -3.819093 ], [ -38.412106, -3.82193 ], [ -38.415596, -3.820922 ], [ -38.4191651, -3.823097 ], [ -38.4200266, -3.8255135 ], [ -38.417813, -3.828548 ], [ -38.4221042, -3.8364786 ], [ -38.4207335, -3.8405417 ], [ -38.4222678, -3.84465 ], [ -38.4204146, -3.8470615 ], [ -38.4189718, -3.8451289 ], [ -38.4174988, -3.8455515 ], [ -38.4151959, -3.8523404 ], [ -38.416486, -3.8543426 ], [ -38.4129575, -3.8570159 ], [ -38.4145414, -3.8582397 ], [ -38.4123774, -3.8612117 ], [ -38.4139726, -3.8632617 ], [ -38.4125609, -3.871283 ], [ -38.4143699, -3.8780439 ], [ -38.4236466, -3.8844601 ], [ -38.4322137, -3.8859265 ], [ -38.4334526, -3.8932614 ] ] ] } },
{ "type": "Feature", "properties": { "CD_MUN": "2304269", "NM_MUN": "Deputado Irapuan Pinheiro", "CD_RGI": "230006", "NM_RGI": "Quixadá", "CD_RGINT": "2302", "NM_RGINT": "Quixadá", "CD_UF": "23", "NM_UF": "Ceará", "SIGLA_UF": "CE", "CD_REGIA": "2", "NM_REGIA": "Nordeste", "SIGLA_RG": "NE", "CD_CONCU": null, "NM_CONCU": null, "AREA_KM2": 471.134, "mun_upp": "DEPUTADO IRAPUAN PINHEIRO", "has_qualif": 1, "municipio": "Deputado Irapuan Pinheiro", "REGIÃO DE PLANEJAMENTO": "Sertão Central", "auxiliary_storage_labeling_positionx": null, "auxiliary_storage_labeling_positiony": null, "auxiliary_storage_labeling_lineanchorpercent": null, "auxiliary_storage_labeling_lineanchorclipping": null, "auxiliary_storage_labeling_lineanchortype": null, "auxiliary_storage_labeling_lineanchortextpoint": null, "auxiliary_storage_callouts_originx": null, "auxiliary_storage_callouts_originy": null, "auxiliary_storage_callouts_destinationx": null, "auxiliary_storage_callouts_destinationy": null }, "geometry": { "type": "Polygon", "coordinates": [ [ [ -39.2213882, -5.774503 ], [ -39.2178261, -5.7758554 ], [ -39.2152091, -5.7804947 ], [ -39.209525, -5.782704 ], [ -39.2098466, -5.7883497 ], [ -39.2052315, -5.7878696 ], [ -39.2020066, -5.7902925 ], [ -39.1875388, -5.7904774 ], [ -39.1796943, -5.7997637 ], [ -39.1631537, -5.7985325 ], [ -39.1821734, -5.8598834 ], [ -39.1706428, -5.8653985 ], [ -39.1688046, -5.8711975 ], [ -39.1734772, -5.8802164 ], [ -39.1719037, -5.9043578 ], [ -39.1765553, -5.9098997 ], [ -39.1768271, -5.9156898 ], [ -39.1798747, -5.9198968 ], [ -39.1758187, -5.9297247 ], [ -39.176895, -5.9453679 ], [ -39.1724552, -5.950314 ], [ -39.1698739, -5.9602333 ], [ -39.1765594, -5.9639527 ], [ -39.1811142, -5.9642289 ], [ -39.1869696, -5.9605551 ], [ -39.1976661, -5.9569373 ], [ -39.1974728, -5.964672 ], [ -39.2016426, -5.9724594 ], [ -39.2043293, -5.9880877 ], [ -39.2124176, -5.9916524 ], [ -39.2201696, -5.992345 ], [ -39.2255457, -5.9885787 ], [ -39.2293705, -5.987859 ], [ -39.2319115, -5.9899822 ], [ -39.2358611, -6.001559 ], [ -39.2391433, -6.000578 ], [ -39.2386059, -5.9957984 ], [ -39.2402068, -5.9953372 ], [ -39.2561763, -5.9984699 ], [ -39.2658286, -5.9971744 ], [ -39.2722859, -5.9996074 ], [ -39.277534, -6.0049719 ], [ -39.2808376, -6.0051819 ], [ -39.2895041, -5.9988107 ], [ -39.295089, -5.9984395 ], [ -39.2949521, -5.9925668 ], [ -39.2968942, -5.9899115 ], [ -39.3036194, -5.991471 ], [ -39.3064873, -5.9936906 ], [ -39.3098431, -6.0008277 ], [ -39.3194605, -6.0067619 ], [ -39.3245685, -6.0029951 ], [ -39.3372166, -6.0018259 ], [ -39.3416283, -6.0031036 ], [ -39.3429598, -6.0072419 ], [ -39.3449017, -6.0078819 ], [ -39.3487865, -6.0009128 ], [ -39.3484829, -5.9937457 ], [ -39.3558419, -5.9900013 ], [ -39.3635391, -5.9923781 ], [ -39.3665681, -5.9911512 ], [ -39.3671852, -5.9872672 ], [ -39.362555, -5.9797321 ], [ -39.3628371, -5.9752101 ], [ -39.3611617, -5.9717215 ], [ -39.3568184, -5.9687404 ], [ -39.3582287, -5.9659105 ], [ -39.3547474, -5.9643462 ], [ -39.3553831, -5.9575484 ], [ -39.3517563, -5.952285 ], [ -39.362293, -5.9524039 ], [ -39.3665081, -5.9467997 ], [ -39.3635816, -5.9351776 ], [ -39.3581957, -5.9292616 ], [ -39.3575998, -5.925902 ], [ -39.3601256, -5.9238778 ], [ -39.3588609, -5.92008 ], [ -39.3640876, -5.9181116 ], [ -39.3657899, -5.9141521 ], [ -39.3712368, -5.9136247 ], [ -39.3760279, -5.9103053 ], [ -39.3729097, -5.9063693 ], [ -39.369271, -5.9060391 ], [ -39.3679877, -5.90105 ], [ -39.3619841, -5.8995287 ], [ -39.3574227, -5.8961581 ], [ -39.3571198, -5.8824297 ], [ -39.355201, -5.8800964 ], [ -39.3495707, -5.8786071 ], [ -39.3508081, -5.8715701 ], [ -39.3490675, -5.8667088 ], [ -39.3534888, -5.864546 ], [ -39.3536222, -5.8622115 ], [ -39.3502079, -5.8613642 ], [ -39.3419343, -5.8514219 ], [ -39.3394315, -5.8519442 ], [ -39.3330757, -5.8474256 ], [ -39.3295683, -5.8477284 ], [ -39.3236771, -5.844273 ], [ -39.3212583, -5.8319672 ], [ -39.3280794, -5.8346278 ], [ -39.3311284, -5.8331887 ], [ -39.3327454, -5.8350034 ], [ -39.3450374, -5.8316478 ], [ -39.3426585, -5.8263786 ], [ -39.3438249, -5.8237423 ], [ -39.3413519, -5.8194912 ], [ -39.3439708, -5.8151929 ], [ -39.3419944, -5.8095009 ], [ -39.3385701, -5.8071667 ], [ -39.338438, -5.8050742 ], [ -39.3343702, -5.8017215 ], [ -39.3273664, -5.7915511 ], [ -39.329541, -5.7876852 ], [ -39.3271667, -5.7855428 ], [ -39.3278843, -5.7822168 ], [ -39.3227111, -5.7834653 ], [ -39.3163529, -5.7824591 ], [ -39.3141866, -5.7795889 ], [ -39.310776, -5.7789852 ], [ -39.3095668, -5.7744311 ], [ -39.3021212, -5.7740378 ], [ -39.3010092, -5.7666076 ], [ -39.2963541, -5.7666174 ], [ -39.2828476, -5.7559377 ], [ -39.2803636, -5.7581953 ], [ -39.2794006, -5.7627919 ], [ -39.2720224, -5.7619718 ], [ -39.2670886, -5.7653171 ], [ -39.2575198, -5.7575648 ], [ -39.2546876, -5.7573747 ], [ -39.2505214, -5.7627312 ], [ -39.2516133, -5.7672726 ], [ -39.246863, -5.7634249 ], [ -39.2449949, -5.7688054 ], [ -39.2385772, -5.7657005 ], [ -39.2369046, -5.7701874 ], [ -39.23359, -5.7695796 ], [ -39.2266259, -5.7647297 ], [ -39.2224135, -5.7667448 ], [ -39.2209375, -5.7692206 ], [ -39.2213882, -5.774503 ] ] ] } },
{ "type": "Feature", "properties": { "CD_MUN": "2304277", "NM_MUN": "Ereré", "CD_RGI": "230007", "NM_RGI": "Russas - Limoeiro do Norte", "CD_RGINT": "2302", "NM_RGINT": "Quixadá", "CD_UF": "23", "NM_UF": "Ceará", "SIGLA_UF": "CE", "CD_REGIA": "2", "NM_REGIA": "Nordeste", "SIGLA_RG": "NE", "CD_CONCU": null, "NM_CONCU": null, "AREA_KM2": 349.033, "mun_upp": "ERERÉ", "has_qualif": 0, "municipio": null, "REGIÃO DE PLANEJAMENTO": "Vale do Jaguaribe", "auxiliary_storage_labeling_positionx": null, "auxiliary_storage_labeling_positiony": null, "auxiliary_storage_labeling_lineanchorpercent": null, "auxiliary_storage_labeling_lineanchorclipping": null, "auxiliary_storage_labeling_lineanchortype": null, "auxiliary_storage_labeling_lineanchortextpoint": null, "auxiliary_storage_callouts_originx": null, "auxiliary_storage_callouts_originy": null, "auxiliary_storage_callouts_destinationx": null, "auxiliary_storage_callouts_destinationy": null }, "geometry": { "type": "Polygon", "coordinates": [ [ [ -38.4048456, -6.0572729 ], [ -38.4221379, -6.0118563 ], [ -38.4206864, -6.0096711 ], [ -38.4154815, -6.0091273 ], [ -38.4145262, -6.0060552 ], [ -38.4058952, -6.0013158 ], [ -38.4035537, -6.0024774 ], [ -38.4028571, -5.9986659 ], [ -38.3976217, -5.9945595 ], [ -38.3793268, -5.9508681 ], [ -38.4026544, -5.9171256 ], [ -38.3957939, -5.9171043 ], [ -38.3909664, -5.9135312 ], [ -38.3825973, -5.9157469 ], [ -38.3792532, -5.9128184 ], [ -38.3796204, -5.9113394 ], [ -38.3757854, -5.9097523 ], [ -38.3701226, -5.9161518 ], [ -38.3392861, -5.9186788 ], [ -38.3366526, -5.9200418 ], [ -38.3325413, -5.91876 ], [ -38.3316353, -5.9163681 ], [ -38.3288576, -5.9152004 ], [ -38.3265498, -5.9101008 ], [ -38.3222195, -5.9091975 ], [ -38.3206034, -5.9062876 ], [ -38.3189779, -5.9071152 ], [ -38.2750776, -5.8918592 ], [ -38.2591196, -5.9205284 ], [ -38.2319655, -5.9172425 ], [ -38.1592981, -5.9245759 ], [ -38.1647024, -5.9289298 ], [ -38.1654372, -5.9321039 ], [ -38.1630132, -5.9405575 ], [ -38.1647923, -5.946532 ], [ -38.1754313, -5.9534015 ], [ -38.1835821, -5.9502233 ], [ -38.1923688, -5.9595645 ], [ -38.2060156, -5.9643478 ], [ -38.2144753, -5.9742992 ], [ -38.2445036, -5.9994574 ], [ -38.2526921, -6.011914 ], [ -38.2506882, -6.0141086 ], [ -38.2524459, -6.0216998 ], [ -38.2511795, -6.0330545 ], [ -38.2528743, -6.035209 ], [ -38.2525691, -6.0431031 ], [ -38.2601674, -6.0497157 ], [ -38.260832, -6.0514397 ], [ -38.2591838, -6.05378 ], [ -38.2649744, -6.0542479 ], [ -38.2683007, -6.0572392 ], [ -38.2700337, -6.0626692 ], [ -38.2743963, -6.0637854 ], [ -38.2770092, -6.0699517 ], [ -38.280813, -6.0714124 ], [ -38.2853876, -6.0708682 ], [ -38.2907892, -6.0731514 ], [ -38.2928456, -6.076786 ], [ -38.3004216, -6.0810777 ], [ -38.3037753, -6.0865227 ], [ -38.3065012, -6.0870334 ], [ -38.3157683, -6.0818947 ], [ -38.3199214, -6.0770389 ], [ -38.3324291, -6.078143 ], [ -38.3367599, -6.0803973 ], [ -38.3392626, -6.0785869 ], [ -38.3415861, -6.0720595 ], [ -38.346783, -6.0672773 ], [ -38.348324, -6.0699614 ], [ -38.3473644, -6.0807016 ], [ -38.3504233, -6.0832433 ], [ -38.3543797, -6.0830669 ], [ -38.3559126, -6.0863546 ], [ -38.3610244, -6.0856801 ], [ -38.3662148, -6.0882981 ], [ -38.37488, -6.0796247 ], [ -38.376982, -6.0794451 ], [ -38.3797731, -6.0733169 ], [ -38.3783623, -6.0668308 ], [ -38.3856916, -6.0646792 ], [ -38.3819553, -6.0527887 ], [ -38.3856475, -6.0542704 ], [ -38.3904413, -6.0532981 ], [ -38.3949926, -6.0554108 ], [ -38.4015365, -6.053495 ], [ -38.4048456, -6.0572729 ] ] ] } },
{ "type": "Feature", "properties": { "CD_MUN": "2306801", "NM_MUN": "Jaguaribara", "CD_RGI": "230007", "NM_RGI": "Russas - Limoeiro do Norte", "CD_RGINT": "2302", "NM_RGINT": "Quixadá", "CD_UF": "23", "NM_UF": "Ceará", "SIGLA_UF": "CE", "CD_REGIA": "2", "NM_REGIA": "Nordeste", "SIGLA_RG": "NE", "CD_CONCU": null, "NM_CONCU": null, "AREA_KM2": 622.963, "mun_upp": "JAGUARIBARA", "has_qualif": 1, "municipio": "Jaguaribara", "REGIÃO DE PLANEJAMENTO": "Vale do Jaguaribe", "auxiliary_storage_labeling_positionx": null, "auxiliary_storage_labeling_positiony": null, "auxiliary_storage_labeling_lineanchorpercent": null, "auxiliary_storage_labeling_lineanchorclipping": null, "auxiliary_storage_labeling_lineanchortype": null, "auxiliary_storage_labeling_lineanchortextpoint": null, "auxiliary_storage_callouts_originx": null, "auxiliary_storage_callouts_originy": null, "auxiliary_storage_callouts_destinationx": null, "auxiliary_storage_callouts_destinationy": null }, "geometry": { "type": "Polygon", "coordinates": [ [ [ -38.4374572, -5.5452556 ], [ -38.4329119, -5.6270177 ], [ -38.4363128, -5.6343386 ], [ -38.4399241, -5.6358618 ], [ -38.4425999, -5.6412133 ], [ -38.4385641, -5.6472231 ], [ -38.441303, -5.6498772 ], [ -38.4415211, -5.6570474 ], [ -38.4505577, -5.6663326 ], [ -38.4487199, -5.6730593 ], [ -38.4499194, -5.6747204 ], [ -38.4549124, -5.6746202 ], [ -38.459016, -5.6792331 ], [ -38.4550057, -5.6972869 ], [ -38.4569409, -5.7012111 ], [ -38.4538979, -5.700869 ], [ -38.4527433, -5.7023135 ], [ -38.4518132, -5.7118073 ], [ -38.4546063, -5.7099664 ], [ -38.4575915, -5.710512 ], [ -38.4579312, -5.70627 ], [ -38.4604295, -5.7118933 ], [ -38.4588735, -5.7176198 ], [ -38.4607685, -5.7220686 ], [ -38.4605225, -5.7263788 ], [ -38.4625591, -5.7252545 ], [ -38.463682, -5.7268667 ], [ -38.4638512, -5.7323622 ], [ -38.4701362, -5.7350285 ], [ -38.4795043, -5.7431333 ], [ -38.4869395, -5.7425376 ], [ -38.4872364, -5.7458587 ], [ -38.4903347, -5.7493948 ], [ -38.4896064, -5.7507927 ], [ -38.4854619, -5.7466142 ], [ -38.4804216, -5.746445 ], [ -38.4832678, -5.7510493 ], [ -38.4825092, -5.7539705 ], [ -38.4846417, -5.7538169 ], [ -38.4859352, -5.7596437 ], [ -38.4907399, -5.7629291 ], [ -38.4905348, -5.7649869 ], [ -38.4883729, -5.7646158 ], [ -38.4869369, -5.7665956 ], [ -38.4899485, -5.7702484 ], [ -38.4815272, -5.7681638 ], [ -38.4812964, -5.7766289 ], [ -38.4779037, -5.7760043 ], [ -38.4747069, -5.7790903 ], [ -38.4813082, -5.7793536 ], [ -38.4841079, -5.7818932 ], [ -38.4874967, -5.7804064 ], [ -38.4900326, -5.7839539 ], [ -38.4975375, -5.7826577 ], [ -38.5022596, -5.7800111 ], [ -38.5030442, -5.7778248 ], [ -38.5067467, -5.7796231 ], [ -38.5071318, -5.7764267 ], [ -38.510514, -5.7755695 ], [ -38.516056, -5.7709877 ], [ -38.5172126, -5.7668241 ], [ -38.5188368, -5.7677111 ], [ -38.5230995, -5.7640467 ], [ -38.5220203, -5.7614998 ], [ -38.5235394, -5.7595474 ], [ -38.5311633, -5.7584273 ], [ -38.534015, -5.7559284 ], [ -38.5345331, -5.7506618 ], [ -38.5391875, -5.7498009 ], [ -38.5398904, -5.7523699 ], [ -38.5428774, -5.7525025 ], [ -38.5422255, -5.7533696 ], [ -38.5458853, -5.7562417 ], [ -38.5497635, -5.7549643 ], [ -38.5534774, -5.7499783 ], [ -38.5610713, -5.7452122 ], [ -38.6762403, -5.7456531 ], [ -38.6745816, -5.7432389 ], [ -38.6728469, -5.7261319 ], [ -38.6649668, -5.711711 ], [ -38.6663616, -5.7065777 ], [ -38.6642115, -5.6955275 ], [ -38.6553929, -5.688282 ], [ -38.6539249, -5.6806967 ], [ -38.6472909, -5.6717933 ], [ -38.6432189, -5.668784 ], [ -38.6425282, -5.6652113 ], [ -38.6362943, -5.6618146 ], [ -38.6298553, -5.6616789 ], [ -38.6214122, -5.6569164 ], [ -38.6145832, -5.6397696 ], [ -38.6142471, -5.6347928 ], [ -38.6163293, -5.6293071 ], [ -38.6131791, -5.6240184 ], [ -38.6112033, -5.6132463 ], [ -38.6083183, -5.6046518 ], [ -38.5992304, -5.5922713 ], [ -38.5982316, -5.585515 ], [ -38.5826727, -5.5698297 ], [ -38.5601844, -5.565556 ], [ -38.5680876, -5.5307766 ], [ -38.5690463, -5.5210438 ], [ -38.56656, -5.5132408 ], [ -38.5628446, -5.5081507 ], [ -38.5555739, -5.5052663 ], [ -38.5451836, -5.4963993 ], [ -38.5346268, -5.494206 ], [ -38.529264, -5.4902736 ], [ -38.5520068, -5.4692962 ], [ -38.5295248, -5.4471363 ], [ -38.5055471, -5.4371236 ], [ -38.4429935, -5.3962619 ], [ -38.4128797, -5.3742849 ], [ -38.4165128, -5.3880608 ], [ -38.4244728, -5.3908852 ], [ -38.4252962, -5.39265 ], [ -38.4234815, -5.3968755 ], [ -38.4251886, -5.3995466 ], [ -38.4230204, -5.404453 ], [ -38.4271825, -5.4100972 ], [ -38.4260912, -5.4148526 ], [ -38.4400411, -5.4263488 ], [ -38.4389477, -5.4345058 ], [ -38.4280089, -5.4478635 ], [ -38.4319317, -5.4542876 ], [ -38.4323564, -5.4598498 ], [ -38.4301276, -5.4678941 ], [ -38.4330254, -5.4722948 ], [ -38.4326981, -5.4774494 ], [ -38.4385111, -5.4806053 ], [ -38.439076, -5.4869303 ], [ -38.4437243, -5.4893114 ], [ -38.4471706, -5.4974475 ], [ -38.459361, -5.5003764 ], [ -38.4583086, -5.5167397 ], [ -38.4499328, -5.5330547 ], [ -38.4374572, -5.5452556 ] ] ] } },
{ "type": "Feature", "properties": { "CD_MUN": "2309904", "NM_MUN": "Pacujá", "CD_RGI": "230015", "NM_RGI": "Sobral", "CD_RGINT": "2306", "NM_RGINT": "Sobral", "CD_UF": "23", "NM_UF": "Ceará", "SIGLA_UF": "CE", "CD_REGIA": "2", "NM_REGIA": "Nordeste", "SIGLA_RG": "NE", "CD_CONCU": null, "NM_CONCU": null, "AREA_KM2": 88.355, "mun_upp": "PACUJÁ", "has_qualif": 1, "municipio": "Pacujá", "REGIÃO DE PLANEJAMENTO": "Sertão de Sobral", "auxiliary_storage_labeling_positionx": -40.706516527064416, "auxiliary_storage_labeling_positiony": -4.0232442092489373, "auxiliary_storage_labeling_lineanchorpercent": null, "auxiliary_storage_labeling_lineanchorclipping": null, "auxiliary_storage_labeling_lineanchortype": null, "auxiliary_storage_labeling_lineanchortextpoint": null, "auxiliary_storage_callouts_originx": null, "auxiliary_storage_callouts_originy": null, "auxiliary_storage_callouts_destinationx": null, "auxiliary_storage_callouts_destinationy": null }, "geometry": { "type": "Polygon", "coordinates": [ [ [ -40.669417184388422, -3.960003585211665 ], [ -40.665757, -3.9554313 ], [ -40.6652725, -3.9514366 ], [ -40.666772, -3.9507397 ], [ -40.6711839, -3.9529799 ], [ -40.6721387, -3.9500936 ], [ -40.6690496, -3.9459737 ], [ -40.6646301, -3.9474458 ], [ -40.6633243, -3.9421331 ], [ -40.6656328, -3.9390656 ], [ -40.6566965, -3.9420787 ], [ -40.6536429, -3.9496073 ], [ -40.654113, -3.9559995 ], [ -40.6592567, -3.9644114 ], [ -40.6582194, -3.972309 ], [ -40.6673021, -3.9770481 ], [ -40.667523, -3.9849922 ], [ -40.6645046, -3.9886351 ], [ -40.6603875, -3.9885516 ], [ -40.6527214, -3.9944827 ], [ -40.6436734, -3.9977465 ], [ -40.641873, -3.9957546 ], [ -40.6357992, -3.9974025 ], [ -40.6356999, -3.9993955 ], [ -40.6395148, -4.0008139 ], [ -40.6431858, -4.0065394 ], [ -40.6396426, -4.0114491 ], [ -40.638848, -4.0239088 ], [ -40.6341167, -4.0281984 ], [ -40.62927, -4.0298894 ], [ -40.6470058, -4.0341126 ], [ -40.6536341, -4.0442642 ], [ -40.68255, -4.0575647 ], [ -40.7134172, -4.0599433 ], [ -40.730858, -3.9673427 ], [ -40.728141, -3.9681767 ], [ -40.7268004, -3.9650596 ], [ -40.7164059, -3.9614063 ], [ -40.715314, -3.9633322 ], [ -40.712207, -3.9631186 ], [ -40.7116378, -3.9644022 ], [ -40.7004281, -3.9628749 ], [ -40.6967586, -3.9578772 ], [ -40.6901812, -3.9543436 ], [ -40.6868643, -3.9575589 ], [ -40.679557, -3.9560664 ], [ -40.6768799, -3.9540261 ], [ -40.669417184388422, -3.960003585211665 ] ] ] } },
{ "type": "Feature", "properties": { "CD_MUN": "2300754", "NM_MUN": "Amontada", "CD_RGI": "230002", "NM_RGI": "Itapipoca", "CD_RGINT": "2301", "NM_RGINT": "Fortaleza", "CD_UF": "23", "NM_UF": "Ceará", "SIGLA_UF": "CE", "CD_REGIA": "2", "NM_REGIA": "Nordeste", "SIGLA_RG": "NE", "CD_CONCU": null, "NM_CONCU": null, "AREA_KM2": 1175.044, "mun_upp": "AMONTADA", "has_qualif": 1, "municipio": "Amontada", "REGIÃO DE PLANEJAMENTO": "Litoral Oeste / Vale do Curu", "auxiliary_storage_labeling_positionx": null, "auxiliary_storage_labeling_positiony": null, "auxiliary_storage_labeling_lineanchorpercent": null, "auxiliary_storage_labeling_lineanchorclipping": null, "auxiliary_storage_labeling_lineanchortype": null, "auxiliary_storage_labeling_lineanchortextpoint": null, "auxiliary_storage_callouts_originx": null, "auxiliary_storage_callouts_originy": null, "auxiliary_storage_callouts_destinationx": null, "auxiliary_storage_callouts_destinationy": null }, "geometry": { "type": "Polygon", "coordinates": [ [ [ -39.7287334, -3.2447594 ], [ -39.7028525, -3.3230437 ], [ -39.709722, -3.3272718 ], [ -39.7148726, -3.3362796 ], [ -39.7250783, -3.3371218 ], [ -39.7284177, -3.3442041 ], [ -39.728143, -3.347875 ], [ -39.7332756, -3.3479075 ], [ -39.737857, -3.356107 ], [ -39.7352614, -3.3624042 ], [ -39.7377366, -3.3676791 ], [ -39.7366008, -3.3699347 ], [ -39.7335461, -3.3706193 ], [ -39.7318383, -3.3748782 ], [ -39.7364584, -3.3792961 ], [ -39.7368283, -3.3835262 ], [ -39.7411319, -3.3882764 ], [ -39.7392339, -3.3923899 ], [ -39.734491, -3.3933397 ], [ -39.7338415, -3.3963423 ], [ -39.7354383, -3.4009809 ], [ -39.7415093, -3.4072936 ], [ -39.7462776, -3.410399 ], [ -39.7494214, -3.4102673 ], [ -39.7528903, -3.4135461 ], [ -39.7527982, -3.4154736 ], [ -39.7496513, -3.418113 ], [ -39.7577287, -3.4343392 ], [ -39.7608162, -3.4352798 ], [ -39.7621825, -3.4342208 ], [ -39.7671871, -3.4376825 ], [ -39.7668552, -3.4399768 ], [ -39.7687977, -3.4421796 ], [ -39.7684963, -3.448093 ], [ -39.7641696, -3.4500543 ], [ -39.7687162, -3.4551679 ], [ -39.7686573, -3.4579109 ], [ -39.7770556, -3.4596735 ], [ -39.7794923, -3.4621813 ], [ -39.7813121, -3.4615167 ], [ -39.7835918, -3.4643941 ], [ -39.8529909, -3.453723 ], [ -39.8984222, -3.4426541 ], [ -39.910546, -3.4410957 ], [ -39.9196346, -3.4378395 ], [ -39.9262959, -3.4378783 ], [ -39.9386784, -3.4341393 ], [ -39.9487951, -3.4330799 ], [ -39.9652552, -3.4383461 ], [ -39.9832157, -3.4408242 ], [ -39.9961382, -3.4373192 ], [ -40.0275801, -3.4372815 ], [ -40.0226248, -3.4311272 ], [ -40.0140414, -3.4294716 ], [ -40.0093238, -3.423923 ], [ -40.0057527, -3.423995 ], [ -40.0045933, -3.4203579 ], [ -40.005775, -3.4193283 ], [ -40.002233, -3.4157717 ], [ -39.9996811, -3.4100024 ], [ -39.9964514, -3.4086344 ], [ -39.9938284, -3.4030084 ], [ -39.9952033, -3.3986564 ], [ -39.9907029, -3.3927117 ], [ -39.992857, -3.3880018 ], [ -39.9905605, -3.3862985 ], [ -39.9915764, -3.383814 ], [ -39.9883596, -3.3823446 ], [ -39.9867866, -3.3795155 ], [ -39.9880457, -3.3783629 ], [ -39.9862785, -3.3755017 ], [ -39.9869358, -3.3647514 ], [ -39.983164, -3.3652291 ], [ -39.971482, -3.3538476 ], [ -39.968897, -3.3548253 ], [ -39.9554901, -3.3488928 ], [ -39.955415, -3.3450875 ], [ -39.9479063, -3.3431954 ], [ -39.9454012, -3.3396984 ], [ -39.9412924, -3.3375773 ], [ -39.9392047, -3.3347022 ], [ -39.9381104, -3.3277948 ], [ -39.9358939, -3.3258654 ], [ -39.9357614, -3.3217514 ], [ -39.9312014, -3.3196591 ], [ -39.9342244, -3.3157239 ], [ -39.9320438, -3.3150977 ], [ -39.9321668, -3.3133219 ], [ -39.9293954, -3.3141995 ], [ -39.9276905, -3.3123283 ], [ -39.9274969, -3.3044967 ], [ -39.9246138, -3.3019786 ], [ -39.9237314, -3.294699 ], [ -39.9205671, -3.2919809 ], [ -39.9176753, -3.2921448 ], [ -39.9157576, -3.2884725 ], [ -39.9120097, -3.2877186 ], [ -39.9110419, -3.2844259 ], [ -39.9088699, -3.2831902 ], [ -39.9086732, -3.2796097 ], [ -39.9107557, -3.2762362 ], [ -39.9063062, -3.2732109 ], [ -39.9076558, -3.2713712 ], [ -39.9057301, -3.2700604 ], [ -39.9054757, -3.2663961 ], [ -39.9024601, -3.2646522 ], [ -39.9041146, -3.2625902 ], [ -39.9035828, -3.2600252 ], [ -39.8993293, -3.255526 ], [ -39.8990329, -3.2529921 ], [ -39.8973314, -3.2530911 ], [ -39.8968396, -3.2471307 ], [ -39.8944891, -3.2460621 ], [ -39.8929658, -3.2405637 ], [ -39.8908784, -3.2405093 ], [ -39.891868, -3.2368701 ], [ -39.8952016, -3.2356646 ], [ -39.8940178, -3.2326414 ], [ -39.8950249, -3.2315455 ], [ -39.8891024, -3.2239909 ], [ -39.8904985, -3.2214106 ], [ -39.8918596, -3.2218703 ], [ -39.8907199, -3.2191801 ], [ -39.8924148, -3.2167769 ], [ -39.8990711, -3.2158562 ], [ -39.9013143, -3.2135874 ], [ -39.9026343, -3.2079233 ], [ -39.8980387, -3.2027566 ], [ -39.898804, -3.2008114 ], [ -39.8963919, -3.1963218 ], [ -39.8937984, -3.1957646 ], [ -39.889165, -3.1909789 ], [ -39.8873515, -3.1911292 ], [ -39.8825321, -3.1857719 ], [ -39.8782571, -3.1853287 ], [ -39.8798788, -3.1826766 ], [ -39.8768785, -3.1798681 ], [ -39.8770942, -3.1781031 ], [ -39.8760274, -3.1794686 ], [ -39.8735514, -3.1786474 ], [ -39.8707172, -3.1701416 ], [ -39.8687059, -3.1696725 ], [ -39.8670835, -3.1655238 ], [ -39.8688061, -3.1616896 ], [ -39.8679989, -3.158185 ], [ -39.865524, -3.157271 ], [ -39.8647038, -3.1504044 ], [ -39.8661936, -3.1481874 ], [ -39.8643502, -3.1413677 ], [ -39.8658515, -3.1346373 ], [ -39.864575, -3.1320491 ], [ -39.8653427, -3.1273705 ], [ -39.868006, -3.1246053 ], [ -39.7080092, -3.0138773 ], [ -39.7074866, -3.0042008 ], [ -39.7195074, -3.0003411 ], [ -39.7209662, -2.9969391 ], [ -39.7021169, -3.0013119 ], [ -39.6956461, -2.9995926 ], [ -39.6914236, -2.9965677 ], [ -39.6881846, -2.996534 ], [ -39.6758821, -3.0019904 ], [ -39.6653158, -3.0164097 ], [ -39.6563959, -3.0234964 ], [ -39.6498016, -3.0246493 ], [ -39.6449434, -3.0226177 ], [ -39.6434655, -3.0197942 ], [ -39.6369652, -3.0189603 ], [ -39.6198268, -3.0259834 ], [ -39.6056517, -3.0530866 ], [ -39.5978485, -3.0645323 ], [ -39.5921368, -3.0694184 ], [ -39.5806862, -3.0733023 ], [ -39.5743754, -3.071343 ], [ -39.5663497, -3.0762992 ], [ -39.5581201, -3.0760903 ], [ -39.5506491, -3.079233 ], [ -39.5661492, -3.13132 ], [ -39.6126289, -3.156832 ], [ -39.6117962, -3.1498529 ], [ -39.6196539, -3.1468961 ], [ -39.6274363, -3.1495059 ], [ -39.6358849, -3.1569508 ], [ -39.6510198, -3.1603388 ], [ -39.6568345, -3.1658355 ], [ -39.6672362, -3.164268 ], [ -39.6702407, -3.1658732 ], [ -39.6725365, -3.1748791 ], [ -39.679631, -3.1832132 ], [ -39.6790002, -3.194691 ], [ -39.6804336, -3.199003 ], [ -39.6793459, -3.2040837 ], [ -39.6886583, -3.2084455 ], [ -39.686093, -3.2192086 ], [ -39.6894867, -3.2249358 ], [ -39.6998531, -3.2342461 ], [ -39.6986346, -3.2428042 ], [ -39.7034846, -3.2458153 ], [ -39.7287334, -3.2447594 ] ] ] } },
{ "type": "Feature", "properties": { "CD_MUN": "2306009", "NM_MUN": "Iracema", "CD_RGI": "230007", "NM_RGI": "Russas - Limoeiro do Norte", "CD_RGINT": "2302", "NM_RGINT": "Quixadá", "CD_UF": "23", "NM_UF": "Ceará", "SIGLA_UF": "CE", "CD_REGIA": "2", "NM_REGIA": "Nordeste", "SIGLA_RG": "NE", "CD_CONCU": null, "NM_CONCU": null, "AREA_KM2": 839.174, "mun_upp": "IRACEMA", "has_qualif": 1, "municipio": "Iracema", "REGIÃO DE PLANEJAMENTO": "Vale do Jaguaribe", "auxiliary_storage_labeling_positionx": null, "auxiliary_storage_labeling_positiony": null, "auxiliary_storage_labeling_lineanchorpercent": null, "auxiliary_storage_labeling_lineanchorclipping": null, "auxiliary_storage_labeling_lineanchortype": null, "auxiliary_storage_labeling_lineanchortextpoint": null, "auxiliary_storage_callouts_originx": null, "auxiliary_storage_callouts_originy": null, "auxiliary_storage_callouts_destinationx": null, "auxiliary_storage_callouts_destinationy": null }, "geometry": { "type": "Polygon", "coordinates": [ [ [ -38.2750776, -5.8918592 ], [ -38.3189779, -5.9071152 ], [ -38.3206034, -5.9062876 ], [ -38.3222195, -5.9091975 ], [ -38.3265498, -5.9101008 ], [ -38.3288576, -5.9152004 ], [ -38.3316353, -5.9163681 ], [ -38.3325413, -5.91876 ], [ -38.3366526, -5.9200418 ], [ -38.3392861, -5.9186788 ], [ -38.3701226, -5.9161518 ], [ -38.3757854, -5.9097523 ], [ -38.3796204, -5.9113394 ], [ -38.3792532, -5.9128184 ], [ -38.3825973, -5.9157469 ], [ -38.3909664, -5.9135312 ], [ -38.3957939, -5.9171043 ], [ -38.4023292, -5.9171618 ], [ -38.4046743, -5.9127497 ], [ -38.4076933, -5.9122114 ], [ -38.4076173, -5.8989957 ], [ -38.4117525, -5.8984954 ], [ -38.4156592, -5.9014838 ], [ -38.4194847, -5.9003199 ], [ -38.417004, -5.886595 ], [ -38.4176615, -5.8815191 ], [ -38.4193436, -5.879709 ], [ -38.4225128, -5.8795295 ], [ -38.4337913, -5.8855232 ], [ -38.4367762, -5.8853444 ], [ -38.4427382, -5.8771965 ], [ -38.4494832, -5.8791084 ], [ -38.4569088, -5.8711775 ], [ -38.4593438, -5.8708583 ], [ -38.4741443, -5.8773705 ], [ -38.4774936, -5.8844106 ], [ -38.4749591, -5.8879145 ], [ -38.4757568, -5.8888271 ], [ -38.4793218, -5.8886205 ], [ -38.4827055, -5.8854563 ], [ -38.4834095, -5.8837594 ], [ -38.4739024, -5.8491387 ], [ -38.4649092, -5.8213924 ], [ -38.4631818, -5.8084188 ], [ -38.4677212, -5.803996 ], [ -38.4677238, -5.802184 ], [ -38.4626136, -5.7952485 ], [ -38.462862, -5.7806951 ], [ -38.4689046, -5.7785587 ], [ -38.4745643, -5.7789718 ], [ -38.4779037, -5.7760043 ], [ -38.4810343, -5.776862 ], [ -38.4815272, -5.7681638 ], [ -38.4898607, -5.7704808 ], [ -38.4869369, -5.7665956 ], [ -38.4883729, -5.7646158 ], [ -38.4905348, -5.7649869 ], [ -38.4907399, -5.7629291 ], [ -38.4859352, -5.7596437 ], [ -38.4846417, -5.7538169 ], [ -38.4825092, -5.7539705 ], [ -38.4832678, -5.7510493 ], [ -38.4804216, -5.746445 ], [ -38.4854619, -5.7466142 ], [ -38.4896064, -5.7507927 ], [ -38.4903347, -5.7493948 ], [ -38.4872364, -5.7458587 ], [ -38.4869395, -5.7425376 ], [ -38.4795043, -5.7431333 ], [ -38.4701362, -5.7350285 ], [ -38.4638512, -5.7323622 ], [ -38.463682, -5.7268667 ], [ -38.4625591, -5.7252545 ], [ -38.4605225, -5.7263788 ], [ -38.4607685, -5.7220686 ], [ -38.4588735, -5.7176198 ], [ -38.4604295, -5.7118933 ], [ -38.4579312, -5.70627 ], [ -38.4575915, -5.710512 ], [ -38.4546063, -5.7099664 ], [ -38.4518132, -5.7118073 ], [ -38.4527433, -5.7023135 ], [ -38.4538979, -5.700869 ], [ -38.4569409, -5.7012111 ], [ -38.4550057, -5.6972869 ], [ -38.459016, -5.6792331 ], [ -38.4549124, -5.6746202 ], [ -38.4499194, -5.6747204 ], [ -38.4487199, -5.6730593 ], [ -38.4505577, -5.6663326 ], [ -38.4415211, -5.6570474 ], [ -38.441303, -5.6498772 ], [ -38.4383969, -5.6464658 ], [ -38.4425999, -5.6412133 ], [ -38.4399241, -5.6358618 ], [ -38.4363128, -5.6343386 ], [ -38.4329119, -5.6270177 ], [ -38.2675034, -5.6014359 ], [ -38.2663482, -5.6034722 ], [ -38.2657998, -5.6061312 ], [ -38.267528, -5.6072439 ], [ -38.2661936, -5.6174633 ], [ -38.264608, -5.6183229 ], [ -38.2661187, -5.6228409 ], [ -38.2649146, -5.6286311 ], [ -38.2606098, -5.6322635 ], [ -38.2599664, -5.6347039 ], [ -38.2550046, -5.6364782 ], [ -38.2490793, -5.644292 ], [ -38.2472277, -5.6511441 ], [ -38.2602677, -5.6619306 ], [ -38.2623804, -5.6718186 ], [ -38.2667206, -5.6782159 ], [ -38.2670584, -5.6866279 ], [ -38.2641117, -5.6894986 ], [ -38.2664911, -5.6976015 ], [ -38.2632391, -5.6999589 ], [ -38.2599287, -5.713474 ], [ -38.2560925, -5.7168046 ], [ -38.2486399, -5.7307904 ], [ -38.2508753, -5.7340148 ], [ -38.2551501, -5.736005 ], [ -38.2558446, -5.7407605 ], [ -38.2545119, -5.7484864 ], [ -38.2516134, -5.749264 ], [ -38.2506223, -5.7520377 ], [ -38.2491955, -5.7611081 ], [ -38.2507586, -5.7652189 ], [ -38.2450697, -5.7815745 ], [ -38.2452512, -5.7880904 ], [ -38.2415543, -5.7907037 ], [ -38.2459778, -5.7973772 ], [ -38.235744, -5.8011562 ], [ -38.2373762, -5.8080581 ], [ -38.2268472, -5.8159316 ], [ -38.2269682, -5.824479 ], [ -38.2232053, -5.8305013 ], [ -38.2273922, -5.8335144 ], [ -38.2170258, -5.8374407 ], [ -38.2166915, -5.8393178 ], [ -38.2139452, -5.8392417 ], [ -38.2126956, -5.841676 ], [ -38.2068932, -5.8419432 ], [ -38.2054456, -5.8439574 ], [ -38.2046169, -5.8424137 ], [ -38.2015976, -5.8425616 ], [ -38.1999687, -5.8469459 ], [ -38.1967425, -5.845009 ], [ -38.1902676, -5.8451951 ], [ -38.1878291, -5.8426402 ], [ -38.1857548, -5.8428359 ], [ -38.1842262, -5.8453134 ], [ -38.1851795, -5.8476352 ], [ -38.1808131, -5.8477685 ], [ -38.1781606, -5.8500816 ], [ -38.1757575, -5.8488529 ], [ -38.1753982, -5.8515067 ], [ -38.1647175, -5.8544005 ], [ -38.1611082, -5.8599197 ], [ -38.1545295, -5.8593251 ], [ -38.1496496, -5.8611205 ], [ -38.1471136, -5.8641452 ], [ -38.1488651, -5.8656695 ], [ -38.1485623, -5.867956 ], [ -38.1458049, -5.8699662 ], [ -38.1466419, -5.8730323 ], [ -38.1525209, -5.8769014 ], [ -38.1517797, -5.8813215 ], [ -38.1491928, -5.8820524 ], [ -38.1490913, -5.8863468 ], [ -38.1472653, -5.8870904 ], [ -38.146515, -5.8920319 ], [ -38.1502858, -5.897616 ], [ -38.1501743, -5.9012136 ], [ -38.1536272, -5.9038759 ], [ -38.1575431, -5.9039231 ], [ -38.1634083, -5.9141911 ], [ -38.1657167, -5.9145608 ], [ -38.1592981, -5.9245759 ], [ -38.2319655, -5.9172425 ], [ -38.2591196, -5.9205284 ], [ -38.2750776, -5.8918592 ] ] ] } },
{ "type": "Feature", "properties": { "CD_MUN": "2312700", "NM_MUN": "Senador Pompeu", "CD_RGI": "230006", "NM_RGI": "Quixadá", "CD_RGINT": "2302", "NM_RGINT": "Quixadá", "CD_UF": "23", "NM_UF": "Ceará", "SIGLA_UF": "CE", "CD_REGIA": "2", "NM_REGIA": "Nordeste", "SIGLA_RG": "NE", "CD_CONCU": null, "NM_CONCU": null, "AREA_KM2": 963.257, "mun_upp": "SENADOR POMPEU", "has_qualif": 1, "municipio": "Senador Pompeu", "REGIÃO DE PLANEJAMENTO": "Sertão Central", "auxiliary_storage_labeling_positionx": null, "auxiliary_storage_labeling_positiony": null, "auxiliary_storage_labeling_lineanchorpercent": null, "auxiliary_storage_labeling_lineanchorclipping": null, "auxiliary_storage_labeling_lineanchortype": null, "auxiliary_storage_labeling_lineanchortextpoint": null, "auxiliary_storage_callouts_originx": null, "auxiliary_storage_callouts_originy": null, "auxiliary_storage_callouts_destinationx": null, "auxiliary_storage_callouts_destinationy": null }, "geometry": { "type": "Polygon", "coordinates": [ [ [ -39.3278358, -5.7827667 ], [ -39.4344955, -5.7285466 ], [ -39.4540817, -5.7394801 ], [ -39.4525195, -5.7372156 ], [ -39.4541418, -5.7338874 ], [ -39.4571039, -5.7327481 ], [ -39.4567513, -5.7250325 ], [ -39.4592751, -5.724851 ], [ -39.4608835, -5.7192609 ], [ -39.4628066, -5.7186191 ], [ -39.4602447, -5.7121678 ], [ -39.4634596, -5.7135295 ], [ -39.4662882, -5.7098891 ], [ -39.4726242, -5.7111286 ], [ -39.473038, -5.7057639 ], [ -39.4759866, -5.7029731 ], [ -39.473633, -5.6978375 ], [ -39.4754506, -5.6904378 ], [ -39.4725074, -5.6852075 ], [ -39.4681835, -5.6862043 ], [ -39.4645109, -5.6893962 ], [ -39.460186, -5.6872459 ], [ -39.4520282, -5.6781452 ], [ -39.4504706, -5.6723273 ], [ -39.4433365, -5.6696401 ], [ -39.432101, -5.6552004 ], [ -39.4351772, -5.654538 ], [ -39.438918, -5.6568329 ], [ -39.4397534, -5.6556595 ], [ -39.4416605, -5.6579408 ], [ -39.4520719, -5.650537 ], [ -39.4552764, -5.6504686 ], [ -39.4561507, -5.6534119 ], [ -39.4613099, -5.6514572 ], [ -39.46391, -5.6461775 ], [ -39.4719405, -5.6423355 ], [ -39.4743806, -5.6461631 ], [ -39.4771417, -5.6444614 ], [ -39.4792769, -5.6406451 ], [ -39.4784035, -5.6389943 ], [ -39.482905, -5.6364954 ], [ -39.4813636, -5.6360898 ], [ -39.4828919, -5.6350983 ], [ -39.4826272, -5.6327948 ], [ -39.4797225, -5.6305114 ], [ -39.4812613, -5.6278654 ], [ -39.4803946, -5.619842 ], [ -39.483305, -5.6150596 ], [ -39.4942014, -5.6153664 ], [ -39.5022759, -5.6198 ], [ -39.5074368, -5.6276809 ], [ -39.5134807, -5.6285915 ], [ -39.5211354, -5.6260938 ], [ -39.5264483, -5.6204434 ], [ -39.5422627, -5.6135856 ], [ -39.5478008, -5.6132968 ], [ -39.5533328, -5.61588 ], [ -39.5632211, -5.6157706 ], [ -39.5710609, -5.607584 ], [ -39.5763045, -5.609282 ], [ -39.587009, -5.6063272 ], [ -39.6012843, -5.6249553 ], [ -39.6074052, -5.6227218 ], [ -39.6191506, -5.6279036 ], [ -39.6260495, -5.6344143 ], [ -39.6361144, -5.6396118 ], [ -39.63752, -5.6343541 ], [ -39.63018, -5.6211708 ], [ -39.6322347, -5.6064523 ], [ -39.6257894, -5.6073958 ], [ -39.6227602, -5.6037139 ], [ -39.6137233, -5.5997594 ], [ -39.6108491, -5.5942742 ], [ -39.6050054, -5.5918041 ], [ -39.5963359, -5.5803426 ], [ -39.590733, -5.5689884 ], [ -39.5908415, -5.5608817 ], [ -39.5851924, -5.5565267 ], [ -39.5835048, -5.5526476 ], [ -39.5826821, -5.5442189 ], [ -39.5854866, -5.5405419 ], [ -39.5845149, -5.5346371 ], [ -39.5811806, -5.5370877 ], [ -39.5772794, -5.5339246 ], [ -39.5767221, -5.5256948 ], [ -39.5735421, -5.527218 ], [ -39.5708923, -5.5251663 ], [ -39.5655686, -5.5257833 ], [ -39.5646884, -5.5295927 ], [ -39.5615147, -5.5298605 ], [ -39.5597018, -5.5325967 ], [ -39.5575102, -5.5294155 ], [ -39.5515794, -5.528529 ], [ -39.5518521, -5.5263029 ], [ -39.5565668, -5.5200381 ], [ -39.5611313, -5.5175357 ], [ -39.562135, -5.5196305 ], [ -39.5647655, -5.5180468 ], [ -39.564143, -5.5199287 ], [ -39.5675368, -5.5216852 ], [ -39.5681504, -5.5201827 ], [ -39.566363, -5.5181485 ], [ -39.5710533, -5.5161964 ], [ -39.5700431, -5.513599 ], [ -39.5750423, -5.5131379 ], [ -39.5749139, -5.511093 ], [ -39.579969, -5.5040336 ], [ -39.5831044, -5.502925 ], [ -39.5887964, -5.5057063 ], [ -39.5906691, -5.5033409 ], [ -39.6009481, -5.5003732 ], [ -39.6029287, -5.4977714 ], [ -39.601877, -5.4969707 ], [ -39.6042346, -5.4900214 ], [ -39.6087122, -5.4869165 ], [ -39.6086264, -5.4847266 ], [ -39.6148111, -5.4854827 ], [ -39.6217122, -5.4817724 ], [ -39.6278126, -5.480659 ], [ -39.6305297, -5.4774887 ], [ -39.6390025, -5.4727886 ], [ -39.636437, -5.4651515 ], [ -39.6397064, -5.4615419 ], [ -39.6399596, -5.4569123 ], [ -39.6451819, -5.4530629 ], [ -39.6454665, -5.4490864 ], [ -39.6436188, -5.4472639 ], [ -39.6479639, -5.4423268 ], [ -39.6529351, -5.43983 ], [ -39.6576472, -5.4397117 ], [ -39.6592589, -5.4292249 ], [ -39.6693637, -5.4103863 ], [ -39.6697774, -5.4062608 ], [ -39.6676336, -5.400776 ], [ -39.6697324, -5.3861198 ], [ -39.6639315, -5.387993 ], [ -39.6612744, -5.3821225 ], [ -39.6447365, -5.3838904 ], [ -39.6306126, -5.3994102 ], [ -39.6161112, -5.4021029 ], [ -39.614004, -5.4061456 ], [ -39.6069158, -5.4030924 ], [ -39.600335, -5.4064701 ], [ -39.5991846, -5.4010917 ], [ -39.5968215, -5.3997073 ], [ -39.5891711, -5.4072223 ], [ -39.5818004, -5.4080901 ], [ -39.578742, -5.4061055 ], [ -39.5592238, -5.4037792 ], [ -39.5439622, -5.4053881 ], [ -39.5365332, -5.4142888 ], [ -39.5375181, -5.4311619 ], [ -39.5277879, -5.4532737 ], [ -39.5178791, -5.4623009 ], [ -39.5001609, -5.4538637 ], [ -39.4641162, -5.4757678 ], [ -39.4382048, -5.4785365 ], [ -39.4199138, -5.4987656 ], [ -39.3821591, -5.5183662 ], [ -39.3745907, -5.5108032 ], [ -39.3722049, -5.5154002 ], [ -39.3696834, -5.5169336 ], [ -39.3675885, -5.5259614 ], [ -39.3216512, -5.5096768 ], [ -39.3174795, -5.5043146 ], [ -39.3146159, -5.5039361 ], [ -39.3071254, -5.5045527 ], [ -39.3083724, -5.5099365 ], [ -39.3022204, -5.5101849 ], [ -39.2992134, -5.5132083 ], [ -39.296649, -5.5124099 ], [ -39.2939813, -5.5174385 ], [ -39.2890551, -5.5185419 ], [ -39.2858199, -5.5217328 ], [ -39.2858806, -5.523887 ], [ -39.2805608, -5.5262681 ], [ -39.2783987, -5.5255989 ], [ -39.277914, -5.5300242 ], [ -39.2706226, -5.5372949 ], [ -39.2693859, -5.5428425 ], [ -39.2630729, -5.5482487 ], [ -39.2655598, -5.5537557 ], [ -39.2631953, -5.5550253 ], [ -39.2615248, -5.5587719 ], [ -39.2560422, -5.558535 ], [ -39.2533974, -5.5606365 ], [ -39.2544018, -5.5632091 ], [ -39.2530186, -5.5688135 ], [ -39.2603311, -5.5808139 ], [ -39.2535148, -5.5836951 ], [ -39.2468323, -5.5924676 ], [ -39.2577019, -5.6147964 ], [ -39.2606263, -5.6153224 ], [ -39.2598862, -5.6179423 ], [ -39.2691662, -5.633644 ], [ -39.2678201, -5.6421283 ], [ -39.2741834, -5.6519588 ], [ -39.2772843, -5.6513932 ], [ -39.2757794, -5.661609 ], [ -39.2795557, -5.6652165 ], [ -39.2789184, -5.6694847 ], [ -39.2761245, -5.6726234 ], [ -39.2686926, -5.6729096 ], [ -39.2658021, -5.6759735 ], [ -39.2601701, -5.6745588 ], [ -39.259042, -5.6765147 ], [ -39.261568, -5.6848119 ], [ -39.2668748, -5.6895598 ], [ -39.2672073, -5.6997918 ], [ -39.2709125, -5.7082008 ], [ -39.272721, -5.7093062 ], [ -39.2676009, -5.7123358 ], [ -39.2672214, -5.7152741 ], [ -39.2606513, -5.7156825 ], [ -39.2656571, -5.730393 ], [ -39.262746, -5.7306375 ], [ -39.2644227, -5.7377141 ], [ -39.2678801, -5.7423447 ], [ -39.2666987, -5.7441685 ], [ -39.2669411, -5.7543454 ], [ -39.2718862, -5.7568757 ], [ -39.2738464, -5.7627131 ], [ -39.2794006, -5.7627919 ], [ -39.2803636, -5.7581953 ], [ -39.2828476, -5.7559377 ], [ -39.2963541, -5.7666174 ], [ -39.3010092, -5.7666076 ], [ -39.3021212, -5.7740378 ], [ -39.3095668, -5.7744311 ], [ -39.310776, -5.7789852 ], [ -39.3136917, -5.7792947 ], [ -39.3175242, -5.7829308 ], [ -39.3227111, -5.7834653 ], [ -39.3271658, -5.7817805 ], [ -39.3278358, -5.7827667 ] ] ] } },
{ "type": "Feature", "properties": { "CD_MUN": "2308609", "NM_MUN": "Monsenhor Tabosa", "CD_RGI": "230013", "NM_RGI": "Crateús", "CD_RGINT": "2305", "NM_RGINT": "Crateús", "CD_UF": "23", "NM_UF": "Ceará", "SIGLA_UF": "CE", "CD_REGIA": "2", "NM_REGIA": "Nordeste", "SIGLA_RG": "NE", "CD_CONCU": null, "NM_CONCU": null, "AREA_KM2": 892.538, "mun_upp": "MONSENHOR TABOSA", "has_qualif": 1, "municipio": "Monsenhor Tabosa", "REGIÃO DE PLANEJAMENTO": "Sertão dos Crateús", "auxiliary_storage_labeling_positionx": -40.391266044090941, "auxiliary_storage_labeling_positiony": -4.8999365485864024, "auxiliary_storage_labeling_lineanchorpercent": null, "auxiliary_storage_labeling_lineanchorclipping": null, "auxiliary_storage_labeling_lineanchortype": null, "auxiliary_storage_labeling_lineanchortextpoint": null, "auxiliary_storage_callouts_originx": null, "auxiliary_storage_callouts_originy": null, "auxiliary_storage_callouts_destinationx": null, "auxiliary_storage_callouts_destinationy": null }, "geometry": { "type": "Polygon", "coordinates": [ [ [ -40.1600423, -5.16479 ], [ -40.1659103, -5.1620366 ], [ -40.1658814, -5.1584406 ], [ -40.154141, -5.1498921 ], [ -40.1460094, -5.1523326 ], [ -40.1468064, -5.1475282 ], [ -40.1430993, -5.1438189 ], [ -40.1428178, -5.1412409 ], [ -40.1393414, -5.1397809 ], [ -40.1371399, -5.133364 ], [ -40.1350548, -5.1320129 ], [ -40.1389086, -5.1213479 ], [ -40.1347962, -5.1120047 ], [ -40.1387313, -5.104133 ], [ -40.133325, -5.0993603 ], [ -40.134763, -5.0961056 ], [ -40.1457912, -5.0915981 ], [ -40.1494282, -5.086097 ], [ -40.1552945, -5.0822416 ], [ -40.1544631, -5.0787411 ], [ -40.1518064, -5.0773998 ], [ -40.1399817, -5.0775596 ], [ -40.1372619, -5.0747454 ], [ -40.1462503, -5.0589807 ], [ -40.1463476, -5.0501589 ], [ -40.1528439, -5.0472296 ], [ -40.1541246, -5.0413979 ], [ -40.149557, -5.0341986 ], [ -40.1467406, -5.0328896 ], [ -40.1373022, -5.0308159 ], [ -40.1320373, -5.0279998 ], [ -40.1292358, -5.0300136 ], [ -40.1225771, -5.0307998 ], [ -40.1118351, -5.0241049 ], [ -40.1057041, -5.02397 ], [ -40.1041607, -5.0216095 ], [ -40.1056071, -5.0144921 ], [ -40.1033404, -5.0097904 ], [ -40.1040949, -5.0071344 ], [ -40.0997666, -5.0012261 ], [ -40.1046496, -4.9965294 ], [ -40.1090917, -4.9994409 ], [ -40.1149366, -5.0004831 ], [ -40.1140777, -4.984858 ], [ -40.1266284, -4.9879872 ], [ -40.1330869, -4.9922364 ], [ -40.1314108, -4.9878839 ], [ -40.1347616, -4.9827433 ], [ -40.1368486, -4.9825716 ], [ -40.1333688, -4.9776334 ], [ -40.1342901, -4.9746944 ], [ -40.137939, -4.9737131 ], [ -40.1399976, -4.9705028 ], [ -40.1496714, -4.9707989 ], [ -40.1539238, -4.969527 ], [ -40.1574651, -4.9646651 ], [ -40.1663604, -4.9639509 ], [ -40.1653453, -4.9611425 ], [ -40.1668052, -4.9574034 ], [ -40.165138, -4.9541949 ], [ -40.1660706, -4.9476181 ], [ -40.1610032, -4.9446629 ], [ -40.1608135, -4.9414507 ], [ -40.1640027, -4.9395389 ], [ -40.1640145, -4.9357331 ], [ -40.1686128, -4.9349378 ], [ -40.1956819, -4.9067108 ], [ -40.1882565, -4.9048161 ], [ -40.1822895, -4.9012003 ], [ -40.1699934, -4.89992 ], [ -40.1677847, -4.8983928 ], [ -40.1636448, -4.8986831 ], [ -40.1596028, -4.9034666 ], [ -40.1438935, -4.9031368 ], [ -40.1430403, -4.9008193 ], [ -40.1392286, -4.8994562 ], [ -40.1406675, -4.8970328 ], [ -40.1361269, -4.8941015 ], [ -40.1359754, -4.8890529 ], [ -40.1272666, -4.886456 ], [ -40.1257761, -4.8879163 ], [ -40.1239443, -4.8860045 ], [ -40.1210642, -4.8868179 ], [ -40.1182094, -4.8834763 ], [ -40.1139735, -4.8827731 ], [ -40.1075717, -4.8743236 ], [ -40.105724, -4.8696184 ], [ -40.1082397, -4.8676501 ], [ -40.1075329, -4.864684 ], [ -40.1098757, -4.8593075 ], [ -40.1100505, -4.8504682 ], [ -40.1130311, -4.8497594 ], [ -40.1217763, -4.8395156 ], [ -40.1247668, -4.8382356 ], [ -40.1280589, -4.8337346 ], [ -40.1289323, -4.8292342 ], [ -40.1367634, -4.8250457 ], [ -40.1415047, -4.8179016 ], [ -40.1411546, -4.8152801 ], [ -40.1361009, -4.8129321 ], [ -40.1198853, -4.7480289 ], [ -40.0594998, -4.7168073 ], [ -39.9261583, -4.7348921 ], [ -39.9285834, -4.7745402 ], [ -39.9308572, -4.7726939 ], [ -39.9343246, -4.7743425 ], [ -39.9388372, -4.7696859 ], [ -39.9354642, -4.7773809 ], [ -39.9360557, -4.7803354 ], [ -39.9385359, -4.7817483 ], [ -39.9384724, -4.7849679 ], [ -39.9289841, -4.7971099 ], [ -39.9313401, -4.8015433 ], [ -39.9384528, -4.8044206 ], [ -39.9421513, -4.808809 ], [ -39.9418025, -4.8108109 ], [ -39.9483602, -4.8158013 ], [ -39.949281, -4.8175296 ], [ -39.946746, -4.8205651 ], [ -39.9494657, -4.8257687 ], [ -39.9472201, -4.8280865 ], [ -39.9487867, -4.8307631 ], [ -39.9466004, -4.8328552 ], [ -39.9456684, -4.8393369 ], [ -39.9406719, -4.8408083 ], [ -39.9341786, -4.8502475 ], [ -39.9323824, -4.8554577 ], [ -39.9302376, -4.8558368 ], [ -39.9264826, -4.8599874 ], [ -39.9256293, -4.8633045 ], [ -39.9188842, -4.8680165 ], [ -39.9166073, -4.8715568 ], [ -39.9053553, -4.8777091 ], [ -39.9034685, -4.8811106 ], [ -39.9009681, -4.8820849 ], [ -39.9017984, -4.8840489 ], [ -39.8925445, -4.886302 ], [ -39.8924427, -4.8879519 ], [ -39.8950319, -4.8877624 ], [ -39.8959412, -4.8910331 ], [ -39.8951511, -4.8922017 ], [ -39.8925819, -4.8914533 ], [ -39.892151, -4.8933868 ], [ -39.8986011, -4.8959784 ], [ -39.8985383, -4.8989441 ], [ -39.9001663, -4.8976449 ], [ -39.9030887, -4.8992674 ], [ -39.9005817, -4.9023769 ], [ -39.9015973, -4.9050563 ], [ -39.904577, -4.90337 ], [ -39.906945, -4.9048705 ], [ -39.9093268, -4.9027668 ], [ -39.9094951, -4.9059886 ], [ -39.9111028, -4.9066986 ], [ -39.911863, -4.9039804 ], [ -39.9160909, -4.9054877 ], [ -39.9238979, -4.9135406 ], [ -39.9261644, -4.9113632 ], [ -39.9289379, -4.91277 ], [ -39.9329048, -4.9188426 ], [ -39.9317567, -4.9217412 ], [ -39.9342508, -4.9247342 ], [ -39.9358246, -4.9248619 ], [ -39.9359936, -4.9228912 ], [ -39.9388885, -4.920829 ], [ -39.9412898, -4.9226394 ], [ -39.9405295, -4.9243174 ], [ -39.9420998, -4.927277 ], [ -39.944826, -4.9269035 ], [ -39.9467395, -4.9296106 ], [ -39.9488089, -4.9273113 ], [ -39.9509852, -4.9273293 ], [ -39.9504737, -4.9234581 ], [ -39.9565671, -4.9254323 ], [ -39.9593739, -4.9304744 ], [ -39.962841, -4.932359 ], [ -39.9617342, -4.934064 ], [ -39.9630462, -4.9369567 ], [ -39.9602945, -4.9385664 ], [ -39.9607216, -4.9397242 ], [ -39.9639464, -4.9385784 ], [ -39.9641716, -4.9421403 ], [ -39.9671603, -4.9386705 ], [ -39.968656, -4.9408443 ], [ -39.9678232, -4.9451124 ], [ -39.9691807, -4.947238 ], [ -39.9579902, -5.0258342 ], [ -39.959689, -5.0281096 ], [ -39.9641581, -5.0291064 ], [ -39.970487, -5.0284608 ], [ -39.9724973, -5.0361254 ], [ -39.9713079, -5.0428572 ], [ -39.9737837, -5.0498514 ], [ -39.982126, -5.0603766 ], [ -39.9866915, -5.0721431 ], [ -39.9930149, -5.0741409 ], [ -39.9975964, -5.0844914 ], [ -40.1600423, -5.16479 ] ] ] } },
{ "type": "Feature", "properties": { "CD_MUN": "2301208", "NM_MUN": "Aracoiaba", "CD_RGI": "230003", "NM_RGI": "Redenção-Acarape", "CD_RGINT": "2301", "NM_RGINT": "Fortaleza", "CD_UF": "23", "NM_UF": "Ceará", "SIGLA_UF": "CE", "CD_REGIA": "2", "NM_REGIA": "Nordeste", "SIGLA_RG": "NE", "CD_CONCU": null, "NM_CONCU": null, "AREA_KM2": 643.988, "mun_upp": "ARACOIABA", "has_qualif": 1, "municipio": "Aracoiaba", "REGIÃO DE PLANEJAMENTO": "Maciço de Baturité", "auxiliary_storage_labeling_positionx": null, "auxiliary_storage_labeling_positiony": null, "auxiliary_storage_labeling_lineanchorpercent": null, "auxiliary_storage_labeling_lineanchorclipping": null, "auxiliary_storage_labeling_lineanchortype": null, "auxiliary_storage_labeling_lineanchortextpoint": null, "auxiliary_storage_callouts_originx": null, "auxiliary_storage_callouts_originy": null, "auxiliary_storage_callouts_destinationx": null, "auxiliary_storage_callouts_destinationy": null }, "geometry": { "type": "Polygon", "coordinates": [ [ [ -38.7145583, -4.6139497 ], [ -38.7186317, -4.6201653 ], [ -38.7390669, -4.6184672 ], [ -38.7563869, -4.6248365 ], [ -38.7657138, -4.623237 ], [ -38.7472496, -4.5271714 ], [ -38.7557948, -4.5258579 ], [ -38.7597057, -4.527798 ], [ -38.7623542, -4.5248129 ], [ -38.7736529, -4.5274435 ], [ -38.776095, -4.5165294 ], [ -38.7791119, -4.5175057 ], [ -38.783923, -4.5152484 ], [ -38.7868444, -4.5157418 ], [ -38.7855673, -4.5123284 ], [ -38.7909393, -4.5101466 ], [ -38.8338727, -4.4741593 ], [ -38.8295741, -4.4666982 ], [ -38.8221765, -4.4599285 ], [ -38.8221632, -4.45573 ], [ -38.8196661, -4.4511815 ], [ -38.8198819, -4.4463883 ], [ -38.8135726, -4.441327 ], [ -38.8214961, -4.4423762 ], [ -38.8227239, -4.4438246 ], [ -38.8259318, -4.4426944 ], [ -38.8266171, -4.4442803 ], [ -38.8306894, -4.4437367 ], [ -38.842272, -4.4541597 ], [ -38.8416067, -4.3611994 ], [ -38.8237013, -4.3139441 ], [ -38.811297, -4.3167661 ], [ -38.806494, -4.3149122 ], [ -38.8020634, -4.3155506 ], [ -38.79897, -4.3170317 ], [ -38.7978834, -4.3229066 ], [ -38.7951812, -4.3234345 ], [ -38.7872049, -4.3209505 ], [ -38.7789112, -4.3093169 ], [ -38.7725155, -4.3082567 ], [ -38.7705718, -4.3060966 ], [ -38.7647356, -4.3060215 ], [ -38.7615179, -4.3100481 ], [ -38.7570593, -4.3122423 ], [ -38.7585595, -4.3205741 ], [ -38.7495944, -4.3362123 ], [ -38.7508271, -4.3408128 ], [ -38.7455456, -4.3520953 ], [ -38.7385019, -4.3566637 ], [ -38.7319422, -4.3585266 ], [ -38.7307433, -4.3661746 ], [ -38.7238973, -4.3675841 ], [ -38.7204735, -4.3730232 ], [ -38.7133285, -4.3794731 ], [ -38.7129619, -4.3836946 ], [ -38.707811, -4.3837629 ], [ -38.6936101, -4.3799362 ], [ -38.6793952, -4.3915819 ], [ -38.677206, -4.4001924 ], [ -38.6727615, -4.403391 ], [ -38.6696851, -4.4085323 ], [ -38.6686593, -4.4114004 ], [ -38.6697377, -4.4125484 ], [ -38.664516, -4.4155939 ], [ -38.6533753, -4.4121251 ], [ -38.6469044, -4.4171468 ], [ -38.6435607, -4.4152542 ], [ -38.6427816, -4.4111309 ], [ -38.6386284, -4.4065641 ], [ -38.6314432, -4.4069179 ], [ -38.6230462, -4.40444 ], [ -38.6173636, -4.3911495 ], [ -38.6127098, -4.3862386 ], [ -38.6119167, -4.3797356 ], [ -38.6103331, -4.3784911 ], [ -38.6068284, -4.3786936 ], [ -38.5972586, -4.3835359 ], [ -38.5743072, -4.3852478 ], [ -38.5663296, -4.3766204 ], [ -38.5511706, -4.3749 ], [ -38.5457285, -4.3695667 ], [ -38.5402041, -4.372952 ], [ -38.533907, -4.368875 ], [ -38.5340606, -4.3748589 ], [ -38.5318517, -4.3785511 ], [ -38.5396998, -4.3838649 ], [ -38.5394062, -4.3878329 ], [ -38.5436258, -4.3903752 ], [ -38.5552599, -4.4029588 ], [ -38.5589191, -4.4059834 ], [ -38.5639802, -4.4063585 ], [ -38.5687674, -4.4149631 ], [ -38.5721525, -4.4149553 ], [ -38.5742937, -4.4190131 ], [ -38.5830427, -4.4160225 ], [ -38.5874136, -4.4219644 ], [ -38.5913148, -4.4215207 ], [ -38.5951359, -4.42331 ], [ -38.6027189, -4.420504 ], [ -38.6035535, -4.4256706 ], [ -38.6062961, -4.4245202 ], [ -38.6086547, -4.4276883 ], [ -38.6113088, -4.4269337 ], [ -38.6151508, -4.4291501 ], [ -38.6148855, -4.4314843 ], [ -38.6129712, -4.4322382 ], [ -38.6138595, -4.4351436 ], [ -38.6179574, -4.4349989 ], [ -38.6195486, -4.4378159 ], [ -38.6219128, -4.4373135 ], [ -38.6230552, -4.4386775 ], [ -38.6272826, -4.4378982 ], [ -38.6255104, -4.4427501 ], [ -38.6286098, -4.4443416 ], [ -38.6306627, -4.4528177 ], [ -38.6339161, -4.4532636 ], [ -38.6352412, -4.4519 ], [ -38.6367613, -4.4538272 ], [ -38.6355502, -4.4568436 ], [ -38.6363161, -4.4632528 ], [ -38.6325346, -4.4662728 ], [ -38.6321574, -4.4694381 ], [ -38.6325604, -4.4742135 ], [ -38.6369178, -4.4764836 ], [ -38.6350552, -4.4811801 ], [ -38.6363832, -4.4843762 ], [ -38.6356431, -4.4860154 ], [ -38.6284898, -4.4891206 ], [ -38.6294791, -4.493787 ], [ -38.6263806, -4.4961716 ], [ -38.6261151, -4.4997299 ], [ -38.6226303, -4.5048616 ], [ -38.624654, -4.5109084 ], [ -38.621274, -4.5132536 ], [ -38.6221254, -4.5157554 ], [ -38.6180341, -4.525166 ], [ -38.6200574, -4.5260246 ], [ -38.6222752, -4.5367364 ], [ -38.6308767, -4.5421982 ], [ -38.6317374, -4.5444015 ], [ -38.6352788, -4.5455223 ], [ -38.6356947, -4.5484427 ], [ -38.6381702, -4.5504832 ], [ -38.6494867, -4.5557107 ], [ -38.6322167, -4.6037743 ], [ -38.6240153, -4.616834 ], [ -38.6237499, -4.6225545 ], [ -38.620164, -4.6258737 ], [ -38.6204852, -4.6274057 ], [ -38.6186064, -4.6279014 ], [ -38.6165563, -4.6338443 ], [ -38.6173183, -4.6363519 ], [ -38.6112249, -4.6445585 ], [ -38.6125534, -4.6525568 ], [ -38.6089715, -4.6592089 ], [ -38.6067873, -4.6617688 ], [ -38.5964722, -4.6656556 ], [ -38.5936004, -4.6688378 ], [ -38.5892021, -4.6668916 ], [ -38.5885942, -4.6651716 ], [ -38.5855109, -4.6661891 ], [ -38.5844374, -4.6648811 ], [ -38.58361, -4.6665287 ], [ -38.5755539, -4.6667115 ], [ -38.5735705, -4.6695399 ], [ -38.5762255, -4.6689594 ], [ -38.5830706, -4.6713989 ], [ -38.5852331, -4.6753675 ], [ -38.5889011, -4.6751782 ], [ -38.5892934, -4.6774224 ], [ -38.5935926, -4.6787354 ], [ -38.596942, -4.682938 ], [ -38.604247, -4.6845878 ], [ -38.6043714, -4.6860778 ], [ -38.6157489, -4.6940217 ], [ -38.6179181, -4.6972423 ], [ -38.6214078, -4.6959277 ], [ -38.6309838, -4.7005285 ], [ -38.6362289, -4.6993532 ], [ -38.6382297, -4.6904516 ], [ -38.6332495, -4.6885821 ], [ -38.646522, -4.6813795 ], [ -38.654649, -4.6813879 ], [ -38.6586091, -4.6697045 ], [ -38.6635806, -4.6607575 ], [ -38.6675318, -4.6620442 ], [ -38.6709958, -4.666587 ], [ -38.6740227, -4.6643487 ], [ -38.6762754, -4.658142 ], [ -38.689777, -4.6512349 ], [ -38.6865828, -4.6449971 ], [ -38.6917506, -4.6396668 ], [ -38.693085, -4.62985 ], [ -38.6986462, -4.6259844 ], [ -38.7006521, -4.6118181 ], [ -38.7077481, -4.6108007 ], [ -38.7145583, -4.6139497 ] ] ] } },
{ "type": "Feature", "properties": { "CD_MUN": "2301257", "NM_MUN": "Ararendá", "CD_RGI": "230013", "NM_RGI": "Crateús", "CD_RGINT": "2305", "NM_RGINT": "Crateús", "CD_UF": "23", "NM_UF": "Ceará", "SIGLA_UF": "CE", "CD_REGIA": "2", "NM_REGIA": "Nordeste", "SIGLA_RG": "NE", "CD_CONCU": null, "NM_CONCU": null, "AREA_KM2": 342.301, "mun_upp": "ARARENDÁ", "has_qualif": 1, "municipio": "Ararendá", "REGIÃO DE PLANEJAMENTO": "Sertão dos Crateús", "auxiliary_storage_labeling_positionx": null, "auxiliary_storage_labeling_positiony": null, "auxiliary_storage_labeling_lineanchorpercent": null, "auxiliary_storage_labeling_lineanchorclipping": null, "auxiliary_storage_labeling_lineanchortype": null, "auxiliary_storage_labeling_lineanchortextpoint": null, "auxiliary_storage_callouts_originx": null, "auxiliary_storage_callouts_originy": null, "auxiliary_storage_callouts_destinationx": null, "auxiliary_storage_callouts_destinationy": null }, "geometry": { "type": "Polygon", "coordinates": [ [ [ -40.7986411, -4.8155784 ], [ -40.8027372, -4.8178164 ], [ -40.8077938, -4.8180303 ], [ -40.8105252, -4.8160194 ], [ -40.8129426, -4.8170058 ], [ -40.8134435, -4.8147855 ], [ -40.8178464, -4.8135357 ], [ -40.8177945, -4.8119508 ], [ -40.8256251, -4.8105183 ], [ -40.8264393, -4.8072984 ], [ -40.8316898, -4.8042459 ], [ -40.8343754, -4.8001847 ], [ -40.8352061, -4.794861 ], [ -40.8383279, -4.793584 ], [ -40.8416104, -4.7847978 ], [ -40.848583, -4.7851953 ], [ -40.8521512, -4.7833203 ], [ -40.8823099, -4.7841883 ], [ -40.882787, -4.7745632 ], [ -40.8799504, -4.7716359 ], [ -40.8794961, -4.7683126 ], [ -40.8832462, -4.7518804 ], [ -40.8741609, -4.743968 ], [ -40.8672943, -4.7307748 ], [ -40.867256, -4.7281783 ], [ -40.8711509, -4.7245834 ], [ -40.8721944, -4.712317 ], [ -40.8693131, -4.7151263 ], [ -40.8650811, -4.7153448 ], [ -40.8590025, -4.7118067 ], [ -40.8552584, -4.7151915 ], [ -40.8495808, -4.715357 ], [ -40.8442444, -4.7188246 ], [ -40.8365908, -4.7165597 ], [ -40.833208, -4.7178187 ], [ -40.8259204, -4.7167853 ], [ -40.8227053, -4.7137972 ], [ -40.8206802, -4.7139507 ], [ -40.8187151, -4.7107215 ], [ -40.8119971, -4.7086157 ], [ -40.80776, -4.7053108 ], [ -40.8024691, -4.7087337 ], [ -40.7941997, -4.7083783 ], [ -40.7901769, -4.7116139 ], [ -40.7862307, -4.7102938 ], [ -40.7846975, -4.7124749 ], [ -40.781207, -4.7083383 ], [ -40.7736859, -4.7101288 ], [ -40.7714826, -4.7076085 ], [ -40.7671907, -4.7084689 ], [ -40.7620343, -4.7061988 ], [ -40.7587211, -4.7078379 ], [ -40.7584655, -4.7100472 ], [ -40.7531349, -4.7117603 ], [ -40.7485511, -4.7089905 ], [ -40.7401972, -4.7102634 ], [ -40.7396949, -4.7088127 ], [ -40.7360283, -4.7087198 ], [ -40.7323093, -4.7126224 ], [ -40.7321727, -4.7151977 ], [ -40.6698089, -4.7051233 ], [ -40.6601604, -4.686363 ], [ -40.6550906, -4.6886882 ], [ -40.6557884, -4.6915911 ], [ -40.654231, -4.6941943 ], [ -40.6594307, -4.7014183 ], [ -40.6594785, -4.7045384 ], [ -40.6563124, -4.7093066 ], [ -40.6542648, -4.7093685 ], [ -40.6531812, -4.7134558 ], [ -40.6483122, -4.7181235 ], [ -40.6422715, -4.7277147 ], [ -40.643447, -4.7305519 ], [ -40.6482905, -4.7322208 ], [ -40.6456737, -4.7371307 ], [ -40.6474313, -4.7397608 ], [ -40.6461453, -4.7434743 ], [ -40.6473154, -4.7465445 ], [ -40.6414245, -4.7500033 ], [ -40.6424075, -4.7545737 ], [ -40.637526, -4.7594663 ], [ -40.6380491, -4.7635316 ], [ -40.6363819, -4.7641379 ], [ -40.6370793, -4.7692395 ], [ -40.6352238, -4.7727392 ], [ -40.6372542, -4.7759269 ], [ -40.6280772, -4.7902898 ], [ -40.6367523, -4.794998 ], [ -40.6391148, -4.8005552 ], [ -40.6484838, -4.8086137 ], [ -40.648732, -4.8126567 ], [ -40.656053, -4.8219522 ], [ -40.6574054, -4.8290238 ], [ -40.6617942, -4.8336967 ], [ -40.6653673, -4.8440371 ], [ -40.669068, -4.8479727 ], [ -40.675698, -4.8529299 ], [ -40.6846157, -4.8565026 ], [ -40.6873541, -4.8594565 ], [ -40.6976029, -4.8624742 ], [ -40.7064466, -4.8565434 ], [ -40.7188889, -4.8532161 ], [ -40.7190838, -4.8505421 ], [ -40.7165958, -4.8499443 ], [ -40.7211333, -4.8474744 ], [ -40.7229855, -4.8419011 ], [ -40.7619511, -4.8664797 ], [ -40.7641251, -4.8515471 ], [ -40.7627455, -4.8518198 ], [ -40.7620463, -4.8500871 ], [ -40.7655872, -4.8462648 ], [ -40.7630761, -4.8436516 ], [ -40.7678404, -4.8413843 ], [ -40.7700738, -4.8380828 ], [ -40.7738122, -4.8380192 ], [ -40.7753197, -4.8353117 ], [ -40.7807843, -4.8341311 ], [ -40.7822088, -4.8247609 ], [ -40.7893555, -4.821602 ], [ -40.7934852, -4.8161961 ], [ -40.7986411, -4.8155784 ] ] ] } },
{ "type": "Feature", "properties": { "CD_MUN": "2303808", "NM_MUN": "Cedro", "CD_RGI": "230009", "NM_RGI": "Iguatu", "CD_RGINT": "2303", "NM_RGINT": "Iguatu", "CD_UF": "23", "NM_UF": "Ceará", "SIGLA_UF": "CE", "CD_REGIA": "2", "NM_REGIA": "Nordeste", "SIGLA_RG": "NE", "CD_CONCU": null, "NM_CONCU": null, "AREA_KM2": 729.97, "mun_upp": "CEDRO", "has_qualif": 1, "municipio": "Cedro", "REGIÃO DE PLANEJAMENTO": "Centro Sul", "auxiliary_storage_labeling_positionx": null, "auxiliary_storage_labeling_positiony": null, "auxiliary_storage_labeling_lineanchorpercent": null, "auxiliary_storage_labeling_lineanchorclipping": null, "auxiliary_storage_labeling_lineanchortype": null, "auxiliary_storage_labeling_lineanchortextpoint": null, "auxiliary_storage_callouts_originx": null, "auxiliary_storage_callouts_originy": null, "auxiliary_storage_callouts_destinationx": null, "auxiliary_storage_callouts_destinationy": null }, "geometry": { "type": "Polygon", "coordinates": [ [ [ -38.9611885, -6.6462131 ], [ -38.9622597, -6.6535079 ], [ -38.9716736, -6.6604623 ], [ -38.9835276, -6.6632604 ], [ -38.9905604, -6.6601005 ], [ -39.0026662, -6.6576906 ], [ -39.0112551, -6.6610757 ], [ -39.016464, -6.6604149 ], [ -39.0198626, -6.6631211 ], [ -39.0195898, -6.6645285 ], [ -39.02466, -6.6675153 ], [ -39.0344372, -6.6694011 ], [ -39.0353422, -6.6715551 ], [ -39.0416764, -6.6721434 ], [ -39.04679, -6.6751874 ], [ -39.0504615, -6.6684088 ], [ -39.0521517, -6.6604455 ], [ -39.0610931, -6.6636529 ], [ -39.0627923, -6.6701598 ], [ -39.0596613, -6.6742515 ], [ -39.058171, -6.6805906 ], [ -39.0498942, -6.6849044 ], [ -39.0458631, -6.6957664 ], [ -39.0510054, -6.6971541 ], [ -39.0551589, -6.6961515 ], [ -39.0569523, -6.6988001 ], [ -39.0642972, -6.7003023 ], [ -39.0681666, -6.7054237 ], [ -39.0828084, -6.7057565 ], [ -39.0852319, -6.7099494 ], [ -39.0906561, -6.7127524 ], [ -39.0928124, -6.710906 ], [ -39.0957779, -6.7133097 ], [ -39.0968884, -6.7118064 ], [ -39.1079307, -6.7154846 ], [ -39.1138425, -6.7092669 ], [ -39.1231575, -6.7131024 ], [ -39.1246485, -6.7111642 ], [ -39.1298392, -6.7103788 ], [ -39.1292464, -6.7026865 ], [ -39.1315201, -6.7003284 ], [ -39.1298178, -6.6907072 ], [ -39.1342818, -6.6882049 ], [ -39.1339213, -6.6841485 ], [ -39.1384948, -6.6783882 ], [ -39.1427265, -6.6761467 ], [ -39.14397, -6.6717425 ], [ -39.1473792, -6.6729094 ], [ -39.1497149, -6.6705345 ], [ -39.1506735, -6.6742105 ], [ -39.1558629, -6.6727154 ], [ -39.1603639, -6.6742457 ], [ -39.1694435, -6.6736049 ], [ -39.1746852, -6.6711611 ], [ -39.171732, -6.6630885 ], [ -39.173166, -6.6596132 ], [ -39.1765604, -6.6576779 ], [ -39.1746804, -6.6563196 ], [ -39.1754091, -6.653708 ], [ -39.1737914, -6.6505205 ], [ -39.1764011, -6.6481149 ], [ -39.174311, -6.6456072 ], [ -39.1756676, -6.6429953 ], [ -39.1838655, -6.6413714 ], [ -39.1776591, -6.6325745 ], [ -39.1731523, -6.6227204 ], [ -39.174354, -6.6205777 ], [ -39.1781143, -6.6195306 ], [ -39.1776952, -6.618171 ], [ -39.1809849, -6.6184314 ], [ -39.1785815, -6.613311 ], [ -39.1918964, -6.6125233 ], [ -39.1945594, -6.6098577 ], [ -39.2098737, -6.6078133 ], [ -39.2150637, -6.5962459 ], [ -39.2220187, -6.5942483 ], [ -39.219991, -6.5898387 ], [ -39.2211073, -6.5892105 ], [ -39.2249905, -6.5893138 ], [ -39.2302559, -6.5861865 ], [ -39.2368343, -6.5889598 ], [ -39.2366461, -6.5844665 ], [ -39.2984225, -6.5616827 ], [ -39.2957362, -6.557668 ], [ -39.2939939, -6.5486403 ], [ -39.2896312, -6.546717 ], [ -39.2880844, -6.534009 ], [ -39.2813195, -6.5257637 ], [ -39.2777778, -6.5278635 ], [ -39.2567826, -6.5224162 ], [ -39.2510891, -6.5264663 ], [ -39.2467484, -6.522518 ], [ -39.236749, -6.523887 ], [ -39.2323098, -6.5198653 ], [ -39.2291904, -6.5198717 ], [ -39.2256952, -6.5175941 ], [ -39.2270529, -6.5022479 ], [ -39.2310328, -6.4924192 ], [ -39.2171387, -6.4899856 ], [ -39.2119445, -6.4876575 ], [ -39.2091892, -6.4844961 ], [ -39.2061686, -6.4759723 ], [ -39.2060888, -6.464349 ], [ -39.1896071, -6.4587088 ], [ -39.1839427, -6.4526907 ], [ -39.1736099, -6.4488886 ], [ -39.1672218, -6.4498831 ], [ -39.1669695, -6.4471006 ], [ -39.157527, -6.4463102 ], [ -39.1448865, -6.44159 ], [ -39.1429322, -6.4499314 ], [ -39.1442612, -6.4536614 ], [ -39.1401392, -6.4550644 ], [ -39.1337692, -6.4623244 ], [ -39.1191044, -6.4663829 ], [ -39.1176488, -6.4630516 ], [ -39.116826, -6.4645548 ], [ -39.110023, -6.4635509 ], [ -39.1094755, -6.466433 ], [ -39.1058475, -6.4645716 ], [ -39.1029675, -6.457466 ], [ -39.1005277, -6.4619303 ], [ -39.0920375, -6.4586813 ], [ -39.0936729, -6.4520655 ], [ -39.0783564, -6.451446 ], [ -39.0762385, -6.4496153 ], [ -39.0607949, -6.4454983 ], [ -38.9580643, -6.5270087 ], [ -38.9177712, -6.549606 ], [ -38.9239496, -6.5544862 ], [ -38.9249024, -6.5578261 ], [ -38.9193707, -6.5775952 ], [ -38.9208781, -6.5803958 ], [ -38.9210124, -6.5918657 ], [ -38.9246868, -6.6111779 ], [ -38.9327205, -6.6166344 ], [ -38.9401945, -6.6295625 ], [ -38.9482295, -6.6304704 ], [ -38.9510206, -6.6438774 ], [ -38.9611885, -6.6462131 ] ] ] } },
{ "type": "Feature", "properties": { "CD_MUN": "2302503", "NM_MUN": "Brejo Santo", "CD_RGI": "230012", "NM_RGI": "Brejo Santo", "CD_RGINT": "2304", "NM_RGINT": "Juazeiro do Norte", "CD_UF": "23", "NM_UF": "Ceará", "SIGLA_UF": "CE", "CD_REGIA": "2", "NM_REGIA": "Nordeste", "SIGLA_RG": "NE", "CD_CONCU": null, "NM_CONCU": null, "AREA_KM2": 654.658, "mun_upp": "BREJO SANTO", "has_qualif": 1, "municipio": "Brejo Santo", "REGIÃO DE PLANEJAMENTO": "Cariri", "auxiliary_storage_labeling_positionx": null, "auxiliary_storage_labeling_positiony": null, "auxiliary_storage_labeling_lineanchorpercent": null, "auxiliary_storage_labeling_lineanchorclipping": null, "auxiliary_storage_labeling_lineanchortype": null, "auxiliary_storage_labeling_lineanchortextpoint": null, "auxiliary_storage_callouts_originx": null, "auxiliary_storage_callouts_originy": null, "auxiliary_storage_callouts_destinationx": null, "auxiliary_storage_callouts_destinationy": null }, "geometry": { "type": "Polygon", "coordinates": [ [ [ -38.8823563, -7.4570869 ], [ -38.7758625, -7.6042277 ], [ -38.7172309, -7.626238 ], [ -38.7237265, -7.626884 ], [ -38.7321897, -7.6338655 ], [ -38.7372158, -7.6349321 ], [ -38.7349656, -7.6394574 ], [ -38.7384073, -7.6420242 ], [ -38.7418222, -7.6483733 ], [ -38.7436595, -7.6606659 ], [ -38.7544671, -7.6597429 ], [ -38.7606124, -7.6560008 ], [ -38.7639127, -7.6564012 ], [ -38.7712954, -7.6590855 ], [ -38.7754289, -7.6624334 ], [ -38.7818244, -7.6618659 ], [ -38.78371, -7.6673771 ], [ -38.7907478, -7.6711497 ], [ -38.7924908, -7.6680967 ], [ -38.7993798, -7.6691801 ], [ -38.805573, -7.6674417 ], [ -38.8121916, -7.6687972 ], [ -38.8158262, -7.6640578 ], [ -38.8196899, -7.6648277 ], [ -38.8242413, -7.6783443 ], [ -38.8151043, -7.6879796 ], [ -38.8150239, -7.6973908 ], [ -38.8181611, -7.7021247 ], [ -38.8174082, -7.705859 ], [ -38.8219622, -7.7147944 ], [ -38.8306503, -7.7204012 ], [ -38.8461022, -7.720415 ], [ -38.851745, -7.7159374 ], [ -38.8555215, -7.7165747 ], [ -38.8577408, -7.7147083 ], [ -38.8644364, -7.7136421 ], [ -38.8666629, -7.7112798 ], [ -38.8697446, -7.7115417 ], [ -38.8730803, -7.7148665 ], [ -38.8741612, -7.719093 ], [ -38.8809128, -7.7249646 ], [ -38.87933, -7.733832 ], [ -38.8813975, -7.7474323 ], [ -38.8948106, -7.7504535 ], [ -38.8919111, -7.6110116 ], [ -38.896523, -7.6111921 ], [ -38.8999043, -7.6153513 ], [ -38.9034723, -7.6159325 ], [ -38.9087056, -7.6112158 ], [ -38.9122728, -7.611034 ], [ -38.9134648, -7.6076477 ], [ -38.9236711, -7.6091394 ], [ -38.9272404, -7.6137173 ], [ -38.930057, -7.6133169 ], [ -38.9284892, -7.6115157 ], [ -38.9293967, -7.6100319 ], [ -38.9307441, -7.6109566 ], [ -38.9335059, -7.6093146 ], [ -38.9357139, -7.6108175 ], [ -38.9358168, -7.6083137 ], [ -38.9414094, -7.6111347 ], [ -38.9412852, -7.6135998 ], [ -38.9448177, -7.6105248 ], [ -38.9450924, -7.6131839 ], [ -38.948836, -7.6140704 ], [ -38.9532379, -7.6089857 ], [ -38.958316, -7.6122362 ], [ -38.9599735, -7.6092053 ], [ -38.9614396, -7.6104386 ], [ -38.9625356, -7.6056407 ], [ -38.9681146, -7.6065586 ], [ -38.9780419, -7.6129249 ], [ -38.9792412, -7.6110017 ], [ -38.9842142, -7.6150976 ], [ -38.9853687, -7.6143479 ], [ -38.9877146, -7.6175072 ], [ -38.9893769, -7.6170213 ], [ -38.992938, -7.620327 ], [ -38.9992136, -7.6205804 ], [ -39.0054536, -7.6243116 ], [ -39.0140906, -7.6248062 ], [ -39.0126898, -7.6287026 ], [ -39.017075, -7.6320483 ], [ -39.0207165, -7.6315528 ], [ -39.0271612, -7.634273 ], [ -39.0312626, -7.6243013 ], [ -39.0306214, -7.6150498 ], [ -39.0318518, -7.6097577 ], [ -39.0299117, -7.5329789 ], [ -39.0884097, -7.4855764 ], [ -39.0983926, -7.4834797 ], [ -39.153497, -7.4509129 ], [ -39.1474466, -7.4538379 ], [ -39.1337933, -7.4543233 ], [ -39.1173769, -7.4614401 ], [ -39.1111311, -7.4605107 ], [ -39.0938921, -7.4639031 ], [ -39.0861482, -7.4585465 ], [ -39.0805746, -7.4572417 ], [ -39.0808918, -7.4503931 ], [ -39.0781807, -7.4448823 ], [ -39.0760669, -7.4310635 ], [ -39.0781998, -7.4220341 ], [ -38.9405205, -7.4279752 ], [ -38.8823563, -7.4570869 ] ] ] } },
{ "type": "Feature", "properties": { "CD_MUN": "2307304", "NM_MUN": "Juazeiro do Norte", "CD_RGI": "230011", "NM_RGI": "Juazeiro do Norte", "CD_RGINT": "2304", "NM_RGINT": "Juazeiro do Norte", "CD_UF": "23", "NM_UF": "Ceará", "SIGLA_UF": "CE", "CD_REGIA": "2", "NM_REGIA": "Nordeste", "SIGLA_RG": "NE", "CD_CONCU": "2307304", "NM_CONCU": "Juazeiro do Norte/CE", "AREA_KM2": 258.788, "mun_upp": "JUAZEIRO DO NORTE", "has_qualif": 1, "municipio": "Juazeiro do Norte", "REGIÃO DE PLANEJAMENTO": "Cariri", "auxiliary_storage_labeling_positionx": null, "auxiliary_storage_labeling_positiony": null, "auxiliary_storage_labeling_lineanchorpercent": null, "auxiliary_storage_labeling_lineanchorclipping": null, "auxiliary_storage_labeling_lineanchortype": null, "auxiliary_storage_labeling_lineanchortextpoint": null, "auxiliary_storage_callouts_originx": null, "auxiliary_storage_callouts_originy": null, "auxiliary_storage_callouts_destinationx": null, "auxiliary_storage_callouts_destinationy": null }, "geometry": { "type": "Polygon", "coordinates": [ [ [ -39.2927632, -7.1103055 ], [ -39.2859982, -7.1056474 ], [ -39.2833835, -7.1005272 ], [ -39.283239, -7.0947282 ], [ -39.2811265, -7.0926783 ], [ -39.2663831, -7.0940454 ], [ -39.2635893, -7.0978915 ], [ -39.2499415, -7.10531 ], [ -39.244739, -7.1175906 ], [ -39.2366256, -7.1232857 ], [ -39.2376163, -7.1274303 ], [ -39.2426604, -7.1305296 ], [ -39.2409226, -7.1334492 ], [ -39.235882, -7.1334124 ], [ -39.2284199, -7.1280624 ], [ -39.2202927, -7.1292101 ], [ -39.2096579, -7.125204 ], [ -39.2084904, -7.1280754 ], [ -39.2093971, -7.1330498 ], [ -39.2057343, -7.1383694 ], [ -39.2029957, -7.139968 ], [ -39.1976953, -7.1394041 ], [ -39.1925844, -7.1443153 ], [ -39.1956914, -7.1563458 ], [ -39.198577, -7.1572929 ], [ -39.2042705, -7.1655357 ], [ -39.2012289, -7.1752261 ], [ -39.1969954, -7.1808542 ], [ -39.2000403, -7.1858179 ], [ -39.2082376, -7.1898474 ], [ -39.2132437, -7.1984572 ], [ -39.2158233, -7.2214101 ], [ -39.2336577, -7.22547 ], [ -39.2372896, -7.233508 ], [ -39.2347717, -7.2474612 ], [ -39.2486706, -7.2451463 ], [ -39.2528171, -7.2494575 ], [ -39.2581595, -7.2638691 ], [ -39.2654433, -7.2593257 ], [ -39.27534, -7.2582935 ], [ -39.2780447, -7.2614214 ], [ -39.2857927, -7.2638443 ], [ -39.3200782, -7.2606005 ], [ -39.319254, -7.262722 ], [ -39.3264773, -7.263086 ], [ -39.3266325, -7.2620321 ], [ -39.346529, -7.266 ], [ -39.3492252, -7.2548092 ], [ -39.3508212, -7.2551526 ], [ -39.3560633, -7.2279119 ], [ -39.3639819, -7.2128991 ], [ -39.3665011, -7.1634126 ], [ -39.3649915, -7.1607202 ], [ -39.3606511, -7.1592519 ], [ -39.3549209, -7.1543397 ], [ -39.3490699, -7.1445992 ], [ -39.3431314, -7.1410598 ], [ -39.3439079, -7.1328253 ], [ -39.3404047, -7.1255734 ], [ -39.3391774, -7.1186878 ], [ -39.340161, -7.1086095 ], [ -39.2927632, -7.1103055 ] ] ] } },
{ "type": "Feature", "properties": { "CD_MUN": "2309102", "NM_MUN": "Mulungu", "CD_RGI": "230003", "NM_RGI": "Redenção-Acarape", "CD_RGINT": "2301", "NM_RGINT": "Fortaleza", "CD_UF": "23", "NM_UF": "Ceará", "SIGLA_UF": "CE", "CD_REGIA": "2", "NM_REGIA": "Nordeste", "SIGLA_RG": "NE", "CD_CONCU": null, "NM_CONCU": null, "AREA_KM2": 97.951, "mun_upp": "MULUNGU", "has_qualif": 1, "municipio": "Mulungu", "REGIÃO DE PLANEJAMENTO": "Maciço de Baturité", "auxiliary_storage_labeling_positionx": null, "auxiliary_storage_labeling_positiony": null, "auxiliary_storage_labeling_lineanchorpercent": null, "auxiliary_storage_labeling_lineanchorclipping": null, "auxiliary_storage_labeling_lineanchortype": null, "auxiliary_storage_labeling_lineanchortextpoint": null, "auxiliary_storage_callouts_originx": null, "auxiliary_storage_callouts_originy": null, "auxiliary_storage_callouts_destinationx": null, "auxiliary_storage_callouts_destinationy": null }, "geometry": { "type": "Polygon", "coordinates": [ [ [ -39.0031705, -4.2610646 ], [ -38.9853695, -4.2657962 ], [ -38.9412092, -4.3032608 ], [ -38.9335883, -4.3231461 ], [ -38.9353388, -4.3253171 ], [ -38.9468901, -4.3238467 ], [ -38.9465473, -4.3328691 ], [ -38.9483538, -4.3389331 ], [ -38.9524922, -4.3420529 ], [ -38.959202, -4.3568764 ], [ -38.9704126, -4.368202 ], [ -38.9736031, -4.3627124 ], [ -38.9852452, -4.3625368 ], [ -38.9905354, -4.3676746 ], [ -39.0006545, -4.3671902 ], [ -39.0060997, -4.3717922 ], [ -39.0137309, -4.3736436 ], [ -39.0199773, -4.3685464 ], [ -39.0242838, -4.3670645 ], [ -39.0245324, -4.3599174 ], [ -39.0383465, -4.3596404 ], [ -39.0536085, -4.3520852 ], [ -39.0389272, -4.3495002 ], [ -39.0366026, -4.3462325 ], [ -39.0336989, -4.3356103 ], [ -39.0250981, -4.3310576 ], [ -39.0276548, -4.3282562 ], [ -39.025679, -4.3256883 ], [ -39.0262603, -4.3184507 ], [ -39.0309088, -4.3202013 ], [ -39.0381115, -4.3192674 ], [ -39.0369504, -4.3170499 ], [ -39.0378799, -4.3149493 ], [ -39.0354395, -4.3119123 ], [ -39.0376453, -4.3071273 ], [ -39.0461563, -4.3093395 ], [ -39.0456434, -4.3000521 ], [ -39.0402742, -4.2989302 ], [ -39.0409329, -4.2970667 ], [ -39.0392303, -4.2965139 ], [ -39.0394558, -4.2949657 ], [ -39.0366758, -4.2943015 ], [ -39.0379874, -4.2925168 ], [ -39.0354275, -4.2922005 ], [ -39.0361083, -4.2905429 ], [ -39.0413862, -4.2891045 ], [ -39.0405914, -4.2878895 ], [ -39.0282768, -4.2885542 ], [ -39.0266314, -4.2901008 ], [ -39.021636, -4.2886652 ], [ -39.0219153, -4.2872196 ], [ -39.0277074, -4.2859181 ], [ -39.0294671, -4.2802593 ], [ -39.0325316, -4.2781596 ], [ -39.0309429, -4.2751734 ], [ -39.0260075, -4.2736257 ], [ -39.0201591, -4.2769433 ], [ -39.0186839, -4.2727412 ], [ -39.0145418, -4.2697558 ], [ -39.0151095, -4.2646697 ], [ -39.0121019, -4.2669925 ], [ -39.0131224, -4.2741787 ], [ -39.010796, -4.2757254 ], [ -39.0115898, -4.2885468 ], [ -39.0073907, -4.2821393 ], [ -39.0063506, -4.2760494 ], [ -39.00393, -4.2738455 ], [ -39.0073899, -4.2723002 ], [ -39.0032732, -4.2646368 ], [ -39.0031705, -4.2610646 ] ] ] } },
{ "type": "Feature", "properties": { "CD_MUN": "2311504", "NM_MUN": "Quixeré", "CD_RGI": "230007", "NM_RGI": "Russas - Limoeiro do Norte", "CD_RGINT": "2302", "NM_RGINT": "Quixadá", "CD_UF": "23", "NM_UF": "Ceará", "SIGLA_UF": "CE", "CD_REGIA": "2", "NM_REGIA": "Nordeste", "SIGLA_RG": "NE", "CD_CONCU": null, "NM_CONCU": null, "AREA_KM2": 609.439, "mun_upp": "QUIXERÉ", "has_qualif": 0, "municipio": null, "REGIÃO DE PLANEJAMENTO": "Vale do Jaguaribe", "auxiliary_storage_labeling_positionx": null, "auxiliary_storage_labeling_positiony": null, "auxiliary_storage_labeling_lineanchorpercent": null, "auxiliary_storage_labeling_lineanchorclipping": null, "auxiliary_storage_labeling_lineanchortype": null, "auxiliary_storage_labeling_lineanchortextpoint": null, "auxiliary_storage_callouts_originx": null, "auxiliary_storage_callouts_originy": null, "auxiliary_storage_callouts_destinationx": null, "auxiliary_storage_callouts_destinationy": null }, "geometry": { "type": "Polygon", "coordinates": [ [ [ -37.9728739, -5.1072639 ], [ -37.984263, -5.1029823 ], [ -38.0019346, -5.08657 ], [ -38.000065, -5.0848026 ], [ -38.0006489, -5.0831823 ], [ -38.0032957, -5.0809709 ], [ -38.0056214, -5.0819683 ], [ -38.0086243, -5.0789141 ], [ -38.0126271, -5.083283 ], [ -38.0196651, -5.0761272 ], [ -38.0241266, -5.0820762 ], [ -38.0341188, -5.0775073 ], [ -38.0353747, -5.0796056 ], [ -38.0424604, -5.0779497 ], [ -38.0465688, -5.0823145 ], [ -38.0471296, -5.0859511 ], [ -38.0458027, -5.0879286 ], [ -38.0609039, -5.0804927 ], [ -38.0594584, -5.0790038 ], [ -38.0559857, -5.0790346 ], [ -38.0547526, -5.0742951 ], [ -38.0526612, -5.0734946 ], [ -38.051559, -5.0622155 ], [ -38.0489805, -5.0551858 ], [ -38.0431675, -5.0499712 ], [ -38.0384347, -5.0479729 ], [ -38.0385977, -5.0461174 ], [ -38.0363547, -5.0454017 ], [ -38.031327, -5.0358999 ], [ -38.0259602, -5.0339959 ], [ -38.0244696, -5.0295899 ], [ -38.0229095, -5.030194 ], [ -38.0179188, -5.0228929 ], [ -38.0131739, -5.0257456 ], [ -38.0019593, -5.0183741 ], [ -37.9633962, -5.0068237 ], [ -37.9478812, -5.0070072 ], [ -37.9453075, -5.0020779 ], [ -37.9392201, -5.0034142 ], [ -37.9337416, -5.002632 ], [ -37.9271453, -4.9977063 ], [ -37.9248131, -4.9919588 ], [ -37.9131959, -4.983951 ], [ -37.9051407, -4.9830447 ], [ -37.9016387, -4.9785675 ], [ -37.8979125, -4.9819823 ], [ -37.8919275, -4.9820602 ], [ -37.8854908, -4.9854119 ], [ -37.8615727, -4.9783298 ], [ -37.85737, -4.9819441 ], [ -37.8519896, -4.9828835 ], [ -37.8447386, -4.9926318 ], [ -37.8364396, -4.992752 ], [ -37.8324391, -4.9945874 ], [ -37.8272394, -4.9879984 ], [ -37.8135391, -5.0023189 ], [ -37.8095329, -4.9891616 ], [ -37.6772438, -5.0528668 ], [ -37.6787609, -5.0551974 ], [ -37.7104915, -5.06115 ], [ -37.7250894, -5.0706243 ], [ -37.7316273, -5.0845269 ], [ -37.7334225, -5.1006412 ], [ -37.7649556, -5.1396162 ], [ -37.7763098, -5.1871207 ], [ -37.787416, -5.2039335 ], [ -37.7900289, -5.2109403 ], [ -37.7864735, -5.2236139 ], [ -37.832998, -5.2226316 ], [ -37.9261687, -5.1733487 ], [ -37.9270027, -5.1655028 ], [ -37.9344801, -5.1588272 ], [ -37.9354158, -5.1530565 ], [ -37.9383929, -5.1484187 ], [ -37.9415627, -5.144615 ], [ -37.9506873, -5.1392263 ], [ -37.9555369, -5.1276203 ], [ -37.9655504, -5.1137521 ], [ -37.9728739, -5.1072639 ] ] ] } },
{ "type": "Feature", "properties": { "CD_MUN": "2310209", "NM_MUN": "Paracuru", "CD_RGI": "230001", "NM_RGI": "Fortaleza", "CD_RGINT": "2301", "NM_RGINT": "Fortaleza", "CD_UF": "23", "NM_UF": "Ceará", "SIGLA_UF": "CE", "CD_REGIA": "2", "NM_REGIA": "Nordeste", "SIGLA_RG": "NE", "CD_CONCU": null, "NM_CONCU": null, "AREA_KM2": 304.736, "mun_upp": "PARACURU", "has_qualif": 1, "municipio": "Paracuru", "REGIÃO DE PLANEJAMENTO": "Grande Fortaleza", "auxiliary_storage_labeling_positionx": -38.9512998827283, "auxiliary_storage_labeling_positiony": -3.3857560015715427, "auxiliary_storage_labeling_lineanchorpercent": null, "auxiliary_storage_labeling_lineanchorclipping": null, "auxiliary_storage_labeling_lineanchortype": null, "auxiliary_storage_labeling_lineanchortextpoint": null, "auxiliary_storage_callouts_originx": null, "auxiliary_storage_callouts_originy": null, "auxiliary_storage_callouts_destinationx": null, "auxiliary_storage_callouts_destinationy": null }, "geometry": { "type": "Polygon", "coordinates": [ [ [ -38.9398097, -3.4489797 ], [ -38.9289819, -3.4742319 ], [ -38.9310831, -3.4717618 ], [ -38.9354138, -3.4711445 ], [ -38.9385291, -3.4776651 ], [ -38.9375284, -3.4817726 ], [ -38.9410012, -3.4859809 ], [ -38.9471183, -3.4895862 ], [ -38.9478612, -3.4963077 ], [ -38.9510485, -3.4966669 ], [ -38.9553505, -3.4998699 ], [ -38.9573371, -3.5038052 ], [ -38.959481, -3.5045378 ], [ -38.9604241, -3.5097656 ], [ -38.968371, -3.5116473 ], [ -38.9680563, -3.5197906 ], [ -38.9627248, -3.5234815 ], [ -38.9642152, -3.5305918 ], [ -38.9576783, -3.5424823 ], [ -38.9603582, -3.5482632 ], [ -38.9646462, -3.5504895 ], [ -38.9693457, -3.5497165 ], [ -38.9740334, -3.5522376 ], [ -38.9756165, -3.5551934 ], [ -38.9820129, -3.557312 ], [ -38.9865869, -3.5611898 ], [ -38.9955292, -3.557136 ], [ -38.9959866, -3.5542635 ], [ -39.0021997, -3.5542444 ], [ -39.006545, -3.552272 ], [ -39.0120528, -3.5538422 ], [ -39.0199621, -3.5524633 ], [ -39.0266587, -3.5553824 ], [ -39.0409597, -3.5489542 ], [ -39.0473295, -3.5510745 ], [ -39.0495897, -3.5540683 ], [ -39.0575905, -3.543989 ], [ -39.0657109, -3.5450149 ], [ -39.0700317, -3.542626 ], [ -39.0815623, -3.5508282 ], [ -39.0815673, -3.5533688 ], [ -39.0865399, -3.552568 ], [ -39.101203, -3.5494368 ], [ -39.1004757, -3.5322334 ], [ -39.1175176, -3.5283393 ], [ -39.1665412, -3.5229844 ], [ -39.1645449, -3.5178957 ], [ -39.1660679, -3.5136793 ], [ -39.1649558, -3.5078954 ], [ -39.1598812, -3.504277 ], [ -39.155163, -3.4951148 ], [ -39.1485157, -3.487662 ], [ -39.1421549, -3.4842448 ], [ -39.1407821, -3.4799364 ], [ -39.1285059, -3.4878947 ], [ -39.1196299, -3.4868906 ], [ -39.1193001, -3.4783165 ], [ -39.1145687, -3.4734339 ], [ -39.1169122, -3.4700011 ], [ -39.1172542, -3.4616567 ], [ -39.1211552, -3.4549635 ], [ -39.1178674, -3.4500808 ], [ -39.1178241, -3.4473376 ], [ -39.1234686, -3.4401415 ], [ -39.122882, -3.4347989 ], [ -39.1198948, -3.4337508 ], [ -39.1105914, -3.4389941 ], [ -39.1065466, -3.4376733 ], [ -39.1047168, -3.4341835 ], [ -39.1100038, -3.4255082 ], [ -39.1078167, -3.42097 ], [ -39.0944106, -3.4167059 ], [ -39.0837196, -3.4074002 ], [ -39.0756592, -3.4083057 ], [ -39.0655553, -3.4119257 ], [ -39.0627826, -3.4106477 ], [ -39.0645535, -3.4067394 ], [ -39.0487479, -3.4125743 ], [ -39.0408746, -3.4118548 ], [ -39.0346954, -3.4108875 ], [ -39.0293008, -3.4046912 ], [ -39.0157185, -3.4034373 ], [ -39.0128841, -3.3996555 ], [ -39.0068377, -3.3968491 ], [ -38.9943361, -3.3978068 ], [ -38.9737659, -3.4110761 ], [ -38.9529508, -3.437353 ], [ -38.9455094, -3.4455035 ], [ -38.9398097, -3.4489797 ] ] ] } },
{ "type": "Feature", "properties": { "CD_MUN": "2300804", "NM_MUN": "Antonina do Norte", "CD_RGI": "230011", "NM_RGI": "Juazeiro do Norte", "CD_RGINT": "2304", "NM_RGINT": "Juazeiro do Norte", "CD_UF": "23", "NM_UF": "Ceará", "SIGLA_UF": "CE", "CD_REGIA": "2", "NM_REGIA": "Nordeste", "SIGLA_RG": "NE", "CD_CONCU": null, "NM_CONCU": null, "AREA_KM2": 259.706, "mun_upp": "ANTONINA DO NORTE", "has_qualif": 0, "municipio": null, "REGIÃO DE PLANEJAMENTO": "Cariri", "auxiliary_storage_labeling_positionx": null, "auxiliary_storage_labeling_positiony": null, "auxiliary_storage_labeling_lineanchorpercent": null, "auxiliary_storage_labeling_lineanchorclipping": null, "auxiliary_storage_labeling_lineanchortype": null, "auxiliary_storage_labeling_lineanchortextpoint": null, "auxiliary_storage_callouts_originx": null, "auxiliary_storage_callouts_originy": null, "auxiliary_storage_callouts_destinationx": null, "auxiliary_storage_callouts_destinationy": null }, "geometry": { "type": "Polygon", "coordinates": [ [ [ -39.9628897, -6.7017466 ], [ -39.9575779, -6.7011865 ], [ -39.9545018, -6.7038734 ], [ -39.9501335, -6.7047777 ], [ -39.9478984, -6.7075676 ], [ -39.9438242, -6.7075669 ], [ -39.9409855, -6.7127176 ], [ -39.9379409, -6.7078294 ], [ -39.9346425, -6.7066368 ], [ -39.9340163, -6.7033009 ], [ -39.9353517, -6.7031692 ], [ -39.93127, -6.6982373 ], [ -39.9286003, -6.698836 ], [ -39.9251486, -6.6962685 ], [ -39.9231405, -6.6976077 ], [ -39.9157492, -6.6926749 ], [ -39.9162, -6.6905465 ], [ -39.9130688, -6.6878279 ], [ -39.9126507, -6.6895517 ], [ -39.9048482, -6.6873188 ], [ -39.902696, -6.6884416 ], [ -39.9017318, -6.6844683 ], [ -39.8977246, -6.6843177 ], [ -39.8717742, -6.6696961 ], [ -39.8770584, -6.6754268 ], [ -39.8770671, -6.6802858 ], [ -39.8698821, -6.6791706 ], [ -39.8659588, -6.6762921 ], [ -39.8644417, -6.6798848 ], [ -39.8582716, -6.6787686 ], [ -39.8526033, -6.6742721 ], [ -39.8486866, -6.6751228 ], [ -39.8476788, -6.6798434 ], [ -39.8379876, -6.6791942 ], [ -39.8355391, -6.6853609 ], [ -39.8363886, -6.6880133 ], [ -39.8336025, -6.6903671 ], [ -39.8363464, -6.6956176 ], [ -39.8329574, -6.6999334 ], [ -39.8372717, -6.7082341 ], [ -39.8482222, -6.7152931 ], [ -39.8533591, -6.7156659 ], [ -39.8612776, -6.7214164 ], [ -39.8785021, -6.7349525 ], [ -39.8806372, -6.7388778 ], [ -39.8985295, -6.7556888 ], [ -39.9303098, -6.7792971 ], [ -39.9498913, -6.7894769 ], [ -39.9598675, -6.7988582 ], [ -39.9688587, -6.8047951 ], [ -39.9762637, -6.8056033 ], [ -39.9797517, -6.8107525 ], [ -39.9869182, -6.8150808 ], [ -39.9920915, -6.8133983 ], [ -39.9933917, -6.8104153 ], [ -40.00206, -6.8031288 ], [ -40.0149395, -6.8076301 ], [ -40.0201445, -6.8121899 ], [ -40.0255116, -6.8141528 ], [ -40.0434194, -6.8169856 ], [ -40.0534969, -6.8250491 ], [ -40.0553123, -6.8294853 ], [ -40.0560613, -6.836941 ], [ -40.0511337, -6.8433434 ], [ -40.0698918, -6.8543637 ], [ -40.0771628, -6.8566974 ], [ -40.0872855, -6.8466568 ], [ -40.1469975, -6.8305866 ], [ -40.1444784, -6.8181203 ], [ -40.1401971, -6.8178217 ], [ -40.1410369, -6.8209831 ], [ -40.1397821, -6.8222287 ], [ -40.1353018, -6.8191327 ], [ -40.1263556, -6.8173589 ], [ -40.11831, -6.8200805 ], [ -40.1140018, -6.8175347 ], [ -40.1123931, -6.8113645 ], [ -40.1096369, -6.8089946 ], [ -40.1079312, -6.8043322 ], [ -40.10416, -6.8072698 ], [ -40.1008621, -6.8035443 ], [ -40.0958919, -6.8035053 ], [ -40.0824492, -6.7917669 ], [ -40.0808258, -6.7916507 ], [ -40.0804299, -6.794437 ], [ -40.0780781, -6.796237 ], [ -40.0735885, -6.7926287 ], [ -40.0694148, -6.7922499 ], [ -40.0671312, -6.7902742 ], [ -40.066472, -6.7863539 ], [ -40.0719889, -6.7798659 ], [ -40.071579, -6.7779239 ], [ -40.0691313, -6.7776774 ], [ -40.0693467, -6.7711439 ], [ -40.0591945, -6.765868 ], [ -40.0514112, -6.7573345 ], [ -40.0448596, -6.7531057 ], [ -40.0424024, -6.7491983 ], [ -40.0431434, -6.7464543 ], [ -40.0331895, -6.7395404 ], [ -40.0327911, -6.7338539 ], [ -40.0256066, -6.7323327 ], [ -40.0191505, -6.721922 ], [ -40.0133125, -6.7186173 ], [ -40.0140385, -6.7154713 ], [ -40.0111571, -6.7111266 ], [ -40.0048648, -6.7103067 ], [ -39.9994069, -6.7031243 ], [ -39.9952403, -6.7023143 ], [ -39.9975999, -6.6973127 ], [ -40.0010468, -6.6973775 ], [ -40.0031193, -6.6934053 ], [ -40.0050866, -6.6867869 ], [ -40.0037045, -6.6845823 ], [ -39.9930209, -6.683491 ], [ -39.9883013, -6.6812968 ], [ -39.9860896, -6.6784407 ], [ -39.9857424, -6.6722582 ], [ -39.9775569, -6.6709543 ], [ -39.9762111, -6.6682976 ], [ -39.9764925, -6.6722022 ], [ -39.9741711, -6.6727911 ], [ -39.9772897, -6.679502 ], [ -39.975517, -6.6803841 ], [ -39.982331, -6.6869369 ], [ -39.9804752, -6.6889437 ], [ -39.9766263, -6.6853401 ], [ -39.9712012, -6.6871672 ], [ -39.9704304, -6.6936185 ], [ -39.968432, -6.6957592 ], [ -39.9630209, -6.6941787 ], [ -39.9628897, -6.7017466 ] ] ] } },
{ "type": "Feature", "properties": { "CD_MUN": "2313203", "NM_MUN": "Tamboril", "CD_RGI": "230013", "NM_RGI": "Crateús", "CD_RGINT": "2305", "NM_RGINT": "Crateús", "CD_UF": "23", "NM_UF": "Ceará", "SIGLA_UF": "CE", "CD_REGIA": "2", "NM_REGIA": "Nordeste", "SIGLA_RG": "NE", "CD_CONCU": null, "NM_CONCU": null, "AREA_KM2": 2011.782, "mun_upp": "TAMBORIL", "has_qualif": 1, "municipio": "Tamboril", "REGIÃO DE PLANEJAMENTO": "Sertão dos Crateús", "auxiliary_storage_labeling_positionx": -40.420980708325231, "auxiliary_storage_labeling_positiony": -5.020536808931892, "auxiliary_storage_labeling_lineanchorpercent": null, "auxiliary_storage_labeling_lineanchorclipping": null, "auxiliary_storage_labeling_lineanchortype": null, "auxiliary_storage_labeling_lineanchortextpoint": null, "auxiliary_storage_callouts_originx": null, "auxiliary_storage_callouts_originy": null, "auxiliary_storage_callouts_destinationx": null, "auxiliary_storage_callouts_destinationy": null }, "geometry": { "type": "Polygon", "coordinates": [ [ [ -40.3388074, -4.6594605 ], [ -40.3373866, -4.6658709 ], [ -40.3309263, -4.6665004 ], [ -40.3251402, -4.6739072 ], [ -40.3250915, -4.6765726 ], [ -40.3204731, -4.6788943 ], [ -40.3222506, -4.6835209 ], [ -40.3205756, -4.6866147 ], [ -40.3213658, -4.6900057 ], [ -40.308104, -4.6920045 ], [ -40.3145803, -4.7025874 ], [ -40.3153426, -4.7076104 ], [ -40.3044401, -4.7165526 ], [ -40.3035277, -4.7207207 ], [ -40.3061688, -4.7242741 ], [ -40.3140479, -4.7259774 ], [ -40.3137175, -4.7286149 ], [ -40.304933, -4.7324496 ], [ -40.3005816, -4.7378098 ], [ -40.2970605, -4.7380729 ], [ -40.291725, -4.7423176 ], [ -40.2924942, -4.7440759 ], [ -40.2895879, -4.7475755 ], [ -40.2795245, -4.7520462 ], [ -40.2825522, -4.7546782 ], [ -40.2810355, -4.7582426 ], [ -40.2728932, -4.7645294 ], [ -40.2733841, -4.7696401 ], [ -40.2674157, -4.7748461 ], [ -40.2614544, -4.7767802 ], [ -40.2450452, -4.7767848 ], [ -40.240736, -4.7791103 ], [ -40.2316806, -4.7804571 ], [ -40.2275843, -4.7839034 ], [ -40.2273717, -4.7865075 ], [ -40.2099711, -4.7925438 ], [ -40.2052711, -4.7907537 ], [ -40.2041023, -4.788755 ], [ -40.1986924, -4.79061 ], [ -40.1972595, -4.78647 ], [ -40.1928368, -4.7905499 ], [ -40.1847776, -4.7861679 ], [ -40.1855895, -4.783422 ], [ -40.1819145, -4.7868724 ], [ -40.1730393, -4.7905946 ], [ -40.1692466, -4.7980326 ], [ -40.1654062, -4.7954331 ], [ -40.1599638, -4.7996509 ], [ -40.1579617, -4.8056008 ], [ -40.154248, -4.8100618 ], [ -40.1487471, -4.8073134 ], [ -40.1440437, -4.8072459 ], [ -40.1361009, -4.8129321 ], [ -40.1411546, -4.8152801 ], [ -40.1407179, -4.8203953 ], [ -40.1367634, -4.8250457 ], [ -40.1290971, -4.829035 ], [ -40.1280589, -4.8337346 ], [ -40.1247668, -4.8382356 ], [ -40.1217763, -4.8395156 ], [ -40.1130311, -4.8497594 ], [ -40.1100505, -4.8504682 ], [ -40.1098757, -4.8593075 ], [ -40.1075329, -4.864684 ], [ -40.1082397, -4.8676501 ], [ -40.105724, -4.8696184 ], [ -40.1075717, -4.8743236 ], [ -40.1139735, -4.8827731 ], [ -40.1182094, -4.8834763 ], [ -40.1210642, -4.8868179 ], [ -40.1239443, -4.8860045 ], [ -40.1257761, -4.8879163 ], [ -40.1272666, -4.886456 ], [ -40.1359754, -4.8890529 ], [ -40.1361269, -4.8941015 ], [ -40.1406675, -4.8970328 ], [ -40.1392286, -4.8994562 ], [ -40.1430403, -4.9008193 ], [ -40.1438935, -4.9031368 ], [ -40.1596028, -4.9034666 ], [ -40.1636448, -4.8986831 ], [ -40.1677847, -4.8983928 ], [ -40.1699934, -4.89992 ], [ -40.1822895, -4.9012003 ], [ -40.1882565, -4.9048161 ], [ -40.1956819, -4.9067108 ], [ -40.1686128, -4.9349378 ], [ -40.1640145, -4.9357331 ], [ -40.1640027, -4.9395389 ], [ -40.1608135, -4.9414507 ], [ -40.1610032, -4.9446629 ], [ -40.1660706, -4.9476181 ], [ -40.165138, -4.9541949 ], [ -40.1668052, -4.9574034 ], [ -40.1653453, -4.9611425 ], [ -40.1663604, -4.9639509 ], [ -40.1574651, -4.9646651 ], [ -40.1539238, -4.969527 ], [ -40.1496714, -4.9707989 ], [ -40.1399976, -4.9705028 ], [ -40.137939, -4.9737131 ], [ -40.1342901, -4.9746944 ], [ -40.1333688, -4.9776334 ], [ -40.1368486, -4.9825716 ], [ -40.1347616, -4.9827433 ], [ -40.1314108, -4.9878839 ], [ -40.1330869, -4.9922364 ], [ -40.1266284, -4.9879872 ], [ -40.1139327, -4.9849367 ], [ -40.1153826, -4.9908651 ], [ -40.1149366, -5.0004831 ], [ -40.1090917, -4.9994409 ], [ -40.1046496, -4.9965294 ], [ -40.1004212, -4.9996785 ], [ -40.0998502, -5.0023751 ], [ -40.1040949, -5.0071344 ], [ -40.1033404, -5.0097904 ], [ -40.1056071, -5.0144921 ], [ -40.1041607, -5.0216095 ], [ -40.1057041, -5.02397 ], [ -40.1118351, -5.0241049 ], [ -40.1225771, -5.0307998 ], [ -40.1292358, -5.0300136 ], [ -40.1320373, -5.0279998 ], [ -40.1373022, -5.0308159 ], [ -40.1467406, -5.0328896 ], [ -40.149557, -5.0341986 ], [ -40.1541246, -5.0413979 ], [ -40.1528439, -5.0472296 ], [ -40.1463476, -5.0501589 ], [ -40.1462503, -5.0589807 ], [ -40.1374422, -5.0725731 ], [ -40.1388308, -5.0772843 ], [ -40.1518064, -5.0773998 ], [ -40.1554963, -5.0809281 ], [ -40.1548691, -5.0829814 ], [ -40.1494282, -5.086097 ], [ -40.1457912, -5.0915981 ], [ -40.1353432, -5.095706 ], [ -40.1335525, -5.0979273 ], [ -40.1336036, -5.1007463 ], [ -40.1387313, -5.104133 ], [ -40.1347962, -5.1120047 ], [ -40.1389086, -5.1213479 ], [ -40.1350548, -5.1320129 ], [ -40.1371399, -5.133364 ], [ -40.1393414, -5.1397809 ], [ -40.1428178, -5.1412409 ], [ -40.1430993, -5.1438189 ], [ -40.1468064, -5.1475282 ], [ -40.1460094, -5.1523326 ], [ -40.154141, -5.1498921 ], [ -40.1658814, -5.1584406 ], [ -40.1659103, -5.1620366 ], [ -40.1600423, -5.16479 ], [ -40.1670113, -5.1665546 ], [ -40.1719025, -5.1733141 ], [ -40.1796673, -5.1722297 ], [ -40.1823033, -5.1692421 ], [ -40.1839272, -5.1750766 ], [ -40.1909437, -5.176148 ], [ -40.1911843, -5.1709174 ], [ -40.1879528, -5.1692751 ], [ -40.1875336, -5.1672697 ], [ -40.1979322, -5.1657183 ], [ -40.1991099, -5.1619657 ], [ -40.2014096, -5.1616299 ], [ -40.2043236, -5.1584262 ], [ -40.206965, -5.1585015 ], [ -40.2203354, -5.1516623 ], [ -40.2291832, -5.1527545 ], [ -40.2406486, -5.1658128 ], [ -40.2414856, -5.1711512 ], [ -40.2435981, -5.1712428 ], [ -40.248618, -5.1689715 ], [ -40.2577665, -5.1705357 ], [ -40.2575777, -5.1662454 ], [ -40.2686795, -5.162532 ], [ -40.2759285, -5.1665463 ], [ -40.2804203, -5.1648017 ], [ -40.2928814, -5.1661906 ], [ -40.2987952, -5.169071 ], [ -40.3039956, -5.1684555 ], [ -40.3093702, -5.1588935 ], [ -40.3132242, -5.155409 ], [ -40.3908275, -5.2114604 ], [ -40.4013099, -5.2058091 ], [ -40.4041375, -5.2005073 ], [ -40.3728206, -5.1154377 ], [ -40.3773034, -5.110055 ], [ -40.3733476, -5.1059818 ], [ -40.3736543, -5.1031945 ], [ -40.3838024, -5.0973248 ], [ -40.3996982, -5.0928652 ], [ -40.401882, -5.0907803 ], [ -40.4038018, -5.0839765 ], [ -40.4196061, -5.073777 ], [ -40.422905, -5.0634477 ], [ -40.4302743, -5.0560924 ], [ -40.4319378, -5.0484455 ], [ -40.4378319, -5.0456067 ], [ -40.4419941, -5.0370811 ], [ -40.4451137, -5.03417 ], [ -40.4491, -5.0345143 ], [ -40.4514633, -5.0429863 ], [ -40.4551811, -5.045529 ], [ -40.4583854, -5.0456003 ], [ -40.4747057, -5.0399121 ], [ -40.4949494, -5.0368396 ], [ -40.5005625, -5.0318784 ], [ -40.5056311, -5.0240343 ], [ -40.5110029, -5.0238158 ], [ -40.5148552, -5.0211678 ], [ -40.5204316, -5.0213902 ], [ -40.5287833, -5.0162749 ], [ -40.534942, -5.0155935 ], [ -40.537985, -5.0127689 ], [ -40.5421253, -5.0130403 ], [ -40.5486784, -5.0165107 ], [ -40.5573575, -5.0140435 ], [ -40.5666149, -5.0198463 ], [ -40.59643, -4.9574087 ], [ -40.6355716, -4.9247458 ], [ -40.5411383, -4.9153257 ], [ -40.5369035, -4.9017273 ], [ -40.5388484, -4.8973183 ], [ -40.5380739, -4.8941626 ], [ -40.540241, -4.8920342 ], [ -40.5372401, -4.8841094 ], [ -40.5399026, -4.8812448 ], [ -40.539155, -4.8758948 ], [ -40.5457889, -4.8660353 ], [ -40.5420817, -4.8604994 ], [ -40.543378, -4.8594241 ], [ -40.5421786, -4.8549328 ], [ -40.5405532, -4.8547273 ], [ -40.5420734, -4.8495233 ], [ -40.5409687, -4.8439828 ], [ -40.5400269, -4.8428766 ], [ -40.5242578, -4.8478805 ], [ -40.4461554, -4.7324598 ], [ -40.3812886, -4.5488416 ], [ -40.3783869, -4.5531181 ], [ -40.3741412, -4.5532723 ], [ -40.364225, -4.5624755 ], [ -40.3598329, -4.5727851 ], [ -40.3499736, -4.5795989 ], [ -40.3458645, -4.5806905 ], [ -40.3400085, -4.5794625 ], [ -40.3391575, -4.580807 ], [ -40.3288763, -4.5821827 ], [ -40.3271675, -4.5818321 ], [ -40.3271899, -4.5789352 ], [ -40.3221096, -4.5765792 ], [ -40.3137602, -4.5826762 ], [ -40.3098748, -4.5837382 ], [ -40.3009185, -4.5784798 ], [ -40.3002524, -4.5854934 ], [ -40.293471, -4.5888258 ], [ -40.2957057, -4.5968884 ], [ -40.293404, -4.6004394 ], [ -40.2950926, -4.6007999 ], [ -40.2965686, -4.6056122 ], [ -40.2998671, -4.60661 ], [ -40.3036235, -4.6042825 ], [ -40.3029289, -4.6105438 ], [ -40.3094555, -4.6126923 ], [ -40.3107459, -4.6182007 ], [ -40.3156021, -4.6175769 ], [ -40.3189043, -4.6229907 ], [ -40.3164608, -4.6361551 ], [ -40.3311642, -4.6392183 ], [ -40.3321519, -4.6443135 ], [ -40.3303744, -4.6461629 ], [ -40.3331601, -4.649635 ], [ -40.3334616, -4.65266 ], [ -40.3422581, -4.6552732 ], [ -40.3388074, -4.6594605 ] ] ] } },
{ "type": "Feature", "properties": { "CD_MUN": "2305605", "NM_MUN": "Independência", "CD_RGI": "230013", "NM_RGI": "Crateús", "CD_RGINT": "2305", "NM_RGINT": "Crateús", "CD_UF": "23", "NM_UF": "Ceará", "SIGLA_UF": "CE", "CD_REGIA": "2", "NM_REGIA": "Nordeste", "SIGLA_RG": "NE", "CD_CONCU": null, "NM_CONCU": null, "AREA_KM2": 3237.132, "mun_upp": "INDEPENDÊNCIA", "has_qualif": 1, "municipio": "Independência", "REGIÃO DE PLANEJAMENTO": "Sertão dos Crateús", "auxiliary_storage_labeling_positionx": null, "auxiliary_storage_labeling_positiony": null, "auxiliary_storage_labeling_lineanchorpercent": null, "auxiliary_storage_labeling_lineanchorclipping": null, "auxiliary_storage_labeling_lineanchortype": null, "auxiliary_storage_labeling_lineanchortextpoint": null, "auxiliary_storage_callouts_originx": null, "auxiliary_storage_callouts_originy": null, "auxiliary_storage_callouts_destinationx": null, "auxiliary_storage_callouts_destinationy": null }, "geometry": { "type": "Polygon", "coordinates": [ [ [ -40.0998543, -5.4440545 ], [ -40.1001234, -5.4513059 ], [ -40.1065841, -5.4533211 ], [ -40.1060819, -5.4586325 ], [ -40.1100702, -5.4619084 ], [ -40.1061223, -5.4686234 ], [ -40.1123308, -5.4903869 ], [ -40.1097676, -5.4926186 ], [ -40.1087173, -5.4979214 ], [ -40.1098133, -5.5035505 ], [ -40.107817, -5.5106161 ], [ -40.1127397, -5.5150966 ], [ -40.1101775, -5.5255795 ], [ -40.110522, -5.5348149 ], [ -40.1122351, -5.5381807 ], [ -40.1152818, -5.5395668 ], [ -40.1170825, -5.5469205 ], [ -40.1201947, -5.5482119 ], [ -40.1248398, -5.5541665 ], [ -40.1335062, -5.5468018 ], [ -40.1368387, -5.548851 ], [ -40.1410196, -5.5482434 ], [ -40.1469213, -5.540238 ], [ -40.148802, -5.5418332 ], [ -40.1562289, -5.542818 ], [ -40.1609286, -5.5457494 ], [ -40.1676665, -5.5434808 ], [ -40.1689852, -5.5486457 ], [ -40.1719796, -5.5523513 ], [ -40.1719655, -5.5596887 ], [ -40.1846558, -5.5607481 ], [ -40.1878171, -5.5624547 ], [ -40.1845926, -5.5718256 ], [ -40.1869534, -5.571621 ], [ -40.1886365, -5.573873 ], [ -40.1936717, -5.5736915 ], [ -40.2143322, -5.5853652 ], [ -40.2204161, -5.5867658 ], [ -40.225563, -5.5924649 ], [ -40.2290621, -5.5924076 ], [ -40.230166, -5.5999103 ], [ -40.2218788, -5.6027826 ], [ -40.2201912, -5.6054126 ], [ -40.2259723, -5.6081843 ], [ -40.2272463, -5.6120784 ], [ -40.2319055, -5.6122755 ], [ -40.234698, -5.6143822 ], [ -40.2334538, -5.6179819 ], [ -40.2300452, -5.6205584 ], [ -40.2321291, -5.6272987 ], [ -40.2362418, -5.6313938 ], [ -40.2286672, -5.6417731 ], [ -40.2291025, -5.6457974 ], [ -40.2261785, -5.6489154 ], [ -40.2272701, -5.6538519 ], [ -40.2304912, -5.6567 ], [ -40.2295891, -5.6606701 ], [ -40.2208093, -5.6663984 ], [ -40.2188297, -5.6721693 ], [ -40.2141179, -5.6776034 ], [ -40.2151287, -5.6847384 ], [ -40.2108469, -5.6917416 ], [ -40.2117615, -5.6936524 ], [ -40.2148648, -5.6945025 ], [ -40.2144741, -5.698129 ], [ -40.2186282, -5.698063 ], [ -40.2230152, -5.7004232 ], [ -40.2280737, -5.7107469 ], [ -40.2426126, -5.7100305 ], [ -40.2403786, -5.7165157 ], [ -40.2411239, -5.7190263 ], [ -40.2455967, -5.7215288 ], [ -40.2508747, -5.7278837 ], [ -40.2579099, -5.7309229 ], [ -40.2595412, -5.7352301 ], [ -40.2723734, -5.744287 ], [ -40.2766543, -5.7498861 ], [ -40.2827481, -5.7517717 ], [ -40.2857185, -5.7566751 ], [ -40.2896165, -5.7564379 ], [ -40.2977383, -5.7491115 ], [ -40.3093392, -5.7483573 ], [ -40.3189057, -5.7424248 ], [ -40.3227069, -5.7424312 ], [ -40.3289723, -5.7461822 ], [ -40.3389645, -5.7487911 ], [ -40.3546355, -5.7432985 ], [ -40.3630584, -5.7433927 ], [ -40.3655148, -5.7473261 ], [ -40.3715461, -5.746855 ], [ -40.3726158, -5.7539033 ], [ -40.3799143, -5.7596806 ], [ -40.3812654, -5.7653865 ], [ -40.3864617, -5.7725105 ], [ -40.3864191, -5.7783911 ], [ -40.3910574, -5.7783513 ], [ -40.3973555, -5.782104 ], [ -40.3987969, -5.7896365 ], [ -40.4069825, -5.7970953 ], [ -40.4066809, -5.8017205 ], [ -40.4111305, -5.8058201 ], [ -40.4114001, -5.8112432 ], [ -40.4219317, -5.8121588 ], [ -40.4271107, -5.818379 ], [ -40.4514064, -5.8288185 ], [ -40.4740932, -5.8257339 ], [ -40.4763714, -5.8317938 ], [ -40.4867239, -5.8348921 ], [ -40.4900518, -5.8342839 ], [ -40.4942071, -5.8290635 ], [ -40.4995935, -5.8267513 ], [ -40.5043613, -5.8271953 ], [ -40.507187, -5.8250611 ], [ -40.5115455, -5.8267764 ], [ -40.5121058, -5.8234636 ], [ -40.5168618, -5.8248495 ], [ -40.5171828, -5.8225365 ], [ -40.5124126, -5.8171367 ], [ -40.5135235, -5.813555 ], [ -40.5180705, -5.811331 ], [ -40.522603, -5.8170348 ], [ -40.5315404, -5.8179884 ], [ -40.5367655, -5.8247037 ], [ -40.5500349, -5.8331949 ], [ -40.5531424, -5.8404506 ], [ -40.5652629, -5.8407325 ], [ -40.5642444, -5.8338802 ], [ -40.5673431, -5.8329158 ], [ -40.5671065, -5.8306917 ], [ -40.5692059, -5.8279933 ], [ -40.5651835, -5.8217468 ], [ -40.5688422, -5.8070691 ], [ -40.5670892, -5.8061564 ], [ -40.5681961, -5.8048264 ], [ -40.5659332, -5.7994071 ], [ -40.5668451, -5.7925835 ], [ -40.5638656, -5.789697 ], [ -40.5632921, -5.786622 ], [ -40.5705331, -5.7728608 ], [ -40.5689045, -5.7702424 ], [ -40.5704011, -5.762839 ], [ -40.5698575, -5.7541013 ], [ -40.5646123, -5.7469078 ], [ -40.5581207, -5.7425291 ], [ -40.5568612, -5.7383274 ], [ -40.5479188, -5.738558 ], [ -40.5440331, -5.737097 ], [ -40.5435621, -5.7307278 ], [ -40.541055, -5.728934 ], [ -40.541465, -5.7259361 ], [ -40.5378072, -5.7217123 ], [ -40.5455896, -5.7267578 ], [ -40.5555442, -5.7295179 ], [ -40.5591936, -5.7358402 ], [ -40.5647095, -5.7361685 ], [ -40.5698132, -5.7415188 ], [ -40.5736119, -5.7383914 ], [ -40.5788956, -5.7378318 ], [ -40.5840242, -5.7401064 ], [ -40.5862788, -5.7359828 ], [ -40.592388, -5.7382545 ], [ -40.5997133, -5.7371577 ], [ -40.6014981, -5.7284869 ], [ -40.605924, -5.7252935 ], [ -40.6129368, -5.7257531 ], [ -40.6154308, -5.7298546 ], [ -40.6153249, -5.7340877 ], [ -40.6183396, -5.7350756 ], [ -40.6242367, -5.7331306 ], [ -40.634115, -5.7243894 ], [ -40.6392521, -5.7173243 ], [ -40.635566, -5.7106129 ], [ -40.6421987, -5.7041498 ], [ -40.6539643, -5.7005291 ], [ -40.6536252, -5.6979304 ], [ -40.658329, -5.6944925 ], [ -40.6597245, -5.6920389 ], [ -40.6582158, -5.6905216 ], [ -40.6602452, -5.6867349 ], [ -40.66249, -5.6860924 ], [ -40.6618529, -5.6829964 ], [ -40.6646255, -5.6795492 ], [ -40.6624678, -5.6787166 ], [ -40.6641636, -5.6767333 ], [ -40.646769, -5.6779027 ], [ -40.6536161, -5.6738287 ], [ -40.6535441, -5.6692149 ], [ -40.6458371, -5.6633075 ], [ -40.646167, -5.6554039 ], [ -40.6414161, -5.6464251 ], [ -40.6362625, -5.647274 ], [ -40.6291056, -5.6349441 ], [ -40.6293471, -5.6283134 ], [ -40.6330439, -5.6271894 ], [ -40.6346485, -5.6235989 ], [ -40.6388629, -5.6226717 ], [ -40.6367359, -5.6138093 ], [ -40.635242, -5.6117967 ], [ -40.6280921, -5.6109054 ], [ -40.6273027, -5.6053218 ], [ -40.6224621, -5.6032764 ], [ -40.6203441, -5.6005822 ], [ -40.6206273, -5.5965648 ], [ -40.6254854, -5.5866791 ], [ -40.6246593, -5.5797962 ], [ -40.6195494, -5.5715242 ], [ -40.6117799, -5.5714612 ], [ -40.6117423, -5.5638586 ], [ -40.6081288, -5.5599323 ], [ -40.6140545, -5.5529717 ], [ -40.6140828, -5.5479174 ], [ -40.6176938, -5.5451772 ], [ -40.6019759, -5.5284899 ], [ -40.6124505, -5.5200407 ], [ -40.5843376, -5.4673426 ], [ -40.5778532, -5.4646937 ], [ -40.5776506, -5.4571761 ], [ -40.57404, -5.4545756 ], [ -40.5748843, -5.4507573 ], [ -40.5689015, -5.4427806 ], [ -40.5694108, -5.4384203 ], [ -40.5659581, -5.4362544 ], [ -40.5640349, -5.4370236 ], [ -40.5629582, -5.4344822 ], [ -40.5577837, -5.4354262 ], [ -40.5520633, -5.432277 ], [ -40.5552442, -5.4223088 ], [ -40.5492194, -5.409325 ], [ -40.5507393, -5.4016551 ], [ -40.5389565, -5.3894844 ], [ -40.5243721, -5.3897682 ], [ -40.4793022, -5.2743236 ], [ -40.4142113, -5.2283501 ], [ -40.4041375, -5.2005073 ], [ -40.4013099, -5.2058091 ], [ -40.3908275, -5.2114604 ], [ -40.3132242, -5.155409 ], [ -40.3093702, -5.1588935 ], [ -40.3039956, -5.1684555 ], [ -40.2987952, -5.169071 ], [ -40.2928814, -5.1661906 ], [ -40.2804203, -5.1648017 ], [ -40.2759285, -5.1665463 ], [ -40.2686795, -5.162532 ], [ -40.2575777, -5.1662454 ], [ -40.2577665, -5.1705357 ], [ -40.248618, -5.1689715 ], [ -40.2435981, -5.1712428 ], [ -40.2414856, -5.1711512 ], [ -40.2406486, -5.1658128 ], [ -40.2291832, -5.1527545 ], [ -40.2203354, -5.1516623 ], [ -40.206965, -5.1585015 ], [ -40.2043236, -5.1584262 ], [ -40.2014096, -5.1616299 ], [ -40.1991099, -5.1619657 ], [ -40.1979322, -5.1657183 ], [ -40.1875336, -5.1672697 ], [ -40.1879528, -5.1692751 ], [ -40.1911843, -5.1709174 ], [ -40.1917808, -5.1754037 ], [ -40.1900705, -5.176222 ], [ -40.1839272, -5.1750766 ], [ -40.1823033, -5.1692421 ], [ -40.1796673, -5.1722297 ], [ -40.1727642, -5.1735417 ], [ -40.1670113, -5.1665546 ], [ -40.1632637, -5.1653877 ], [ -40.1533192, -5.163832 ], [ -40.1418154, -5.1656028 ], [ -40.1356714, -5.1572812 ], [ -40.1278507, -5.1579828 ], [ -40.1228683, -5.1603005 ], [ -40.1149181, -5.1602607 ], [ -40.1146119, -5.1635573 ], [ -40.1123124, -5.1653886 ], [ -40.1062539, -5.1646034 ], [ -40.0976402, -5.1591164 ], [ -40.0896979, -5.1681742 ], [ -40.0848888, -5.1713034 ], [ -40.0817222, -5.1707372 ], [ -40.0793168, -5.1651127 ], [ -40.0726125, -5.1610259 ], [ -40.0727721, -5.1686891 ], [ -40.0680815, -5.172289 ], [ -40.0667784, -5.1803911 ], [ -40.0629101, -5.1822431 ], [ -40.0599291, -5.1866174 ], [ -40.0574373, -5.1857478 ], [ -40.0535781, -5.1804131 ], [ -40.041498, -5.1778786 ], [ -40.0332893, -5.1808887 ], [ -40.0300257, -5.1882783 ], [ -40.0277296, -5.1894111 ], [ -40.0220192, -5.1885766 ], [ -40.0321822, -5.1989391 ], [ -40.0226983, -5.2063146 ], [ -40.02801, -5.2115131 ], [ -40.0314697, -5.2193126 ], [ -40.0356058, -5.2220793 ], [ -40.0371282, -5.2280895 ], [ -40.0389941, -5.2287734 ], [ -40.0415188, -5.2351683 ], [ -40.0471452, -5.2394866 ], [ -40.0426104, -5.2602367 ], [ -40.0468962, -5.267503 ], [ -40.0486449, -5.2790225 ], [ -40.0540968, -5.2819117 ], [ -40.056776, -5.286109 ], [ -40.055861, -5.2918374 ], [ -40.0497666, -5.2928901 ], [ -40.0412456, -5.2910541 ], [ -40.0360537, -5.2959932 ], [ -40.0277453, -5.2964975 ], [ -40.0251001, -5.3036177 ], [ -40.0307166, -5.3109738 ], [ -40.0194878, -5.3173862 ], [ -40.0178465, -5.3198586 ], [ -40.0230482, -5.3243768 ], [ -40.0230572, -5.3265772 ], [ -40.0209252, -5.3279657 ], [ -40.0238808, -5.3315928 ], [ -40.0230242, -5.3360398 ], [ -40.0282067, -5.3416478 ], [ -40.0282828, -5.3431518 ], [ -40.0263708, -5.3438581 ], [ -40.0299032, -5.3483187 ], [ -40.0350568, -5.3497861 ], [ -40.0384916, -5.3533015 ], [ -40.0416338, -5.3530174 ], [ -40.0456677, -5.3563864 ], [ -40.0504976, -5.3560588 ], [ -40.0600107, -5.3612492 ], [ -40.0596661, -5.3623829 ], [ -40.0544064, -5.3627931 ], [ -40.0518283, -5.3662121 ], [ -40.0574183, -5.3710306 ], [ -40.0560701, -5.3769224 ], [ -40.0589541, -5.3817232 ], [ -40.0586266, -5.3868489 ], [ -40.0616993, -5.3902313 ], [ -40.0588421, -5.3973778 ], [ -40.067438, -5.4015144 ], [ -40.0692419, -5.4083921 ], [ -40.0730298, -5.4112405 ], [ -40.0724639, -5.4129547 ], [ -40.0757184, -5.419687 ], [ -40.0795359, -5.4230492 ], [ -40.0833748, -5.4224999 ], [ -40.0818733, -5.4258716 ], [ -40.0897692, -5.4353078 ], [ -40.0894637, -5.4394482 ], [ -40.0930241, -5.4421256 ], [ -40.0998543, -5.4440545 ] ] ] } },
{ "type": "Feature", "properties": { "CD_MUN": "2304301", "NM_MUN": "Farias Brito", "CD_RGI": "230011", "NM_RGI": "Juazeiro do Norte", "CD_RGINT": "2304", "NM_RGINT": "Juazeiro do Norte", "CD_UF": "23", "NM_UF": "Ceará", "SIGLA_UF": "CE", "CD_REGIA": "2", "NM_REGIA": "Nordeste", "SIGLA_RG": "NE", "CD_CONCU": null, "NM_CONCU": null, "AREA_KM2": 530.54, "mun_upp": "FARIAS BRITO", "has_qualif": 1, "municipio": "Farias Brito", "REGIÃO DE PLANEJAMENTO": "Cariri", "auxiliary_storage_labeling_positionx": null, "auxiliary_storage_labeling_positiony": null, "auxiliary_storage_labeling_lineanchorpercent": null, "auxiliary_storage_labeling_lineanchorclipping": null, "auxiliary_storage_labeling_lineanchortype": null, "auxiliary_storage_labeling_lineanchortextpoint": null, "auxiliary_storage_callouts_originx": null, "auxiliary_storage_callouts_originy": null, "auxiliary_storage_callouts_destinationx": null, "auxiliary_storage_callouts_destinationy": null }, "geometry": { "type": "Polygon", "coordinates": [ [ [ -39.543992, -6.7681395 ], [ -39.5103891, -6.7767447 ], [ -39.5122132, -6.7817576 ], [ -39.5091192, -6.7917829 ], [ -39.5141796, -6.8050062 ], [ -39.5138756, -6.8074584 ], [ -39.5168544, -6.810096 ], [ -39.5104052, -6.8166654 ], [ -39.5078329, -6.8164564 ], [ -39.504827, -6.8324533 ], [ -39.5000543, -6.8365701 ], [ -39.5026229, -6.8435984 ], [ -39.4935639, -6.8465908 ], [ -39.4842289, -6.8380453 ], [ -39.4812146, -6.8454052 ], [ -39.4784381, -6.846688 ], [ -39.4786546, -6.8544965 ], [ -39.4760673, -6.8570459 ], [ -39.4766402, -6.8602371 ], [ -39.4731162, -6.8647824 ], [ -39.4753098, -6.8684157 ], [ -39.4784781, -6.868539 ], [ -39.4857289, -6.8761014 ], [ -39.4832656, -6.8819519 ], [ -39.4777625, -6.8856147 ], [ -39.477577, -6.889334 ], [ -39.4832284, -6.8979579 ], [ -39.4186997, -6.8951378 ], [ -39.3949687, -6.9223687 ], [ -39.4226767, -6.9621811 ], [ -39.4356126, -6.9633938 ], [ -39.4523343, -7.0092909 ], [ -39.5014539, -7.0123383 ], [ -39.5027833, -7.0066408 ], [ -39.5108497, -7.0064526 ], [ -39.5157071, -7.0016906 ], [ -39.5272864, -7.003437 ], [ -39.5424709, -7.0095781 ], [ -39.5545974, -7.0111451 ], [ -39.5616011, -7.0145394 ], [ -39.5601178, -7.0161446 ], [ -39.5631425, -7.0164335 ], [ -39.5649572, -7.0185441 ], [ -39.5669094, -7.0165074 ], [ -39.5714179, -7.0182222 ], [ -39.5767739, -7.0174647 ], [ -39.5812307, -7.0233467 ], [ -39.578209, -7.033514 ], [ -39.5796875, -7.0437943 ], [ -39.6323937, -7.0226553 ], [ -39.6286548, -7.0147994 ], [ -39.6336766, -7.0159694 ], [ -39.6378694, -7.014038 ], [ -39.6438822, -7.0148864 ], [ -39.6439447, -7.0195402 ], [ -39.6512308, -7.0206536 ], [ -39.6564146, -7.0191484 ], [ -39.6590103, -7.0210705 ], [ -39.6752909, -7.0232943 ], [ -39.6806289, -7.0161477 ], [ -39.6779558, -7.011818 ], [ -39.6722356, -7.0089617 ], [ -39.6595637, -7.0071265 ], [ -39.6560083, -7.0050246 ], [ -39.6592038, -7.0022377 ], [ -39.6639919, -6.9926017 ], [ -39.6580894, -6.9932527 ], [ -39.6452303, -6.9912361 ], [ -39.6363921, -6.9834384 ], [ -39.6352875, -6.9813006 ], [ -39.6366049, -6.9774437 ], [ -39.632183, -6.9716732 ], [ -39.6335026, -6.9687827 ], [ -39.6232705, -6.9631515 ], [ -39.6212939, -6.9603589 ], [ -39.6399331, -6.9455832 ], [ -39.6395526, -6.9433797 ], [ -39.6348424, -6.9359021 ], [ -39.6310425, -6.9338681 ], [ -39.6246886, -6.9369847 ], [ -39.6185971, -6.9326174 ], [ -39.6131811, -6.9229183 ], [ -39.6074646, -6.9174175 ], [ -39.606525, -6.90422 ], [ -39.6102283, -6.9013512 ], [ -39.6127006, -6.9021694 ], [ -39.6177655, -6.8976674 ], [ -39.6238571, -6.9001941 ], [ -39.6247195, -6.8971947 ], [ -39.6309759, -6.8963282 ], [ -39.6350726, -6.8932599 ], [ -39.6423567, -6.8942119 ], [ -39.6467532, -6.8928069 ], [ -39.6550472, -6.894945 ], [ -39.6607389, -6.9028563 ], [ -39.6617392, -6.9069206 ], [ -39.6658158, -6.9065242 ], [ -39.6662472, -6.9007537 ], [ -39.6643029, -6.8931592 ], [ -39.6658956, -6.8894131 ], [ -39.6611681, -6.8821399 ], [ -39.6622919, -6.8789052 ], [ -39.6678038, -6.8733548 ], [ -39.6665302, -6.8693974 ], [ -39.6682274, -6.8639213 ], [ -39.6612695, -6.8608767 ], [ -39.6547391, -6.8624413 ], [ -39.650711, -6.8586702 ], [ -39.64778, -6.8586526 ], [ -39.6422607, -6.8547502 ], [ -39.6379765, -6.8479175 ], [ -39.6387878, -6.8421582 ], [ -39.6364329, -6.8396101 ], [ -39.6394763, -6.8377323 ], [ -39.6435065, -6.8289808 ], [ -39.6550501, -6.8253104 ], [ -39.653102, -6.8206993 ], [ -39.6634322, -6.7935757 ], [ -39.6581608, -6.790707 ], [ -39.6562456, -6.7911712 ], [ -39.6572624, -6.7966963 ], [ -39.6508943, -6.8016714 ], [ -39.6410276, -6.7957056 ], [ -39.6371874, -6.7959752 ], [ -39.6333136, -6.7898296 ], [ -39.6263639, -6.7942489 ], [ -39.6265035, -6.7957296 ], [ -39.6226847, -6.7960896 ], [ -39.6157552, -6.7884553 ], [ -39.5564693, -6.7765977 ], [ -39.5547438, -6.7746369 ], [ -39.5502139, -6.7775743 ], [ -39.5468728, -6.7703419 ], [ -39.543992, -6.7681395 ] ] ] } },
{ "type": "Feature", "properties": { "CD_MUN": "2305654", "NM_MUN": "Ipaporanga", "CD_RGI": "230013", "NM_RGI": "Crateús", "CD_RGINT": "2305", "NM_RGINT": "Crateús", "CD_UF": "23", "NM_UF": "Ceará", "SIGLA_UF": "CE", "CD_REGIA": "2", "NM_REGIA": "Nordeste", "SIGLA_RG": "NE", "CD_CONCU": null, "NM_CONCU": null, "AREA_KM2": 704.773, "mun_upp": "IPAPORANGA", "has_qualif": 1, "municipio": "Ipaporanga", "REGIÃO DE PLANEJAMENTO": "Sertão dos Crateús", "auxiliary_storage_labeling_positionx": null, "auxiliary_storage_labeling_positiony": null, "auxiliary_storage_labeling_lineanchorpercent": null, "auxiliary_storage_labeling_lineanchorclipping": null, "auxiliary_storage_labeling_lineanchortype": null, "auxiliary_storage_labeling_lineanchortextpoint": null, "auxiliary_storage_callouts_originx": null, "auxiliary_storage_callouts_originy": null, "auxiliary_storage_callouts_destinationx": null, "auxiliary_storage_callouts_destinationy": null }, "geometry": { "type": "Polygon", "coordinates": [ [ [ -40.7619511, -4.8664797 ], [ -40.7229855, -4.8419011 ], [ -40.7211333, -4.8474744 ], [ -40.7165958, -4.8499443 ], [ -40.7190838, -4.8505421 ], [ -40.7188889, -4.8532161 ], [ -40.7064466, -4.8565434 ], [ -40.698899, -4.862227 ], [ -40.6877421, -4.8596171 ], [ -40.6846157, -4.8565026 ], [ -40.675698, -4.8529299 ], [ -40.665493, -4.844264 ], [ -40.6619677, -4.8340024 ], [ -40.6574054, -4.8290238 ], [ -40.656053, -4.8219522 ], [ -40.648732, -4.8126567 ], [ -40.6484838, -4.8086137 ], [ -40.6391148, -4.8005552 ], [ -40.6367523, -4.794998 ], [ -40.6280772, -4.7902898 ], [ -40.628625, -4.7939029 ], [ -40.6266907, -4.8010591 ], [ -40.6228619, -4.8049206 ], [ -40.6177467, -4.8058844 ], [ -40.616201, -4.8128992 ], [ -40.5411383, -4.9153257 ], [ -40.6355716, -4.9247458 ], [ -40.6514751, -4.9862291 ], [ -40.7154612, -4.9463201 ], [ -40.8274837, -4.9783111 ], [ -41.0506227, -5.0262454 ], [ -41.0525951, -5.0186881 ], [ -41.0508378, -5.0121941 ], [ -41.0449524, -5.0033216 ], [ -41.0430748, -4.9916239 ], [ -41.044111, -4.9888015 ], [ -41.0398723, -4.9858823 ], [ -41.0402448, -4.9793397 ], [ -41.0376694, -4.9779874 ], [ -41.038145, -4.975 ], [ -41.0346859, -4.9687709 ], [ -41.0362023, -4.965986 ], [ -41.0336052, -4.9658612 ], [ -41.0325819, -4.9607163 ], [ -41.0305264, -4.9617848 ], [ -41.0264394, -4.9583544 ], [ -41.0247678, -4.9536237 ], [ -41.0215575, -4.9549253 ], [ -41.0198, -4.9495357 ], [ -41.0095815, -4.9415073 ], [ -41.0077969, -4.9393662 ], [ -41.0090865, -4.9360395 ], [ -41.0036264, -4.9340712 ], [ -41.0065559, -4.9308322 ], [ -41.0036638, -4.9281831 ], [ -41.0000033, -4.9281416 ], [ -41.000262, -4.9243105 ], [ -40.9969646, -4.9245587 ], [ -40.9975662, -4.9219556 ], [ -40.9948511, -4.9199674 ], [ -40.9946797, -4.917075 ], [ -40.9929559, -4.9179861 ], [ -40.991584, -4.9143057 ], [ -40.9868879, -4.9140549 ], [ -40.9857922, -4.9101198 ], [ -40.9787766, -4.9086704 ], [ -40.9773529, -4.9050864 ], [ -40.9750858, -4.9046445 ], [ -40.9720568, -4.9005808 ], [ -40.9694148, -4.9024007 ], [ -40.9602215, -4.892506 ], [ -40.9564196, -4.8932706 ], [ -40.9511134, -4.8894517 ], [ -40.9502086, -4.8869906 ], [ -40.946965, -4.8871854 ], [ -40.9418697, -4.8825315 ], [ -40.9315128, -4.8836225 ], [ -40.9290454, -4.8861056 ], [ -40.9250367, -4.8854353 ], [ -40.9182069, -4.8824227 ], [ -40.9106084, -4.8753273 ], [ -40.8991999, -4.872459 ], [ -40.8947397, -4.8681176 ], [ -40.8859427, -4.8657316 ], [ -40.8794328, -4.8682635 ], [ -40.8721151, -4.86319 ], [ -40.8806877, -4.8597999 ], [ -40.8755468, -4.8535796 ], [ -40.8792511, -4.8502652 ], [ -40.8786667, -4.8471509 ], [ -40.8814089, -4.8434648 ], [ -40.8763824, -4.8324461 ], [ -40.8800922, -4.8299407 ], [ -40.8778987, -4.8237941 ], [ -40.8794947, -4.8225435 ], [ -40.8779994, -4.8143813 ], [ -40.8791527, -4.8143774 ], [ -40.8862724, -4.797487 ], [ -40.8826939, -4.8003656 ], [ -40.8805155, -4.7999978 ], [ -40.8826755, -4.7936958 ], [ -40.8792328, -4.7874363 ], [ -40.8823099, -4.7841883 ], [ -40.8521512, -4.7833203 ], [ -40.848583, -4.7851953 ], [ -40.8416104, -4.7847978 ], [ -40.8383279, -4.793584 ], [ -40.8352061, -4.794861 ], [ -40.8343754, -4.8001847 ], [ -40.8316898, -4.8042459 ], [ -40.8264393, -4.8072984 ], [ -40.8256251, -4.8105183 ], [ -40.8177945, -4.8119508 ], [ -40.8178464, -4.8135357 ], [ -40.8134435, -4.8147855 ], [ -40.8129426, -4.8170058 ], [ -40.8105252, -4.8160194 ], [ -40.8077938, -4.8180303 ], [ -40.8027372, -4.8178164 ], [ -40.796523, -4.8150337 ], [ -40.7934852, -4.8161961 ], [ -40.7893555, -4.821602 ], [ -40.7822088, -4.8247609 ], [ -40.7807843, -4.8341311 ], [ -40.7753197, -4.8353117 ], [ -40.7738122, -4.8380192 ], [ -40.7700738, -4.8380828 ], [ -40.7678404, -4.8413843 ], [ -40.7630761, -4.8436516 ], [ -40.7655872, -4.8462648 ], [ -40.7620463, -4.8500871 ], [ -40.7627455, -4.8518198 ], [ -40.7641251, -4.8515471 ], [ -40.7619511, -4.8664797 ] ] ] } },
{ "type": "Feature", "properties": { "CD_MUN": "2306900", "NM_MUN": "Jaguaribe", "CD_RGI": "230007", "NM_RGI": "Russas - Limoeiro do Norte", "CD_RGINT": "2302", "NM_RGINT": "Quixadá", "CD_UF": "23", "NM_UF": "Ceará", "SIGLA_UF": "CE", "CD_REGIA": "2", "NM_REGIA": "Nordeste", "SIGLA_RG": "NE", "CD_CONCU": null, "NM_CONCU": null, "AREA_KM2": 1877.062, "mun_upp": "JAGUARIBE", "has_qualif": 1, "municipio": "Jaguaribe", "REGIÃO DE PLANEJAMENTO": "Vale do Jaguaribe", "auxiliary_storage_labeling_positionx": null, "auxiliary_storage_labeling_positiony": null, "auxiliary_storage_labeling_lineanchorpercent": null, "auxiliary_storage_labeling_lineanchorclipping": null, "auxiliary_storage_labeling_lineanchortype": null, "auxiliary_storage_labeling_lineanchortextpoint": null, "auxiliary_storage_callouts_originx": null, "auxiliary_storage_callouts_originy": null, "auxiliary_storage_callouts_destinationx": null, "auxiliary_storage_callouts_destinationy": null }, "geometry": { "type": "Polygon", "coordinates": [ [ [ -38.5042547, -5.8940356 ], [ -38.5055955, -5.9141778 ], [ -38.5042925, -5.9164481 ], [ -38.5010428, -5.9146079 ], [ -38.4995558, -5.910582 ], [ -38.4977895, -5.9127397 ], [ -38.5005184, -5.929234 ], [ -38.4986475, -5.9290849 ], [ -38.4928715, -5.9154979 ], [ -38.4820031, -5.9148076 ], [ -38.490795, -5.9169035 ], [ -38.492293, -5.921759 ], [ -38.4919623, -5.9336606 ], [ -38.4967235, -5.9436454 ], [ -38.4985767, -5.9534131 ], [ -38.5017279, -5.9565975 ], [ -38.5057015, -5.957483 ], [ -38.503282, -5.9633553 ], [ -38.505202, -5.9663233 ], [ -38.5109219, -5.9696998 ], [ -38.511351, -5.976871 ], [ -38.5163452, -5.9815839 ], [ -38.5163399, -5.9875453 ], [ -38.5130583, -5.9884821 ], [ -38.5097512, -5.9855574 ], [ -38.5072943, -5.9857569 ], [ -38.4903778, -5.9590368 ], [ -38.4904201, -5.955251 ], [ -38.4858705, -5.9470719 ], [ -38.4840772, -5.9460417 ], [ -38.4881215, -5.9563941 ], [ -38.4752047, -5.9435856 ], [ -38.4742314, -5.9410418 ], [ -38.4760859, -5.9385297 ], [ -38.4627505, -5.9314592 ], [ -38.4561779, -5.9205407 ], [ -38.4567311, -5.9294434 ], [ -38.450224, -5.9208161 ], [ -38.4473936, -5.9207645 ], [ -38.458046, -5.9336094 ], [ -38.4573057, -5.9368517 ], [ -38.4507236, -5.9354078 ], [ -38.4554415, -5.9399562 ], [ -38.4640709, -5.9393432 ], [ -38.4648305, -5.9461003 ], [ -38.4711032, -5.9471946 ], [ -38.4781459, -5.9537443 ], [ -38.4893109, -5.9696766 ], [ -38.4943433, -5.9805926 ], [ -38.4940198, -5.9846313 ], [ -38.5075094, -6.0029717 ], [ -38.5090797, -6.0061437 ], [ -38.5078504, -6.0076641 ], [ -38.5161661, -6.0217228 ], [ -38.5336409, -6.0407473 ], [ -38.5340389, -6.0370025 ], [ -38.5268365, -6.0272403 ], [ -38.5320199, -6.0299693 ], [ -38.5263244, -6.0227114 ], [ -38.5291369, -6.0231814 ], [ -38.5303775, -6.018001 ], [ -38.5271981, -6.0133757 ], [ -38.5256435, -6.0170733 ], [ -38.523914, -6.012926 ], [ -38.5246698, -6.0114214 ], [ -38.5264379, -6.0127228 ], [ -38.5275113, -6.0096888 ], [ -38.5261423, -6.0013815 ], [ -38.5288733, -6.0019257 ], [ -38.5352747, -6.0236707 ], [ -38.5336567, -6.0243252 ], [ -38.5334491, -6.0272089 ], [ -38.5370067, -6.0378066 ], [ -38.5403274, -6.0421949 ], [ -38.5400629, -6.0450804 ], [ -38.5359251, -6.0462158 ], [ -38.5399309, -6.0484463 ], [ -38.540829, -6.0517624 ], [ -38.5427729, -6.0527094 ], [ -38.5397004, -6.0549213 ], [ -38.5451773, -6.0712748 ], [ -38.544115, -6.0740591 ], [ -38.5466926, -6.0747334 ], [ -38.5479988, -6.0775216 ], [ -38.5545486, -6.0787356 ], [ -38.5591919, -6.086424 ], [ -38.5561563, -6.0898401 ], [ -38.5598027, -6.0898675 ], [ -38.5619562, -6.0933963 ], [ -38.5591024, -6.094209 ], [ -38.5604782, -6.1016189 ], [ -38.5576394, -6.098478 ], [ -38.5569067, -6.1026137 ], [ -38.5585231, -6.1053352 ], [ -38.5597676, -6.1174515 ], [ -38.5672984, -6.1312646 ], [ -38.5650717, -6.1243019 ], [ -38.5664041, -6.1228565 ], [ -38.5651375, -6.1154866 ], [ -38.5667437, -6.1152997 ], [ -38.5798045, -6.1365873 ], [ -38.5843995, -6.1399552 ], [ -38.5847145, -6.1428483 ], [ -38.5829658, -6.1437878 ], [ -38.5744013, -6.1380087 ], [ -38.5754495, -6.1406329 ], [ -38.5794938, -6.1431546 ], [ -38.5787781, -6.1442169 ], [ -38.5848079, -6.1552967 ], [ -38.5882036, -6.1657945 ], [ -38.5949046, -6.1705724 ], [ -38.5988009, -6.1709806 ], [ -38.6001848, -6.177918 ], [ -38.6036084, -6.1742372 ], [ -38.6083671, -6.1746835 ], [ -38.6118138, -6.1705693 ], [ -38.6173461, -6.1696269 ], [ -38.6179353, -6.1715551 ], [ -38.6319127, -6.1743246 ], [ -38.6336886, -6.1791797 ], [ -38.6438912, -6.1804017 ], [ -38.6474748, -6.1858707 ], [ -38.6555582, -6.1858741 ], [ -38.6558501, -6.1912479 ], [ -38.6603025, -6.1904527 ], [ -38.6614892, -6.1950425 ], [ -38.6682878, -6.1959098 ], [ -38.6693816, -6.2005527 ], [ -38.6753247, -6.2019055 ], [ -38.6791354, -6.2053935 ], [ -38.6795699, -6.2101617 ], [ -38.6853687, -6.2121946 ], [ -38.6912903, -6.2070631 ], [ -38.7081405, -6.2064059 ], [ -38.7108011, -6.2045692 ], [ -38.7129819, -6.2052023 ], [ -38.7156244, -6.2012018 ], [ -38.7216139, -6.19952 ], [ -38.7266646, -6.2002502 ], [ -38.7279481, -6.1971681 ], [ -38.7261692, -6.196363 ], [ -38.7256353, -6.1928587 ], [ -38.7288206, -6.1894487 ], [ -38.7285651, -6.1879009 ], [ -38.7315039, -6.1863449 ], [ -38.732412, -6.1805825 ], [ -38.7353323, -6.1752465 ], [ -38.7344827, -6.152556 ], [ -38.7314948, -6.1497541 ], [ -38.7248718, -6.1476205 ], [ -38.722174, -6.1389548 ], [ -38.7217014, -6.1280882 ], [ -38.7195736, -6.1271057 ], [ -38.7196945, -6.1245927 ], [ -38.7151638, -6.1231494 ], [ -38.7123154, -6.1192992 ], [ -38.7088783, -6.1076746 ], [ -38.7142474, -6.1139728 ], [ -38.7193588, -6.1164523 ], [ -38.722645, -6.1213417 ], [ -38.7271024, -6.1204366 ], [ -38.7327573, -6.12386 ], [ -38.7344077, -6.1230064 ], [ -38.735579, -6.1180445 ], [ -38.7391098, -6.1165032 ], [ -38.7407518, -6.117976 ], [ -38.7455024, -6.1147542 ], [ -38.7446074, -6.1110056 ], [ -38.7528548, -6.1134027 ], [ -38.75529, -6.1111598 ], [ -38.766088, -6.1241123 ], [ -38.7748481, -6.1195495 ], [ -38.7803221, -6.1185968 ], [ -38.7796488, -6.1160259 ], [ -38.7832292, -6.11434 ], [ -38.785158, -6.1152307 ], [ -38.7864062, -6.1195444 ], [ -38.7983074, -6.123009 ], [ -38.8015598, -6.1222563 ], [ -38.8042114, -6.1297489 ], [ -38.8069019, -6.1289241 ], [ -38.8087297, -6.1332569 ], [ -38.8192532, -6.1370005 ], [ -38.8207044, -6.1365844 ], [ -38.8205178, -6.1244344 ], [ -38.8279495, -6.1245026 ], [ -38.8300171, -6.1276321 ], [ -38.8341156, -6.1263265 ], [ -38.8351064, -6.1316044 ], [ -38.8382876, -6.1293555 ], [ -38.8406905, -6.1303495 ], [ -38.8400921, -6.132324 ], [ -38.8425422, -6.135891 ], [ -38.8484053, -6.1307079 ], [ -38.8510804, -6.1320519 ], [ -38.8495614, -6.1360895 ], [ -38.8520018, -6.1377456 ], [ -38.8545942, -6.1372485 ], [ -38.8550827, -6.1349988 ], [ -38.8621707, -6.1347038 ], [ -38.8636045, -6.138754 ], [ -38.8669519, -6.1406122 ], [ -38.8720579, -6.1400442 ], [ -38.8769682, -6.1477473 ], [ -38.878813, -6.1478305 ], [ -38.881995, -6.1472602 ], [ -38.8824331, -6.1452713 ], [ -38.8890471, -6.1459116 ], [ -38.8919459, -6.1436049 ], [ -38.9014193, -6.1412355 ], [ -38.9035095, -6.1373236 ], [ -38.9075324, -6.1085125 ], [ -38.9074747, -6.0859947 ], [ -38.9126835, -6.0873053 ], [ -38.9188256, -6.0852581 ], [ -38.9217816, -6.0821856 ], [ -38.924917, -6.0831726 ], [ -38.9278229, -6.0808596 ], [ -38.9359638, -6.0794409 ], [ -38.9409885, -6.0793183 ], [ -38.9436822, -6.0816502 ], [ -38.9493524, -6.0800814 ], [ -38.9577064, -6.0864044 ], [ -38.960518, -6.0911936 ], [ -38.9681152, -6.0917258 ], [ -38.9724894, -6.1029382 ], [ -38.9761335, -6.1028124 ], [ -38.9719161, -6.0857401 ], [ -38.9745909, -6.0829217 ], [ -38.9727478, -6.0774069 ], [ -38.9689796, -6.0744067 ], [ -38.9662789, -6.05381 ], [ -38.9612391, -6.0524336 ], [ -38.9615458, -6.0495203 ], [ -38.9601504, -6.0487796 ], [ -38.9605831, -6.0428277 ], [ -38.9644932, -6.0393048 ], [ -38.9633302, -6.0280452 ], [ -38.9617234, -6.0254331 ], [ -38.9633307, -6.0208204 ], [ -38.9591753, -6.0146847 ], [ -38.9560962, -6.0168095 ], [ -38.9527132, -6.0164807 ], [ -38.9527489, -6.0141368 ], [ -38.9507449, -6.0129871 ], [ -38.9475304, -6.0059968 ], [ -38.9486483, -6.0024572 ], [ -38.9505876, -6.0039579 ], [ -38.9531922, -6.0007909 ], [ -38.9517224, -5.9984 ], [ -38.9542072, -5.9942072 ], [ -38.9530714, -5.9872874 ], [ -38.9496059, -5.9880392 ], [ -38.9455215, -5.9849258 ], [ -38.9468723, -5.9807209 ], [ -38.9448503, -5.9744501 ], [ -38.9474318, -5.9731847 ], [ -38.9484546, -5.9698285 ], [ -38.9460833, -5.9668744 ], [ -38.9431801, -5.9683109 ], [ -38.9341447, -5.9649968 ], [ -38.9350954, -5.9592518 ], [ -38.9381916, -5.9563598 ], [ -38.9335012, -5.9525904 ], [ -38.9337046, -5.9476947 ], [ -38.9303449, -5.94826 ], [ -38.929767, -5.9511805 ], [ -38.9271043, -5.9518372 ], [ -38.9198341, -5.9508188 ], [ -38.8846062, -5.8865744 ], [ -38.8846786, -5.8844932 ], [ -38.8820015, -5.8821796 ], [ -38.8828396, -5.8778066 ], [ -38.8803856, -5.8774009 ], [ -38.8791928, -5.8745255 ], [ -38.8814956, -5.8715076 ], [ -38.8755601, -5.8694646 ], [ -38.8761984, -5.8660412 ], [ -38.8791128, -5.8660728 ], [ -38.8796078, -5.863165 ], [ -38.8816235, -5.8618524 ], [ -38.880874, -5.8598976 ], [ -38.8749692, -5.8585773 ], [ -38.8731943, -5.8557678 ], [ -38.8691092, -5.8593027 ], [ -38.8645152, -5.8544624 ], [ -38.8612816, -5.8550705 ], [ -38.8623538, -5.8503154 ], [ -38.8566849, -5.8465748 ], [ -38.8569444, -5.8431354 ], [ -38.8545987, -5.8382908 ], [ -38.8468726, -5.8377046 ], [ -38.8395689, -5.8323549 ], [ -38.8421822, -5.8286389 ], [ -38.8399906, -5.8283613 ], [ -38.8395881, -5.8204241 ], [ -38.8382997, -5.8195831 ], [ -38.8359618, -5.8212519 ], [ -38.8328153, -5.8195086 ], [ -38.8381898, -5.8167991 ], [ -38.8370698, -5.8128246 ], [ -38.8294696, -5.8080939 ], [ -38.827692, -5.8039408 ], [ -38.8238928, -5.8039905 ], [ -38.8137568, -5.7969934 ], [ -38.8082472, -5.7952996 ], [ -38.8040631, -5.7859911 ], [ -38.791917, -5.7869181 ], [ -38.7830935, -5.7842774 ], [ -38.7714066, -5.7837504 ], [ -38.7673585, -5.7866737 ], [ -38.7640128, -5.7867022 ], [ -38.7624019, -5.7813191 ], [ -38.7646213, -5.7744208 ], [ -38.7589926, -5.7690898 ], [ -38.7520873, -5.7665408 ], [ -38.7474385, -5.7681902 ], [ -38.7442018, -5.7651101 ], [ -38.7331972, -5.7648089 ], [ -38.7189598, -5.759828 ], [ -38.7054462, -5.7594398 ], [ -38.7019977, -5.7620185 ], [ -38.698049, -5.761602 ], [ -38.6937553, -5.7581037 ], [ -38.6932446, -5.752374 ], [ -38.6762403, -5.7456531 ], [ -38.5610713, -5.7452122 ], [ -38.5534774, -5.7499783 ], [ -38.5497635, -5.7549643 ], [ -38.5458853, -5.7562417 ], [ -38.5422255, -5.7533696 ], [ -38.5428774, -5.7525025 ], [ -38.5398904, -5.7523699 ], [ -38.5391875, -5.7498009 ], [ -38.5345331, -5.7506618 ], [ -38.534015, -5.7559284 ], [ -38.5311633, -5.7584273 ], [ -38.5235394, -5.7595474 ], [ -38.5220203, -5.7614998 ], [ -38.5230995, -5.7640467 ], [ -38.5188368, -5.7677111 ], [ -38.5172126, -5.7668241 ], [ -38.516056, -5.7709877 ], [ -38.510514, -5.7755695 ], [ -38.5071318, -5.7764267 ], [ -38.5067467, -5.7796231 ], [ -38.5030442, -5.7778248 ], [ -38.5022596, -5.7800111 ], [ -38.4975375, -5.7826577 ], [ -38.4900326, -5.7839539 ], [ -38.4874967, -5.7804064 ], [ -38.4841079, -5.7818932 ], [ -38.4813082, -5.7793536 ], [ -38.4745643, -5.7789718 ], [ -38.4829242, -5.7873291 ], [ -38.4855166, -5.7941658 ], [ -38.4839915, -5.7976987 ], [ -38.4806109, -5.7944725 ], [ -38.4761803, -5.7956914 ], [ -38.4795039, -5.7970342 ], [ -38.4838592, -5.8040281 ], [ -38.4888119, -5.8048088 ], [ -38.4874701, -5.8093613 ], [ -38.4841253, -5.8104746 ], [ -38.4848782, -5.813835 ], [ -38.4798583, -5.8114024 ], [ -38.4778955, -5.8163324 ], [ -38.4787286, -5.8180031 ], [ -38.47709, -5.8181083 ], [ -38.4784163, -5.8197306 ], [ -38.4775234, -5.821264 ], [ -38.4857149, -5.8314067 ], [ -38.4846156, -5.8354448 ], [ -38.4822504, -5.8358506 ], [ -38.4819305, -5.845762 ], [ -38.4878601, -5.8663218 ], [ -38.4915416, -5.8738958 ], [ -38.4935943, -5.8665387 ], [ -38.4968254, -5.8636876 ], [ -38.5033207, -5.8716078 ], [ -38.5071631, -5.8730151 ], [ -38.5126628, -5.8791541 ], [ -38.5111112, -5.8859536 ], [ -38.5122483, -5.8903962 ], [ -38.5102685, -5.8909879 ], [ -38.5086179, -5.8941553 ], [ -38.5042547, -5.8940356 ] ] ] } },
{ "type": "Feature", "properties": { "CD_MUN": "2310258", "NM_MUN": "Paraipaba", "CD_RGI": "230001", "NM_RGI": "Fortaleza", "CD_RGINT": "2301", "NM_RGINT": "Fortaleza", "CD_UF": "23", "NM_UF": "Ceará", "SIGLA_UF": "CE", "CD_REGIA": "2", "NM_REGIA": "Nordeste", "SIGLA_RG": "NE", "CD_CONCU": null, "NM_CONCU": null, "AREA_KM2": 289.231, "mun_upp": "PARAIPABA", "has_qualif": 1, "municipio": "Paraipaba", "REGIÃO DE PLANEJAMENTO": "Grande Fortaleza", "auxiliary_storage_labeling_positionx": -39.096771720305398, "auxiliary_storage_labeling_positiony": -3.3140898508492471, "auxiliary_storage_labeling_lineanchorpercent": null, "auxiliary_storage_labeling_lineanchorclipping": null, "auxiliary_storage_labeling_lineanchortype": null, "auxiliary_storage_labeling_lineanchortextpoint": null, "auxiliary_storage_callouts_originx": null, "auxiliary_storage_callouts_originy": null, "auxiliary_storage_callouts_destinationx": null, "auxiliary_storage_callouts_destinationy": null }, "geometry": { "type": "Polygon", "coordinates": [ [ [ -39.1237971, -3.4379872 ], [ -39.1178241, -3.4473376 ], [ -39.1178674, -3.4500808 ], [ -39.1212409, -3.4545326 ], [ -39.1172542, -3.4616567 ], [ -39.1169122, -3.4700011 ], [ -39.1145687, -3.4734339 ], [ -39.1193001, -3.4783165 ], [ -39.1187579, -3.4854401 ], [ -39.1206734, -3.4875942 ], [ -39.1285059, -3.4878947 ], [ -39.1407821, -3.4799364 ], [ -39.1421549, -3.4842448 ], [ -39.1485157, -3.487662 ], [ -39.155163, -3.4951148 ], [ -39.1598812, -3.504277 ], [ -39.1649558, -3.5078954 ], [ -39.1660679, -3.5136793 ], [ -39.1645449, -3.5178957 ], [ -39.1665412, -3.5229844 ], [ -39.2115093, -3.5128253 ], [ -39.2104641, -3.5096291 ], [ -39.220985, -3.5070262 ], [ -39.2225455, -3.5019419 ], [ -39.2213676, -3.5001524 ], [ -39.2574727, -3.4928655 ], [ -39.2624632, -3.4905066 ], [ -39.2637748, -3.4825371 ], [ -39.2580299, -3.4715154 ], [ -39.257541, -3.4563849 ], [ -39.2532285, -3.4479531 ], [ -39.255811, -3.4390608 ], [ -39.2535849, -3.4274846 ], [ -39.2536977, -3.4184876 ], [ -39.2503371, -3.4119065 ], [ -39.2506085, -3.4048193 ], [ -39.2535597, -3.3965796 ], [ -39.2635427, -3.3835637 ], [ -39.262093, -3.3780491 ], [ -39.2551346, -3.3762735 ], [ -39.2505388, -3.3710491 ], [ -39.2555374, -3.3599715 ], [ -39.244815, -3.3584385 ], [ -39.2379593, -3.3595808 ], [ -39.225268, -3.3548539 ], [ -39.2227522, -3.3521353 ], [ -39.2144822, -3.3499924 ], [ -39.2105764, -3.3514486 ], [ -39.2085002, -3.3549725 ], [ -39.2038513, -3.3562182 ], [ -39.1948755, -3.3500923 ], [ -39.1949317, -3.3454964 ], [ -39.1926826, -3.3416478 ], [ -39.1823361, -3.3411328 ], [ -39.1794577, -3.334182 ], [ -39.17496, -3.3285721 ], [ -39.168939, -3.3288029 ], [ -39.1658711, -3.3271374 ], [ -39.16509, -3.3281525 ], [ -39.1648394, -3.3261884 ], [ -39.1563983, -3.3353217 ], [ -39.1393777, -3.3457085 ], [ -39.1275899, -3.3436148 ], [ -39.1137932, -3.346379 ], [ -39.1033364, -3.3662263 ], [ -39.0882776, -3.3883477 ], [ -39.0742017, -3.4013945 ], [ -39.0645535, -3.4067394 ], [ -39.0627826, -3.4106477 ], [ -39.0655553, -3.4119257 ], [ -39.0764595, -3.4081189 ], [ -39.0854489, -3.4082044 ], [ -39.0944106, -3.4167059 ], [ -39.1078167, -3.42097 ], [ -39.1100038, -3.4255082 ], [ -39.1048597, -3.4337526 ], [ -39.1053459, -3.4366681 ], [ -39.1105914, -3.4389941 ], [ -39.1209953, -3.4337507 ], [ -39.1237971, -3.4379872 ] ] ] } },
{ "type": "Feature", "properties": { "CD_MUN": "2304350", "NM_MUN": "Forquilha", "CD_RGI": "230015", "NM_RGI": "Sobral", "CD_RGINT": "2306", "NM_RGINT": "Sobral", "CD_UF": "23", "NM_UF": "Ceará", "SIGLA_UF": "CE", "CD_REGIA": "2", "NM_REGIA": "Nordeste", "SIGLA_RG": "NE", "CD_CONCU": "2312908", "NM_CONCU": "Sobral/CE", "AREA_KM2": 568.778, "mun_upp": "FORQUILHA", "has_qualif": 1, "municipio": "Forquilha", "REGIÃO DE PLANEJAMENTO": "Sertão de Sobral", "auxiliary_storage_labeling_positionx": null, "auxiliary_storage_labeling_positiony": null, "auxiliary_storage_labeling_lineanchorpercent": null, "auxiliary_storage_labeling_lineanchorclipping": null, "auxiliary_storage_labeling_lineanchortype": null, "auxiliary_storage_labeling_lineanchortextpoint": null, "auxiliary_storage_callouts_originx": null, "auxiliary_storage_callouts_originy": null, "auxiliary_storage_callouts_destinationx": null, "auxiliary_storage_callouts_destinationy": null }, "geometry": { "type": "Polygon", "coordinates": [ [ [ -40.1887471, -3.9587465 ], [ -40.3049498, -3.9332107 ], [ -40.3208747, -3.8620796 ], [ -40.3283391, -3.8613895 ], [ -40.3362643, -3.8634854 ], [ -40.3401441, -3.8699328 ], [ -40.3531648, -3.8738355 ], [ -40.3587651, -3.8716631 ], [ -40.3598012, -3.8689847 ], [ -40.3663548, -3.8694142 ], [ -40.3700658, -3.8615614 ], [ -40.3662645, -3.8563302 ], [ -40.3640847, -3.8445524 ], [ -40.3590365, -3.8360597 ], [ -40.3404646, -3.7833423 ], [ -40.3279759, -3.7884289 ], [ -40.3075055, -3.7867013 ], [ -40.3070316, -3.7810147 ], [ -40.3111691, -3.7719222 ], [ -40.3109991, -3.7636108 ], [ -40.3053851, -3.7612937 ], [ -40.3004902, -3.7568175 ], [ -40.3038219, -3.7557899 ], [ -40.3071146, -3.7512468 ], [ -40.306056, -3.7490025 ], [ -40.2846545, -3.7304092 ], [ -40.2776183, -3.728071 ], [ -40.2563287, -3.71467 ], [ -40.2357108, -3.6974827 ], [ -40.1881957, -3.6958464 ], [ -40.12608, -3.7008711 ], [ -40.1267409, -3.7074704 ], [ -40.1211399, -3.7085532 ], [ -40.12352, -3.7108347 ], [ -40.1205588, -3.7133828 ], [ -40.1211933, -3.7175024 ], [ -40.1199007, -3.7193909 ], [ -40.1208441, -3.7267729 ], [ -40.1193529, -3.7327149 ], [ -40.1213394, -3.7368826 ], [ -40.1167528, -3.7602406 ], [ -40.1082298, -3.7633398 ], [ -40.1156033, -3.7774497 ], [ -40.115689, -3.790812 ], [ -40.1208045, -3.8092844 ], [ -40.1221982, -3.8202973 ], [ -40.1249578, -3.8257636 ], [ -40.1268905, -3.8482927 ], [ -40.1306204, -3.8562808 ], [ -40.1354354, -3.8563126 ], [ -40.1363863, -3.858545 ], [ -40.1365366, -3.8682881 ], [ -40.1399547, -3.8758394 ], [ -40.1397277, -3.8786945 ], [ -40.1348612, -3.8863598 ], [ -40.1379488, -3.8964116 ], [ -40.1418002, -3.8989347 ], [ -40.1476346, -3.8985205 ], [ -40.1504591, -3.9032995 ], [ -40.1489581, -3.9104555 ], [ -40.1498871, -3.9131247 ], [ -40.1533666, -3.915103 ], [ -40.1559649, -3.9212041 ], [ -40.1587539, -3.922374 ], [ -40.1606744, -3.9285191 ], [ -40.1668764, -3.9284147 ], [ -40.1676812, -3.936524 ], [ -40.17024, -3.9384777 ], [ -40.1723428, -3.9437846 ], [ -40.1776567, -3.9497452 ], [ -40.1875701, -3.9541022 ], [ -40.1887471, -3.9587465 ] ] ] } },
{ "type": "Feature", "properties": { "CD_MUN": "2303006", "NM_MUN": "Caridade", "CD_RGI": "230004", "NM_RGI": "Canindé", "CD_RGINT": "2301", "NM_RGINT": "Fortaleza", "CD_UF": "23", "NM_UF": "Ceará", "SIGLA_UF": "CE", "CD_REGIA": "2", "NM_REGIA": "Nordeste", "SIGLA_RG": "NE", "CD_CONCU": null, "NM_CONCU": null, "AREA_KM2": 926.271, "mun_upp": "CARIDADE", "has_qualif": 1, "municipio": "Caridade", "REGIÃO DE PLANEJAMENTO": "Sertão de Canindé", "auxiliary_storage_labeling_positionx": null, "auxiliary_storage_labeling_positiony": null, "auxiliary_storage_labeling_lineanchorpercent": null, "auxiliary_storage_labeling_lineanchorclipping": null, "auxiliary_storage_labeling_lineanchortype": null, "auxiliary_storage_labeling_lineanchortextpoint": null, "auxiliary_storage_callouts_originx": null, "auxiliary_storage_callouts_originy": null, "auxiliary_storage_callouts_destinationx": null, "auxiliary_storage_callouts_destinationy": null }, "geometry": { "type": "Polygon", "coordinates": [ [ [ -39.1914075, -4.3082075 ], [ -39.1993924, -4.3063161 ], [ -39.2015942, -4.3041503 ], [ -39.2060033, -4.306884 ], [ -39.2076949, -4.3063895 ], [ -39.2073976, -4.3012395 ], [ -39.2093999, -4.2972733 ], [ -39.2078037, -4.2898844 ], [ -39.2137897, -4.2865172 ], [ -39.2145134, -4.284605 ], [ -39.2175441, -4.2856011 ], [ -39.2201154, -4.2843145 ], [ -39.2243147, -4.286756 ], [ -39.2273166, -4.2837423 ], [ -39.2313367, -4.2828822 ], [ -39.2403873, -4.2835814 ], [ -39.3391937, -4.1907482 ], [ -39.3340755, -4.1832209 ], [ -39.324391, -4.1845475 ], [ -39.3173776, -4.1824863 ], [ -39.3176547, -4.1750002 ], [ -39.3119648, -4.1710226 ], [ -39.3081754, -4.1740872 ], [ -39.3091959, -4.1782445 ], [ -39.2049214, -4.1758723 ], [ -39.2029487, -4.1717785 ], [ -39.2030435, -4.1618717 ], [ -39.2015244, -4.1590471 ], [ -39.2083082, -4.1466327 ], [ -39.2091636, -4.1423202 ], [ -39.2068216, -4.1317344 ], [ -39.1605931, -4.1266796 ], [ -39.1608812, -4.1211238 ], [ -39.1552921, -4.0981634 ], [ -39.1574059, -4.0963801 ], [ -39.1635155, -4.0962628 ], [ -39.1657133, -4.0917756 ], [ -39.1722942, -4.0927383 ], [ -39.1758557, -4.0878877 ], [ -39.1747282, -4.0829632 ], [ -39.1811324, -4.072739 ], [ -39.17989, -4.0706179 ], [ -39.1813288, -4.0670066 ], [ -39.1841573, -4.0676471 ], [ -39.1896271, -4.057608 ], [ -39.1939756, -4.0573806 ], [ -39.1961587, -4.0590725 ], [ -39.1995623, -4.0545109 ], [ -39.2041161, -4.0518485 ], [ -39.2036807, -4.046781 ], [ -39.0638732, -4.0664676 ], [ -39.0277519, -4.0631345 ], [ -39.0035461, -3.9917706 ], [ -38.9841596, -4.0443863 ], [ -38.9565973, -4.0728241 ], [ -38.9607956, -4.0744618 ], [ -38.9604638, -4.0788514 ], [ -38.9555293, -4.080532 ], [ -38.9557309, -4.0840965 ], [ -38.9539559, -4.0864432 ], [ -38.9549513, -4.0893119 ], [ -38.9529599, -4.0929478 ], [ -38.9565673, -4.0949763 ], [ -38.9560762, -4.0965993 ], [ -38.9586737, -4.0962809 ], [ -38.9576779, -4.0993957 ], [ -38.9533353, -4.0984392 ], [ -38.951762, -4.1019593 ], [ -38.9487176, -4.1032483 ], [ -38.9450682, -4.0968591 ], [ -38.9447499, -4.0998871 ], [ -38.9428885, -4.1006116 ], [ -38.943295, -4.1054012 ], [ -38.9386068, -4.1087629 ], [ -38.9401468, -4.1131142 ], [ -38.943901, -4.1149876 ], [ -38.9436685, -4.119913 ], [ -38.9403387, -4.126769 ], [ -38.9436208, -4.1281406 ], [ -38.9481696, -4.1275911 ], [ -38.9479788, -4.1314597 ], [ -38.9463069, -4.1331015 ], [ -38.9436928, -4.1316975 ], [ -38.9409526, -4.132992 ], [ -38.9364321, -4.1300263 ], [ -38.9361167, -4.1337158 ], [ -38.9317881, -4.1334526 ], [ -38.9293538, -4.1362638 ], [ -38.9306068, -4.1395972 ], [ -38.9365086, -4.1375115 ], [ -38.9388889, -4.1389166 ], [ -38.9385716, -4.1410906 ], [ -38.9418035, -4.1397863 ], [ -38.9440987, -4.1362518 ], [ -38.9467961, -4.1392366 ], [ -38.9470567, -4.136831 ], [ -38.9546703, -4.1370059 ], [ -38.9554719, -4.1405109 ], [ -38.9590172, -4.1447134 ], [ -38.9600632, -4.1503724 ], [ -38.9577327, -4.1555626 ], [ -38.9619264, -4.1678902 ], [ -38.9610598, -4.1717824 ], [ -38.9565336, -4.1715237 ], [ -38.9566013, -4.1782685 ], [ -38.9502803, -4.1821071 ], [ -38.9530704, -4.1841097 ], [ -38.9611267, -4.183331 ], [ -38.962192, -4.1850181 ], [ -38.9596618, -4.1887813 ], [ -38.9623911, -4.1905974 ], [ -38.9641236, -4.1872232 ], [ -38.96692, -4.1859261 ], [ -38.967253, -4.1877422 ], [ -38.9693834, -4.1876122 ], [ -38.9691591, -4.1899599 ], [ -38.971115, -4.1904668 ], [ -38.9753097, -4.186576 ], [ -38.9764404, -4.1981049 ], [ -38.979252, -4.1941313 ], [ -38.9799705, -4.1981243 ], [ -38.9818371, -4.198772 ], [ -38.9804375, -4.2025339 ], [ -38.9828346, -4.2046116 ], [ -38.9915577, -4.205131 ], [ -38.9926233, -4.2070765 ], [ -38.9959525, -4.2060385 ], [ -39.0061409, -4.2118777 ], [ -39.0071394, -4.2201814 ], [ -39.0052103, -4.2222572 ], [ -39.0054756, -4.2264117 ], [ -39.0145982, -4.2262799 ], [ -39.0193259, -4.2230354 ], [ -39.0268347, -4.2279631 ], [ -39.021925, -4.2305624 ], [ -39.0119337, -4.229653 ], [ -39.0118019, -4.2348443 ], [ -39.0102036, -4.2364007 ], [ -39.0032115, -4.2332866 ], [ -38.9986047, -4.2389566 ], [ -38.9983112, -4.2449879 ], [ -38.9947304, -4.248927 ], [ -38.9961549, -4.2518416 ], [ -38.9975736, -4.2498519 ], [ -39.0034763, -4.2499639 ], [ -39.0054615, -4.2521753 ], [ -39.0149954, -4.2529477 ], [ -39.0192517, -4.2547175 ], [ -39.0192516, -4.2575922 ], [ -39.0113621, -4.2541649 ], [ -39.0018864, -4.253501 ], [ -38.9940505, -4.2583862 ], [ -38.9922383, -4.2611306 ], [ -39.0033297, -4.26113 ], [ -39.0032732, -4.2646368 ], [ -39.0073899, -4.2723002 ], [ -39.00393, -4.2738455 ], [ -39.0063506, -4.2760494 ], [ -39.0073907, -4.2821393 ], [ -39.0115898, -4.2885468 ], [ -39.010796, -4.2757254 ], [ -39.0131224, -4.2741787 ], [ -39.0121019, -4.2669925 ], [ -39.0151095, -4.2646697 ], [ -39.0145418, -4.2697558 ], [ -39.0186839, -4.2727412 ], [ -39.0201591, -4.2769433 ], [ -39.0260075, -4.2736257 ], [ -39.0309429, -4.2751734 ], [ -39.0325316, -4.2781596 ], [ -39.0294671, -4.2802593 ], [ -39.0277074, -4.2859181 ], [ -39.0219153, -4.2872196 ], [ -39.021636, -4.2886652 ], [ -39.0266314, -4.2901008 ], [ -39.0282768, -4.2885542 ], [ -39.0405914, -4.2878895 ], [ -39.0413862, -4.2891045 ], [ -39.0361083, -4.2905429 ], [ -39.0354275, -4.2922005 ], [ -39.0379874, -4.2925168 ], [ -39.0366758, -4.2943015 ], [ -39.0394558, -4.2949657 ], [ -39.0392303, -4.2965139 ], [ -39.0409329, -4.2970667 ], [ -39.0402742, -4.2989302 ], [ -39.0456434, -4.3000521 ], [ -39.0461563, -4.3093395 ], [ -39.0376453, -4.3071273 ], [ -39.0354395, -4.3119123 ], [ -39.0378799, -4.3149493 ], [ -39.0369504, -4.3170499 ], [ -39.0381115, -4.3192674 ], [ -39.0309088, -4.3202013 ], [ -39.0262603, -4.3184507 ], [ -39.025679, -4.3256883 ], [ -39.0276548, -4.3282562 ], [ -39.0250981, -4.3310576 ], [ -39.0336989, -4.3356103 ], [ -39.0366026, -4.3462325 ], [ -39.0389272, -4.3495002 ], [ -39.0536085, -4.3520852 ], [ -39.0498513, -4.3568529 ], [ -39.0504329, -4.3588374 ], [ -39.0565914, -4.3617559 ], [ -39.0576395, -4.3651395 ], [ -39.0579849, -4.3612886 ], [ -39.0608902, -4.3570863 ], [ -39.0635844, -4.3586942 ], [ -39.070535, -4.3527675 ], [ -39.0709993, -4.3546353 ], [ -39.0625169, -4.3623397 ], [ -39.0640285, -4.3643248 ], [ -39.0661217, -4.3633897 ], [ -39.0730914, -4.3666573 ], [ -39.0690262, -4.3674748 ], [ -39.0624564, -4.3739577 ], [ -39.0584497, -4.3754138 ], [ -39.065424, -4.3793826 ], [ -39.0641464, -4.3819488 ], [ -39.0671689, -4.3889529 ], [ -39.0662404, -4.3910554 ], [ -39.0625203, -4.3912903 ], [ -39.0629855, -4.3971251 ], [ -39.0658548, -4.3963412 ], [ -39.0678664, -4.3988749 ], [ -39.0828551, -4.3912869 ], [ -39.085879, -4.3943217 ], [ -39.0893642, -4.3888347 ], [ -39.0892472, -4.3835816 ], [ -39.0937793, -4.3818302 ], [ -39.0962914, -4.3828929 ], [ -39.0943607, -4.3868618 ], [ -39.1608011, -4.3868575 ], [ -39.1661296, -4.3836283 ], [ -39.1698496, -4.3763218 ], [ -39.1759349, -4.3538091 ], [ -39.1825302, -4.3434438 ], [ -39.1826347, -4.3379433 ], [ -39.1858056, -4.3333553 ], [ -39.1900405, -4.3314938 ], [ -39.1914075, -4.3082075 ] ] ] } },
{ "type": "Feature", "properties": { "CD_MUN": "2313252", "NM_MUN": "Tarrafas", "CD_RGI": "230011", "NM_RGI": "Juazeiro do Norte", "CD_RGINT": "2304", "NM_RGINT": "Juazeiro do Norte", "CD_UF": "23", "NM_UF": "Ceará", "SIGLA_UF": "CE", "CD_REGIA": "2", "NM_REGIA": "Nordeste", "SIGLA_RG": "NE", "CD_CONCU": null, "NM_CONCU": null, "AREA_KM2": 412.719, "mun_upp": "TARRAFAS", "has_qualif": 1, "municipio": "Tarrafas", "REGIÃO DE PLANEJAMENTO": "Cariri", "auxiliary_storage_labeling_positionx": null, "auxiliary_storage_labeling_positiony": null, "auxiliary_storage_labeling_lineanchorpercent": null, "auxiliary_storage_labeling_lineanchorclipping": null, "auxiliary_storage_labeling_lineanchortype": null, "auxiliary_storage_labeling_lineanchortextpoint": null, "auxiliary_storage_callouts_originx": null, "auxiliary_storage_callouts_originy": null, "auxiliary_storage_callouts_destinationx": null, "auxiliary_storage_callouts_destinationy": null }, "geometry": { "type": "Polygon", "coordinates": [ [ [ -39.7413631, -6.8054716 ], [ -39.7907858, -6.8023313 ], [ -39.8537711, -6.7794041 ], [ -39.8787684, -6.7674295 ], [ -39.9094459, -6.7634663 ], [ -39.8965299, -6.754157 ], [ -39.8806372, -6.7388778 ], [ -39.8785021, -6.7349525 ], [ -39.8612776, -6.7214164 ], [ -39.8533591, -6.7156659 ], [ -39.8482222, -6.7152931 ], [ -39.8372717, -6.7082341 ], [ -39.8311368, -6.698132 ], [ -39.8103583, -6.6878316 ], [ -39.7952449, -6.6725626 ], [ -39.782189, -6.668221 ], [ -39.775224, -6.6567996 ], [ -39.7751595, -6.6496873 ], [ -39.7791275, -6.642625 ], [ -39.7720528, -6.6335549 ], [ -39.7738591, -6.6276039 ], [ -39.7676227, -6.6270085 ], [ -39.7507525, -6.6180886 ], [ -39.7365563, -6.6127249 ], [ -39.7341316, -6.6232227 ], [ -39.7370162, -6.6251175 ], [ -39.7382518, -6.6315657 ], [ -39.735237, -6.6340589 ], [ -39.735075, -6.63876 ], [ -39.7309577, -6.6407639 ], [ -39.7234853, -6.637536 ], [ -39.7217304, -6.6399466 ], [ -39.719372, -6.6394116 ], [ -39.7133458, -6.6349209 ], [ -39.7064185, -6.637877 ], [ -39.7050304, -6.6413384 ], [ -39.7030976, -6.6413112 ], [ -39.701757, -6.6453925 ], [ -39.6868379, -6.6371326 ], [ -39.6839179, -6.6371845 ], [ -39.6821765, -6.641447 ], [ -39.669739, -6.6399427 ], [ -39.6657878, -6.6372896 ], [ -39.6636737, -6.6449657 ], [ -39.6566936, -6.6532696 ], [ -39.6570361, -6.6593452 ], [ -39.6543184, -6.6637622 ], [ -39.6571833, -6.6684621 ], [ -39.6556461, -6.6733622 ], [ -39.6527565, -6.6731997 ], [ -39.6491981, -6.6762157 ], [ -39.64948, -6.6803192 ], [ -39.6471144, -6.6849001 ], [ -39.6489097, -6.6930438 ], [ -39.6466818, -6.6951831 ], [ -39.6481531, -6.7018113 ], [ -39.6465701, -6.7034072 ], [ -39.6459114, -6.7157761 ], [ -39.6400112, -6.7198299 ], [ -39.6385182, -6.72325 ], [ -39.6431092, -6.7281951 ], [ -39.6429254, -6.7325504 ], [ -39.6451311, -6.7373951 ], [ -39.6413582, -6.7389747 ], [ -39.6329878, -6.7384719 ], [ -39.6270339, -6.7334528 ], [ -39.6236812, -6.7405451 ], [ -39.6178076, -6.7427541 ], [ -39.609458, -6.7366809 ], [ -39.6049584, -6.7362438 ], [ -39.6112025, -6.7480588 ], [ -39.5978759, -6.7498838 ], [ -39.6001422, -6.7542827 ], [ -39.5992859, -6.7586041 ], [ -39.6040342, -6.7685435 ], [ -39.6083252, -6.7724439 ], [ -39.6110486, -6.7790644 ], [ -39.6128111, -6.7796022 ], [ -39.6149248, -6.7873338 ], [ -39.6226847, -6.7960896 ], [ -39.6265035, -6.7957296 ], [ -39.6263639, -6.7942489 ], [ -39.6333136, -6.7898296 ], [ -39.6371874, -6.7959752 ], [ -39.6410276, -6.7957056 ], [ -39.6508943, -6.8016714 ], [ -39.6572624, -6.7966963 ], [ -39.6562456, -6.7911712 ], [ -39.6581608, -6.790707 ], [ -39.6634322, -6.7935757 ], [ -39.653102, -6.8206993 ], [ -39.657964, -6.8199598 ], [ -39.6597927, -6.8229477 ], [ -39.6649369, -6.825389 ], [ -39.6749516, -6.8270785 ], [ -39.6751121, -6.8252126 ], [ -39.6774447, -6.8248654 ], [ -39.6809797, -6.8284395 ], [ -39.6906868, -6.8311469 ], [ -39.6922597, -6.8294023 ], [ -39.6914505, -6.8245033 ], [ -39.6931604, -6.816729 ], [ -39.6953865, -6.8156326 ], [ -39.6962146, -6.8073786 ], [ -39.7010567, -6.801548 ], [ -39.6994768, -6.7989975 ], [ -39.6962946, -6.7977975 ], [ -39.6959751, -6.7959301 ], [ -39.7074025, -6.7912318 ], [ -39.7064512, -6.7873741 ], [ -39.7085711, -6.7853287 ], [ -39.7221839, -6.7851013 ], [ -39.7248922, -6.7909726 ], [ -39.7301618, -6.7924639 ], [ -39.7317344, -6.7954035 ], [ -39.7341898, -6.7936211 ], [ -39.734688, -6.7963834 ], [ -39.7412303, -6.7996786 ], [ -39.7413631, -6.8054716 ] ] ] } },
{ "type": "Feature", "properties": { "CD_MUN": "2306108", "NM_MUN": "Irauçuba", "CD_RGI": "230005", "NM_RGI": "Itapagé", "CD_RGINT": "2301", "NM_RGINT": "Fortaleza", "CD_UF": "23", "NM_UF": "Ceará", "SIGLA_UF": "CE", "CD_REGIA": "2", "NM_REGIA": "Nordeste", "SIGLA_RG": "NE", "CD_CONCU": null, "NM_CONCU": null, "AREA_KM2": 1466.412, "mun_upp": "IRAUÇUBA", "has_qualif": 1, "municipio": "Irauçuba", "REGIÃO DE PLANEJAMENTO": "Litoral Oeste / Vale do Curu", "auxiliary_storage_labeling_positionx": null, "auxiliary_storage_labeling_positiony": null, "auxiliary_storage_labeling_lineanchorpercent": null, "auxiliary_storage_labeling_lineanchorclipping": null, "auxiliary_storage_labeling_lineanchortype": null, "auxiliary_storage_labeling_lineanchortextpoint": null, "auxiliary_storage_callouts_originx": null, "auxiliary_storage_callouts_originy": null, "auxiliary_storage_callouts_destinationx": null, "auxiliary_storage_callouts_destinationy": null }, "geometry": { "type": "Polygon", "coordinates": [ [ [ -39.8493331, -4.0881661 ], [ -39.8528545, -4.0830553 ], [ -39.8534232, -4.0784454 ], [ -39.8589448, -4.076921 ], [ -39.8670366, -4.0691441 ], [ -39.8770028, -4.063067 ], [ -39.8746743, -4.0533222 ], [ -39.8718142, -4.0517156 ], [ -39.8730475, -4.046916 ], [ -39.8687563, -4.0442882 ], [ -39.8757413, -4.0419296 ], [ -39.8819964, -4.0421408 ], [ -39.888187, -4.0393182 ], [ -39.8913323, -4.0400262 ], [ -39.8934951, -4.0428709 ], [ -39.898671, -4.0431445 ], [ -39.9023685, -4.0386853 ], [ -39.9057508, -4.0408444 ], [ -39.9121963, -4.0388582 ], [ -39.9142406, -4.0350033 ], [ -39.9161607, -4.0344259 ], [ -39.9230561, -4.0382268 ], [ -39.926515, -4.0355916 ], [ -39.9269579, -4.0341672 ], [ -39.9214541, -4.0257878 ], [ -39.9222431, -4.0204932 ], [ -39.9167526, -4.0210147 ], [ -39.9142711, -4.0194823 ], [ -39.916162, -4.0073474 ], [ -39.9111435, -4.006116 ], [ -39.9104748, -4.0039189 ], [ -39.913967, -4.0034822 ], [ -39.9170414, -3.9975052 ], [ -39.9228522, -3.9980245 ], [ -39.9224322, -3.9909994 ], [ -39.9247163, -3.9883967 ], [ -39.9282437, -3.9896635 ], [ -39.9318258, -3.9864721 ], [ -39.9360218, -3.9897465 ], [ -39.9398014, -3.9894003 ], [ -39.9414483, -3.9858859 ], [ -39.941978, -3.9761966 ], [ -39.9457536, -3.9756042 ], [ -39.9524427, -3.9643026 ], [ -39.960027, -3.9599288 ], [ -39.9622759, -3.9552543 ], [ -39.9691022, -3.9516867 ], [ -39.9766791, -3.9440349 ], [ -39.993849, -3.9365553 ], [ -40.0001452, -3.9287547 ], [ -39.9974447, -3.9200438 ], [ -39.9991811, -3.9196084 ], [ -40.0012306, -3.9153694 ], [ -40.0028918, -3.9114516 ], [ -40.0025903, -3.9065938 ], [ -40.006947, -3.8990925 ], [ -39.9248611, -3.9460854 ], [ -39.9763432, -3.7766763 ], [ -40.007514, -3.7634734 ], [ -40.0117945, -3.7601459 ], [ -40.0133497, -3.7493147 ], [ -40.0115909, -3.7468501 ], [ -40.0150401, -3.7405992 ], [ -40.0115113, -3.7381334 ], [ -40.013307, -3.732781 ], [ -40.0123495, -3.7285013 ], [ -40.01431, -3.7271641 ], [ -40.0143112, -3.7243826 ], [ -40.0178272, -3.7223799 ], [ -40.0143618, -3.7144037 ], [ -40.0149215, -3.7120918 ], [ -39.9359702, -3.7170784 ], [ -39.9130076, -3.7208293 ], [ -39.9055227, -3.6986282 ], [ -39.9071443, -3.6973462 ], [ -39.9074091, -3.6905777 ], [ -39.9050158, -3.6879602 ], [ -39.9036884, -3.6826367 ], [ -39.8991661, -3.6792817 ], [ -39.8997728, -3.6698441 ], [ -39.89777, -3.6681359 ], [ -39.8990677, -3.6619303 ], [ -39.8312299, -3.6033128 ], [ -39.809804, -3.6056422 ], [ -39.8094566, -3.6093882 ], [ -39.8038062, -3.6138287 ], [ -39.8028122, -3.6176701 ], [ -39.7957404, -3.6227873 ], [ -39.7882356, -3.6249857 ], [ -39.7845481, -3.6315193 ], [ -39.7786337, -3.6336853 ], [ -39.7780936, -3.6355895 ], [ -39.7813625, -3.6419984 ], [ -39.7131206, -3.6549898 ], [ -39.7085114, -3.6469986 ], [ -39.710749, -3.6386052 ], [ -39.7079215, -3.6359363 ], [ -39.7091296, -3.6332307 ], [ -39.7076498, -3.6296034 ], [ -39.7091483, -3.6266055 ], [ -39.7071906, -3.6211595 ], [ -39.7016604, -3.6176848 ], [ -39.6982074, -3.6296804 ], [ -39.6966634, -3.6451533 ], [ -39.6989801, -3.6556054 ], [ -39.7019898, -3.6598243 ], [ -39.7040158, -3.6722742 ], [ -39.7070999, -3.677007 ], [ -39.7074083, -3.6890883 ], [ -39.7046695, -3.6928577 ], [ -39.695797, -3.6988611 ], [ -39.6942098, -3.7054065 ], [ -39.6888875, -3.7086858 ], [ -39.6897501, -3.7174597 ], [ -39.6866048, -3.7254452 ], [ -39.6858955, -3.7450616 ], [ -39.6822793, -3.7531249 ], [ -39.6804498, -3.7529444 ], [ -39.6800613, -3.7551778 ], [ -39.6745325, -3.7601906 ], [ -39.6717973, -3.7600472 ], [ -39.6666563, -3.7640905 ], [ -39.6592537, -3.7632002 ], [ -39.6576278, -3.7702383 ], [ -39.6533415, -3.7736883 ], [ -39.6515092, -3.7942241 ], [ -39.6479695, -3.8022646 ], [ -39.6457864, -3.8033497 ], [ -39.6414086, -3.8207532 ], [ -39.6395267, -3.822134 ], [ -39.6476045, -3.8213416 ], [ -39.6499398, -3.8247995 ], [ -39.6558563, -3.8229551 ], [ -39.6613371, -3.8247121 ], [ -39.6619194, -3.8285802 ], [ -39.6658836, -3.8328859 ], [ -39.6684523, -3.8343779 ], [ -39.6782516, -3.832656 ], [ -39.6802115, -3.83635 ], [ -39.6837516, -3.8387846 ], [ -39.6890564, -3.8355094 ], [ -39.6915932, -3.8362622 ], [ -39.6912704, -3.8436378 ], [ -39.6983984, -3.8492617 ], [ -39.7038011, -3.850877 ], [ -39.7096158, -3.8596607 ], [ -39.7094589, -3.8616246 ], [ -39.7118907, -3.8630467 ], [ -39.71096, -3.8663469 ], [ -39.7121057, -3.8696856 ], [ -39.7151725, -3.8721716 ], [ -39.7187052, -3.8701164 ], [ -39.7207854, -3.8722258 ], [ -39.717819, -3.8774649 ], [ -39.7109084, -3.8842406 ], [ -39.7117554, -3.8860916 ], [ -39.7176147, -3.8858271 ], [ -39.7187314, -3.8872533 ], [ -39.714358, -3.8950529 ], [ -39.7166976, -3.8982943 ], [ -39.7162645, -3.8999576 ], [ -39.710818, -3.9024862 ], [ -39.7089301, -3.9057194 ], [ -39.7118832, -3.9082705 ], [ -39.7119658, -3.9133498 ], [ -39.7154878, -3.9163185 ], [ -39.7158124, -3.919729 ], [ -39.7117752, -3.9223293 ], [ -39.7092103, -3.932803 ], [ -39.7103726, -3.9364204 ], [ -39.7055368, -3.9434657 ], [ -39.7045306, -3.9478657 ], [ -39.708348, -3.9487942 ], [ -39.7105807, -3.950526 ], [ -39.7111234, -3.9534151 ], [ -39.7156228, -3.9553337 ], [ -39.7132408, -3.9575884 ], [ -39.7159225, -3.9624924 ], [ -39.7149055, -3.9679186 ], [ -39.7182294, -3.9684582 ], [ -39.7192735, -3.9701937 ], [ -39.7168968, -3.9741376 ], [ -39.7123437, -3.9721287 ], [ -39.7104473, -3.976156 ], [ -39.7069482, -3.9777805 ], [ -39.705064, -3.9913316 ], [ -39.7027517, -3.9936578 ], [ -39.7044758, -3.995826 ], [ -39.7043851, -4.0012878 ], [ -39.7014498, -4.0009749 ], [ -39.6997006, -4.0028357 ], [ -39.7010933, -4.0076445 ], [ -39.7076902, -4.010077 ], [ -39.7085532, -4.015878 ], [ -39.706118, -4.0193484 ], [ -39.7004194, -4.019771 ], [ -39.6981186, -4.0218632 ], [ -39.6926662, -4.0215638 ], [ -39.6862454, -4.0325342 ], [ -39.6835902, -4.0340371 ], [ -39.6842579, -4.0383185 ], [ -39.6821079, -4.0393814 ], [ -39.6838538, -4.0425099 ], [ -39.6804052, -4.0442935 ], [ -39.6791062, -4.050896 ], [ -39.6752151, -4.0547644 ], [ -39.6743833, -4.0666149 ], [ -39.6706544, -4.0704411 ], [ -39.6711533, -4.0756399 ], [ -39.6649485, -4.0816739 ], [ -39.6742731, -4.0801597 ], [ -39.6798922, -4.0757491 ], [ -39.6819185, -4.0766655 ], [ -39.6833418, -4.0810429 ], [ -39.6899284, -4.0826664 ], [ -39.6925728, -4.0855118 ], [ -39.7034473, -4.0908435 ], [ -39.7053409, -4.1046499 ], [ -39.7066426, -4.1047936 ], [ -39.7085208, -4.1010133 ], [ -39.718173, -4.0965503 ], [ -39.7202812, -4.0985149 ], [ -39.7213136, -4.1031819 ], [ -39.7297558, -4.1045048 ], [ -39.7335595, -4.1083421 ], [ -39.7401467, -4.1101855 ], [ -39.7481738, -4.1225728 ], [ -39.7496119, -4.130125 ], [ -39.7557563, -4.1346187 ], [ -39.7551421, -4.14103 ], [ -39.7574757, -4.157854 ], [ -39.7688957, -4.1588194 ], [ -39.7733373, -4.1661621 ], [ -39.7739105, -4.1737028 ], [ -39.7809174, -4.1751211 ], [ -39.783727, -4.1723795 ], [ -39.7882268, -4.1723735 ], [ -39.7879805, -4.1672853 ], [ -39.7953637, -4.1596054 ], [ -39.7940736, -4.1552236 ], [ -39.7978506, -4.1540454 ], [ -39.8086756, -4.1354805 ], [ -39.8089911, -4.1301569 ], [ -39.807139, -4.1255397 ], [ -39.8115544, -4.1221695 ], [ -39.8096248, -4.1201362 ], [ -39.8097822, -4.1171597 ], [ -39.8185394, -4.1178581 ], [ -39.8302645, -4.1139294 ], [ -39.839019, -4.1124334 ], [ -39.840626, -4.1135274 ], [ -39.8504747, -4.1052298 ], [ -39.8562765, -4.1046232 ], [ -39.85786, -4.1014645 ], [ -39.8573173, -4.0982779 ], [ -39.8493331, -4.0881661 ] ] ] } },
{ "type": "Feature", "properties": { "CD_MUN": "2301307", "NM_MUN": "Araripe", "CD_RGI": "230011", "NM_RGI": "Juazeiro do Norte", "CD_RGINT": "2304", "NM_RGINT": "Juazeiro do Norte", "CD_UF": "23", "NM_UF": "Ceará", "SIGLA_UF": "CE", "CD_REGIA": "2", "NM_REGIA": "Nordeste", "SIGLA_RG": "NE", "CD_CONCU": null, "NM_CONCU": null, "AREA_KM2": 1097.345, "mun_upp": "ARARIPE", "has_qualif": 0, "municipio": null, "REGIÃO DE PLANEJAMENTO": "Cariri", "auxiliary_storage_labeling_positionx": null, "auxiliary_storage_labeling_positiony": null, "auxiliary_storage_labeling_lineanchorpercent": null, "auxiliary_storage_labeling_lineanchorclipping": null, "auxiliary_storage_labeling_lineanchortype": null, "auxiliary_storage_labeling_lineanchortextpoint": null, "auxiliary_storage_callouts_originx": null, "auxiliary_storage_callouts_originy": null, "auxiliary_storage_callouts_destinationx": null, "auxiliary_storage_callouts_destinationy": null }, "geometry": { "type": "Polygon", "coordinates": [ [ [ -40.244112238606256, -7.316349255165216 ], [ -40.266758, -7.2484498 ], [ -40.2530392, -7.2326128 ], [ -40.2488638, -7.2256329 ], [ -40.2509123, -7.2185088 ], [ -40.2522232, -7.2002304 ], [ -40.2623271, -7.196392 ], [ -40.2623634, -7.1921686 ], [ -40.2662442, -7.1864354 ], [ -40.2686911, -7.1783417 ], [ -40.2686291, -7.1747148 ], [ -40.2641234, -7.1691719 ], [ -40.26199, -7.1626238 ], [ -40.2625857, -7.1482706 ], [ -40.255945, -7.1390779 ], [ -40.2421798, -7.1279483 ], [ -40.2394402, -7.1122644 ], [ -40.2330581, -7.1103193 ], [ -40.2320724, -7.111687 ], [ -40.2288176, -7.1094676 ], [ -40.2279281, -7.1107493 ], [ -40.2276311, -7.1071464 ], [ -40.2253017, -7.1067936 ], [ -40.2227495, -7.1036992 ], [ -40.2200198, -7.1041515 ], [ -40.2140123, -7.0966067 ], [ -40.2106214, -7.0992228 ], [ -40.2076772, -7.0945787 ], [ -40.2047454, -7.0946725 ], [ -40.1949139, -7.0888832 ], [ -40.1930243, -7.0895772 ], [ -40.1871799, -7.0845235 ], [ -40.182985, -7.0850832 ], [ -40.1744043, -7.077593 ], [ -40.1761794, -7.0763341 ], [ -40.1752517, -7.0728774 ], [ -40.177482, -7.0679712 ], [ -40.1685807, -7.0590936 ], [ -40.166737, -7.0500219 ], [ -40.1647063, -7.0473675 ], [ -40.1361952, -7.1123428 ], [ -40.0951962, -7.1290701 ], [ -40.0719375, -7.1456868 ], [ -39.9999657, -7.1511363 ], [ -39.995163, -7.1476104 ], [ -39.9808683, -7.1451457 ], [ -39.9175296, -7.0942934 ], [ -39.897337, -7.0969516 ], [ -39.8985944, -7.1027014 ], [ -39.8936312, -7.1174986 ], [ -39.8940276, -7.1238782 ], [ -39.8896351, -7.1281098 ], [ -39.8885094, -7.1394607 ], [ -39.8894343, -7.3397349 ], [ -39.9103853, -7.3372103 ], [ -39.926345, -7.3409989 ], [ -40.000707, -7.3744783 ], [ -40.0451637, -7.380745 ], [ -40.0764506, -7.3828257 ], [ -40.1277543, -7.381915 ], [ -40.1956847, -7.3581487 ], [ -40.22076, -7.3412703 ], [ -40.244112238606256, -7.316349255165216 ] ] ] } }
]
}
